:020000040800F2
:10200000D0BA00200123000809230008E13B0008A2
:102010000D2300080F230008112300080000000012
:102020000000000000000000000000005D22000829
:102030001523000800000000A1220008EDAC0208F2
:102040001B2300081B2300081B2300081B23000878
:102050001B2300081B2300081B2300081B23000868
:102060001B2300081B2300081B2300081B23000858
:102070001B2300081B2300081B2300081B23000848
:102080001B2300081B2300081B230008693B0008D2
:10209000493B0008593B00081B2300081B2300088C
:1020A0001B2300081B2300081B2300081B23000818
:1020B0006D3F00081B2300081B2300081B2300089A
:1020C0001B2300081B2300081B2300081B230008F8
:1020D0001B2300084D4000081B2300085D4000083A
:1020E0001B2300081B2300081B2300081B230008D8
:1020F0001B2300081B2300081B230008000000000E
:102100001B230008000000001B2300081B230008FD
:102110003D4000081B2300081B2300081B23000868
:102120001B2300081B2300081B2300081B23000897
:102130001B2300081B2300081B230008993B0008F1
:10214000793B0008893B00081B2300081B2300087B
:1021500000F002F800F073F80AA090E8000C824446
:102160008344AAF10107DA4501D100F068F8AFF223
:10217000090EBAE80F0013F0010F18BFFB1A43F065
:102180000103184738B0020058B002000A444FF06B
:10219000000C10F8013B13F0070408BF10F8014BC6
:1021A0001D1108BF10F8015B641E05D010F8016B0B
:1021B000641E01F8016BF9D113F0080F1EBF10F86F
:1021C000014BAD1C0C1B09D16D1E58BF01F801CB92
:1021D000FAD505E014F8016B01F8016B6D1EF9D515
:1021E0009142D6D37047000000230024002500262A
:1021F000103A28BF78C1FBD8520728BF30C148BF6A
:102200000B60704766292AF02A81782900F00C813A
:10221000002070471FB59DE8030000F0F1FE00F0BC
:10222000CFFE04000020002128F0F4FEE06000F062
:102230002BFB1FBD10B5002025F001FE10BD01F0E5
:1022400027F81146FFF7E6FF27F0D6FA01F05FF80E
:1022500003B4FFF7EFFF03BC01F066F8204B1968E9
:102260000868B0E8F00F80F30988BFF36F8F4FF074
:10227000000080F311884EF00D0E70470000000042
:1022800006480068006880F3088862B661B6BFF34C
:102290004F8FBFF36F8F00DF00BF00BF08ED00E07E
:1022A000EFF30980BFF36F8F0D4B1A6820E9F00F31
:1022B000106008B54FF0BF0080F3118828F0CCFC07
:1022C0004FF0000080F31188BDE8084019680868E5
:1022D000B0E8F00F80F30988BFF36F8F704700BF3D
:1022E00028100020EFF311804FF0BF0181F3118817
:1022F000704780F311887047EFF305807047000046
:102300000948804709480047FEE7FEE7FEE7FEE789
:10231000FEE7FEE7FEE7FEE7FEE7FEE704480549C5
:10232000054A064B70470000ED3E000851210008A9
:10233000D07A0020D0BA0020D09A0020D09A002075
:10234000B2F120030AD5C2F1200301FA02F120FA0A
:1023500003F300FA02F041EA0301704700FA03F1C7
:102360004FF00000704710B54C1084EA530404D5B8
:102370004042C1F1000138BF491E1B4204D5524200
:10238000C3F1000338BF5B1E00F0EAFA14F0804F7F
:1023900004D04042C1F1000138BF491E14F0004F83
:1023A00004D05242C3F1000338BF5B1E10BD0000D1
:1023B0000FB41CB5074B06AA7B44694600900598EC
:1023C00000F0BBFD0020694600F0CAFD1CBC5DF8B2
:1023D00014FB0000A50B000070B504468569006879
:1023E000C10601D5302600E02026C00707D070BD09
:1023F000D4E9012130469047206A401C20626D1EBE
:10240000F6D570BD70B5044685690078C00707D160
:1024100070BDD4E9012120209047206A401C206231
:102420006D1EF6D570BD000070B504460D46214600
:102430001068AFF300802188090502D50F4A7A445D
:1024400002E00E4A7A440E32002104F1240305E032
:1024500000F00F060009965D5E54491C0028F7D174
:1024600020780023000704D5702D02D009B1022383
:1024700011322046BDE8704000F0F4BA46A30200D5
:102480002DE9F0474FF0000A89460446C0F820A025
:102490002046E1688847002876D0252806D0D4E970
:1024A00001219047206A401C2062F1E7E168204644
:1024B00000258847C4F81CA006460027C4F818A0C9
:1024C0002A2E09D0304625F0C1FE38B304EB870828
:1024D000303EC8F8186019E059F8041B204604EB98
:1024E00087029161E1688847012F064618D1E069AB
:1024F000002820DA25F020051DE0D8F8180000EBB0
:10250000800006EB40003038C8F818002046E1682B
:102510008847064625F09AFE0028EED1012F0AD002
:102520002E2E08D12046E16888477F1C0646022FE0
:1025300045F02005C4DBA069002803DA404245F0DD
:102540000105A061E80701D025F01005B6B1A6F19C
:102550004100192802D8203645F400654A46314624
:10256000204625604D46FFF74DFE58B1012806D0A4
:10257000ED1D25F0070000F1080989E704E005F1E9
:10258000040985E730468AE7206ABDE8F087000045
:10259000014A00F0EBBC00002811002030B50546D0
:1025A0000B462A4613F8014B12F8010B08B1A04262
:1025B000F8D01CB1002802D06D1CF1E7284630BDD0
:1025C00040EA010310B59B070FD1042A0DD310C8B0
:1025D00008C9121F9C42F8D020BA19BA884201D902
:1025E000012010BD4FF0FF3010BD1AB1D30703D04A
:1025F000521C07E0002010BD10F8013B11F8014B00
:102600001B1B07D110F8013B11F8014B1B1B01D11B
:10261000921EF1D1184610BD10B5431C02E010F80F
:10262000011B71B18107FAD14FF0013202C88C1A37
:102630008C4314EAC211F9D0C01A0A0603D0C01E96
:1026400010BDC01A10BD0A0401D0801E10BD0902C1
:10265000FCD0401E10BD421E12F8013F002BFBD1E2
:1026600011F8013B002B02F8013BF9D17047032A16
:1026700040F2308010F0030C00F0158011F8013B9F
:10268000BCF1020F624498BF11F801CB00F8013B86
:1026900038BF11F8013BA2F1040298BF00F801CB4A
:1026A00038BF00F8013B11F0030300F02580083A21
:1026B000C0F0088051F8043B083A51F804CBA0E878
:1026C0000810F5E7121D5CBF51F8043B40F8043BCD
:1026D000AFF30080D20724BF11F8013B11F801CB02
:1026E00048BF11F8012B24BF00F8013B00F801CBD3
:1026F00048BF00F8012B704710B5203AC0F00B809E
:10270000B1E81850203AA0E81850B1E81850A0E8F5
:102710001850BFF4F5AF5FEA027C24BFB1E818504F
:10272000A0E8185044BF18C918C0BDE810405FEABF
:10273000827C24BF51F8043B40F8043B08BF70473B
:10274000D20728BF31F8023B48BF11F8012B28BF40
:1027500020F8023B48BF00F8012B704702F0FF034E
:1027600043EA032242EA024200F002B84FF00002BC
:102770000429C0F0128010F0030C00F01B80CCF193
:10278000040CBCF1020F18BF00F8012BA8BF20F801
:10279000022BA1EB0C0100F00DB85FEAC17C24BF55
:1027A00000F8012B00F8012B48BF00F8012B7047FF
:1027B0004FF0000200B5134694469646203922BFDA
:1027C000A0E80C50A0E80C50B1F12001BFF4F7AF25
:1027D000090728BFA0E80C5048BF0CC05DF804EB07
:1027E000890028BF40F8042B08BF704748BF20F875
:1027F000022B11F0804F18BF00F8012B704700002A
:102800004FF0013C50F8042B51F8043B9A4221D17F
:10281000A2EB0C03934313EACC1317D150F8042B0B
:1028200051F8043B9A4215D1A2EB0C03934313EAEF
:10283000CC130BD150F8042B51F8043B9A4209D128
:10284000A2EB0C03934313EACC13DBD04FF0000050
:10285000704700BFD01A01BAB1FA81F101F0180136
:1028600022FA01F0CB40C1F12001DBB2C0B2C01AA4
:102870002CFA01F3D11A914311EAC311E6D1704742
:10288000704770477047000070B5064C7C44064D99
:102890007D4403E0206820448047241DAC42F9D1E8
:1028A00070BD000068A902009CA9020000487047A2
:1028B000A47A002070B5064600F07EFB056806F19C
:1028C0000B0020F00704B4429CBF002070BD2B46D3
:1028D0006A68BAB11068A04210D304F108018842B6
:1028E0003CBF5068586007D35168101941601168A7
:1028F000091B016058601460101D70BD13465268BA
:10290000002AE7D12146284600F066FB0028DED1E8
:1029100070BD70B50446051F00F04EFB0068002C2A
:1029200014BF446870BD002C18BFAC423CBF2046A9
:102930006468F8D301680A18AA4218BF456003D139
:102940002A6805461144016028684119A1421CBF4C
:102950006C6070BD6168696021680844286070BD62
:1029600053EA020C00F069802DE9F04B4FF00006AD
:10297000002B1FBFB3FA83F503FA05F424FA05F61A
:102980005E4012BF1643B2FA82F502FA05F4C5F1B1
:1029900020051EBF22FA05FC44EA0C04203556EA45
:1029A000044C4FEA144418BF641C4FF000084FF069
:1029B0000009904271EB030C39D3002919BFB1FA19
:1029C00081F701FA07F6B0FA80F700FA07F6C7F1C7
:1029D00020071EBF20FA07FC46EA0C062037B6FB8C
:1029E000F4FCA7EB0507103F07F01F0BCBF1200607
:1029F0000CFA0BFB2CFA06F644BFB3460026202F38
:102A0000A4BF5E464FF0000B5BEA060C08BF4FF018
:102A1000010B19EB0B09ABFB027C48EB0608C01B52
:102A200006FB02CC0BFB03CC71EB0C01C1E70B46A0
:102A3000024641464846BDE8F08B13B54FF0000012
:102A40004FF00001AFF30080BDE81C40704710B5A7
:102A500000F0BAFA006810BD10B5044600F0B4FAF0
:102A6000046010BD2DE9F0470D4699469246044694
:102A700000F124080168880604D5E06921F01001FE
:102A8000216000E00120A84201DD471B00E0002793
:102A9000A1697A1902EB0900081AA0612078C00622
:102AA00002D42046FFF798FC002608E0D4E9012173
:102AB0001AF806009047206A401C761C20624E459A
:102AC000F4DB2078C0060AD52046FFF785FC06E037
:102AD000D4E9012130209047206A401C2062381E32
:102AE000A7F10107F4DC07E0D4E9012118F805009B
:102AF0009047206A401C2062281EA5F10105F3DCE6
:102B00002046FFF77FFC2078000602D50220BDE8B2
:102B1000F0870120FBE770472DE9FF4F0C461E466A
:102B20004FF0FF378BB0D2E90001DDF860800A90EA
:102B30008A46C1F30A5505B93D46002108464FF0C3
:102B40000000BAF1000F00F4400005DA00EB80004D
:102B50004FF4400101EA50004FEA9059B9F1010FDA
:102B600000DDB9460A9850EA4A000ED044F61050EB
:102B7000A5F2FF3545432F14B8F1000F1ED0754262
:102B8000291E1EDDC9F100021CE0B8F1010F4FF053
:102B9000000001D0302103E0F24305E02154401C45
:102BA000B042FBDB30460022002121540B99C1F8D2
:102BB0000880C1E900200FB0BDE8F08FBD1B6D1C7F
:102BC000DEE74A4600DA694206A800F0D5FA06AB0D
:102BD00093E8070003AB83E8070050460A9900F02A
:102BE000F7FB8DE80700A0F500501F380090039810
:102BF000002D09DD42F21F014A46084403A9039053
:102C0000684600F056FE08E0A0F500504A461F381E
:102C100003A90390684600F060FE8DE807000004F9
:102C2000000C03D04FF0FF30410800E01046B8F12F
:102C3000000F03D00022009215461EE0751E05D439
:102C400000F014FA303262556D1EF9D5B3460122F8
:102C5000084302D000227F1C04E02078302801D1F4
:102C600000227F1E002A099786D01DE0112D07DA69
:102C700000F0FCF9303262556D1C50EA0102F5D1CA
:102C8000084302D00098C8B10EE00021681E05E09C
:102C9000235C625C63542254401E491C8142F7DB72
:102CA000AB46A81B401E0990002004F80B000B98AF
:102CB000099AC0F80880C0E9002B7CE711264FF084
:102CC000000859E72DE9F04F88460446D21D22F04E
:102CD000070191B0D1E90001CDE90A0125F082F8A0
:102CE00002460B98C00F01D02D2007E02068810715
:102CF00001D52B2002E0202101EAC000032A09901F
:102D000001D0072A05DB03464146204600F0F4F9CE
:102D10000BE12078800601D5E06900E00620B8F1DB
:102D2000650F814606D0B8F1660F18D0B8F1670F6D
:102D300070D131E00020B9F1110F009001DB1123B7
:102D400001E009F101030AAA01A90CA8FFF7E4FEBA
:102D5000DDE90C70002609F10105834647E00120FA
:102D60004B4600904FF000470AAA01A90CA8FFF7B4
:102D7000D3FEDDE90DB00C995D46002610B909F1CE
:102D800001000D18B9EB050003D4C0F1FF3609F1BD
:102D90000105A5EB09002BE0B9F1010F01DA4FF0B5
:102DA00001090020B9F1110F0090484601DD1123FF
:102DB00000E003460AAA01A90CA8FFF7ADFEDDE971
:102DC0000C704D4600268346207800070AD4AB4598
:102DD00000DA5D4601A8012D04DD411911F8011C3E
:102DE000302907D04F4502DA17F1040F04DA012029
:102DF00082460FE06D1EEEE7002F02DCED1B3E4425
:102E000003E0781CA84200DD7D1CB81B00F1010A1C
:102E10004FF000472078000703D4AA4501DB4FF0AC
:102E2000FF3A0021B7F1004F0DF143088DF8431030
:102E300024D002202B23002F01DA7F422D230A21E8
:102E4000021EA0F1010000DC5FB197FBF1FC97FBD3
:102E5000F1F201FB1C7C17460CF1300C08F801CD97
:102E6000EEE7A8F1010003702188090501D545218D
:102E700000E06521A0F1010800F8011C09980FA9E4
:102E8000A1EB0807FF1D00B10120411901EBEA7019
:102E9000A1693844081A401EA0612078C00602D4F7
:102EA0002046FFF799FA099828B1D4E90121904703
:102EB000206A401C20622078C00622D52046FFF7F9
:102EC0008BFA1EE0002E04DBB34502DD01A8805D15
:102ED00000E03020D4E901219047206A401C2062A4
:102EE000761CAAF101005FEA000A0AD100F068F836
:102EF000C0680168405CD4E901219047206A401C09
:102F00002062281EA5F10105DCDC07E0D4E90121DF
:102F100018F8010B9047206A401C2062381EA7F168
:102F20000107F3DC2046FFF76DFA032011B043E6FA
:102F300001694A1C02610878704700B58FB0CDE97D
:102F400001310021059105497944CDE9031011466D
:102F50006846FFF795FA0FB000BD0000E5FFFFFFE0
:102F60000A6802F8010B0A60704700002DE9F04181
:102F700015460E46040002D12C6804B90BA4204665
:102F800000F078F90444207870B12746314638467D
:102F900000F060F90444207810B1002004F8010B1F
:102FA00038462C60BDE8F0810027F9E700000000FA
:102FB000004870476C7A002000487047747A0020FF
:102FC000004870478C7A0020004870476C7A0020D7
:102FD000704770477047704738B504460A4600206E
:102FE0006946AFF30080002808BF38BD024600994B
:102FF000204600F072F9012038BD012000F08DB9A3
:10300000F8B5AFF30080054600200C46102000BF45
:103010000646A819A0420DD9324669460020AFF3F2
:103020000080070008BF00F078F90098A04218BFA0
:103030000546C419FFF7C0FF05600746F01D20F0E4
:1030400007004619284600F00AF8B44208BFF8BD48
:10305000A21B31463868BDE8F84000F03EB90021B7
:103060000160C0E9011070471020704730B5B0F121
:103070000A024FEA900E71F100034EEA817EB0EB36
:103080000E0061EB91014FEA101E4EEA017E10EB3B
:103090000E0041EB11114FEA102E4EEA016E10EBBB
:1030A0000E0041EB11214FEA104E4EEA014E10EB9B
:1030B0000E0041EB1141401841F100014FEAD000F0
:1030C00040EA41704FEAD10110EB80054FEA8104DC
:1030D00044EA907444EB01046D1944EB0404521B60
:1030E000A3414FF0000348BF0A3200D530BD401C59
:1030F00041F1000130BD00002DE9F0411F460446BA
:1031000003260168072A01F4006004DB08B116A554
:1031100005E016A503E008B115A500E015A521F00E
:1031200010002060A069C01EA0610FB1401EA06108
:103130002046FFF751F94FB1D4E9012138469047B5
:10314000206A401C2062C01C206206E0206AFAE768
:10315000D4E9012115F8010B9047761EF8D22046DC
:10316000FFF750F9BDE8F0814E414E006E616E00F0
:10317000494E4600696E66002DE9F04781461646C5
:103180008AB0334878440DC88DE80D003048784443
:10319000801C03AC0DC884E80D0041F69B30084448
:1031A000372190FBF1F290FBF1F5A5F1800501FBD1
:1031B00012041B3C02D56442012000E00020DFF82D
:1031C00090A080460027FA44AAF1BE0A0DE0E0076D
:1031D00009D03246684607EB47010AEB810100F04F
:1031E0007CFB8DE8070064107F1C002CEFD1184F8A
:1031F0007F44AC3F18E0E80714D007EB04100DF152
:10320000180A90E80E008AE80E00C068F04201D16A
:1032100098190890324606A903A800F05EFB03AB9C
:1032200083E807006D10641C002DE4D13246694626
:10323000B8F1000F03A802D000F03BFB01E000F062
:103240004CFBC9E90001C9F808200AB0BDE8F087C5
:10325000E496020030B503461D781DB10A4603E02E
:10326000AC4201D1181A30BD12F8014B002CF7D135
:103270005B1CF1E730B503461D783DB10A4612F8F4
:10328000014B1CB1AC42FAD15B1CF5E7181A30BDFA
:103290007546FFF78DFEAE4605006946534620F0A1
:1032A0000700854618B020B5FFF738F8BDE8204084
:1032B0004FF000064FF000074FF000084FF0000BF2
:1032C00021F00701AC46ACE8C009ACE8C009ACE8A5
:1032D000C009ACE8C0098D467047034640688C467B
:1032E000002818BF88423CBF03464068F8D31868DE
:1032F0001844884207D00CF1030020F00700001D9D
:10330000411A521A0146081D0A60FFF702BB044623
:10331000AFF300802046FEF79BFF10B500F010F8D9
:10332000BDE8104000F007B801491820ABBEFEE729
:10333000260002007047002801D0FFF7F5BF704754
:1033400010B5012805D0002103A000F021F80120CC
:1033500010BD09A1F8E7000053494752544D454DAF
:103360003A204F7574206F662068656170206D6526
:103370006D6F7279000000003A2048656170206D21
:10338000656D6F727920636F727275707465640019
:1033900070B505460C460A2000E06D1C00F011F8DF
:1033A00035B128780028F8D102E0641C00F009F853
:1033B00014B120780028F8D1BDE870400A20AFF39E
:1033C000008008B569468DF800000320ABBE08BD3B
:1033D0005FEA400C08BF91F0000F4FEA8C234FEAE0
:1033E000C12243EA51514FEA1C5018BF00F5F0408A
:1033F0004FEA300018BF41F000415FEA6C5C00F01A
:103400002980BCF1FF3F08BF40F080407047130C9B
:1034100006BF12044FF0100C4FF0000C130E04BF47
:1034200012020CF1080C130F04BF12010CF1040C72
:10343000930F04BF92000CF1020CD30F04BF520093
:103440000CF1010C11464FF00002A0F11F00A0EB9F
:103450000C00704711F0004F08BF704731F0004179
:103460003FF4D5AF0B0C06BF09044FF0100C4FF022
:10347000000C0B0E04BF09020CF1080C0B0F04BF6B
:1034800009010CF1040C8B0F04BF89000CF1020C34
:10349000CB0F04BF49000CF1010CCCF12003A0EBD1
:1034A0000C0022FA03F302FA0CF241EA030100F1E4
:1034B0000100704720F07F4C80EA030023F07F4733
:1034C000ACEB070303F57C5300F0004003F1FF036E
:1034D0002DE980494FEA154B09B44FEA144325EA18
:1034E0000B4E24EA03480FF2042606EB1327490883
:1034F0003E785FEA320203FB0667C7F5000707FB69
:1035000006F64FEA54374FEAD64606F1020607FBA5
:10351000066CCCF1005C4FEA1C472CEA074C07FB19
:1035200006F40CFB06F504EB15464FEA961634BF7D
:1035300000204FF000404FEAD13706FB07FC4FEA6E
:103540001C4C0CFB0BF7D21B03FB0CF761EB0701C8
:103550000CFB0EF7B0EB074072EB17420CFB08F7C1
:1035600034BFA2EB0742B2EB074261EB17414FEACF
:103570000C444FEA910706FB07FC4FEA1C4C0CFB7E
:103580000BF7B0EBC74072EB573203FB0CF734BFBD
:10359000A2EBC742B2EBC74261EB57310CFB0EF70F
:1035A000B0EBC70072EB57720CFB08F734BFA2EB0D
:1035B000C702B2EBC70261EB5771039F4FEA81610B
:1035C00041EA921104EBCC044FEAD1374FEA826210
:1035D00006FB07FC42EA90124FEA80604FEA1C4C5F
:1035E0000CFB0BF7D21B03FB0CF761EB07010CFB89
:1035F0000EF7B0EB074072EB17420CFB08F734BF35
:10360000A2EB0742B2EB074261EB17414FEA8C5540
:103610004FEA910704EB9C2406FB07FC4FEA1C4C85
:103620000CFB0BF7B0EBC74072EB573203FB0CF708
:1036300034BFA2EBC742B2EBC74261EB57310CFB80
:103640000EF7B0EBC70072EB57720CFB08F734BFF4
:10365000A2EBC702B2EBC70261EB577115EB4C2529
:103660004FEA816141EA92114FEA82624FEAD13713
:1036700042EA901206FB07FC44F100044FEA806026
:103680004FEA1C4C0CFB0BF7D21B03FB0CF761EB56
:1036900007010CFB0EF7B0EB074072EB17420CFB77
:1036A00008F734BFA2EB0742B2EB074261EB1741C8
:1036B00015EB1C154FEA813141EA92414FEA823203
:1036C00042EA90424FEA80304FEA0C7644F100041F
:1036D00048EA03434EEA0B484FF0000EB2EB080CE9
:1036E00071EB030724BF624639464EEB0E0E4FF0D6
:1036F000000B0018524149414BEB0B0BB2EB080C8D
:1037000071EB03077BF1000B24BF624639464EEB99
:103710000E0E4FF0000B0018524149414BEB0B0BC2
:10372000B2EB080C71EB03077BF1000B24BF624680
:1037300039464EEB0E0E51EA020718BF46F001065D
:1037400016EB0E7655F1000254F1000103D5BDE8E9
:103750008901BDE80088BDE88901BDE80048B619C7
:10376000524141EB0101A3F10103704780807F7E4C
:103770007D7C7B7A797877767675747372717170E7
:103780006F6E6E6D6C6C6B6A6A6968686766666599
:103790006464636362616160605F5F5E5E5D5D5C27
:1037A0005C5B5B5A5A595958585757565655555598
:1037B0005454535352525251515050504F4F4F4EF8
:1037C0004E4D4D4D4C4C4C4B4B4B4A4A4A49494946
:1037D0004848484747474746464645454544444488
:1037E000444343434342424242414141002B26D499
:1037F000770021D01CB54FEA370703B44FF0100013
:103800004FF010014FF000000FBCBDE810400BF16D
:10381000010BBBF1010F08BF5FEA170722BF12F1CE
:10382000010211F101014FF0004143F1000300F0EA
:10383000004043EA00007047F9D35708DAE746EA48
:10384000064613F1400F4FEA16461FDD13F1200F15
:10385000DFBF16430A46002120335B42C8D0C3F1C4
:10386000200746EA064602FA07F74FEA164646EAF6
:103870000706C3F1200722FA03F201FA07F721FA3B
:1038800003F14FF0000342EA0702B1E746EA0206FD
:1038900046EA06464FEA164646EA0106BCBF46EA35
:1038A0000646360C4FF000034FF000024FF00001C7
:1038B0009EE72DE9C048934630B491E8380007C828
:1038C00031EA400C48BF34EA430C03D5FFF7F2FD60
:1038D000FFF78CFFF0BCBDE800882DE9C048934697
:1038E00030B491E8380007C810F0804F08BF13F0DB
:1038F000804F03D100F005F8FFF778FFF0BCBDE87A
:10390000008820F07F4780EA030023F07F4C07EB1C
:103910000C03A3F57C5300F00040A3F1FE0392F0EA
:10392000000F00F0B38095F0000F00F077802DE9D4
:1039300001494FEA11404FEA144621EA004800FBD2
:1039400006FC24EA064708FB06F607FB08F800FB1E
:1039500007F718EB06484CEB164C4FEA124B18EBE6
:1039600007484FEA15464CEB174022EA0B4E0BFB7B
:1039700006FC25EA06470EFB06F607FB0EFE0BFBD0
:1039800007F71EEB064E4CEB164C4FF000061EEBF5
:10399000074E4CEB174B18EB0B0840F1000018EBEF
:1039A0000E0B58EB000840F100008F1A4FF0000199
:1039B0003CBFC943661B14BFB5EB040C00213CBFE0
:1039C000C943F61B4FEA17444EEA8E0E27EA044518
:1039D0004FEA1C4704FB07622CEA074C05FB07F77C
:1039E0000CFB05F604FB0CFC16EB074642EB1742FA
:1039F00016EB0C4642EB1C421BEB060658EB020290
:103A0000414146EA9E0601D5BDE80189B6195241F9
:103A100041EB0101A3F10103BDE801894FEA14451F
:103A20004FEA114724EA054621EA074C05FB07F453
:103A300006FB07F70CFB06F105FB0CFC11EB07413D
:103A400044EB17444FEA124711EB0C4144EB1C4482
:103A500022EA074C05FB07F206FB07F70CFB06F60C
:103A600005FB0CFC16EB074642EB174216EB0C4627
:103A700042EB1C456A1854F1000148BF7047B61963
:103A8000524141EB0101A3F10103704795F0000F92
:103A900037D04FEA11424FEA144721EA024624EA9E
:103AA000074C02FB07F106FB07F70CFB06F402FBD1
:103AB0000CFC14EB074441EB17414FEA154714EB9C
:103AC0000C4441EB1C4125EA074C02FB07F506FBC1
:103AD00007F70CFB06F602FB0CFC16EB074645EB62
:103AE000174516EB0C4645EB1C42121951F100012B
:103AF00048BF7047B619524141EB0101A3F10103E0
:103B000070474FEA14454FEA114724EA054621EA77
:103B1000074C05FB07F106FB07F70CFB06F24FF01D
:103B2000000605FB0CFC12EB074241EB174112EBC0
:103B30000C4251EB1C4148BF7047921841EB010108
:103B4000A3F101037047000010B50021014819F0EE
:103B50002FF810BD7C11002010B50121014819F08B
:103B600027F810BD7C11002010B5024819F050F85C
:103B700010BD00007C11002010B50021014819F093
:103B800017F810BD9411002010B50121014819F05B
:103B90000FF810BD9411002010B5024819F038F844
:103BA00010BD00009411002070B504460D4620465B
:103BB00024F04AFE204625F093FE2946204624F0B4
:103BC0004BFD064951F82400022124F002FF03496D
:103BD00051F82400012124F0FCFE70BD74C50208D8
:103BE00010B512F0EBFF10BD0146CA1701EB92723F
:103BF0009210A1EB820292B9642091FBF0F200FBDB
:103C0000121050B94FF4C87091FBF0F200FB121083
:103C100008B9012070470020FCE70120FAE70020E6
:103C2000F8E7000070B500260024002526F0DCFA35
:103C300006465548B6FBF0F454480088A04246D0EA
:103C400052490C8040F2B2750EE02846FFF7CCFFD7
:103C500030B1B4F5B77F02D3A4F5B77402E006E043
:103C6000A4F26D14681C85B2B4F5B67FEDD800BF20
:103C700047480580008847498880002516E0444869
:103C80000088FFF7B1FF30B1012D04D11D2C01D305
:103C90001D3C09E00CE04048405DA04203D83E488E
:103CA000405D241A00E003E0681C85B21C2CE6D2BB
:103CB00000BF681C3749096860F3995135480160B5
:103CC000601C3449096860F35541324801602E4850
:103CD000B6FBF0F100FB11644FF46160B4FBF0F14E
:103CE0002C48006861F310302A4908604FF4616085
:103CF000B4FBF0F100FB11403C21B0FBF1F1254891
:103D0000006861F38B10234908604FF46160B4FBD5
:103D1000F0F100FB11403C21B0FBF1F201FB12017C
:103D20001C48006861F305001A490860084681884C
:103D30001A48006861F31F50184908601548006868
:103D4000810D1648006861F313401449086011485A
:103D50000068410C1148006861F3CF200F490860EA
:103D60000C480068010B0D48006861F38A100B498C
:103D7000086008480068810D0848006861F3134036
:103D800006490860002070BD805101002E0500200A
:103D90002C050020200500202CC602082805002044
:103DA0002DE9F05F06460F4690469946DDE90AABDD
:103DB000002440F2B270864203DB40F633008642B4
:103DC00002DD0120BDE8F09F40F2B2750AE028460E
:103DD000FFF70AFF10B11F48044401E01E480444E5
:103DE000681C85B2B542F2DB781EC7B2002510E030
:103DF0001A48405D40F2A321484304EBC01430460A
:103E0000FFF7F2FE18B1012D01D115480444681CDA
:103E100085B2BD42ECDBA8F1010040F2A32148438A
:103E200004EBC014C9EB4910C0EB092004EB0014EB
:103E3000CAEB0A1004EB80045C4425F0D5FD26F0A3
:103E4000F5F9204626F0DAF9204626F0D7F90020C9
:103E5000B8E700000085E2018033E1012CC60208CA
:103E6000805101001CB540F21B7026F06DF940F244
:103E70001C7026F069F925F0B7FD142024F0B0FB82
:103E800045F65A2188422FD024F0E0FB4FF4006021
:103E900026F0B4F84FF4006026F0C0F84FF48070BC
:103EA00026F082F940F60F0026F04EF926F0D8F9F8
:103EB00026F0BCF9012026F0B1F926F0B7F947F653
:103EC000FF7026F0BDF926F0B1F90B2000900346F3
:103ED00013220C21019040F2E670FFF761FF45F6D6
:103EE0005A21142024F098FB1CBD000010B518487E
:103EF000006840F00100164908600846406815490E
:103F000008401349486008460068134908401049B2
:103F100008600846006820F4802008600846406871
:103F20000E4908400A4948600020C86208460068F7
:103F30000B490840064908604FF47F00886026F06E
:103F4000B5FA084CA4F251140748046010BD0000F3
:103F5000001002400C00FFE0FFFFF6FEFFFF00DF55
:103F6000FFFFF6EA5121000808ED00E010B501213D
:103F7000880726F08AFB012852D10121800726F00C
:103F800081FB28480088401C264908802648006894
:103F900013F052FA23480088642190FBF1F201FBF0
:103FA000120000283CD121480068401C1F490860CD
:103FB000002007F003F91B4800884FF47A7190FB4A
:103FC000F1F201FB1200F0B900201649088006F05A
:103FD000C5FF17480068401C1549086008F0CCF977
:103FE0000CF026FC0BF0C6FF00F012F912F040FBBB
:103FF00012F09EFB0F480088012804D10E4800886B
:10400000401C0D4908800A4800683C21B0FBF1F2D1
:1040100001FB120020B90648006808B106F0C4F997
:1040200010BD0000740F00202C000020080F00209D
:10403000780F00207E0000207C00002010B5024890
:1040400023F0BAFD10BD00000C12002010B502488C
:1040500023F0B2FD10BD00002412002010B502486C
:1040600023F0AAFD10BD00003C12002070B50446EC
:104070000D46204626F00EFC2946204626F064FB1D
:10408000204626F0ADFC044951F8240040F20531E9
:1040900026F06FFC70BD0000F8C5020810B504469C
:1040A00040210C4825F050F90B4826F00DF90A483C
:1040B00026F00FF92146084826F02CF900BF802190
:1040C000054826F055F90028F9D14021014825F08E
:1040D0003DF910BD000801400030014010B5044614
:1040E00040210C4825F032F90B4826F0EDF80A483B
:1040F00026F0EFF82146084826F00CF900BF802191
:10410000054826F035F90028F9D14021014825F06D
:104110001DF910BD000801400030014010B50246F5
:104120000B460AB9002010BD5BBB0C2092FBF0F4DB
:1041300000FB1420C1B211B9501EC2B20C210C20D8
:1041400092FBF0F007281AD2DFE800F004070A0D0E
:104150001013160041F01000E5E741F02000E2E7FF
:1041600041F03000DFE741F04000DCE741F0500073
:10417000D9E741F06000D6E741F07000D3E7FF20B7
:10418000D1E7012B01D11046CDE700BFCBE70146B7
:10419000302905DB392903DCA1F13000C0B27047BA
:1041A000412905DB462903DCA1F13700C0B2F6E75F
:1041B000612905DB662903DCA1F15700C0B2EEE7F7
:1041C0000020ECE770B503460C464FF6FF7111E096
:1041D00013F8010B414000250AE001F0010020B175
:1041E00049104AF20100414000E04910681CC5B284
:1041F000082DF2DB2000A4F10104E9D110888842E7
:1042000001D1002070BD11804FF0FF30FAE70000AF
:10421000002066E0C0EBC001334A02EB8101897ADD
:10422000C1F3001189B3C0EBC00102EB8101897AAF
:10423000C1F3401149BBC0EBC00102EB8101897A97
:10424000C1F3801109BBC0EBC00102EB8101C98839
:1042500000291ADD00EB4001244A02EBC101897DEF
:1042600001F00F01032910D02149095C01290CD16B
:10427000C0EBC0011C4A02EB8101C988491EC0EB9A
:10428000C002194B03EB8202D180C0EBC001164A79
:1042900002EB8101098B02290CDDC0EBC00102EBAE
:1042A0008101098B491EC0EBC0020F4B03EB820258
:1042B000118314E0C0EBC0010B4A02EB8101098BB2
:1042C00002290CD10621C0EBC002074B03EB82028E
:1042D00091820121C0EBC00203EB82021183411CD9
:1042E000C8B20C2896DB7047AC2400204877002029
:1042F000FC25002030B50446B6480088C0F3851080
:10430000B4490968C1F30431C1EB011100EB810527
:1043100004EB840000EBC400AF4901EB4000B0F9AE
:104320000200A84211DC04EB840000EBC40001EBA6
:104330004000B0F90400A84207DD0020A74908703A
:104340000021204603F0C4FB30BD04EB840000EBE9
:10435000C400A14901EB4000B0F90400A84211DCFF
:1043600004EB840000EBC40001EB4000B0F9060050
:10437000A84207DD0120994908700121204603F079
:10438000A7FBE1E704EB840000EBC400924901EBDA
:104390004000B0F90600A84211DC04EB840000EBF9
:1043A000C40001EB4000B0F90800A84207DD02207C
:1043B0008A4908700221204603F08AFBC4E704EB17
:1043C000840000EBC400844901EB4000B0F9080010
:1043D000A84211DC04EB840000EBC40001EB4000B8
:1043E000B0F90A00A84207DD03207C4908700321C8
:1043F000204603F06DFBA7E704EB840000EBC4004C
:10440000754901EB4000B0F90A00A84211DC04EB49
:10441000840000EBC40001EB4000B0F90C00A8429E
:1044200007DD04206D4908700421204603F050FB8D
:104430008AE704EB840000EBC400674901EB40000D
:10444000B0F90C00A84211DC04EB840000EBC400BE
:1044500001EB4000B0F90E00A84207DD05205F49DE
:1044600008700521204603F033FB6DE704EB840060
:1044700000EBC400584901EB4000B0F90E00A8421F
:1044800011DC04EB840000EBC40001EB4000B0F948
:104490001000A84207DD062050490870062120467A
:1044A00003F016FB50E704EB840000EBC4004A491C
:1044B00001EB4000B0F91000A84211DC04EB8400CD
:1044C00000EBC40001EB4000B0F91200A84207DD88
:1044D0000720424908700721204603F0F9FA33E724
:1044E00004EB840000EBC4003B4901EB4000B0F951
:1044F0001200A84211DC04EB840000EBC40001EBC5
:104500004000B0F91400A84207DD082033490870C4
:104510000821204603F0DCFA16E704EB840000EBE8
:10452000C4002D4901EB4000B0F91400A84211DC91
:1045300004EB840000EBC40001EB4000B0F916006E
:10454000A84207DD0920254908700921204603F00B
:10455000BFFAF9E604EB840000EBC4001E4901EB4E
:104560004000B0F91600A84211DC04EB840000EB17
:10457000C40001EB4000B0F91800A84207DD0A2092
:10458000164908700A21204603F0A2FADCE604EB83
:10459000840000EBC400104901EB4000B0F91800A2
:1045A000A84202DCB5F5B46F0ADB04EB840000EB33
:1045B000C400094901EB4000B0F90200A84207DD40
:1045C0000B20064908700B21204603F081FABBE658
:1045D0000020B9E6200500201A010020700F0020FD
:1045E0000146302905DB392903DCA1F13000C0B2D6
:1045F0007047412905DB5A2903DCA1F13700C0B21D
:10460000F6E7612905DB7A2903DCA1F15700C0B286
:10461000EEE70020ECE7000010B502460020012381
:104620009340034C2488234003B1084610BD00008A
:10463000AA0E002010B5044669480078082802DC5C
:104640006748007810B9012065490870644800780F
:1046500009306449087062480078401E6249087059
:104660006248097800EB011061490860207E617E94
:104670000844C0EBC000616801EB40004068584945
:10468000884207D15B480078012867D1002059494A
:10469000087063E0207E617E0844C0EBC000616862
:1046A00001EB40004168544800680830814222D143
:1046B0004FF4FA72C82150480068083007F04AFEEB
:1046C0004C480078012849D14C4908704A48006894
:1046D00000894B49444A127821F822000846424A90
:1046E000127800EB82014748006814F02FFF002089
:1046F0004049087032E0207E617E0844C0EBC00073
:10470000616801EB400041683B4800680A30814223
:1047100024D14FF44872C821374800680A3007F0A6
:1047200019FE34480078012818D102203349087056
:1047300031480068418932482B4A127800EB8200E8
:1047400041802F48284A127800EB8200811C2D48B6
:10475000006814F0FBFE002026490870207C032826
:104760003CD0234800680078234909680870204835
:10477000006840782049096848701D4800688088B2
:104780001D49096848801A480068C0881A490968A4
:10479000888017480068008917490968C88014484C
:1047A0000068408914490968A1F8110010480068A0
:1047B00080891149096808810D480068C0890E493F
:1047C00009684881104800880B490968A1F80D0064
:1047D0000E48008808490968A1F80F0010BD0000C4
:1047E00097060020570E0020580E0020742300204A
:1047F000680600207405002060060020560E002088
:10480000F802002040050020A20F0020A00F002089
:104810002DE9F05F83463248007832490968087014
:1048200031480078012805D1304800782D490968C1
:10483000487006E02C48007818B90020294909681A
:1048400048702B4800782749096888702948007803
:1048500024490968C8702848007822490968087105
:1048600020480068441D25490968488927F032FC22
:104870000646234927F0E4FA60602248008827F0C2
:1048800029FC81461D490968888927F023FC824656
:104890001D4927F067FC80461C4927F0D1FA0746DE
:1048A000494627F05FFC0646616827F0C9FAA06018
:1048B0000C48006800F10D051549A06827F01EFCA2
:1048C00008D20F49A06827F04DFC064627F0CAFB26
:1048D000288002E04FF461502880BDE8F09F00007E
:1048E0006803002060060020200300207A030020D7
:1048F000210300205E0000207B0300206C030020C9
:1049000000002041B80000200000704200401C461A
:104910000000B44430B5034600221F4C2468A4783C
:104920002CB91D4C2468E4781B4D2D68AC701A4CD2
:104930002468A478184D2D68ED78AC4203DD01247D
:10494000154D2D68AC70002100200DE0134C245C47
:10495000002C07DD4C1CE1B20F4C2468A4788C427B
:1049600000D103E0441CE0B20C28EFDB00BF0C28B0
:1049700000D130BD0A4C246834F81040064D2D6833
:10498000AC80074CE46954F82040034D2D68C5F80D
:10499000064000BFEDE700006006002028790020F7
:1049A000F817002070B50546002405E0611CC8B268
:1049B0000CF0C8FB601CC4B2AC42F7DB70BD000059
:1049C0002DE9F0418AB006460F4690461D46BDF8D7
:1049D000240066F30400ADF82400BDF8240020F0A4
:1049E0002000ADF82400BDF8240067F38B10ADF86B
:1049F0002400BDF8240068F30F30ADF82400A8B2FD
:104A0000ADF82600002409E04548006850F824006D
:104A10000999884200D105E0601CC4B24148007881
:104A2000A042F1DC00BF3F480078A04202D10AB0AA
:104A3000BDE8F0810AE03A480168601C51F82000A6
:104A40003749096841F82400601CC4B23548007831
:104A5000A042F0DC33488078401E32498870084616
:104A60000078401E08700846807848700020089042
:104A7000BDF8240020F020002030ADF824000020F4
:104A8000059006900790284903C9CDE905010998CA
:104A900080B2ADF81A000795244AD2E90010926856
:104AA000CDE90302029101204FF4FA6302AAC10288
:104AB00000901F48006813F099FB0890BDF8200093
:104AC00000EB4000800000F6040081B20C2305AA30
:104AD0001748006814F058FDBDF82000401C80B253
:104AE0000890BDF82000B0F5FA6F01DB00200890B7
:104AF000022308AA40F602010D48006814F044FDA4
:104B00000848807850B90B48007820F02000094907
:104B100008700846007840F00800087000BF86E77B
:104B200094030020CD0E00202005002098C6020826
:104B300040050020190F002010B503460A46104614
:104B4000FFF725FB04461846FFF721FB44EA001057
:104B5000C0B210BD10B502460B460020002104E093
:104B6000545C0444A0B24C1CA1B29942F8DBC1438E
:104B7000491C88B210BD00001A4909680978042947
:104B800004DC184909680978012903D10121154A73
:104B900012681170134909680978491E01EB8101F7
:104BA000114A32F821100F4A126851800D490968E4
:104BB0000978491E01EB81010B4A02EB810149880A
:104BC000084A12689180074909680978491E01EB73
:104BD0008101054A02EB81018968024A1268C2F824
:104BE0000610704760060020647900202DE9F04F20
:104BF000A3B0F748007810B923B0BDE8F08F0024C7
:104C0000B8E001250026F3480068408A05FA04F15F
:104C1000084000B10126F04830F81400C0F3C1107C
:104C2000022834D105FA04F0EC490988084068B339
:104C3000E94B13F8143003F07F03E94FFA5CE64BBD
:104C400033F81430C3F34221E34B13F8143003F06C
:104C50007F0303F114000023FFF7B2FEDE4810F8D3
:104C6000140000F07F00DF49095C01208840DE4A23
:104C7000D2E9003223EA00000021DB4A03C205FA30
:104C800004F0D64909888143D448018070E0D248B5
:104C900030F81400C0F3C110B04234D105FA04F06A
:104CA000CE4909880840002861D1CB4B13F8143055
:104CB00003F07F03CA4FFA5CC74B33F81430C3F3D9
:104CC0004221C54B13F8143003F07F0303F11400A5
:104CD000002311F0C3FBC04810F8140000F07F005F
:104CE000C049095C01208840BF4AD2E9003218431C
:104CF0001146BD4A03C205FA04F0B84909880843C1
:104D0000B649088033E005FA04F0B4490988084040
:104D100068B3B14B13F8143003F07F03B04FFA5C63
:104D2000AD4B33F81430C3F34221AB4B13F81430BE
:104D300003F07F0303F114000023FFF741FEA648B0
:104D400010F8140000F07F00A649095C012088409B
:104D5000A54AD2E9003223EA00000021A24A03C298
:104D600005FA04F09D49098881439C48018000BFF1
:104D7000601CC4B20C2CFFF644AF00209B490870A5
:104D80009B48006800889B49098888421ADD9A4838
:104D9000006800680121084028B900230222194652
:104DA000012011F05BFB012293480068D0E900105C
:104DB00062F30001904A1268C2E9001002208B4998
:104DC00008701EE08A48006801888A4800880A380E
:104DD000814216DA884800680068012108400128ED
:104DE00004D1002302221946FFF7EAFD002282487F
:104DF0000068D0E9001062F300017F4A1268C2E93E
:104E0000001000207D49087048708870C8707C4888
:104E1000006800887B49098888421ADD7648006866
:104E20000078C0F3401028B900230222194603205D
:104E300011F014FB012270480068D0E9001062F301
:104E400045116D4A1268C2E9001002206B490870D2
:104E50001DE06B48006801886A480088C8388142B4
:104E600015DA654800680078C0F34010012805D1C4
:104E70000023022219460320FFF7A2FD00225E480C
:104E8000016803C962F345105B4A126803C25C48BB
:104E9000006880885B49098888421ADD56480068A6
:104EA0000078C0F3C01028B900230222194605205B
:104EB00011F0D4FA012250480068D0E9001062F3E2
:104EC000C7114D4A1268C2E9001002204B49887090
:104ED0001FE04B48006881884A480088C8388142F2
:104EE00017DA454800680078C0F3C010012805D1E2
:104EF0000023022219460520FFF762FD00223E48EA
:104F00000068D0E9001062F3C7113B4A1268C2E999
:104F100000103B48006840883A490988884218DDFB
:104F2000354800680078C0F3801028B900230222B9
:104F30001946042011F092FA01222F48016803C992
:104F400062F386102C4A126803C202202B49487073
:104F50001FE02B48006841882A480088C8388142F1
:104F600017DA254800680078C0F38010012805D1C1
:104F70000023022219460420FFF722FD00221E48CA
:104F80000068D0E9001062F386111B4A1268C2E97A
:104F900000101B480068808A1B490988884235DD5B
:104FA000154800680088C0F3C02028B900230222F9
:104FB0000121062011F052FA01220F480068D0E9C1
:104FC000001062F3CB210C4A1268C2E9001033E0F2
:104FD0007C0300204005002000010020AA0E0020D4
:104FE000ED0E0020F90E002088030020D80E0020CE
:104FF0006C030020CA000020AC0E0020D00E002060
:1050000090030020C4000020C6000020FA48006879
:105010000088C0F3C020012805D10023022201210D
:105020000620FFF7CDFC0022F348016803C962F3B4
:10503000CB20F14A126803C2F0480068C08AF049E8
:105040000988884215DDEC4800680088C0F300300C
:1050500028B9002302221146062011F0FFF901228F
:10506000E548016803C962F30C30E34A126803C2E1
:1050700017E0E14800680088C0F30030012805D13E
:105080000023022211460620FFF79AFC0022DA488C
:105090000068D0E9001062F30C31D74A1268C2E907
:1050A0000010D6480068008BD5490988884217DD72
:1050B000D14800680088C0F3403028B9002302229C
:1050C0000321062011F0CAF90122CB480068D0E97B
:1050D000001062F34D31C84A1268C2E9001017E0AF
:1050E000C54800680088C0F34030012805D100237E
:1050F000022203210620FFF763FC0022BE4800685D
:10510000D0E9001062F34D31BB4A1268C2E90010C9
:10511000BC48007800287DD1BB48007870B90120D8
:10512000B9490870E020B949C8710220B84908702F
:105130000023082219461A2011F090F9B54800689A
:105140000088B549098888421ADAAB4800680078B7
:10515000C0F3400028B900230A221946132011F099
:105160007DF90122A4480068D0E9001062F34101F2
:10517000A14A1268C2E900100120A84908701FE086
:10518000A44800680188A44800880A30814217DDDD
:10519000994800680078C0F34000012805D1002339
:1051A0000A2219461320FFF70BFC002292480068E0
:1051B000D0E9001062F341018F4A1268C2E9001081
:1051C0008D4800680078C0F38000012804D10023D6
:1051D0000A221946FFF7F4FB002287480068D0E94D
:1051E000001062F38201844A1268C2E9001082480A
:1051F00000680088C0F3C030012805D100230122D7
:1052000019460920FFF7DCFB00227B480068D0E943
:10521000001000E0A6E062F3CF31774A1268C2E9DD
:105220000010754800680088C0F38030012805D15F
:105230000023022219460920FFF7C2FB00226E4814
:10524000016803C962F38E306B4A126803C26A4870
:1052500000680088C0F30020012805D10023012246
:1052600019460320FFF7ACFB00226348016803C91D
:1052700062F30820604A126803C25F480068008831
:10528000C0F34020012805D1002301221946042043
:10529000FFF796FB00225848016803C962F34920D2
:1052A000554A126803C2544800680088C0F3802041
:1052B000012805D10023012219460520FFF780FBB4
:1052C00000224D48016803C962F38A204A4A1268E5
:1052D00003C2494800680068C0F30040012805D1B6
:1052E00000231A4619460A20FFF76AFB00224248AB
:1052F0000068D0E9001062F310413F4A1268C2E929
:1053000000103D4800680068C0F34040012805D106
:1053100000231A4619460B20FFF752FB002236489D
:105320000068D0E9001062F35141334A1268C2E9C3
:105330000010314800680068C0F38040012805D1A2
:1053400000231A4619460C20FFF73AFB00222A4890
:105350000068D0E9001062F39241274A1268C2E95E
:105360000010F0E22848007801280DD100202649DD
:1053700008700023082219461A20FFF721FB00209D
:105380002249C871224908701B4800680078C0F3A0
:105390004000012805D100230A2219461320FFF7F7
:1053A0000FFB00221448016803C962F34100124A4E
:1053B000126803C2174800680088194909888842A2
:1053C00030DA0D4800680078C0F3800028B9002367
:1053D0000A221946012011F041F80122064800680E
:1053E000D0E9001062F38201034A1268C2E900109A
:1053F00001200A49087032E0AC0E00209003002022
:10540000C600002079030020D90E0020D00E002015
:10541000DA0E00206C030020C8000020D80E002007
:1054200052020020FE4800680188FE4800880A30C9
:10543000814214DDFC4800680078C0F38000012838
:1054400004D100230A221946FFF7BAFA0022F648CF
:10545000016803C962F38200F34A126803C2F34889
:105460000068008841F2883188421EDAF0480078EE
:1054700000F00400042818D1EB4800680068C0F36D
:10548000004028B900231A4619460A2010F0E6FF0A
:105490000122E548016803C962F31040E24A12683C
:1054A00003C20320E349087015E0DF480068006884
:1054B000C0F30040012805D100231A4619460A20EE
:1054C000FFF77EFA0022D848016803C962F3104052
:1054D000D54A126803C2D54800680088D6490988B1
:1054E000884226DAD04800680068C0F3004000BB5C
:1054F000CF48007800F0040004281AD1CA48006898
:105500000088C0F3002028B9002301221946032097
:1055100010F0A4FF0122C4480068D0E9001062F333
:105520000821C14A1268C2E900100120C14908706F
:105530001FE0BE4800680188BF480088C83081422B
:1055400017DDB94800680088C0F30020012805D1A4
:105550000023012219460320FFF732FA0022B24845
:105560000068D0E9001062F30821AF4A1268C2E96E
:105570000010AE480068408841F2883188421EDA47
:10558000AB48007800F00200022818D1A648006855
:105590000068C0F3404028B900231A4619460B2082
:1055A00010F05CFF0122A048016803C962F351407A
:1055B0009D4A126803C203209E49487015E09A482C
:1055C00000680068C0F34040012805D100231A4656
:1055D00019460B20FFF7F4F900229348016803C92C
:1055E00062F35140904A126803C2904800684088B4
:1055F00091490988884226DA8B4800680068C0F320
:10560000404000BB8A48007800F0020002281AD10E
:10561000854800680088C0F3402028B90023012293
:105620001946042010F01AFF01227F480068D0E9D3
:10563000001062F349217C4A1268C2E9001001207F
:105640007C4948701FE07948006841887A480088A2
:10565000C830814217DD744800680088C0F34020DC
:10566000012805D10023012219460420FFF7A8F9DB
:1056700000226D480068D0E9001062F349216A4AAF
:105680001268C2E9001069480068808841F28831D8
:1056900088421DDA6648007800F00100C0B1624817
:1056A00000680068C0F3804028B900231A461946F4
:1056B0000C2010F0D3FE01225B48016803C962F39D
:1056C0009240594A126803C203205A49887015E073
:1056D000554800680068C0F38040012805D10023C8
:1056E0001A4619460C20FFF76BF900224E48016854
:1056F00003C962F392404C4A126803C24B480068E7
:1057000080884D490988884223DA47480068006844
:10571000C0F38040E8B94648007800F00100C0B10D
:10572000414800680088C0F3802028B90023012286
:105730001946052010F092FE01223B48016803C97A
:1057400062F38A20384A126803C2012039498870FE
:105750001FE036480068818837480088C830814299
:1057600017DD314800680088C0F38020012805D18A
:105770000023012219460520FFF722F900222A48BA
:105780000068D0E9001062F38A21274A1268C2E952
:10579000001000202749C8702548007800F0070055
:1057A000E0B3264800880A2190FBF1F01F49096800
:1057B000C988884218DA02201E49C8701A48006851
:1057C0000088C0F3803028B900230222194609203E
:1057D00010F044FE01221448016803C962F38E30C0
:1057E000114A126803C235E0144800880A2190FB70
:1057F000F1F0401F0D490968C98888422ADD0A482E
:1058000000680088C0F38030012805D100230222FF
:1058100019460920FFF7D4F8002211E063E00000E8
:105820006C03002052020020AC0E002090030020E8
:105830002E030020D00E0020C2000020CC0000204B
:10584000FB480068D0E9001062F38E31F84A126814
:10585000C2E90010F74800880A2190FBF1F0F649F0
:105860000968C98888421ADD0120F449C870F048E7
:1058700000680088C0F3C03028B90023012219460F
:10588000092010F0EBFD0122E9480068D0E9001082
:1058900062F3CF31E64A1268C2E9001053E0E548EE
:1058A00000880A2190FBF1F0401DE3490968C9888E
:1058B000884248DCDE4800680088C0F3C030012818
:1058C00005D10023012219460920FFF779F80022AB
:1058D000D7480068D0E9001062F3CF31D44A12688B
:1058E000C2E900102FE0D24800680088C0F3803081
:1058F000012805D10023022219460920FFF760F88C
:105900000022CB480068D0E9001062F38E31C84A0B
:105910001268C2E90010C64800680088C0F3C030B1
:10592000012805D10023012219460920FFF748F874
:105930000022BF480068D0E9001062F3CF31BC4AB2
:105940001268C2E900100521BD48006820F0ACFBD8
:1059500007460921BA48006820F0A6FB0646012444
:10596000B848007888BB00257FE0705D032190FB7C
:10597000F1F201FB1200012806D1B348007800F0D3
:10598000010008B164006EE0705D032190FBF1F24C
:1059900001FB1200022807D1AB48007800F002009A
:1059A000022801D164005EE0705D032190FBF1F2FA
:1059B00001FB120050B9705D40B1A348007800F0BF
:1059C0000400042802D164004DE053E0785D00F04B
:1059D000010080B19D480068204030B9681CC1B208
:1059E000002306220F2010F039FD9848006820435C
:1059F000964908600FE095480068204030B1681C67
:105A0000C1B2002306220F20FEF7DAFF8F4800689C
:105A1000A0438E4908608E4800684069204080B9E4
:105A20008C480068204030B9681CC1B200230722AE
:105A30000F2010F013FD8748006820438549086057
:105A40000FE084480068204030B1681CC1B20023D8
:105A500007220F20FEF7B4FF7E480068A0437D496F
:105A60000860640000BF681CC5B27B488078A8420B
:105A70003FF77BAF79480068B0F92600784909887C
:105A800088421ADD6A4800680068C0F3406040B987
:105A9000002302221946102010F0E0FC80207149FA
:105AA0000870012262480068D0E9001062F3596171
:105AB0005F4A1268C2E9001022E068480068B0F945
:105AC000261067480088A0F59670814218DA584879
:105AD00000680068C0F34060012808D1002302225A
:105AE00019461020FEF76CFF00205E490870002266
:105AF0004F48016803C962F359604D4A126803C2F6
:105B000056480068B0F926005749098809B288420A
:105B10001FDA52480068B0F926005449884218DD5F
:105B2000434800680068C0F3006040B900230122C8
:105B30001946102010F092FC80204A49087001227A
:105B40003B48016803C962F31860394A126803C20E
:105B500023E042480068B0F926104348008800B2AC
:105B600000F59670814218DD314800680068C0F386
:105B70000060012808D10023012219461020FEF7F9
:105B80001FFF00203749087000222948016803C917
:105B900062F31860264A126803C230480068B0F900
:105BA0002B0010F10F0F17DA214800680078C0F3BE
:105BB000001028B900231A461946132010F04EFC95
:105BC00001221B480068D0E9001062F30411184A52
:105BD0001268C2E900101BE020480068B0F92B00F1
:105BE000002815DB124800680078C0F30010012877
:105BF00005D100231A4619461320FEF7E1FE0022C4
:105C00000B48016803C962F30410094A126803C211
:105C10001748007880BB1748007870BB0023062225
:105C20001946132010F01AFC01201249087032E0C6
:105C3000AC0E0020CE00002090030020D00E0020EB
:105C400070030020D90E002082030020E00E002007
:105C5000400E0020E80E00202C0E00206C030020D7
:105C6000D0000020DB0E0020D2000020ACF4FFFFAB
:105C700058000020DD0E002000E00CE0FE48007817
:105C8000012808D10023062219461320FEF798FEAA
:105C90000020F94908700021029101910020F74984
:105CA0000870EAE3F548007840286FDAF448F349D1
:105CB0000978405C00286ADDF248C068EF4909783D
:105CC000405C00F00100D0B3EC48027801240025CC
:105CD00020462946FCF734FBEB4B0CCB1040194017
:105CE00000235840594008436ED1E448007800EB47
:105CF0004000E64901EBC000C07D7B2808D0DF48AA
:105D000003785B1C05220E20029910F0A7FB07E028
:105D1000DA4803785B1C05221220029910F09EFBE2
:105D2000D64802780126002730463946FCF708FBA2
:105D3000D54B0CCB10431943D34A03C244E0FFE7D1
:105D4000CE4802784FF001084FF00009404649461E
:105D5000FCF7F6FACC4B0CCB10401940002358400E
:105D60005940084330D0C548007800EB4000C7498F
:105D700001EBC000C07D7B280AD0C04803785B1CC3
:105D800005220E200299FEF71BFE09E0EFE1B6E1C5
:105D9000BA4803785B1C052212200299FEF710FE18
:105DA000B64802784FF0010A4FF0000B50465946B2
:105DB000FCF7C6FA0A46C143D043B34B0CCB1140A3
:105DC0001840B14AC2E90010AE48C068AB49097832
:105DD000405C00F0400040283ED1A84802780121F4
:105DE0000020CDE9030108460399FCF7A9FAA84B66
:105DF0000CCB10401940002358405940084370D143
:105E00009E48007800EB4000A04901EBC000C07D37
:105E10007B2808D0994803785B1C04220E20029945
:105E200010F01CFB07E0954803785B1C04221D2042
:105E3000029910F013FB9148027801210020CDE96E
:105E4000050108460599FCF77BFA914B0CCB1043F2
:105E500019438F4A03C244E0884802780121002098
:105E6000CDE9070108460799FCF76AFA884B0CCB85
:105E700010401940002358405940084331D07F4812
:105E8000007800EB4000814901EBC000C07D7B2819
:105E900008D07A4803785B1C04220E200299FEF792
:105EA0008FFD07E0754803785B1C04221D200299D2
:105EB000FEF786FD7148027801210020CDE9090135
:105EC00008460999FCF73CFA0A46C143D043704B97
:105ED000D3E9002C1346194000EA0C006C4AC2E9D1
:105EE00000106848C06865490978405C00F0080007
:105EF00008282BD16148027801210020CDE90B014F
:105F000008460B99FCF71CFA624B0CCB1040194069
:105F1000002358405940084348D1584803785B1C37
:105F200009220E20029910F099FA544803780122B0
:105F30000021CDE90D121A460E98FCF701FA554BD7
:105F40000CCB10431943534A03C22FE04B4802784D
:105F500001210020CDE90F0108460F99FCF7F0F967
:105F60004C4B0CCB1040194000235840594008437B
:105F70001CD0424803785B1C09220E200299FEF7D0
:105F80001FFD3E48027801210020CDE9110108469D
:105F90001199FCF7D5F90A46C143D0433D4AD2E9ED
:105FA0000032194010403B4AC2E900103548C06831
:105FB00032490978405C00F0800080282BD12F48BE
:105FC000027801210020CDE9130108461399FCF75E
:105FD000B7F9314B0CCB10401940002358405940C1
:105FE000084348D1254803785B1C06220E200299FD
:105FF00010F034FA2148027801210020CDE9150182
:1060000008461599FCF79CF9234B0CCB1043194318
:10601000214A03C22FE01948027801210020CDE96E
:10602000170108461799FCF78BF91B4B0CCB104056
:10603000194000235840594008431CD00F480378AA
:106040005B1C06220E200299FEF7BAFC0B48027870
:1060500001210020CDE9190108461999FCF770F9D2
:106060000A46C143D0430C4AD2E9003219401040DD
:10607000094AC2E9001011E0DD0E0020A80E002040
:1060800028790020F8170020600E002048770020B3
:10609000680E0020700E0020780E0020F748F849A6
:1060A0000978405C01282BD1F548027801210020B5
:1060B000CDE91B0108461B99FCF742F9F14B0CCBCB
:1060C00010401940002358405940084317D1EC486C
:1060D000027801210020CDE91D0108461D99FCF739
:1060E0002FF9E84B0CCB10431943E64A03C2E448AE
:1060F00003785B1C07220E20029910F0AFF9F4E13F
:10610000DE48DF490978405C0128F8DDDC48027888
:1061100001210020CDE91F0108461F99FCF710F965
:10612000D84B0CCB1040194000235840594008432D
:10613000E5D0D348027801210020CDE921010846AD
:106140002199FCF7FDF80A46C143D043CD4AD2E974
:10615000003219401040CB4AC2E90010C848037809
:106160005B1C07220E200299FEF72AFCBDE1C44801
:1061700000784028C3DBC148C1490978405C002849
:10618000BDDDC148C068BE490978405C00F001002F
:1061900080B3BB4800784038012101FA00F0BB49C8
:1061A0000968084028BBB648007800EB4000B849B1
:1061B00001EBC000C07D7B2808D0B14803785B1C90
:1061C00005220E20029910F049F907E0AC48037847
:1061D0005B1C05221220029910F040F9A8480078B3
:1061E0004038012101FA00F0A84909680843A7498D
:1061F00008602FE0FFE7A24800784038012101FA4B
:1062000000F0A2490968084020B39D48007800EBDF
:1062100040009F4901EBC000C07D7B2808D0984812
:1062200003785B1C05220E200299FEF7C9FB07E0EC
:10623000934803785B1C052212200299FEF7C0FBED
:106240008F48007840380121814090480068884399
:106250008E4908608C48C06889490978405C00F024
:106260004000402830D1864800784038012101FAAA
:1062700000F088490968084028BB8148007800EB95
:106280004000834901EBC000C07D7B2808D07C48DA
:1062900003785B1C04220E20029910F0DFF807E05F
:1062A000774803785B1C04221D20029910F0D6F871
:1062B000734800784038012101FA00F075490968F7
:1062C0000843744908602EE06D4800784038012189
:1062D00001FA00F06F490968084020B36848007867
:1062E00000EB40006A4901EBC000C07D7B2808D06C
:1062F000634803785B1C04220E200299FEF760FBC2
:1063000007E05F4803785B1C04221D200299FEF71A
:1063100057FB5B4800784038012181405D480068A8
:1063200088435C4908605848C06855490978405C12
:1063300000F0080008281DD151480078403801219C
:1063400001FA00F054490968084078BB4C480378CA
:106350005B1C09220E20029910F080F84848007852
:106360004038012101FA00F04B49096808434A49C5
:1063700008601BE0424800784038012101FA00F033
:1063800045490968084088B13D4803785B1C0922EB
:106390000E200299FEF714FB39480078403801219D
:1063A00081403D48006888433B4908603648C068E2
:1063B00033490978405C00F0800080281DD13048C6
:1063C00000784038012101FA00F03449096808409A
:1063D00078BB2B4803785B1C06220E20029910F034
:1063E0003DF8274800784038012101FA00F02B4998
:1063F00009680843294908601BE0214800784038B3
:10640000012101FA00F025490968084088B11C48BB
:1064100003785B1C06220E200299FEF7D1FA184879
:1064200000784038012181401C48006888431B499E
:106430000860124812490978405C012833D110489D
:1064400000784038012101FA00F015490968084038
:1064500040BB0B4800784038012101FA00F0104998
:10646000096808430E490860054803785B1C072249
:106470000E2002990FF0F2FF37E03BE02879002070
:10648000A80E0020800E0020F8170020880E0020A3
:10649000487700208C0E0020900E0020940E0020E3
:1064A000980E002021E0C248C2490978405C0128CA
:1064B0001BDDC04800784038012101FA00F0BE49D8
:1064C0000968084088B1BB48007840380121814004
:1064D000B94800688843B8490860B64803785B1C2F
:1064E00007220E200299FEF76BFAB2480078401C92
:1064F000B0490870AF4800780C28FFF6D3AB0024F1
:1065000098E004EB8400AD4901EB8000C07BA8B1AA
:10651000AB48005D00F0010048B9601CC1B2002327
:10652000042207200FF09AFF0320A6490870A44810
:10653000005D40F00100A249085514E0A048005D4C
:1065400000F0010048B1601CC1B200230422072002
:10655000FEF736FA00209B4908709948005D00F06C
:10656000FE009749085504EB8400944901EB800034
:10657000807B90B19248005D00F0800030B9601CD3
:10658000C1B200230B2207200FF068FF8C48005D8A
:1065900040F080008A49085511E08948005D00F00C
:1065A000800030B1601CC1B200230B220720FEF72F
:1065B00007FA8348005D00F07F008149085504EB2D
:1065C00084007E4901EB8000407C01281ED17C487C
:1065D000005D00F0400090B9601CC1B200230722AA
:1065E00010460FF03BFF002004EB8401734A02EBDE
:1065F0008101488004EB840102EB810188807048AE
:10660000005D40F040006E49085511E06C48005DA7
:1066100000F0400030B1601CC1B2002307221046D8
:10662000FEF7CEF96648005D00F0BF0064490855EA
:10663000601CC4B2042CFFF664AF03F0BDFC6248DA
:10664000D0E90010614B1940002041404040014317
:1066500003D001205E49087002E000205C49087008
:106660005948D0E90010172319400020414040400C
:10667000014303D001205649487002E000205449EC
:1066800048705448006854490968084053490968EB
:10669000514A12681140084318B101204C498870D2
:1066A00002E000204A4988704748D0E900104FF0C6
:1066B00060431940002041404040014303D0012085
:1066C0004349C87002E000204149C8703E4903C9EF
:1066D0004FF078631840002148404940084303D0F8
:1066E00001203B49087102E000203949087138480F
:1066F000007837494978084435498978084434494D
:10670000C9780844324909790844002803DD01208A
:106710002F49487102E000202D4948713048007827
:1067200018B101202A49887202E0002028498872A5
:106730002548D0E90010082319400020414040407E
:10674000014303D001202249C87202E00020204901
:10675000C872002427E0234830F81400000B0028FA
:1067600018DD204830F814000121C1EB1030184921
:10677000085C38B1C4F10D00C1B21B48006812F0CA
:106780000FFA0EE0C4F10D00C1B21748006812F014
:10679000FFF906E0C4F10D00C1B21348006812F021
:1067A000F7F9601CC4B2092CD5DB00BFFEF724BA90
:1067B00028790020A80E0020980E0020647900207F
:1067C0009C0E0020A00E002088030020E0FF7F0028
:1067D0005C240020E00E0020E4100020E80E0020E1
:1067E000DE0E002000010020400500202DE9F047CA
:1067F0000746884691460024A2460020A9F80000DA
:10680000B8F1000F1BD1012F01D0032F3AD1284836
:10681000FBF702FFC6B206F11600C5B2254C2946A9
:106820002046FBF7A3FF2448016821608088A080F0
:1068300032461F4904F11300FBF719FF22E01F48FD
:10684000FBF7EAFEC6B24046FBF7E6FE00F0FF0AA1
:1068500006F113005044C01CC5B2164C2946204610
:10686000FBF784FF1448016821608088A0803246CD
:10687000124904F11300FBF7FAFE414604F113003C
:10688000FBF7E9FE0120E0802772A4F8095006F129
:10689000130050440219E91E2046FDF793FC0D2118
:1068A000681E2152A9F800502046BDE8F08700007C
:1068B000BBC60208901A0020B0C60208CAC6020869
:1068C00025E0FDF7AFF91248026812480168124846
:1068D000006812F0B1FF1148006814F008FF10487A
:1068E000007848B90D48006813F02CFA0D4800787C
:1068F00010B901200B4908700848006815F0B4FF72
:106900000648006802F00AF9C82024F049F9D8E7DF
:1069100070030020F4100020400E002078050020B5
:106920000F1100201011002010B50446207E617E5A
:106930000844C0EBC000616801EB400081689F48DB
:1069400000680930814210D19D48007801280CD19F
:106950009A480068407A9B4908709B48006812F08A
:10696000F5FD002096490870FAE0207E617E08441B
:10697000C0EBC000616801EB400040688F490968C6
:10698000884219D1B92201218C48006807F076FBB2
:106990008B4800780128E7D18C4800788C4948431F
:1069A0008C490968086389498748006812F0CEFD60
:1069B000002083490870D3E0207E617E0844C0EB4C
:1069C000C000616801EB400041687C480068C01D60
:1069D000814217D11222012178480068C01D07F0BA
:1069E0004DFB774800780128BED174480068C07913
:1069F000794908707448006812F0A8FD00207049B9
:106A00000870ADE0207E617E0844C0EBC000616884
:106A100001EB400080687149884213D16422002153
:106A200066480068C01C05F095FC654800780128A0
:106A30009AD16A496448006812F088FD00206049D4
:106A400008708DE0207E617E0844C0EBC000616864
:106A500001EB400080686249884213D16422002122
:106A600056480068401D05F075FC5548007801281F
:106A700076D15B495448006812F068FD0020504907
:106A800008706DE0207E617E0844C0EBC000616844
:106A900001EB400080685349884217D1B42200219D
:106AA00046480068401C07F0E9FA4548007801288C
:106AB00056D14248006840784A49088042480068F8
:106AC00012F044FD00203E49087049E0207E617EBE
:106AD0000844C0EBC000616801EB40008068424997
:106AE000884218D14FF416720121344800680C30E6
:106AF00005F030FC32480078012831D12F48006879
:106B00008089394908803048006812F01FFD002054
:106B10002B49087024E0207E617E0844C0EBC00051
:106B2000616801EB40004168244800680A308142F6
:106B300016D163220021214800680A3007F09EFA2E
:106B40001F480078012808D11C480068807A27492E
:106B500008701D48006812F0F9FC00201849087000
:106B6000207C032829D01948007814490968087046
:106B70001C4800781149096848701B4800780F4983
:106B800009688870154800880C490968A1F8030055
:106B90001348008809490968A1F805000E480078E3
:106BA00006490968C87107480078044909684872AD
:106BB0000E48007801490968887210BD60060020FF
:106BC000740500201C030020400500202B0300203A
:106BD000805101006400002030030020BA00002032
:106BE000BC000020BE000020C00000205403002094
:106BF00010B50446207E617E0844C0EBC000616889
:106C000001EB400081681E4800680E3081420FD1C0
:106C10001C48007801280BD100201A490870012077
:106C2000194908701949164800680E3003F0CAFC6B
:106C3000207E617E0844C0EBC000616801EB40002B
:106C400041680F4800681E30814218D10D48007815
:106C5000012814D100200B49087002200A4908704D
:106C600007480068807F002809DD05480068807FAC
:106C7000192804DA02480068807F0549087010BDB1
:106C80006006002074050020590E0020BB03002080
:106C9000F21000202DE9F0410446FE48006800781B
:106CA000052803DD0120FB4909680870F9480068E0
:106CB00040780C2803DD0120F64909684870F54842
:106CC0000068007818B90520F24909680870F14891
:106CD0000068407818B90C20EE4909684870ED4802
:106CE00000680078EC490870EA4800684078EB4991
:106CF0000870207E617E0844C0EBC000616801EB33
:106D000040004168E3480068801C814244D1E1486A
:106D1000006880780C2803DD0C20DE490968887043
:106D2000DC480068807818B90120DA490968887061
:106D3000D8480068C0781F2803DD1F20D54909689E
:106D4000C870D4480068C07818B90120D1490968D2
:106D5000C870D348007801281ED10020D04908709F
:106D6000CC4B1B68DA78CB4B1B689978C94B1B68F6
:106D70001B785B1ED8B201F041FBC6480068007862
:106D8000401E00EB800202EBC000C64A02EB40014D
:106D9000C548006812F0DAFB207E617E0844C0EB33
:106DA000C000616801EB40004168BA480068801D7E
:106DB00081425CD1B74800688079182808DDB54861
:106DC00000688079802803DA1720B2490968887141
:106DD000B04800688079802803DD0020AD4909684B
:106DE0008871AC480068C0793B2808DDA948006874
:106DF0008079802803DA3B20A6490968C871A54834
:106E00000068C079802803DD0020A2490968C871A4
:106E1000A04D2D68EB799F4D2D68AA799D4D2D6869
:106E20006D786D1EE9B29B4D2D682D786D1EE8B210
:106E300003F086FA9A480078012818D10020984972
:106E40000870944800680078401E00EB800202EB56
:106E5000C000944A02EB4000801C8E4A12685278AF
:106E6000521E00EB42019048006812F06FFB207E3A
:106E7000617E0844C0EBC000616801EB400081689E
:106E8000844800680A3081422AD185480078012868
:106E900026D10020824908707E4B1B689A7A7D4B70
:106EA0001B685B785B1ED9B27A4B1B681B785B1E34
:106EB000D8B201F0F1FB774800684078451E05EB39
:106EC000D5704210734800680078401E00EB400007
:106ED00002EB4000754A81187348006812F036FBD7
:106EE000207E617E0844C0EBC000616801EB400079
:106EF0008168684800680B3081425AD16848007840
:106F0000012856D100206649087062480068C07A9E
:106F100088B94FF0FF315F4800680078401E00EBF1
:106F20004000634A02EBC0025A4800684078401EA5
:106F300022F810102AE057480068C07A012810D1C2
:106F40000021544800680078401E00EB4000584A79
:106F500002EBC0024F4800684078401E22F8101033
:106F600014E04C480068C07A02280FD11421494827
:106F700000680078401E00EB40004D4A02EBC00262
:106F8000444800684078401E22F8101041480068CC
:106F90000078401E00EB4000454A02EBC0023D482D
:106FA00000684078401E02EB40013F48006812F044
:106FB000CDFA207E617E0844C0EBC000616801EB21
:106FC00040004168334800680C30814233D1344876
:106FD000007801282FD10020314908702D48006821
:106FE000B0F90C00002825DD2A480068808901B22C
:106FF000284800680078401E00EB40002C4A02EB55
:10700000C002244800684078401E22F81010214831
:1070100000680078401E00EB4000254A02EBC002E9
:107020001C4800684078401E02EB40011E48006882
:1070300012F08CFAB9E0207C032805D1207C0328CB
:10704000F8D1607E0028F5D1124800680578681EE6
:1070500000EB800101EBC000124931F8100087B24B
:1070600000220C480168891C384602F085F9052D7C
:1070700000D1002505EB850000EBC500094931F87A
:107080001070781E87B2002202480168091D384638
:1070900010E0000060060020480E0020490E00208D
:1070A000740500201A010020400500203203002052
:1070B0008002002002F060F9012807D00C203C4932
:1070C000096808711F203A49096848713848006802
:1070D0004578374800680078401E00EB800101EBDE
:1070E000C000344901EB4000801C691E30F81100DB
:1070F00087B200222E480168891D384600F002FD43
:107100000C2D00D100252A4800680078401E00EBB5
:10711000800101EBC000274901EB4000801C30F8E2
:107120001570781E87B20022214801680831384660
:1071300000F0E8FC1E4A12685278521ED1B21C4A76
:1071400012681278521ED0B200F0C2FC18490968C9
:107150008872174800680078401E00EB400016490E
:1071600001EBC001124800684078401E31F9106000
:10717000002E07DA00200E490968C8720C49096818
:10718000888111E03EB9012009490968C87208499F
:1071900009688E8108E0002E06DD02200449096896
:1071A000C872034909688E8100BFBDE8F081000004
:1071B000600600201A010020800200207CB50446F1
:1071C00049480078002874D1207C032828D04748FB
:1071D000808847490968088044480068C0F38350A4
:1071E00043490968488041480068C0F34440404929
:1071F000096888803D480068C0F304303C4909684C
:10720000C8803A480088C0F3851039490968088168
:107210003648007800F03F0035490968488161E050
:10722000207E617E0844C0EBC000616801EB400035
:1072300040682F490968884216D140F6320240F270
:10724000E5712B48006805F085F80C2201212848DB
:107250000068801C05F07EF81F2201212448006888
:10726000001D05F077F83DE0207E617E0844C0EB0C
:10727000C000616801EB400041681D480068801D46
:1072800081422FD11722002119480068801D05F086
:1072900061F83B22002116480068083005F05AF8D2
:1072A0003B220021124800680A3005F053F819E02B
:1072B000FFE70F480068807A0D490968097A0C4D8C
:1072C000CDE900102D68AB79094D2D682A79084D5C
:1072D0002D68A978064D2D682888FCF761FD0020EF
:1072E000014908707CBD00007405002020050020C5
:1072F000600600202DE9F041804600BF00BF314804
:1073000000688078012803DA06202E490968887011
:107310002C4800688078062803DD01202949096887
:1073200088702948806827490968897830F81100F1
:107330002449096888802448006A224909688978B4
:1073400050F821001F490968C1F806001D4800686F
:107350008078401E1D4951F820001A490968C1F87B
:107360000A00002425461848006A164909688978E9
:1073700050F82100642100FB01F60027012008E0FD
:107380001149096A51F820100C1945F10005411CFA
:10739000C8B20728F4DB00210846091BA8410ADA15
:1073A00022462B4630463946FAF7DDFF06460549A8
:1073B00009680E8003E00020024909680880BDE8E2
:1073C000F081000060060020F8170020E47900201A
:1073D000204909680978012903DA04211D4A126845
:1073E00011701C4909680978042903DD0121194A33
:1073F00012681170174909680978491E164A1170F8
:10740000017C032924D01146097801EB8101134A3C
:1074100032F921100A2291FBF2F109B20D4A1268E9
:1074200051800D49097801EB81010C4A02EB810181
:107430004988084A126891800749097801EB81015F
:10744000064A02EB81018968024A1268C2F80610F6
:1074500070470000600600209B0600206479002031
:1074600070B5564805785648007800287ED0554AB1
:107470001268C2F34441534A1268C2F3835001F0C8
:10748000F1FA84B25048B0F90000A0420CDC4E483A
:10749000B0F91A00A04207DD00204C490870FCF743
:1074A00029FF4649087058E04748B0F91A00A04241
:1074B0000CDC4548B0F93400A04207DD0120434907
:1074C0000870FCF717FF3D49087046E03E48B0F9E8
:1074D0003400A0420CDC3C48B0F94E00A04207DD6D
:1074E00002203A490870FCF705FF3449087034E07F
:1074F0003548B0F94E00A0420CDC3348B0F96800C2
:10750000A04207DD032031490870FCF7F3FE2B4948
:10751000087022E02C48B0F96800A04205DCB4F500
:10752000B77F09DBB4F5B77F06DD2748B0F9000067
:10753000A04209DD012C07DB042024490870FCF778
:10754000D9FE1E49087008E00520204908700C206B
:107550001F4908700020194908701C480078052848
:1075600013DA1B4800780C280FDA00E011E0174806
:10757000007800EB4000174901EBC000144909787E
:1075800030F811001449088002E0002012490880F8
:1075900002E00020094908700848007885420CD0B4
:1075A0000E48057001200E49087000200D49096839
:1075B00081F823000B490968C88070BD7A03002058
:1075C00020030020200500201A0100206F0F00205A
:1075D000700F0020800200206C0F0020710F00202F
:1075E000720F0020640000202DE9F04705460F4689
:1075F00090460026EC1D0A20A049087060780128FA
:107600006CD105F11309484600F076F9401C10B919
:107610000020BDE8F0879A48006808B90020F8E724
:1076200098A197480068FBF7EBF838B902210020D1
:1076300001F01CFE95489649086019E095A1904814
:107640000068FBF7DDF818B99448914908600FE02D
:1076500093A18B480068FBF7D3F838B992488C495E
:1076600008600221002001F001FE01E00020D0E7C7
:107670008E48006808B90020CBE78D498B48006828
:10768000FBF7BEF8002801DC0020C2E7894800684B
:1076900008B90020BDE788A186480068FBF7B0F86C
:1076A000A8B9874880F8008040F2164085490880D4
:1076B0003A4600210120FFF799F80646002082494A
:1076C000087001208149088021F078FD05E03A46E4
:1076D0007F490120FFF78AF80646CDE0607802284E
:1076E00003D1774800780028F7DC607803285CD164
:1076F00073480078002858DD05F213424FF480618A
:1077000005F11300FCF75EFD90BB20896F490988E5
:1077100088421FD105F113016C48008803F02CF852
:1077200001206C4908703A4600210320FFF75EF8FB
:107730000646002064490870A08864490988884288
:1077400002D116205F49088060480088401C5F49CC
:10775000088091E05C480078401C5B49087008464E
:1077600000780A2805DD00F08BF90020307083E0F6
:1077700006E03A4658490320FFF738F806467BE012
:1077800051480078401C50490870084600780A2883
:1077900004DD00F075F9002030706DE03A464F4985
:1077A0000120FFF723F8064666E0607804284CD1F4
:1077B00043480078002848DD44480088401EA188DE
:1077C000884259D141480088401E810205F11302C8
:1077D0002F480068FCF7F6FCB0BB21F063FC0020EA
:1077E000374908702A4800682849884211D145F66F
:1077F0005A21152020F010FFA188162020F00CFF40
:107800000021012001F032FD01F01AFB0FF0D6F942
:1078100032E01F480068244988422DD10088304951
:107820000880214808302F4908602F482F490860F8
:107830001D48C0881C4908442D49086000210120CA
:1078400001F014FD01F0FCFA16E06078052813D170
:107850001D480078401C1C490870084600780A281A
:1078600004DD00F00DF90020307005E03A462149B2
:107870000120FEF7BBFF06463046CAE6940F002003
:107880007C0F0020436F64650000000000000808C2
:10789000880F002048544D4C0000000000500408A0
:1078A000466F6E740000000000000408800F002086
:1078B000B7C60208840F00205570677261646500C6
:1078C0008D0F0020900F0020920F00208E0F0020BF
:1078D0001DC70208930F002005C70208E3C602086F
:1078E0001C000020200000205F030408240000206A
:1078F00028000020F5C6020870B50546002417A12F
:107900002846FAF74BFE044614B94FF0FF3070BD1D
:1079100014A12846FAF742FE044615A12046FAF7BC
:1079200037FE14A10020FAF733FE1449086011A1B4
:107930000020FAF72DFE0FA10020FAF729FE1049CA
:1079400008600CA10020FAF723FE0AA10020FAF734
:107950001FFE0C4908600020D9E70000483532437B
:1079600030000000446174615F547970650000006C
:107970003A2200003A222C20000000007C0F002058
:10798000800F0020840F0020017E427E1144C1EB55
:10799000C101426802EB41014A6812498A4206D19C
:1079A00011490978012902D100210F4A1170017E85
:1079B000427E1144C1EBC101426802EB41018A6879
:1079C0000A4909680C318A420AD107490978012914
:1079D00006D10021044A11700121044A1268517332
:1079E00070470000300E0020740500206006002063
:1079F00070B504460E4620480078012807D10122C0
:107A000031462046FFF7F0FD0546284670BD207838
:107A10007E280DD12146194817F08CFE10B9174861
:107A20004069F3E7154818F01DF814484069EDE780
:107A300020784D281DD160784E281AD1A07843288F
:107A400017D1E0782D2814D12079452811D16079FB
:107A50004E280ED10848007838B901223146204618
:107A6000FFF7C2FD05462846D0E7002028702846CB
:107A7000CCE70020CAE700008D0F0020547A0020D8
:107A800010B508480078012801D121F00BFB012135
:107A9000084601F0EBFB01F0D3F900200249087021
:107AA00010BD0000930F00208D0F00200146092912
:107AB00003DC01F13000C0B270470A2905DB0F2951
:107AC00003DC01F13700C0B2F6E70020F4E7000064
:107AD00030B5024600240A48062303FB0205084687
:107AE00001EBD0735B10EC5C0B4601EBD3704010E4
:107AF000A1EB4000800044FA00F000F00F0030BD20
:107B00003203002030B50346B3F5B46F05DB18240B
:107B10000C7000244C70601E0AE03C2493FBF4F4CB
:107B20000C703C2493FBF4F504FB15344C700120DD
:107B3000012A04D10C784D780D704C7000BF0120E3
:107B400030BD000070B503460024002018E00E4D43
:107B500015F8105005F07F06A3F11405AE420DD1C3
:107B6000094D35F81050C5F34225954206D101253F
:107B70008540064E3688354005B10C46451CE8B2B6
:107B80000C28E4DB204670BD00010020AA0E002076
:107B900010B50021FF202F4A1278002A50D14CE066
:107BA0004A1CD1B22C4A1278521C2B4B1A701A461E
:107BB0001278162A01DD01221A70274A12780C2A3F
:107BC00038DC254A1278521EC2EBC202234B03EB6B
:107BD00082021289322A02DA1F4A10782FE01E4AE6
:107BE0001278521EC2EBC2021C4B03EB8202927A45
:107BF000C2F340020AB3184A1278521EC2EBC20204
:107C000003EB8202528922F00203134A1278521EB9
:107C1000C2EBC202114C04EB8202538100230E4AD4
:107C20001278521EC2EBC20204EB820293800A4A0F
:107C3000107804E0084A107801E01629B0DB08E06B
:107C4000044A12780C2A04DC024A10780022014B04
:107C50001A7010BD990F0020A90F0020AC2400203D
:107C60000AE0064801680648006815F031F8FFF799
:107C7000F7FB642022F094FFF3E70000F4100020EB
:107C80006400002010B50446207E617E0844C0EBED
:107C9000C000616801EB40008068AB4988420BD1AD
:107CA000AA480078012806D1A948006811F04EFCC6
:107CB0000020A649087011E1207E617E0844C0EBD7
:107CC000C000616801EB40008068A24988420BD186
:107CD0009E4800780128EED19D48006811F036FCDE
:107CE00000209A490870F9E0207E617E0844C0EBCC
:107CF000C000616801EB400080689749884214D158
:107D000047F23052002195480068001D04F022FB24
:107D10008E4800780128CED18F498D48006811F037
:107D200015FC002089490870D8E0207E617E084457
:107D3000C0EBC000616801EB400080688849884260
:107D400015D141F2B44241F2680184480068801DB7
:107D500004F000FB7D4800780128ACD180497C48C4
:107D6000006811F0F3FB002078490870B6E0207E2F
:107D7000617E0844C0EBC000616801EB4000806890
:107D80007849884215D141F2B44241F26801734802
:107D90000068123004F0DEFA6C48007801288AD1BD
:107DA00070496B48006811F0D1FB002067490870EA
:107DB00094E0207E617E0844C0EBC000616801EB66
:107DC000400080686849884215D141F2D4724FF46E
:107DD000AF5162480068083004F0BCFA5B48007894
:107DE00001287BD160495A48006811F0AFFB0020A0
:107DF0005649087072E0207E617E0844C0EBC000E6
:107E0000616801EB400080685849884215D141F60D
:107E100058324FF47A61514800680A3004F09AFAF7
:107E20004A480078012859D150494948006811F062
:107E30008DFB00204549087050E0207E617E08449B
:107E4000C0EBC000616801EB40008068484988428F
:107E500015D141F288324FF47A61404800680C3005
:107E600004F078FA39480078012837D14049384879
:107E7000006811F06BFB0020344908702EE0207E72
:107E8000617E0844C0EBC000616801EB400080687F
:107E9000384988420BD12D48007801281ED12C4842
:107EA000006811F053FB00202849087016E0207E7E
:107EB000617E0844C0EBC000616801EB400080684F
:107EC0002D4988420AD121480078012806D120484E
:107ED000006811F03BFB00201C490870207C03283F
:107EE00031D0194800881D49096808801948008860
:107EF0001A49096848801848008818490968888024
:107F00001748008815490968C88017480088134930
:107F10000968088115480088104909684881144893
:107F200000880E4909688881124800880B49096851
:107F3000C8811148008809490968088209480088F1
:107F400006490968488210BDC2000020740500205F
:107F500040050020C4000020C6000020600600206C
:107F6000C800002052020020CA000020CC000020DF
:107F7000CE000020D0000020D200002038B50446FA
:107F8000FA480078052802DCF848007810B901208A
:107F9000F6490870207E617E0844C0EBC00061682D
:107FA00001EB40004068F2490968884223D141F260
:107FB00070724FF47A61EE48006804F0CBF9ED4836
:107FC0000078012816D1EA4800210268012002F059
:107FD00065F9E74800680088E749C880891DE748D7
:107FE000006811F0B3FA0020E2490870E248C08846
:107FF000E349088057E1207E617E0844C0EBC00061
:10800000616801EB40004168D9480068801C8142EA
:1080100020D142F6E0620021D5480068801C04F0BF
:1080200099F9D44800780128E4D1D1480268921C1B
:108030000021022002F032F9CD4800684088CE4984
:1080400008810831CD48006811F080FA0020C94944
:10805000087028E1207E617E0844C0EBC0006168A2
:1080600001EB40008168C2480068001D814229D1AF
:10807000C04800780128BDD1BD480068007920B90A
:108080005520BB490968087107E0B94800680079C4
:10809000012802D1B64909680871B5480268121D65
:1080A0000021032002F0FAF8B14800688088B24944
:1080B00048810A31B148006811F048FA0020AD4902
:1080C0000870F0E0207E617E0844C0EBC00061686B
:1080D00001EB40008168A6480068801D814229D1DB
:1080E000A4480078012885D1A1480068807920B98A
:1080F00055209F490968887107E09D48006880798C
:10810000012802D19A490968887199480268921D2C
:108110000021042002F0C2F895480068C088964902
:1081200088810C319548006811F010FA00209149BF
:108130000870B8E0207E617E0844C0EBC000616832
:1081400001EB400081688A4800680830814250D1C4
:10815000884800780128B4D185480068007A88B939
:1081600040F2011000906A460021052002F096F8C6
:10817000BDF800008049C8810E318048006811F0C8
:10818000E5F932E07A480068007A012811D140F21E
:10819000033000906A460021052002F07FF8BDF808
:1081A00000007549C8810E317448006811F0CEF99D
:1081B0001BE06F480068007A022804D06C48006811
:1081C000007A032811D140F2077000906A4600211E
:1081D000052002F063F8BDF800006749C8810E3140
:1081E0006648006811F0B2F900BF002061490870CC
:1081F00059E0207E617E0844C0EBC000616801EB5D
:10820000400041685A4800680A30814219D141F261
:108210007C5241F26801564800680A3004F09AF82E
:108220005448007801283ED151480068408955499A
:1082300008805248006811F089F900204D49087003
:1082400031E0207E617E0844C0EBC000616801EB34
:1082500040004168464800680C30814223D141F219
:108260007C5241F26801424800680C3004F072F818
:1082700040480078012816D13D480068808942496D
:108280000880084600883F490988884203DA3D484B
:1082900000883D4908803C493848006811F056F98B
:1082A000002034490870207C03287BD0002031490D
:1082B00008702E480078401EC0EB0010334901EBD7
:1082C000C000808A2A490968088028480078401E32
:1082D000C0EB00102D4901EBC000808B24490968D8
:1082E000488022480078401EC0EB0010274901EB6F
:1082F000C000008B1E49096888801C480078401E19
:10830000C0EB0010214901EBC000408B18490968FF
:10831000C88016480078401EC0EB00101B4901EBD6
:10832000C000807C401E1249096808721548008808
:108330000F4909684881144800880D4909688881F7
:108340000D48C08940F20111884204D1002008493B
:108350000968487226E00848C08940F20331884223
:1083600016D101200249096848721BE0F00F002075
:1083700060060020740500207002002040050020E7
:10838000540E0020180300201A0300203818002083
:108390000548C08940F20771884203D10220034991
:1083A0000968487238BD0000700200206006002095
:1083B00070B588B004460D4616461C220E4901A829
:1083C000FAF79AF90CB908B070BD2C7200200AE0D7
:1083D00001A911F8141031440B5C811C05F108024D
:1083E0005354411CC8B201A901EB440149788142B0
:1083F000EEDC00BFE7E7000060C702082DE9F041AE
:1084000004460E46174600253946304600F02AFB42
:108410000546002D03DC4FF0FF30BDE8F081002C55
:108420000CDD601E00EB800101EBC000084931F952
:108430001000A84202DB4FF0FF30EEE704EB8400AF
:1084400000EBC400024921F810500120E5E70000CC
:108450001A01002010B50446207E617E0844C0EB5E
:10846000C000616801EB400080688049096888426B
:1084700010D17F48007801280CD100207C49087079
:108480007A48006800787B4908707B48006811F0E2
:108490005DF8C2E0207E617E0844C0EBC0006168E8
:1084A00001EB4000816871480068401C81420CD19A
:1084B0006F480078012808D100206D4908706B488A
:1084C000006840786D490870A7E0207E617E08440E
:1084D000C0EBC000616801EB4000806868498842D9
:1084E00013D11E22012161480068801C05F0C6FDE1
:1084F0005F4800780128CCD100205D4908706049B0
:108500005D48006811F022F887E0207E617E084413
:10851000C0EBC000616801EB4000806859498842A7
:1085200013D146220A2151480068C01C05F0A6FD5F
:108530004F480078012870D100204D4908705149FA
:108540004D48006811F002F867E0207E617E084423
:10855000C0EBC000616801EB400080684A49884276
:1085600013D15A220F2141480068001D05F086FDF5
:108570003F480078012850D100203D490870424909
:108580003D48006810F0E2FF47E0207E617E08442D
:10859000C0EBC000616801EB400080683B49884245
:1085A0001BD14822012131480068401D05F066FDBD
:1085B0002F480078012830D100202D490870334819
:1085C00000784FF4616148433149096888632F4955
:1085D0002948006810F0BAFF1FE0207E617E084441
:1085E000C0EBC000616801EB400080682949884207
:1085F00013D140F6B8323C211C480068C01D03F07E
:10860000A9FE1B480078012807D1002018490870EE
:1086100020491948006810F099FF207C032823D0D6
:1086200014480078114909680870144800780F4907
:1086300009684870124800780C4909688870114828
:1086400000780A490968C8700F4800780749096826
:1086500008710E4800780549096848710D4800887E
:1086600002490968A1F8070010BD0000600600205B
:10867000740500201F030020400500207D0300201A
:108680002603002027030020280300202A030020BF
:1086900064000020DA000020F0B5034614460020F4
:1086A0000B2900DDF0BD114D062606FB03520D46D9
:1086B00001EBD5767610905D01EBD5767610A1EBC7
:1086C0004606B7000F26BE40B04301EBD5767610C4
:1086D000A1EB4606B60004FA06F60643F0B201EB3B
:1086E000D5767610905500BFDCE7000032030020FD
:1086F0000020002109E0C1EB0112094B03EBC2028B
:10870000508800B105E04A1CD1B2064A1278914265
:10871000F1DB20B9044909680988143188B270472F
:1087200038180020ED0F00206C03002070B50024E5
:108730000026002012E05F4911F810105E4A1278FE
:10874000114049B15B4901EB40014978A14203DD89
:10875000584901EB40014C78411CC8B20628EAD3C5
:108760005548007800F0040008B1022607E052489E
:10877000007800F0080008B1012600E000264F480C
:1087800000684F490968401A0A280BD34B48006813
:108790004B4908604B48007808B9012000E00020F0
:1087A000484908700A25042C01D1022500E00A2559
:1087B0004248006844490968401AA8420BD33F4820
:1087C0000068414908604148007808B9012000E08C
:1087D00000203E490870012E02D0022E1BD107E076
:1087E00000220D213A48006814300FF069F91AE0B0
:1087F0003448007838B100220D2135480068143023
:108800000FF05EF906E001220D21314800681430B6
:108810000FF056F907E001220D212D4800681430B1
:108820000FF04EF900BF00BF032C25D0042C10D050
:10883000052C34D100220C212548006814300FF09B
:108840003FF901220D212248006814300FF038F959
:108850002DE01E48007838B100220C211C48006829
:1088600014300FF02DF906E001220C2118480068A1
:1088700014300FF025F91AE01448007838B10022BE
:108880000C211348006814300FF01AF906E0012299
:108890000C210F48006814300FF012F907E0012294
:1088A0000C210B48006814300FF00AF900BF00BF1C
:1088B00070BD00000D0F0020190F0020080F0020D0
:1088C0001C0F0020240F0020200F0020250F002067
:1088D000400500202DE9FC4704460E4656A00068DE
:1088E0000190002058E0BDF8001066F30401ADF8D7
:1088F0000010BDF8001021F02001ADF80010BDF807
:10890000001064F38B11ADF8001001A90A5CBDF8EA
:10891000001062F30F31ADF800100E2E08D1A1B295
:10892000ADF80210BDF8001021F47C61ADF8001024
:10893000002500BF09E04149096851F82510009A57
:10894000914200D105E0691CCDB23D490978A942A8
:10895000F1DC00BF3A490978A9421BD00AE0374947
:108960000A68691C52F82110344A126842F825102E
:10897000691CCDB232490978A942F0DC30498978C6
:10898000491E2F4A917011460978491E11701146EF
:1089900089785170411CC8B20228A4DB0F2E08D17F
:1089A000601E0121814027480068884325490860EE
:1089B00031E00E2E2FD1601EC4B2402C16DA2246B2
:1089C00001274FF0000838464146F9F7B9FC0A463E
:1089D000C143D0431C4AD2E90032194010401A4A20
:1089E000C2E9001000201949085514E0402C12DBA0
:1089F000A4F140024FF001094FF0000A48465146E9
:108A0000F9F79EFC1249096821EA00001049086044
:108A100000200E4908550A48807850B90D48007862
:108A200020F020000B4908700846007840F008004C
:108A30000870BDE8FC8700000706000094030020D2
:108A4000CD0E0020E4100020800E002028790020A8
:108A5000980E0020190F002001460806000C40EA7D
:108A6000112070472DE9F04105460F46012D01DB2D
:108A70000C2D03DD4FF0FF30BDE8F081002400260F
:108A80000EE00B48805D204404B20A498888FBF759
:108A9000ABF818B1012E01D1601C04B2701CC6B233
:108AA000681EB042EDDCE01904B22046E4E70000A5
:108AB0002CC602082005002070B505460C4600268D
:108AC00005F1D6001249087004EB44001149085C16
:108AD0000F49887004EB44000E49084440780C4963
:108AE000C87004EB44000B49084480780849487179
:108AF000062107480EF006F9064630120449C871EF
:108B00008E710822044800681EF0BEFE70BD000091
:108B1000E10F0020AC0F00201000002070B50546CA
:108B2000A87E00EB800105F11D0000EB41004468C8
:108B30009848844203D12846FBF76AFE2EE0964807
:108B400084420DD12846FEF71FFF1120934908707B
:108B500093480078012821D12846FEF749F81DE006
:108B60009048844206D12846FEF70EFF21208B490B
:108B7000087013E08C48844203D12846FDF7D4FEE8
:108B80000CE08A48844203D1284601F06FFE05E0DC
:108B90008748844202D12846FBF7BCFE85488442C0
:108BA00002D12846FEF7A6FB8348844203D128461B
:108BB000FEF70EFCECE08148844203D12846FFF723
:108BC00049FCE5E07E48844203D1284602F048FF94
:108BD000DEE07C48844203D12846FEF75BF8D7E00C
:108BE0007948844203D1284602F080FED0E07748DD
:108BF000844203D1284605F025F9C9E0744884422F
:108C000003D1284607F02EF8C2E07248844203D10F
:108C1000284607F0CBF8BBE06F48844203D12846D2
:108C20000DF022FFB4E06D48844203D128460EF0D7
:108C300085F8ADE06A48844203D128460EF0C4F9B5
:108C4000A6E06848844203D1284602F05FF89FE01E
:108C50006548844203D12846FEF7B0FA98E063489D
:108C6000844203D12846FFF70DF891E06048844222
:108C700003D1284607F0D0FF8AE05E48844203D142
:108C8000284606F0F5F983E05B48844203D1284684
:108C900006F0B2F87CE05948844203D1284607F038
:108CA000E7FA75E05648844203D1284607F022FED1
:108CB0006EE05448844203D1284607F01DFF67E068
:108CC0005148844203D1284607F046FB60E04F48F4
:108CD000844203D1284602F055FC59E04C488442B6
:108CE00003D1284601F0E2FB52E04A48844203D116
:108CF000284605F06FFE4BE04748844203D12846E2
:108D000004F0A0F944E04548844203D1284601F02C
:108D10006FFE3DE04248844203D1284602F0AAFD9E
:108D200036E04048844203D1284603F03DFE2FE060
:108D30003D48844203D1284607F014FD28E03B4813
:108D4000844203D1284607F05BF821E0384884428A
:108D500003D1284602F048FA1AE03648844203D18B
:108D60002846FFF70BF913E03348844203D1284625
:108D7000FBF760FC0CE03148844203D1284600F048
:108D800029F905E00C48844202D12846FBF7F4FE9D
:108D900070BD0000880500208C05002064060020BE
:108DA0005F03002090050020AC050020B0050020E6
:108DB000980500209C050020A0050020CC0500207F
:108DC000D0050020F4050020D4050020E80500208F
:108DD000DC050020EC05002080050020C0050020F7
:108DE000C4050020B8050020FC050020F80500207F
:108DF000D8050020A8050020040600200806002051
:108E00000C06002010060020140600201806002082
:108E10001C0600202006002030060020340600201A
:108E2000A40500203806002024060020E0050020CC
:108E3000480600204C06002058060020440600206A
:108E40001CB500200190022301AA41F652712A4864
:108E5000006810F067FBBDF8040045F65A2188420F
:108E60002BD10020009002236A4641F6547122481B
:108E7000006810F057FBBDF80000052190FBF1F2EF
:108E800001FB120041F656710E2202FB001084B263
:108E900013461A4A21461848006810F0E1FBBDF855
:108EA0000000401C80B2009002236A4641F65471D3
:108EB0001148006810F0D4FB1DE045F65A200190DF
:108EC00001200090022301AA41F652710A4800686D
:108ED00010F0C6FB02236A4641F65471064800684A
:108EE00010F0BEFB0E23054A41F656710248006899
:108EF00010F0B6FB00BF1CBD400500209C240020E4
:108F00002DE9F04104460D46164600271DB9002004
:108F10002D49087003E005F1D5002B490870012C9C
:108F200009D1102028498870C87028480078401C52
:108F30002649087032E0022C0AD11020224988709C
:108F40001320C87021484078401C2049487025E013
:108F5000032C0AD110201C4988707D20C8701B4842
:108F60008078401C1949887018E0042C0AD1102020
:108F7000154988707E20C8701448C078401C134979
:108F8000C8700BE0052C09D110200F4988701620FD
:108F9000C8700E480079401C0C49087170780A4965
:108FA000087130784871062107480DF0ABFE07467E
:108FB00005498F713812C8710822054800681EF0F3
:108FC00063FCBDE8F0810000D90F002028260020B6
:108FD0001000002070B504468D4D207E617E08444F
:108FE000C0EBC000616801EB4000816889480068FF
:108FF000401C814222D18848007801281ED1854832
:1090000000684178834800680078844A02EBC00019
:10901000407861F307107F490968097802EBC101C4
:1090200048707C480068007802EBC0017C4800680A
:1090300010F08CFA002078490870A0E0207E617E54
:109040000844C0EBC000616801EB40004168714812
:109050000068801C814229D16E480068007835F88C
:109060001000323802B24FF47A616A480068801CFE
:1090700003F070F968480078012816D16548006847
:109080004088644909680978644A02EBC101C880D4
:1090900060480068007802EBC000811D60480068ED
:1090A00010F054FA00205C49087068E0207E617E70
:1090B0000844C0EBC000616801EB400041685548BE
:1090C0000068001D814223D14FF461520A215148AA
:1090D0000068001D03F03EF94F48007801284ED18A
:1090E0004C48006880884B49096809784D4A02EB72
:1090F000C101888047480068007802EBC000011D6C
:109100004748006810F022FA00204349087036E012
:10911000207E617E0844C0EBC000616801EB400026
:1091200041683C4800680D30814228D139480068C8
:1091300000783A4A02EBC000C088323001B241F2F6
:109140001852344800680D3003F004F932480078B2
:10915000012814D12F480068B0F80D002D49096886
:10916000097825F811002B480068007805EB4001CC
:109170002B48006810F0EAF9002027490870207C8D
:1091800003280FD1207E617E0844C0EBC0006168D7
:1091900001EB400040681F490968884236D1207CB5
:1091A000032833D11B4800680078052803DD002020
:1091B000184909680870174800680078174901EBDA
:1091C000C0004078000913490968487011480068D8
:1091D0000078124901EBC000C0880E490968488038
:1091E0000C48006800780F4901EBC00080880949ED
:1091F0000968888007480068007835F8100005493C
:109200000968A1F80D0000200349087070BD000036
:109210004402002060060020740500209C0100200C
:1092200040050020EC01002070B50446049D0CB1FF
:109230000D4804600C48006808B9002070BD0A4859
:109240000068016008480068426007480068836061
:1092500005480068057300206073034800680E30FD
:10926000014E30600120E9E7280E0020B8BB3F4ADC
:1092700093883F4AB2F8032063F38F023C4BA3F874
:1092800003203A4A1268930D394A528863F38912CF
:10929000374B5A80354A1268530C354A927863F33B
:1092A0004502334B9A70314A1268130B304AB2F8B8
:1092B000012063F308122E4BA3F801202B4A1288D9
:1092C00093092B4A128863F38B12294B1A80274A81
:1092D00012781B7862F30503254A137039E0FFE723
:1092E000012836D1214A9388214A128963F38F02DB
:1092F0001F4B1A811D4A1268930D1D4AB2F80720B0
:1093000063F389121A4BA3F80720184A1268530C0A
:10931000174AD27963F34502154BDA71134A126882
:10932000130B134AD28863F30812114BDA800F4AE9
:10933000128893090E4AB2F8052063F38B120C4B86
:10934000A3F80520094A12785B7962F30503084AFD
:10935000537121B9074A1288054B5A8105E001294A
:1093600003D14FF46042024B5A8170472005002020
:109370009C240020F40300202DE9F04105460C4612
:10938000164600202070B5F5B77F00DC35B90C20FB
:1093900020701F2060704FF0FF3727E0681E85B2F5
:1093A0001CE018498888FAF71FFC48B1207801288A
:1093B00006D11D2D03DBA5F11D0085B20BE00FE0EA
:1093C00020781149085CA84204DC2078085C281A3F
:1093D00085B200E004E02078401C20701C2DE0DA0B
:1093E00000BF2078401C2070681C6070012E04D1E2
:1093F000207861782170607000BF01273846BDE891
:10940000F0810000200500202CC6020810B5244879
:109410000078002838D106F049F9224A224B93F906
:109420000030D15C214A1078FFF746FB1D481E49E9
:1094300091F90010405C1E49087008460078012828
:1094400004D11C480078401C1A490870174800785D
:10945000401C40B215490870084690F900001649B2
:10946000097888421BDB0020104908700E480078FC
:10947000401C40B20C490870084690F900000B28C7
:109480000DD3002008700AE00C4802680C480178EF
:1094900003480078FFF734FD00200149087010BD33
:1094A000F20F0020C70F00201E1000201D1000200A
:1094B000EA0F0020F80F0020ED0F0020F40F00202D
:1094C000F30F002010B5FE480088C0F38510FC4A59
:1094D0001268C2F30432C2EB021200EB82010020D8
:1094E000FAE300EB4002F74B03EBC202928900EB78
:1094F0004003F44C04EBC303DB891A44C0EBC00304
:10950000F14C04EB83031A82C0EBC002234603EB49
:109510008202128AB2F5B46F0CDDC0EBC00203EB1D
:109520008202128AA2F5B462C0EBC00304EB83038B
:109530001A820FE0C0EBC002E34B03EB8202128AF7
:10954000B2F5B46F06D10022C0EBC003DE4C04EBD1
:1095500083031A8200EB4002DA4B03EBC202128A49
:1095600000EB4003D74C04EBC3035B8A1A44C0EB07
:10957000C003D54C04EB83035A82C0EBC0022346E0
:1095800003EB8202528AB2F5B46F0CDDC0EBC0026D
:1095900003EB8202528AA2F5B462C0EBC00304EB73
:1095A00083035A820FE0C0EBC002C74B03EB820279
:1095B000528AB2F5B46F06D10022C0EBC003C24C90
:1095C00004EB83035A82C0EBC002BF4B03EB820261
:1095D000927A02F00102002A7ED0C0EBC00203EBB7
:1095E0008202927D32B1C0EBC00203EB8202927D17
:1095F000FF2A0FD1C0EBC002B34B03EB82025289AA
:1096000022F080028032C0EBC003AF4C04EB830336
:109610005A81FDE3C0EBC002AB4B03EB82025289DF
:1096200022F08002C0EBC003A74C04EB83035A81F5
:1096300000EB4002A34B03EBC202927D02F00F024B
:10964000B2B9C0EBC002234603EB8202528922F07A
:109650001002C0EBC00304EB83035A8100229B4B32
:109660001A54FF22C0EBC00304EB8303DA8014E139
:1096700000EB4002934B03EBC202927D02F00F021B
:10968000012A64D1924A1268B2F9002000EB40032B
:109690008C4C04EBC303DB889A420EDB00EB4002E8
:1096A000234603EBC202D2888A4B1B889A4229DDEB
:1096B000894AB2F90020002A24DAC0EBC002824BAA
:1096C00003EB8202927AC2F30012002ACFD10A225F
:1096D000C0EBC0037C4C00E0E0E204EB8303DA80E3
:1096E000C0EBC002234603EB8202528922F0100233
:1096F0001032C0EBC00304EB83035A810122734B89
:109700001A54CAE0724A1268B2F9002000EB400312
:109710006C4C04EBC3035B899A42A8DD00EB40026A
:10972000234603EBC20252896A4B1B889A420DDA28
:10973000C0EBC002644B03EB8202528922F010029C
:10974000C0EBC003604C04EB83035A81A5E000EB3F
:1097500040025C4B03EBC202927D02F00F02022A30
:1097600040D15E4A1278012A2DD1C0EBC002564B7F
:1097700003EB8202927AC2F30012002A22D100EB9C
:109780004002504B03EBC2021289C2EB02124FF6A9
:10979000FF7303EA8202C0EBC0034B4C04EB83036C
:1097A000DA80C0EBC002234603EB8202528922F02A
:1097B00010021032C0EBC00304EB83035A81012274
:1097C000424B1A5469E0C0EBC0023F4B03EB8202EC
:1097D000528922F01002C0EBC0033B4C04EB830320
:1097E0005A815AE000EB4002364B03EBC202927DF5
:1097F00002F00F02032A50D1384A1278012A3ED1D2
:10980000C0EBC002304B03EB8202927AC2F300122B
:10981000FAB9334AD26952F82020C0EBC0032A4C6F
:1098200044F82320C0EBC002234603EB8202528996
:1098300022F010021032C0EBC00304EB83035A8104
:10984000C822C0EBC00304EB8303DA8001221F4B64
:109850001A5400EB40021B4B03EBC2029288214BCF
:109860001B689A4219D9194A125C012A15D10022A3
:10987000C0EBC003144C04EB8303DA800DE0C0EBB3
:10988000C002114B03EB8202528922F01002C0EB9E
:10989000C0030D4C04EB83035A8100EB4002094BDB
:1098A00003EBC2029289C0EBC003074C04EB8303B5
:1098B0001B8A9A427DD000EB4002024B14E000006C
:1098C0002005002048770020AC240020FC25002043
:1098D0006C0300201010002004100020980F0020BE
:1098E000F81700200810002003EBC2029289C0EB99
:1098F000C00304EB83031B8A9A4233DA00EB400275
:10990000FE4B03EBC20292898A4215DC00EB400257
:1099100003EBC202927D02F010026AB1C0EBC002FA
:10992000234603EB8202528922F020022032C0EB50
:10993000C00304EB83035A81C0EBC002F04B03EB7E
:109940008202128A8A4274DCC0EBC00203EB8202FC
:10995000528922F02002C0EBC003E94C04EB8303E0
:109960005A8166E000EB4002E44B03EBC2029289AD
:10997000C0EBC003E24C04EB83031B8A9A4258DD20
:1099800000EB4002DD4B03EBC20292898A4209DD03
:10999000002921DBC0EBC002234603EB8202128ABE
:1099A0008A4219DD00EB4002D44B03EBC202927DE8
:1099B00000E030E002F0100272B1C0EBC002D04B08
:1099C00003EB8202528922F020022032C0EBC00356
:1099D000CB4C04EB83035A81C0EBC002C84B03EBB2
:1099E0008202128A8A4224DC00EB4002C34B03EB62
:1099F000C20292898A421CDDC0EBC002C04B03EB5D
:109A00008202528922F02002C0EBC003BC4C04EB5E
:109A100083035A810DE0C0EBC002B94B03EB820215
:109A2000528922F02002C0EBC003B54C04EB830343
:109A30005A8100EB4002B14B03EBC202128AC0EB29
:109A4000C003AF4C04EB83035B8A9A427DD0AD4ADE
:109A50001278012A7AD100EB4002A84B03EBC20234
:109A6000128AC0EBC00304EB83035B8A9A4233DAA9
:109A700000EB4002A14B03EBC202128A8A4215DCC2
:109A800000EB400203EBC202927D02F020026AB1B9
:109A9000C0EBC002234603EB8202528922F040024F
:109AA0004032C0EBC00304EB83035A81C0EBC00219
:109AB000934B03EB8202528A8A420CDCC0EBC00259
:109AC00003EB8202528922F04002C0EBC0038C4CAF
:109AD00004EB83035A8176E000EB4002874B03EBF3
:109AE000C202128AC0EBC003854C04EB83035B8A7D
:109AF0009A4268DD00EB4002804B03EBC202128AFF
:109B00008A4209DD00291FDBC0EBC002234603EBBC
:109B10008202528A8A4217DD00EB4002774B03EB48
:109B2000C202927D02F0200272B1C0EBC002744BFF
:109B300003EB8202528922F040024032C0EBC003A4
:109B40006F4C04EB83035A8101E02EE01EE0C0EB72
:109B5000C0026B4B03EB8202528A8A4233DC00EB79
:109B60004002664B03EBC202128A8A422BDDC0EB35
:109B7000C002634B03EB8202528922F04002C0EB29
:109B8000C0035F4C04EB83035A811CE0C0EBC002AE
:109B90005B4B03EB8202528922F04002C0EBC00310
:109BA000574C04EB83035A810DE0C0EBC002544BC9
:109BB00003EB8202528922F04002C0EBC003504CFA
:109BC00004EB83035A81C0EBC0024D4B03EB8202CE
:109BD0005289C2F30022002A7DD1C0EBC00203EB00
:109BE0008202D288EABBC0EBC00203EB8202528938
:109BF00022F008020832C0EBC003414C04EB83039F
:109C00005A81C0EBC002234603EB8202528922F044
:109C10000402121DC0EBC00304EB83035A81C0EBA6
:109C2000C002234603EB8202528922F4807202F5BD
:109C30008072C0EBC00304EB83035A81C0EBC00207
:109C4000234603EB8202528922F4805202F58052AD
:109C5000C0EBC00304EB83035A81C0EBC002234670
:109C600000E01CE003EB8202528922F4006202F55C
:109C70000062C0EBC00304EB83035A81C0EBC00257
:109C8000234603EB8202D2882AB9FF22C0EBC0032D
:109C900004EB8303DA8000221B4B1A543DE1C0EB36
:109CA000C002174B03EB8202927AC2F3401242B910
:109CB000C0EBC00203EB8202927AC2F38012002A48
:109CC000ECD0C0EBC0020E4B03EB8202528922F0B3
:109CD0000802083201E03DE022E1C0EBC003084C7D
:109CE00004EB83035A81C0EBC002234603EB8202DC
:109CF000528922F00402121D08E00000487700207B
:109D0000AC240020980F0020FC250020C0EBC003ED
:109D100004EB83035A81C0EBC002234603EB8202AB
:109D2000528922F4807202F58072C0EBC00304EB0A
:109D300083035A81C0EBC002234603EB820252899F
:109D400022F4006202F50062C0EBC00304EB83035F
:109D50005A81E2E0C0EBC002734B03EB82025289EE
:109D6000C2F30022002A7DD0C0EBC00203EB8202C6
:109D70005289C2F38032002A74D1C0EBC00203EBD7
:109D800082025289D20B002A6CD100EB4002674B51
:109D900003EBC202927D02F00F02012A26D1644A2F
:109DA0001268B2F9002000EB4003604C04EBC303DF
:109DB0005B899A421ADD00EB4002234603EBC202A4
:109DC00052895C4B1B889A4210DAC0EBC002564B9A
:109DD00003EB8202927AC2F340123AB9C0EBC0029E
:109DE00003EB8202927AC2F38012E2B300EB4002EC
:109DF0004E4B03EBC202927D02F00F02012A2BD0E0
:109E00004B4A1268B2F9002000EB4003474C00E0D7
:109E100084E004EBC3035B899A421DDD00EB400242
:109E2000234603EBC2025289424B1B889A4213DA43
:109E3000C0EBC0023C4B03EB8202927AC2F34012A9
:109E400052B9C0EBC00203EB8202927AC2F38012D5
:109E500012B9394A127832B1C0EBC002324B03EB6F
:109E6000820201E041E013E05289C2F30032E2BB1A
:109E7000C0EBC00203EB8202927AC2F34012A2BB93
:109E8000C0EBC00203EB8202927AC2F3801262BB83
:109E9000C0EBC002244B03EB8202528922F008027D
:109EA000C0EBC003204C04EB83035A81C0EBC0021B
:109EB000234603EB8202528922F00402121DC0EBFA
:109EC000C00304EB83035A81C0EBC002234603EBBB
:109ED0008202528922F48072C0EBC00304EB830338
:109EE0005A81C0EBC002234600E016E003EB820279
:109EF000528922F48052C0EBC00304EB83035A81E1
:109F0000C0EBC002234603EB8202528922F40062B6
:109F1000C0EBC00304EB83035A8100BF421CD0B2E4
:109F20000C28FFF6DEAA10BDAC24002048770020E4
:109F30006C03002010100020980F00202DE9F04F36
:109F40000288438849F637664FF6FF7A0AEA861494
:109F50000F88B1F802C0B1F80480B1F8069000256E
:109F600023E008EB021A02EB040B8AEA0B0A09EB66
:109F7000621B8AEA0B0AA3EB0A0A1FFA8AF307EBB1
:109F8000031A03EB040B8AEA0B0A0CEB631B8AEA45
:109F90000B0AA2EB0A0A1FFA8AF2A4EB060A1FFABE
:109FA0008AF405F1010A1FFA8AF5402DD9DB0280F7
:109FB0004380BDE8F08F000030B58DB0B44AD2E9DF
:109FC00000109268CDE90B020A91B14A0C3207CA1F
:109FD00007AB07C31822AE49183101A8F8F78CFB6C
:109FE00000244EE1002570E0C4EB0410A94901EB08
:109FF000C000B0F8720001A931F81510084058BB34
:10A00000C4EB0410A34901EBC000B0F8700001A933
:10A0100031F81510084001A931F81510884252D1C5
:10A0200007AB5A5D631CD9B20AAB585D00230CF034
:10A0300015FAC4EB0410974901EBC000B0F87200A8
:10A0400001A931F815100843C4EB0411914A02EB41
:10A05000C101A1F8720036E0C4EB04108D4901EB98
:10A06000C000B0F8720001A931F81510084001A92C
:10A0700031F81510884226D1C4EB0410854901EB54
:10A08000C000B0F8700001A931F815100840D0B92F
:10A0900007AB5A5D631CD9B20AAB585D0023FAF7CF
:10A0A0008FFCC4EB04107B4901EBC000B0F87200D8
:10A0B00001A931F815108843C4EB0411754A02EB6D
:10A0C000C101A1F87200681CC5B20B2D8CDBC4EB7A
:10A0D0000410704901EBC000B0F8720000F40050A9
:10A0E00060BBC4EB041001EBC000B0F8700000F4DA
:10A0F0000050B0F5005F09D0C4EB041001EBC000C4
:10A1000090F8700000F0400040284CD1601CC1B2B3
:10A110000023022210200CF0A1F9C4EB04105D49C9
:10A1200001EBC000B0F8720040F40050C4EB041121
:10A13000584A02EBC101A1F8720034E0C4EB0410EC
:10A14000544901EBC000B0F8720000F40050B0F5C3
:10A15000005F28D1C4EB041001EBC000B0F8700020
:10A1600000F40050F8B9C4EB041001EBC00090F803
:10A17000700000F04000B0B9601CC1B200230222A0
:10A180001020FAF71DFCC4EB0410424901EBC0009B
:10A19000B0F8720020F40050C4EB04113D4A02EB09
:10A1A000C101A1F87200C4EB04103A4901EBC000F0
:10A1B000B0F8720000F4804060BBC4EB041001EB07
:10A1C000C000B0F8700000F48040B0F5804F09D0B6
:10A1D000C4EB041001EBC00090F8700000F08000A8
:10A1E00080284CD1601CC1B20023012210200CF049
:10A1F00035F9C4EB0410274901EBC000B0F8720038
:10A2000040F48040C4EB0411224A02EBC101A1F8E2
:10A21000720034E0C4EB04101E4901EBC000B0F83A
:10A22000720000F48040B0F5804F28D1C4EB0410D8
:10A2300001EBC000B0F8700000F48040F8B9C4EB46
:10A24000041001EBC00090F8700000F08000B0B97D
:10A25000601CC1B2002301221020FAF7B1FBC4EB4D
:10A2600004100C4901EBC000B0F8720020F48040EB
:10A27000C4EB0411074A02EBC101A1F87200601C93
:10A28000C4B2054800788442FFF6ACAE0DB030BDD4
:10A2900030C7020838180020ED0F002030B51C4BE5
:10A2A00018701C4B1970012806D113881A4CE380D2
:10A2B000A31D1A4C236026E0022807D11388164CF0
:10A2C000238104F10803154C23601CE0032807D107
:10A2D0001388114C638104F10A03104C236012E0CF
:10A2E000042807D113880C4CA38104F10C030B4CF8
:10A2F000236008E0052806D11388074CE38104F1A8
:10A300000E03064C23600024431E034DEC5430BD65
:10A31000F20F0020F30F002028260020F40F002069
:10A3200010B504460548007830B100200349087094
:10A330002146012001F0DCF810BD00006A0F00206A
:10A34000F0B50446182A02DD4FF0FF30F0BD3B2B7C
:10A3500002DD4FF0FF30F9E7182A00D10023C2EBED
:10A36000021003EB800500290FDD04EB840000EBF5
:10A37000C4000C4E06EB4000801C4E1E30F9160047
:10A38000A84202DB4FF0FF30E0E72EB204EB84007E
:10A3900000EBC400034F07EB4000801C20F8116065
:10A3A0000120D3E71A01002030B59FB0782101A821
:10A3B000F8F7FEF90025002416E0C4EB04110E4A5C
:10A3C00002EBC100782201A9F8F7FAF830B1C4EB2A
:10A3D0000410094901EBC000407C10B9681CC5B2EB
:10A3E00000E003E0601CC4B2052CE6DB052D01D1C2
:10A3F0000CF0E4FB1FB030BD38180020094800788D
:10A40000FA2804DA07480078401C06490870054815
:10A410000078F92804D10020034908700349086036
:10A4200070470000A6100020A7100020B0100020E8
:10A430002DE9FF5F05460F469046DDF83890002075
:10A44000A9F8000000262DB1B8F1000F02D0B9F133
:10A45000000F01D1BDE8FF9F002420E0601CB8423E
:10A4600000DB1EE00398864200DB1AE015F804B01A
:10A47000601C15F800A0584600F06CF918B1504661
:10A4800000F068F900B908E051465846FAF754FB65
:10A4900008F80600701C86B200BFA01C84B2BC4243
:10A4A000DCDBA9F8006000BFD4E7000070B504460B
:10A4B0003C480078092806DD3A4800780B2802DA83
:10A4C00000203849087037484078092806DD3548AB
:10A4D00040780B2802DA00203249487031488078F1
:10A4E000092806DD2F4880780B2802DA00202D4944
:10A4F00088702C48C078092806DD2A48C0780B28C7
:10A5000002DA00202749C87027480078012847D17F
:10A5100000BF264800784FF47A71484323494978B0
:10A5200001EBC10202EB011100EB81001F498978A8
:10A5300001EB810100EB41001C49C978084485B258
:10A540001B480088854203D01A480088854223D1E1
:10A550004FF461701849088016480088854202D17E
:10A5600002201649087016480068A8B1144800680F
:10A5700006F098FE80B112480168A07E00EB8002D0
:10A5800004F11D0000EB420041600D48006800220C
:10A590000168204612F07EF800200349087000BFD1
:10A5A00070BD000070050020740500206C050020BF
:10A5B000220E0020240E0020A80300204A0E0020B6
:10A5C000680500202DE9FE4304460E460020029057
:10A5D000009001900F258146804600271CE0042F43
:10A5E0000BDAE05D0C21A1EB87018840BDF8081073
:10A5F000084380B2ADF808000CE0E15D381F0C2282
:10A60000A2EB800001FA00F0BDF80A10084380B206
:10A61000ADF80A00781C47B2082FE0DB14E0705D4B
:10A62000302802DB705D39280BDD705D612802DBAC
:10A63000705D7A2805DD705D412803DB705D5A2866
:10A6400000DC03E0681E45B2002DE8DA00BF15E02B
:10A65000705DF9F7C5FF08EBC80100EB8108B8F59C
:10A66000803F09D31FFA88F02DF819004FEA1848E7
:10A6700009F101004FFA80F9681E45B2002D02DB96
:10A68000B9F1040FE4DB694602A8FFF757FCBDF8F7
:10A69000080000132070BDF80800C0F303206070AC
:10A6A000BDF80800C0F30310A070BDF8080000F06A
:10A6B0000F00E070BDF80A0000132071BDF80A0019
:10A6C000C0F303206071BDF80A00C0F30310A0714D
:10A6D000BDF80A0000F00F00E071002207E0A05C66
:10A6E000FDF7E4F902F108016054501CC2B2082AD7
:10A6F000F5DB04F10800BDE8FE83F0B503460C4627
:10A7000002251678F1180EE0AE0044FA06F606F0BF
:10A710000F000A2803DA00F130060E7002E000F1A3
:10A7200037060E70491C2E00A5F10107FDB2EBD1D2
:10A730001678B61C1670F0BD10B540F203601FF01D
:10A7400003FDC0230322142101481EF001FE10BDA9
:10A75000000C01400146302901DB392907DD412980
:10A7600001DB462903DD612903DB662901DC0120C9
:10A7700070470020FCE7000070B504460E461A48FA
:10A7800000681A4988420FD3601EC11700EB91710F
:10A790008910A0EB8101A9B9611E134A126802EB6E
:10A7A00081201EF095FC0DE0601E00EBD071491079
:10A7B000A0EB410131B9611E0B4A126802EB812006
:10A7C0001EF086FC00250CE0621E074B1B6803EBA5
:10A7D000822202EB850056F825101EF011FD681C40
:10A7E00085B2FF2DF0DD70BD880F00200000080845
:10A7F0002DE9F05F81460E46174609211A48006888
:10A800001BF052FC8046002429E0385D002824DD3E
:10A8100056F8240008B300251DE018F805000321B0
:10A8200090FBF1F201FB1200A04212D118F80500D2
:10A8300000280EDD56F82400395DB0FBF1FB5846C8
:10A8400021F048FC8246681CC1B2524648460CF0D2
:10A8500069F8681CC5B21E2DDFDB601CC4B2032C76
:10A86000D3DBBDE8F09F00007003002010B5044664
:10A87000207E617E0844C0EBC000616801EB4000AF
:10A88000806852490968884210D1514800780128EF
:10A890000CD14E48006800784E4908704E48006858
:10A8A0000EF054FE00204A49087076E0207E617E5A
:10A8B0000844C0EBC000616801EB400041684348B8
:10A8C0000068401C81421FD1B92201213F48006825
:10A8D000401C03F0D3FB3E48007801285DD13B4883
:10A8E000006840783D490870084600783C49484374
:10A8F0003C49096848633949374800680EF026FE2C
:10A9000000203349087048E0207E617E0844C0EB97
:10A91000C000616801EB400041682C480068801C61
:10A92000814217D11222012128480068801C03F0BF
:10A93000A5FB2748007801282FD12448006880789B
:10A9400029490870244800680EF000FE00202049C4
:10A95000087022E0207E617E0844C0EBC000616880
:10A9600001EB4000416819480068C01C814214D1C5
:10A9700041F288324FF4965114480068C01C01F02F
:10A98000E9FC13480078012807D1184912480068EB
:10A990000EF0DCFD00200E490870207C032814D046
:10A9A0000C4800780949096808700C480078074984
:10A9B000096848700C4800780449096888700B4899
:10A9C000008802490968A1F8030010BD6006002054
:10A9D000740500201D030020400500202C030020EA
:10A9E000805101006400002031030020B4000020E9
:10A9F00070B50446207E617E0844C0EBC0006168EB
:10AA000001EB40008168BB480068C01C81424CD10A
:10AA1000B9480078012848D10020B7490870B748E4
:10AA200090F8DE0100F0F001B44880F8DE1190F8F3
:10AA3000DE01B0490968C9780843B04981F8DE01F0
:10AA4000012201F5EF71AE4800680DF033FC0C20D7
:10AA5000AC490870002522E005EB4500A74901EB51
:10AA6000C000C07D7B2818D1A248006800780C3057
:10AA700000EB400001EBC000807D05EB45019F4AE3
:10AA800002EBC101887505EB450002EBC000811D9A
:10AA900001229B4800680DF00DFC681CC5B20C2D0E
:10AAA000DADB522098490870FFE0207E617E08447E
:10AAB000C0EBC000616801EB400041688D48006850
:10AAC000C01D814245D141F2B4424FF47A618948B8
:10AAD0000068C01D01F03EFC874800780128E3D1E2
:10AAE00000208549087083480068B0F80710834843
:10AAF000A0F8CE11022200F5E771814800680DF040
:10AB0000D9FB04207F49087000251CE005EB4500B7
:10AB10007A4901EBC000C07D7B2812D10846B0F80D
:10AB2000CE0105EB4501754A02EBC101C88005EB7A
:10AB3000450002EBC000811D0222714800680DF043
:10AB4000B9FB681CC5B20C2DE0DB52206E490870C1
:10AB5000ABE0207E617E0844C0EBC000616801EB81
:10AB60004000416863480068093081424AD1624828
:10AB70000078012846D141F2B4424FF47A615D4831
:10AB80000068093001F0E6FB5B48007801288BD1B2
:10AB900000205949087057480068B0F80910574814
:10ABA000A0F8D211022200F5E971554800680DF0B5
:10ABB00081FB06205349087000251DE005EB450088
:10ABC0004E4901EBC000C07D7B2813D10846B0F888
:10ABD000D20105EB4501494A02EBC101488105EB71
:10ABE000450002EBC00000F10A010222444800685F
:10ABF0000DF060FB681CC5B20C2DDFDB5220424912
:10AC0000087052E0207E617E0844C0EBC00061689D
:10AC100001EB40004168374800681130814244D15F
:10AC20004FF4B462012133480068113001F092FB07
:10AC300031480078012838D100202F4908702D486C
:10AC40000068B0F811102D48A0F8D011022200F5CC
:10AC5000E8712B4800680DF02DFB0520294908708C
:10AC600000251DE005EB4500244901EBC000C07D37
:10AC70007B2813D10846B0F8D00105EB45011F4AE7
:10AC800002EBC101088105EB450002EBC00000F1B9
:10AC9000080102221A4800680DF00CFB681CC5B2BE
:10ACA0000C2DDFDB522018490870207C03281FD0B0
:10ACB000124890F8DE0100F003000E490968C870E0
:10ACC0000E48B0F8CE010B490968A1F807000B48FF
:10ACD000B0F8D20107490968A1F809000748B0F89F
:10ACE000D00104490968A1F8110000200249087048
:10ACF00070BD000060060020740500204877002029
:10AD0000400500207C1000207D10002030B5044656
:10AD10008A4D8B480068407B8949096809788842D8
:10AD20001ED0032087490870854909680978481CA6
:10AD300000EBD071C1F34701834A11708049096863
:10AD40000978481C00EBD0714910A0EB4101491C67
:10AD50007E4A11707A48006800787949096848731A
:10AD6000774800684078042803DD002074490968AA
:10AD70004870207E617E0844C0EBC000616801EB32
:10AD8000400081686E480068401C814228D17048AC
:10AD90000078012824D16A48006841786848006832
:10ADA0000078401C6B4A02EBC000407861F307104A
:10ADB000634909680978491C02EBC1014870604980
:10ADC00009680978481C00EBD071C1F347015E4A5D
:10ADD000117002205B49087000205D49087062E034
:10ADE000207E617E0844C0EBC000616801EB40003A
:10ADF000416853480068801C81421FD15448007844
:10AE0000012850D14E48006841884D4800680078BC
:10AE1000401C504A02EBC000C180494909680978CA
:10AE2000481C00EBD071C1F34701474A1170022062
:10AE30004449087000204649087034E0207E617E55
:10AE40000844C0EBC000616801EB400041683C4829
:10AE50000068001D814226D14FF461520A21384812
:10AE60000068001D01F076FA3948007801281AD1EF
:10AE7000334800688188324800680078401C364AB0
:10AE800002EBC00081802E4909680978481C00EB5C
:10AE9000D071C1F347012C4A117002202949087072
:10AEA00000202B490870207C03280FD1207E617E72
:10AEB0000844C0EBC000616801EB400040682049D5
:10AEC0000968884238D1207C032835D11C480068A5
:10AED0000078092803DB012019490968087018481F
:10AEE0000068007818B901201549096808701448ED
:10AEF00000680078401C174901EBC0004078000949
:10AF00000F49096848700E4800680078401C1149D4
:10AF100001EBC000C0880A490968488008480068F9
:10AF20000078401C0C4901EBC00080880449096886
:10AF3000888000200649087030BD000044020020CF
:10AF400060060020500E0020510E002086100020C8
:10AF5000740500209C010020EC01002010B504467F
:10AF60007A4890F9000000280ADD78480078401EF1
:10AF700040B27649087076480078401C74490870E1
:10AF80007248007848B9012072490870032072495C
:10AF90000870FF206D49087006E06C4800780528AD
:10AFA00002D101206D4908706D480078002804DD49
:10AFB0006B480078401E6A4908706A48006812F0C1
:10AFC0009FFBFCF74DFA68480078012803D1002068
:10AFD0006549087002E00120634908706348007801
:10AFE000012808D162480078002804DD6048007814
:10AFF000401E5F4908705F480088002804DD5D48F6
:10B000000088401E5B4908805B480078002804DD0A
:10B0100059480078401E584908705748007828B9A8
:10B0200056480078012801D1FCF72AFD54480078E1
:10B03000002804DD52480078401E514908705148EC
:10B040000078002804DD4F480078401E4D49087004
:10B0500005F058F84C480088002804DD4A4800886C
:10B06000401E494908804848008810B900204749D7
:10B07000087047480078022803D045480078032824
:10B0800004D144480068401C4249086040480078A8
:10B0900018B13F480078012804D13F480068401C9F
:10B0A0003D4908603D4890F90000002805DD3B4817
:10B0B0000078401E40B239490870394890F90000C4
:10B0C000002805DD36480078401E40B2344908703B
:10B0D00034480078002804DD32480078401E3149A9
:10B0E00008703048007830B93C202E4908700120A3
:10B0F0002D49087006E02B4800781E2802D1012057
:10B100002A49087000202A4908702A480068401C13
:10B1100028490860002015E000EB8001264A02EB78
:10B120008101497C01290BDD00EB800102EB8101EB
:10B13000497C491E00EB80021F4B03EB82025174D5
:10B14000411CC8B20428E7DB10BD00002311002019
:10B15000221100207C030020500E0020C610002089
:10B160006903002064000020EC0E00205A0000203B
:10B170005B0000205C000020940F00208D0F002059
:10B180000F11002010110020A80300204A0E0020FB
:10B1900068030020181100201C110020F11000206D
:10B1A000350E002020110020720F002021110020F8
:10B1B000FD030020000400206479002010B504463F
:10B1C000064800680DF0F4FC05480068401C04497E
:10B1D000086000200349087010BD000040050020F1
:10B1E00024110020FE03002010B50446B948007861
:10B1F000052802DCB748007810B90120B54908706D
:10B20000B4480078401EC0EB0010B34901EBC00009
:10B21000008B552804D10020B049096848820DE010
:10B22000AC480078401EC0EB0010AB4901EBC000F9
:10B23000008B012802D1A94909684882A5480078F5
:10B24000401EC0EB0010A44901EBC000408B552804
:10B2500004D10020A149096888820DE09D4800784A
:10B26000401EC0EB00109C4901EBC000408B012840
:10B2700002D19A490968888296480078401EC0EB3E
:10B280000010954901EBC000007C9449096888765C
:10B2900090480078401EC0EB00108F4901EBC000C1
:10B2A000007C0E2803DD0F208C49096888768948C8
:10B2B0000078401EC0EB0010874931F83000874904
:10B2C0000968088083480078401EC0EB001082495E
:10B2D00001EBC00040888149096848807D480078BA
:10B2E000401EC0EB00107C4901EBC000C0887B49C8
:10B2F0000968888077480078401EC0EB00107649C6
:10B3000001EBC000007C75490968C880714800786D
:10B31000401EC0EB0010704901EBC000B0F86400A3
:10B320006E49096808816B480078401EC0EB001028
:10B33000694901EBC000C0896849096848816548CE
:10B340000078401EC0EB0010634901EBC00000898B
:10B350006249096888815F480078401EC0EB001090
:10B360005D4901EBC00040895C490968C8815948C2
:10B370000078401EC0EB0010574901EBC0008089E7
:10B3800056490968088253480078401EC0EB0010F7
:10B39000514901EBC000C08A50490968C8824D4834
:10B3A0000078401EC0EB00104B4901EBC000C08B81
:10B3B0004A490968088347480078401EC0EB0010DE
:10B3C000454901EBC000B0F8420044490968888350
:10B3D00040480078401EC0EB00103F4901EBC00020
:10B3E000B0F840003D490968C8833A480078401EDB
:10B3F000C0EB0010384901EBC0008088374909686C
:10B400000884207E617E0844C0EBC000616801EBC7
:10B4100040004168314800682430814219D13048E9
:10B42000007801283CD12D480068818C294800789B
:10B43000401E2C4A22F8101026480078401E02EBCD
:10B440004001294800680EF081F800202449087066
:10B4500026E0207E617E0844C0EBC000616801EBFD
:10B46000400041681D4800682630814218D11C48C0
:10B470000078012814D119480068C18C154800785B
:10B48000401E1A4A22F8101012480078401E02EBA3
:10B490004001154800680EF059F800201049087066
:10B4A000207C032814D000200D490870094800783A
:10B4B000401E0C4931F81000084909688884054885
:10B4C0000078401E094931F8100004490968C88411
:10B4D00010BD0000F00F002038180020600600208A
:10B4E00074050020E417002040050020EE1700201E
:10B4F0007CB505460C460026002001908DF80540DD
:10B5000001A8022345224A210090284603F012FD9B
:10B51000C6B232460249034800681CF0B5F97CBD4A
:10B52000382600201000002010B5002000220AE07C
:10B53000C2EB0213104C04EBC303B3F874300344A2
:10B5400098B2531CDAB2052AF2DB0C4A128812B9FF
:10B550000A4A108010BD094A1288121A11B2002935
:10B5600002DA064A1080F5E7642291FBF2F2044BFE
:10B570001A6000BFEEE70000381800201A10002003
:10B58000FC0F00202DE9F04F8FB0814600200E9077
:10B59000894804682088618888427DD002230EAAE9
:10B5A00041F65271854800680DF0BCFFBDF83800C7
:10B5B00045F65A2188426FD100200890022308AA3C
:10B5C00041F654717D4800680DF0ACFF2088BDF84D
:10B5D0002010884202DDBDF820002080208801B2C2
:10B5E000BDF82000001F814203DABDF82000001FD3
:10B5F00020802088002875DD2088401E052190FBD2
:10B60000F1F201FB120041F656710E2202FB00100E
:10B6100085B2134609AA2946684800680DF082FFE2
:10B62000BDF827008008644909688880BDF82600B5
:10B63000C0F383106049096888719DF82600C0F343
:10B6400044005D490968C871BDF82500C0F30410C5
:10B65000594909680872BDF82400C0F3851056499D
:10B66000096848729DF8240000F03F0052490968BB
:10B670008872BDF8270080084F490968A1F80B00BF
:10B68000BDF82B00C0F383104B490968487309A823
:10B69000C079C0F3440000E08BE047490968887333
:10B6A000BDF82A00C0F3041043490968C873BDF807
:10B6B0002900C0F385104049096808749DF82900E5
:10B6C00000F03F003C490968487420886080BDF85C
:10B6D0002E00B0F5604F06D139A13748006812300E
:10B6E000F6F766FE64E02088BDF82010884223D17A
:10B6F0003648008820F0EEFC8346354920F0A0FB58
:10B70000824620F003FB05460E46BDF82E0020F0D1
:10B71000E1FC83462E4920F093FB824620F0F6FAA6
:10B7200007463A460B462BA12348CDE90056006850
:10B730001230F6F73DFE3BE02088BDF8201088422D
:10B7400036DA2088052190FBF1F201FB120041F668
:10B7500056710E2202FB001085B2134603AA294639
:10B76000164800680DF0DEFEBDF8160020F0B2FCB1
:10B770008346174920F064FB824620F0C7FA05464D
:10B780000E46BDF82E0020F0A5FC8346104920F09F
:10B7900057FB824620F0BAFA07463A460B460DA1FF
:10B7A0000548CDE9005600681230F6F701FE00BFEB
:10B7B00000BF0FB0BDE8F08F6006002040050020FC
:10B7C000C9FDBCB6CAA7B0DC00000000F40300202D
:10B7D0000000C842BEC93A25342E326620D0C23A93
:10B7E00025342E3266000000034B1870034B19708D
:10B7F000034B1A6070470000F20F0020F30F002087
:10B80000F40F00202DE9F04704460D4617461E466A
:10B81000DDE908894FF0080A1448817D2846F8F7C9
:10B820007DFC207067703012A070E6704FEA28200F
:10B83000207184F80580B9F1010F14D14FF00B0A83
:10B840000220A0710020E071681EC0EBC000084912
:10B8500001EB8000807AC0F3C00010B13320207269
:10B8600001E0AA2020725046BDE8F0879022002017
:10B87000AC2400201B4909684FF47A72B1FBF2F145
:10B88000194A12681160174949684FF47A72B1FB7E
:10B89000F2F1154A12685160124989684FF47A72C0
:10B8A000B1FBF2F1104A126891600E49C9684FF479
:10B8B0007A72B1FBF2F10C4A1268D1600949096948
:10B8C0004FF47A72B1FBF2F1074A1268116105492F
:10B8D00049694FF47A72B1FBF2F1034A126851617F
:10B8E000704700004C7900206006002010B5044627
:10B8F000207E617E0844C0EBC000616801EB40001F
:10B9000080684E490968884210D14D480078012866
:10B910000CD14A48006800784A4908704A480068D3
:10B920000DF014FE00204649087067E0207E617E1D
:10B930000844C0EBC000616801EB400080684349E7
:10B94000884216D142F2107201213C480068C01CA6
:10B9500000F000FD3A48007801284FD13B493A48B1
:10B9600000680DF0F3FD0020394908703449087073
:10B9700044E0207E617E0844C0EBC000616801EBBA
:10B98000400080683349884216D142F2107201218A
:10B990002A480068401D00F0DDFC29480078012895
:10B9A0002CD12C49284800680DF0D0FD00202849F2
:10B9B00008702349087021E0207E617E0844C0EBB6
:10B9C000C000616801EB400080682349884215D1BE
:10B9D00042F21072012119480068C01D00F0BAFC43
:10B9E00017480078012809D11B49174800680DF055
:10B9F000ADFD00201649087011490870207C03280D
:10BA00001BD0104800780D49096808700F4800885D
:10BA10000A490968A1F803000E4800880749096827
:10BA2000A1F805000C48008804490968A1F807003E
:10BA30000A48007801490968C87210BD60060020F4
:10BA4000740500202103002040050020EC000020A8
:10BA500068000020EE000020F00000202E030020EF
:10BA600038B50446207E617E0844C0EBC0006168A2
:10BA700001EB40008068CA49096888421BD1C94867
:10BA80000078012817D10020C6490870C448006812
:10BA90000078C5490870C54800680DF057FDC248D8
:10BAA0000078002806D1012000906A46002103207A
:10BAB000FEF7F4FB37E1207E617E0844C0EBC00056
:10BAC000616801EB40008068B949884215D141F2B4
:10BAD000504241F26801B2480068401C00F03AFC54
:10BAE000B04800780128E5D10020AE490870B0497F
:10BAF000AE4800680DF02AFD15E1207E617E084405
:10BB0000C0EBC000616801EB40008068A949884231
:10BB100014D142F210720021A1480068C01C00F04C
:10BB200019FCA04800780128C4D100209D49087064
:10BB3000A0499E4800680DF009FDF4E0207E617E7A
:10BB40000844C0EBC000616801EB400080689A497E
:10BB5000884214D142F21072002191480068401DC1
:10BB600000F0F8FB8F4800780128A3D100208D4910
:10BB7000087091498D4800680DF0E8FCD3E0207E04
:10BB8000617E0844C0EBC000616801EB4000806842
:10BB90008A49884216D142F210728748008801B261
:10BBA0007F480068C01D00F0D5FB7E480078012862
:10BBB000A2D100207B49087080497C4800680DF0C4
:10BBC000C5FCB0E0207E617E0844C0EBC000616827
:10BBD00001EB400080687A4988420CD171480078B6
:10BBE000012889D100206F49087075496F480068A5
:10BBF0000DF0ACFC97E0207E617E0844C0EBC000F5
:10BC0000616801EB400080686E4988420CD165484C
:10BC10000078012807D1002062490870694963480B
:10BC200000680DF093FC7EE0207E617E0844C0EB4E
:10BC3000C000616801EB40008168634881420FD118
:10BC40005848007801286ED10020564908705E4996
:10BC5000564800680DF07AFC01205C49087062E0EB
:10BC6000207E617E0844C0EBC000616801EB4000AB
:10BC700081685548001F814210D14A480078012848
:10BC800051D10020474908704F49091F47480068B3
:10BC90000DF05CFC01204D49087044E0207E617E7F
:10BCA0000844C0EBC000616801EB40008168464871
:10BCB000801F814210D13B480078012833D10020F9
:10BCC000384908704049891F384800680DF03EFC2B
:10BCD00001203E49087026E0207E617E0844C0EBCA
:10BCE000C000616801EB400081683748801E8142D6
:10BCF00019D12C480078012815D100202949087055
:10BD000031480838C0883049083908802748006819
:10BD10000DF01CFC2C49891E244800680DF016FC0F
:10BD200001202A490870207C032838D01E4800785A
:10BD30001B49096808701E48008819490968A1F85C
:10BD400001001C48008816490968A1F803001A4838
:10BD5000008813490968A1F80500184800881049AF
:10BD60000968A1F807001848083800890C490968D3
:10BD7000A1F80D0014480838808809490968A1F81D
:10BD80000F0011480838408805490968A1F81100DA
:10BD90000D480838C08802490968A1F8130038BD69
:10BDA00060060020740500202003002040050020CC
:10BDB000DE000020E0000020FA000020EA00002061
:10BDC000E6000020E80000205E020020720F002044
:10BDD00002460B4600210BBB02F0F001102901D1F5
:10BDE000002116E0202901D10C2112E0302901D1D7
:10BDF00018210EE0402901D124210AE0502901D167
:10BE0000302106E0602901D13C2102E0702900D1F7
:10BE1000482102F00F000844C1B202E0012B00D11A
:10BE200011460C2901DD002070470846FCE70000A0
:10BE30002DE9FF4F85B004460D4600200490039085
:10BE40005A21601EC0EB0010FE4A02EBC000417494
:10BE5000FD48008844F6422188427DD12E46B178C3
:10BE6000601EC0EB001002EBC000C181B08EFCF779
:10BE7000F3FD611EC1EB0111F24A02EBC101A1F811
:10BE800074004FF00009CA46002320E0F11C01EBCA
:10BE900043010888FCF7E0FD0246601EC0EB00107D
:10BEA000E84901EBC000203020F81320B9F1000F61
:10BEB00000D19146BAF1000F00D192464A4501DD0A
:10BEC000914602E0524500DA9246581CC3B2102B4C
:10BED000DCDB601EC0EB0010DA4901EBC000A0F80B
:10BEE0004090601EC0EB001001EBC000A0F842A023
:10BEF0000027B846002323E006F1240101EB4301AB
:10BF00000888FCF7A9FD0246642092FBF0F082B29B
:10BF1000601EC0EB0010CB4901EBC000443020F89C
:10BF2000132007B91746B8F1000F00D19046BA4266
:10BF300001DD174602E0424500DA9046581CC3B2C4
:10BF4000042BD9DB601EC0EB0010BE4901EBC00022
:10BF5000A0F86470601E00E05BE0C0EB001001EB35
:10BF6000C000A0F86680308EFCF776FD01B2601E3E
:10BF7000C0EB0010B34A02EBC000C180708EFCF72A
:10BF80006BFD611EC1EB0111AE4A02EBC10148809D
:10BF9000F08EFCF761FD611EC1EB0111A94A02EBB5
:10BFA000C1018881B6F83B00FCF756FD00EBC001EB
:10BFB00001EB00104FF6FF7101EA8001601EC0EB3B
:10BFC0000010A04A02EBC0000181B6F83D00FCF76A
:10BFD00043FD00EBC00101EB00104FF6FF7101EAD9
:10BFE0008001601EC0EB0010964A02EBC000418148
:10BFF000FFF79AFA95480078401C94490870084663
:10C000000078052804DB00200870012090490870A2
:10C0100089E18D48008844F64421884274D100208B
:10C020008246CDF808A0CDF804A01E21A1F1010A96
:10C0300015F80A80C8F3401ABAF1000F04D1C8F30A
:10C04000801ABAF1000F0AD0DFF808A29AF800A00F
:10C050004AF0010ADFF8FCB18BF800A010E0DFF82D
:10C06000F4A19AF800A02AF0010ADFF8E8B18BF8F1
:10C0700000A0DA469AF800A04AF0080A8BF800A05F
:10C080006E5C06F0010ABAF1000F02D040F0010028
:10C0900016E0C6F3800ABAF1000F02D040F00200A9
:10C0A0000EE0C6F3001ABAF1000F02D040F004000F
:10C0B00006E0C6F3801ABAF1000F01D040F0080084
:10C0C00001F1010A15F80A2002F0010ABAF1000F85
:10C0D00002D040F0400027E0C2F3800ABAF1000F1E
:10C0E00002D040F080001FE0C2F3002ABAF1000F36
:10C0F00002D040F4807017E0C2F3802ABAF1000F3A
:10C1000003D040F400700FE0E1E0C2F3001ABAF18E
:10C11000000F02D040F4005006E0C2F3801ABAF1DA
:10C12000000F01D040F4804001F1030A15F80A70B5
:10C1300007F0010ABAF1000F02D040F010000EE043
:10C14000C7F3800ABAF1000F02D040F0200006E0E9
:10C15000C7F3401ABAF1000F01D040F40040A1F13A
:10C16000050A15F80A90B9F1020F01D140F4806078
:10C1700001F1030A15F80AA0CDF800A0DDF800A02F
:10C18000BAF1010F01D140F4006001F1050A15F880
:10C190000AC0CCF3400ABAF1000F0CD04FF0010BEB
:10C1A000A4F1010ACAEB0A1ADFF898E00EEBCA0AFA
:10C1B000AAF818B00BE04FF0550BA4F1010ACAEB36
:10C1C0000A1ADFF880E00EEBCA0AAAF818B00CF0E1
:10C1D000010ABAF1000F0CD04FF0010BA4F1010AD3
:10C1E000CAEB0A1ADFF85CE00EEBCA0AAAF81AB02A
:10C1F0000BE04FF0550BA4F1010ACAEB0A1ADFF865
:10C2000044E00EEBCA0AAAF81AB001F1060A15F8C2
:10C210000A3003F0010ABAF1000F10D103F0020A4C
:10C22000BAF1000F0BD14FF0080BA4F1010ACAEBD1
:10C230000A1ADFF810E00EEBCA0A8AF810B003F011
:10C24000010A09E0381800201210002023100020F5
:10C25000D70F0020190F0020BAF1000F10D003F003
:10C26000020ABAF1000F0BD14FF0030BA4F1010A3F
:10C27000CAEB0A1ADFF8C8E00EEBCA0A8AF810B057
:10C2800003F0010ABAF1000F10D103F0020ABAF16B
:10C29000000F0BD04FF0020BA4F1010ACAEB0A1AEF
:10C2A000DFF89CE00EEBCA0A8AF810B0A4F1010A8C
:10C2B000CAEB0A1ADFF888B00BEBCA0AAAF87000BA
:10C2C0004FF0010ADFF87CB08BF800A02BE01E488D
:10C2D000008844F6452188420DD1089818BB1B48B8
:10C2E000C0781F2803D10020184948701BE00120A6
:10C2F0001649487017E01448008844F647218842E0
:10C3000011D178202A5C1102421CAA5C11430A2236
:10C3100091FBF2F293B2621EC2EB0212084E06EBE0
:10C32000C202938300BF0A48C188601EC0EB0010A0
:10C33000034A02EBC000818209B0BDE8F08F000023
:10C3400038180020D80F002012100020550F0020B0
:10C35000700200200346B3F90000904202DD1A800B
:10C3600001207047B3F90000884202DA19800220E8
:10C37000F7E70020F5E7000000203DE0C0EBC0013A
:10C38000234A02EB8101098932290CDAC0EBC00192
:10C3900002EB81010989491CC0EBC0021C4B03EB75
:10C3A000820211810DE0C0EBC001194A02EB81014C
:10C3B000498921F00101C0EBC002154B03EB820259
:10C3C00051811449095C012905DD1249095C491EA6
:10C3D000104A11540EE00F49095C01290AD10021CD
:10C3E0000D4A926911540C4A126822F810100A4A38
:10C3F000D2681154411CC8B20C28BFDB0748007832
:10C40000002804DD05480078401E04490870704784
:10C41000AC24002028790020F8170020520F0020BB
:10C42000FCB504460D46FE48807D00287BD1601E89
:10C43000C0EBC000FB4901EB8000808A00284ED190
:10C44000601EC0EBC00001EB8000807AC0F380006A
:10C45000B8BB601EC0EBC00001EB8000C07EA8B975
:10C460000121601EC0EBC000EE4A02EB8000C176E5
:10C470000020102141F604031622CDE900102146C8
:10C480002846FFF7BFF906463046FCBD3020E64996
:10C490000870222048700021601EC0EBC000E14AF5
:10C4A00002EB8000C1760020012143F22203032227
:10C4B000CDE9001021462846FFF7A4F9064630468C
:10C4C000E3E7FFE7012000904FF44053102221469C
:10C4D00001902846FFF796F906463046D5E7601EDC
:10C4E000C0EBC000CF4901EB8000808A01281BD13E
:10C4F0003020CD490870052048700020012143F20A
:10C5000005030322CDE9001021462846FFF77AF9FA
:10C5100006460021601EC0EBC000C24A02EB80004C
:10C5200081823046B1E729E1601EC0EBC000BD4901
:10C5300001EB8000808A022828D10321601EC0EB15
:10C54000C000B84A02EB800081820020012143F242
:10C5500005031022CDE9001021462846FFF752F9C5
:10C5600006460220A871601E00EB4000AF4901EBB7
:10C57000C000808A00EB80004FF6FF7101EA40079F
:10C580003812E8712F720B2630467EE7601EC0EB32
:10C59000C000A44901EB8000808A032828D1002133
:10C5A000601EC0EBC0009F4A02EB80008182002029
:10C5B000012143F202031022CDE900102146284652
:10C5C000FFF720F906460220A871601E00EB40002C
:10C5D000964901EBC000808A00EB80004FF6FF71A6
:10C5E00001EA40073812E8712F720B2630464CE7FB
:10C5F000601EC0EBC0008B4901EB8000808A0528DB
:10C6000027D10021601EC0EBC000864A02EB8000EB
:10C6100081820020012141F60A031022CDE9001099
:10C6200021462846FFF7EEF806460420A871804808
:10C63000C078E8717E48807828727D4840786872BA
:10C640007B480078A8720D260020794908603046A2
:10C650001BE7601EC0EBC000724901EB8000808ABE
:10C66000062823D10020022141F625031022CDE91E
:10C67000001021462846FFF7C5F806460420A87199
:10C680000020E87128726872A8720D260021601ED1
:10C69000C0EBC000634A02EB80008182601EC0EBE9
:10C6A000C00002EB800081763046EEE6601EC0EBF3
:10C6B000C0005C4901EB8000808A072822D100215C
:10C6C000601EC0EBC000574A02EB80008182002050
:10C6D000012143F222031022CDE900102146284611
:10C6E000FFF790F806460220A871601EC0EBC0005C
:10C6F0004C4901EB8000C07DE871002028720B26B8
:10C700003046C2E6601EC0EBC000464901EB800027
:10C71000808A082827D10021601EC0EBC000414A52
:10C7200002EB800081820020012141F60C031022DF
:10C73000CDE9001021462846FFF764F8064604209C
:10C74000A8713B48C078E871394880782872384829
:10C750004078687236480078A8720D260020344967
:10C760000860304691E6601EC0EBC0002D4901EB29
:10C770008000808AFF287CD1002086E62848807DC2
:10C780000128F8D1601EC0EBC000264901EB8000F3
:10C79000808A58BB601EC0EBC00001EB8000807A2D
:10C7A000C0F38000A8B90121601EC0EBC0001D4A83
:10C7B00002EB8000C1760020102141F6040316220E
:10C7C000CDE9001021462846FFF71CF80646304602
:10C7D0005BE6012000904FF4405310222146019067
:10C7E0002846FFF70FF8064630464EE6601EC0EBBF
:10C7F000C0000C4901EB8000808A012825D130203F
:10C8000009490870042048700020012143F2040304
:10C810000322CDE9001021462846FEF7F3FF09E088
:10C8200090220020AC240020A40F00204877002094
:10C830009C0F002006460021601EC0EBC000574A36
:10C8400002EB8000818230461FE6601EC0EBC00014
:10C85000524901EB8000808A022828D10021601E05
:10C86000C0EBC0004D4A02EB800081820020012114
:10C8700000E091E043F204031022CDE900102146CC
:10C880002846FEF7BFFF06460220A871601E00EB97
:10C890004000434901EBC000808A0A2190FBF1F07F
:10C8A00087B23812E8712F720B263046EDE5601E14
:10C8B000C0EBC000394901EB8000808A052827D1F0
:10C8C0000021601EC0EBC000344A02EB8000818270
:10C8D0000020022141F6AC031022CDE900102146D0
:10C8E0002846FEF78FFF06460420A8712D48C07821
:10C8F000E8712C48807828722A4840786872294864
:10C900000078A8720D260020264908603046BCE554
:10C91000601EC0EBC000214901EB8000808A07281F
:10C9200030D10021601EC0EBC0001C4A02EB800029
:10C930008182002001214FF440531022CDE90010E4
:10C9400021462846FEF75EFF06460220A871002019
:10C95000E871601EC0EBC000104901EB8000C07D93
:10C96000012802D1EE20287209E0601EC0EBC00051
:10C970000A4901EB8000C07D08B9FF2028720B2610
:10C98000304682E50021601EC0EBC000034A02EB86
:10C9900080008182002078E500BF76E5AC2400208D
:10C9A000487700209C0F002010B50446207E617E51
:10C9B0000844C0EBC000616801EB40004068FD49DD
:10C9C000096888422FD1FC48007801282BD100202B
:10C9D000F9490870F9480078FF2823D00020F7496A
:10C9E000097801EB4101F64A02EBC101C875FF204D
:10C9F000F24908700020F3490860F34800780028E5
:10CA000004DDF1480078401EEF4908700623EB4A28
:10CA10004FF42051ED4800680BF09BFB0020E549E6
:10CA200009680870FDE2207E617E0844C0EBC0000A
:10CA3000616801EB40004168DE480068401C8142AB
:10CA40002FD1DD48007801282BD10020DA49087069
:10CA5000DA484078FF28E5D00020D849497801EB32
:10CA60004101D74A02EBC101C875FF20D349487084
:10CA70000020D4494860D4480078002804DDD2481A
:10CA80000078401ED04908700623CC4A4FF420514C
:10CA9000CE4800680BF05DFB0020C649096848706D
:10CAA000BFE2207E617E0844C0EBC000616801EBFC
:10CAB00040004168BF480068801C81422FD1BE48B9
:10CAC000007801282BD10020BB490870BB48807832
:10CAD000FF28A7D00020B949897801EB4101B84A65
:10CAE00002EBC101C875FF20B44988700020B54928
:10CAF0008860B5480078002804DDB3480078401EFF
:10CB0000B14908700623AD4A4FF42051AF48006880
:10CB10000BF01FFB0020A7490968887081E2207E86
:10CB2000617E0844C0EBC000616801EB40004168D1
:10CB3000A0480068C01C81422FD19F48007801287E
:10CB40002BD100209C4908709C48C078FF28A7D0B2
:10CB500000209A49C97801EB4101994A02EBC101D1
:10CB6000C875FF209549C87000209649C86096484E
:10CB70000078002804DD94480078401E924908702F
:10CB800006238E4A4FF42051904800680BF0E1FADA
:10CB9000002088490968C87043E2207E617E08440D
:10CBA000C0EBC000616801EB40004168814800684B
:10CBB000001D81422FD18048007801282BD1002010
:10CBC0007D4908707D480079FF28A7D000207B4967
:10CBD000097901EB41017A4A02EBC101C875FF20D6
:10CBE0007649087100207749086177480078002865
:10CBF00004DD75480078401E7349087006236F4AAB
:10CC00004FF42051714800680BF0A3FA00206949E5
:10CC10000968087105E2207E617E0844C0EBC0000F
:10CC2000616801EB4000416862480068401D814234
:10CC30002FD16148007801282BD100205E4908706F
:10CC40005E484079FF28A7D000205C49497901EB74
:10CC500041015B4A02EBC101C875FF205749487189
:10CC600000205849486158480078002804DD56489B
:10CC70000078401E544908700623504A4FF4205152
:10CC8000524800680BF065FA00204A49096848716B
:10CC9000C7E1207E617E0844C0EBC000616801EB03
:10CCA0004000416843480068801D814239D14248B4
:10CCB0000078012835D14FF4FA5200213D48006830
:10CCC000801DFFF747FB3C4800780128A2D13E4871
:10CCD0000078002821DD37480068C0883C4908807A
:10CCE0003A4800680CF032FC00203A49088000BF46
:10CCF0000DE03249095C0C2907DA354931F810108A
:10CD0000344A12881144334A1180411CC8B20628A3
:10CD1000EFDB314800680AF07BFA002026490870F2
:10CD20007FE1207E617E0844C0EBC000616801EBBA
:10CD3000400041681F480068083081424ED11E48BB
:10CD4000007801284AD14FF4FA52002119480068AE
:10CD50000830FFF7FFFA18480078012898D11A48E0
:10CD60000078002822DD13480068008918494880AF
:10CD7000891C164800680CF0E9FB00201549088062
:10CD800000BF0DE00D49095C0C2907DA104931F8A4
:10CD90001010104A128811440E4A1180411CC8B26A
:10CDA0000628EFDB0C4800680AF032FA002002493E
:10CDB000087036E16006002074050020BA100020DB
:10CDC0004877002020180020A810002040050020EF
:10CDD00060020020B8000020280F0020207E617E25
:10CDE0000844C0EBC000616801EB400041688D4819
:10CDF00000680A3081423AD18B480078012836D148
:10CE00004FF4FA520021874800680A30FFF7A2FA6F
:10CE1000854800780128CCD184480078002822DD9C
:10CE200080480068408982498880091D81480068DF
:10CE30000CF08CFB00208049088000BF0DE07F498A
:10CE4000095C0C2907DA7A4931F810107A4A1288FD
:10CE50001144794A1180411CC8B20628EFDB78489A
:10CE600000680AF0D5F900206F490870D9E0207EEB
:10CE7000617E0844C0EBC000616801EB400041687E
:10CE8000684800680C3081423AD167480078012830
:10CE900036D14FF4FA520021624800680C30FFF797
:10CEA00059FA614800780128E0D1604800780028EC
:10CEB00022DD5C48006880895D49C880891D5D4825
:10CEC00000680CF043FB00205B49088000BF0DE0C8
:10CED0005A49095C0C2907DA554931F81010564AAD
:10CEE00012881144544A1180411CC8B20628EFDB55
:10CEF000534800680AF08CF900204B49087090E014
:10CF0000207E617E0844C0EBC000616801EB4000F8
:10CF10004168444800680E3081423AD14248007866
:10CF2000012836D14FF4FA5200213E4800680E30F5
:10CF3000FFF710FA3C480078012872D13B4800788E
:10CF4000002822DD37480068C08939490881083146
:10CF5000384800680CF0FAFA00203749088000BF12
:10CF60000DE03649095C0C2907DA314931F8101017
:10CF7000314A12881144304A1180411CC8B2062837
:10CF8000EFDB2F4800680AF043F9002026490870BB
:10CF900047E0207E617E0844C0EBC000616801EB81
:10CFA000400041681F4800681030814239D11E4856
:10CFB0000078012835D14FF4FA5200211948006851
:10CFC0001030FFF7C7F918480078012829D1174811
:10CFD0000078002822DD13480068008A144948813F
:10CFE0000A31144800680CF0B1FA00201249088098
:10CFF00000BF0DE01149095C0C2907DA0C4931F832
:10D0000010100D4A128811440B4A1180411CC8B2FD
:10D010000628EFDB0A4800680AF0FAF80020024907
:10D02000087010BD6006002074050020A8100020C4
:10D030006002002040050020B8000020BA10002047
:10D04000280F0020FEB5054600240027FE48006892
:10D050000078FD4909684978884206DDFA48006889
:10D060004078F94909680870FEBD00240DE0F748D2
:10D07000005D002807DD781CC7B2F348006800781F
:10D08000B84200D103E0601CC4B20C2CEFDB00BF3F
:10D090000C2C04D10020EC4909680870E4E7601CFE
:10D0A000E94909688870EA488069005DE6490968CD
:10D0B00081F82000E4480068C07FE34909680978E6
:10D0C000884205D1E048006890F8220001287DD10F
:10D0D0000020DD49096881F8220004EB4400DD49A5
:10D0E00001EBC000807D00F00300D7490968C870DB
:10D0F00004EB4400D74901EBC000C07D00F00F00F5
:10D10000D1490968087104EB4400D24901EBC00021
:10D11000808ACD490968A1F8050004EB4400CD4997
:10D1200001EBC000C088C8490968A1F8070004EBFA
:10D130004400C84901EBC0004089C3490968A1F80F
:10D140000900C4EBC400C44901EB8000807D20B914
:10D150000020BD490968C87217E0C4EBC400BE498D
:10D1600001EB8000807D012803D1B7490968C872AE
:10D170000BE0C4EBC400B84901EB8000807DFF28C0
:10D1800003D10020B0490968C87204EB4400B149DA
:10D1900001EBC0000089AC490968A1F8110004EB5B
:10D1A0004400AC4901EBC0008088A7490968A1F898
:10D1B000130004EB4400A74901EBC00080893C2127
:10D1C00090FBF1F0A0490968887500E0A3E004EB4A
:10D1D0004400A04901EBC00080893C2190FBF1F2A2
:10D1E00001FB120098490968C87504EB440099498D
:10D1F00001EBC000C0893C2190FBF1F09249096825
:10D20000087604EB4400934901EBC000C0893C213F
:10D2100090FBF1F201FB12008B490968487604EBA0
:10D2200044008C4901EBC000008A3C2190FBF1F0E6
:10D2300085490968C87604EB4400864901EBC000C3
:10D24000008A3C2190FBF1F201FB12007E49096843
:10D25000087704EB44007F4901EBC000408A3C2181
:10D2600090FBF1F078490968487704EB440079496C
:10D2700001EBC000408A3C2190FBF1F201FB12005F
:10D2800071490968887704EB4400724901EBC000DA
:10D29000807DC0F381006C49096881F8210004EBAE
:10D2A00044006C4901EBC000807D00F0100020B10B
:10D2B000012065490968487503E000206249096852
:10D2C000487504EB4400634901EBC000807D00F029
:10D2D000200020B101205C490968887603E0002025
:10D2E000594909688876C4EBC4005B4901EB8000AA
:10D2F000007B5549096881F823005548C06950F8FA
:10D3000024005149096848620120C4EBC401524A13
:10D3100002EB81018882601C504908704A4800680D
:10D32000007849490968C8774DA2D2E9001092688F
:10D33000CDE901020091287E697E0844C0EBC0005F
:10D34000696801EB400081683F480068C01C814269
:10D3500035D146480078012831D100204349087072
:10D3600004EB44003B4901EBC000807D00F0F0007D
:10D3700004EB4401374A02EBC101887504EB440019
:10D38000114601EBC000807D2F490968C978084328
:10D3900004EB440102EBC10188750C20344908708C
:10D3A00051203449087004EB440002EBC00000F146
:10D3B00016010122304800680AF07CFF82E1287ED5
:10D3C000697E0844C0EBC000696801EB40008168D9
:10D3D0001D4800681530814256D124480078012844
:10D3E00052D100202149087017480068407D01286B
:10D3F0000ED104EB4400174901EBC000807D40F0E2
:10D40000100004EB4401134A02EBC10188750DE0E2
:10D4100004EB44000F4901EBC000807D00F0EF00F9
:10D4200004EB44010B4A02EBC10188750C20104942
:10D43000087051200F49087004EB4400054A02EBC4
:10D44000C00000F1160119E06006002028790020D4
:10D45000F817002048770020AC2400207E10002020
:10D4600000010102020303040406050774050020FD
:10D470007C1000207D100020400500200122FC4887
:10D4800000680AF017FF99E7287E697E0844C0EB20
:10D49000C000696801EB40008168F64800681A30F6
:10D4A00081423BD1F4480078012837D10020F2496D
:10D4B0000870F0480068807E01280ED104EB44001B
:10D4C000EE4901EBC000807D40F0200004EB4401F8
:10D4D000EA4A02EBC10188750DE004EB4400E7491C
:10D4E00001EBC000807D00F0DF0004EB4401E34A63
:10D4F00002EBC10188750C20E14908705120E14917
:10D50000087004EB4400DD4A02EBC00000F1160194
:10D510000122D74800680AF0CDFE4FE7287E697ED9
:10D520000844C0EBC000696801EB40008168D14845
:10D530000068001D814278D1CF4800780128FAD1D7
:10D540000020CD49087004EB4400CC4901EBC00039
:10D55000C07D7B2824D1C748006800790B281FD0E4
:10D56000002012E0C849095CA1420CD10021C74A41
:10D5700042F82010FF21C44A1154C5490978491EB8
:10D58000C34A117003E0411CC8B20628EADB062337
:10D59000BD4A4FF42051B64800680AF0DAFD4EE06B
:10D5A00004EB4400B54901EBC000C07D7B2846D0A8
:10D5B000B048006800790B2841D1B6488069005D09
:10D5C00002280AD004EB440001EBC000C07D00F04B
:10D5D0000F00A8490968087146E5002614E0AA482A
:10D5E000805DFF280ED1AB48006800EB4400A749DE
:10D5F00041F82600A4488455A5480078401CA44959
:10D60000087003E0701CC6B2062EE8DB00BF062ED1
:10D610000CD104EB4400994901EBC000C07D00F03F
:10D620000F009449096808711EE54CE00623964AEC
:10D630004FF420518E4800680AF08BFD00BF8D48E2
:10D64000006800798B49096809791DF8011040EAE2
:10D65000011004EB4401894A02EBC101C8750120A5
:10D660008749087051208749087004EB440011462F
:10D6700001EBC000C07D7B2824D004EB440002EB0A
:10D68000C00000F117010122794800680AF012FE7B
:10D6900004EB4400794901EBC000C0887E49488012
:10D6A00004EB4400754901EBC000C07D7A49087065
:10D6B000601C7A4908700820C4EBC401784A02EB68
:10D6C00081018882A7E3287E697E0844C0EBC00000
:10D6D000696801EB4000416866480068401D81426E
:10D6E00034D14FF4FA62002162480068401DFEF711
:10D6F00031FE614800780128E4D100205E490870BD
:10D700005C480068B0F8050004EB44015B4A02EB9A
:10D71000C10188820B205A4908705120594908706C
:10D7200004EB440002EBC00000F114010222504857
:10D7300000680AF0BFFD0220C4EBC401584A02EBA6
:10D7400081018882601C5549087064E3287E697EE7
:10D750000844C0EBC000696801EB400041684548DF
:10D760000068C01D814244D141F2B4424FF47A6155
:10D7700040480068C01DFEF7EDFD3F4800780128D5
:10D78000A0D100203C4908703A480068B0F8070072
:10D7900004EB4401394A02EBC101C8800420384936
:10D7A000087051203749087004EB440002EBC000B8
:10D7B000811D02222E4800680AF07CFD04EB440023
:10D7C0002E4901EBC000C0883349488004EB440077
:10D7D0002A4901EBC000C07D2F490870601C2F4909
:10D7E00008700820C4EBC4012D4A02EB8101888235
:10D7F00011E3287E697E0844C0EBC000696801EB34
:10D80000400041681B480068093081424AD11A48EB
:10D810000078012846D141F285624FF47A611548BB
:10D8200000680930FEF796FD1348007801288CD176
:10D830000020114908700F480068B0F8090004EB97
:10D8400044010E4A02EBC101488106200C490870D0
:10D8500051200C49087004EB440002EBC00000F1B9
:10D860000A010222024800680AF024FDD3E2000007
:10D870004005002060060020740500204877002045
:10D880007C1000207D100020BA10002020180020FD
:10D89000A8100020F81700209C0F0020990F0020EE
:10D8A000AC240020287E697E0844C0EBC000696873
:10D8B00001EB40008168FE4800680B3081427DD159
:10D8C000FC480078012893D10020FA490870F848F4
:10D8D0000068C07AB8BB40F26C7104EB4400F64AB1
:10D8E00052F8300061F31F5004EB440142F831005C
:10D8F00004EB4400114651F8300020F4702000F58C
:10D90000803004EB440142F8310004EB440011463E
:10D9100051F8300020F4784000F5006004EB440139
:10D9200042F831000020C4EBC401E44A02EB81015B
:10D93000C8750720C4EBC40102EB81018882601C1A
:10D94000DF4908703EE0FFE7D9480068C07A012847
:10D9500038D140F6340104EB4400D74A52F8300085
:10D9600061F31F5004EB440142F8310004EB440022
:10D97000114651F8300020F4702000F5803004EB9F
:10D98000440142F8310004EB4400114651F83000E4
:10D9900020F4784000F5006004EB440142F83100C7
:10D9A0000120C4EBC401C54A02EB8101C875072000
:10D9B000C4EBC40102EB8101888200E013E0601C2B
:10D9C000BF4908700220BF4908705120BE49087045
:10D9D00004EB4400B84A02EBC0010422BB480068D3
:10D9E0000AF068FC17E2287E697E0844C0EBC0009C
:10D9F000696801EB40004168AD4800681130814220
:10DA00002AD14FF4B4620121A94800681130FEF711
:10DA1000A1FCA84800780128E4D10020A54908709D
:10DA2000A3480068B0F8110004EB4401A24A02EBDD
:10DA3000C10108810520A34908705120A24908703E
:10DA400004EB440002EBC00000F1080102229F48F1
:10DA500000680AF02FFCDEE1287E697E0844C0EBF6
:10DA6000C000696801EB40004168914800681330CC
:10DA7000814225D18F480078012821D18D48007836
:10DA80000128AFD100208B49087089480068B0F8A0
:10DA9000130004EB4401884A02EBC1018880032093
:10DAA0008849087051208849087004EB440002EB53
:10DAB000C000011D0222854800680AF0FBFBAAE1B4
:10DAC000287E697E0844C0EBC000696801EB400015
:10DAD0004168774800681630814248D117220021FA
:10DAE00073480068163000F0C9FA3B2200217048E4
:10DAF0000068173000F0C2FA6E4800780128AAD1F9
:10DB000000206C4908706A480068C07D684909684F
:10DB1000897DC1EB011100EB810004EB4401664AF1
:10DB200002EBC101888107206649087051206649CF
:10DB3000087004EB440002EBC00000F10C0102226B
:10DB4000624800680AF0B6FB04EB44005A4901EB56
:10DB5000C000807D00F0EF0004EB4401564A02EB68
:10DB6000C1018875002052490968C87753E1287EB1
:10DB7000697E0844C0EBC000696801EB4000416861
:10DB80004B480068183081424CD14A48007801283F
:10DB900048D11722002146480068183000F06EFA7C
:10DBA0003B22002142480068193000F067FA4148E2
:10DBB00000780128DAD100203E4908703C4800680E
:10DBC000407E3B490968097EC1EB011100EB8100F1
:10DBD00004EB4401384A02EBC101C88108203949ED
:10DBE000087051203849087004EB440002EBC00073
:10DBF00000F10E010222354800680AF05BFB04EBDD
:10DC000044002D4901EBC000807D00F0EF0004EBE3
:10DC10004401294A02EBC1018875002024490968A2
:10DC2000C877F8E0287E697E0844C0EBC0006968C8
:10DC300001EB400041681E4800681B3081425AD108
:10DC4000172200211A4800681B3000F017FA3B2207
:10DC50000021174800681C3000F010FA15480078C1
:10DC6000012847D100201349087011480068007F3F
:10DC70000F490968C97EC1EB011100EB810004EB7B
:10DC800044010D4A02EBC101088209200D490870C8
:10DC900051200D49087004EB440002EBC00000F174
:10DCA00010010222094800680AF004FB10E000009D
:10DCB000600600207405002048770020AC24002076
:10DCC000990F00207C1000207D10002040050020CE
:10DCD00004EB4400514901EBC000807D00F0DF00FF
:10DCE00004EB44014D4A02EBC101887500204C4908
:10DCF0000968C8778FE0287E697E0844C0EBC000C1
:10DD0000696801EB40004168454800681D30814268
:10DD100048D117220021424800681D3000F0AEF9BA
:10DD20003B2200213E4800681E3000F0A7F93D4824
:10DD3000007801286FD100203A49087038480068FF
:10DD4000807F37490968497FC1EB011100EB8100F1
:10DD500004EB4401314A02EBC10148820A203249F6
:10DD6000087051203149087004EB440002EBC000F8
:10DD700000F1120102222E4800680AF09BFA04EB1F
:10DD80004400264901EBC000807D00F0DF0004EB79
:10DD90004401224A02EBC10188750020204909682C
:10DDA000C87738E0287E697E0844C0EBC000696807
:10DDB00001EB400041681A4800682430814216D1C6
:10DDC00018480078012826D1002016490870144808
:10DDD0000068406A174908600520C4EBC401164A70
:10DDE00002EB81018882601C1449087013E0287CD2
:10DDF000032810D004EB4400084901EBC000808ADE
:10DE000007490968A1F805000D48C06950F82400C9
:10DE100003490968486200BF06E400004877002013
:10DE200060060020740500207C1000207D1000207A
:10DE3000400500209C0F0020AC240020990F0020FA
:10DE4000F81700202DE9F041044684480068C078A6
:10DE500040BB83480068C08880490968A1F8050074
:10DE6000804908891DF0D8FC07467F4A7F4B1DF08A
:10DE700023FD05461DF08CFC78490968A1F80700D0
:10DE80007B49096808891DF0C7FC0746764A774B2D
:10DE90001DF012FD05461DF07BFC70490968A1F8D4
:10DEA00009002CE06D480068C078012827D16C4833
:10DEB0000068008969490968A1F80500694948892D
:10DEC0001DF0AAFC0746684A684B1DF0F5FC0546A4
:10DED0001DF05EFC61490968A1F807006449096802
:10DEE00088891DF099FC07465F4A604B1DF0E4FCF1
:10DEF00005461DF04DFC59490968A1F80900207E2E
:10DF0000617E0844C0EBC000616801EB400080689E
:10DF100052490968884224D15648007801281FD107
:10DF20004E4800680078012817D14C480068C07836
:10DF300028B94C4800894E490968088109E04748DA
:10DF40000068C078012804D14648408948490968DA
:10DF500088810020414909680870002045490870FF
:10DF600079E0207E617E0844C0EBC000616801EB6F
:10DF70004000816839480068001D81421DD13D483C
:10DF80000078012867D135480068C07830B9334837
:10DF9000006800793649096848810AE02F4800681E
:10DFA000C078012805D12D480068007930490968FA
:10DFB000C88100202F4908704DE0207E617E084412
:10DFC000C0EBC000616801EB400041682348006875
:10DFD0000B30814229D12748007801283BD11F48C6
:10DFE0000068C07860B91D480068B0F90B100022C5
:10DFF000214800680BF0DCFA1D490968088110E02F
:10E0000016480068C07801280BD114480068B0F9A0
:10E010000B100122184800680BF0CAFA144909686D
:10E02000888100201349087015E00C480068C0780A
:10E0300030B90F480068807A0849096808710AE019
:10E0400006480068C078012805D109480068807B2F
:10E05000024909680871BDE8F081000060060020EF
:10E060006C03002094160020C3F5285C8FC2E93FA2
:10E070003005002074050020400500200346187874
:10E08000904202DD1A70012070471878884202DA47
:10E0900019700220F8E70020F6E70000F0B5064608
:10E0A0003546002428787F2874DCFE4A917D287844
:10E0B000FDF78EFE044604B9F0BD601EC4B2002018
:10E0C000C4EBC401F84A02EB81010881C4EBC4002F
:10E0D000114601EB8000408920F00100401CC4EB98
:10E0E000C40102EB81014881C4EBC400114601EB7D
:10E0F0008000408920F00200C4EBC40102EB8101E2
:10E1000048813220E94908556878162874D1E548D5
:10E11000807D002871D1EA7912062B7A42EA034207
:10E120006B7A42EA0322AB7A42EA03010AB20A237B
:10E1300092FBF3F2DE4B1B6823F8142001F000423F
:10E1400042B1DB4A126832F814205242D84B1B68A5
:10E1500023F81420EA7B12062B7C42EA03426B7CF4
:10E1600042EA0322AB7C1A43D14BDB6943F82420FB
:10E17000AA7D112A01D1012200E00022AB7D122BE1
:10E1800001D1012300E000231A43AB7D232B02D1F0
:10E19000012301E03BE200231A43AB7D242B01D194
:10E1A000012300E000231A43AB7D352B01D101236D
:10E1B00000E000231A43AB7D362B01D1012300E0A0
:10E1C00000231A43AB7D472B01D1012300E000233C
:10E1D0001A43AB7D482B01D1012300E000231A43F1
:10E1E000AB7D692B01D1012300E000231A43AB7DF5
:10E1F0005A2B03D1012302E013E268E000231A4303
:10E2000072B104EB4402AB4B03EBC202D27D7B2A1A
:10E2100006D0AA7D04EB4403A64F07EBC303DA75CF
:10E2200000202A7DEB7C42EA0320B0F57A6F10DBF8
:10E2300041F2B44290420CDC04EB44029D4B03EBF0
:10E24000C202D27D7B2A04D004EB440203EBC2025B
:10E25000D08095F82920C4EBC403934F07EB8303C8
:10E260001A73C4EBC4023B4603EB8202127B502AB2
:10E2700004DB02228E4B9B691A5503E001228C4B72
:10E280009B691A5595F82620A2B1C4EBC402864BAF
:10E2900003EB8202927ECAB91E22C4EBC403824FF2
:10E2A00007EB83031A830122C4EBC40307EB830348
:10E2B0009A760BE00022C4EBC4037B4F07EB830389
:10E2C0001A83C4EBC40307EB83039A7675E07548A1
:10E2D000807D012871D1E97909062A7A41EA024153
:10E2E0006A7A41EA0221AA7A41EA020001B20A22CC
:10E2F00091FBF2F16E4A126822F81410E97D0906CA
:10E300002A7E41EA02416A7E41EA0221AA7E114345
:10E31000674AD26942F8241095F82C10C4EBC40265
:10E32000614B03EB82021173C4EBC4011A4602EB8A
:10E330008101097B502904DB02215D4A9269115554
:10E3400003E001215A4A9269115595F8241001F011
:10E35000400139B10021C4EBC402534B03EB8202EC
:10E36000917506E00121C4EBC4024F4B03EB82021E
:10E370009175C4EBC4014C4A02EB8101C97DFF29B0
:10E380001AD0C4EBC40102EB8101C97DC4EBC40205
:10E39000454B03EB8202927D914206D1FF21C4EBF3
:10E3A000C40203EB8202D17506E00721C4EBC4026C
:10E3B0003D4B03EB8202918200BF95F8240000F0F0
:10E3C0008000D8B1C4EBC400374901EB800040891C
:10E3D00020F40070C4EBC401334A02EB8101488190
:10E3E000C4EBC400114601EB8000408920F480702A
:10E3F000C4EBC40102EB810148811EE0C4EBC40000
:10E40000294901EB8000408920F4007000F500707C
:10E41000C4EBC401244A02EB81014881C4EBC4006F
:10E42000114601EB8000408920F4807000F5807077
:10E43000C4EBC40102EB8101488195F8230000F090
:10E44000020080B1C4EBC400174901EB8000408991
:10E4500020F4004000F50040C4EBC401124A02EB76
:10E46000810148810DE0C4EBC4000F4901EB80003D
:10E47000408920F40040C4EBC4010B4A02EB810147
:10E48000488195F8230000F00100E0B1C4EBC4001E
:10E49000054901EB8000408920F4005000F5005050
:10E4A0000AE0000090220020AC24002028790020FF
:10E4B000F817002048770020C4EBC401964A02EB0D
:10E4C000810148810DE0C4EBC400934901EB800059
:10E4D000408920F40050C4EBC4018F4A02EB810153
:10E4E0004881C4EBC4008C4901EB8000807D20B9D9
:10E4F00000208A49C96808550BE1C4EBC40086496D
:10E5000001EB8000807D0128F6D1C4EBC40001EB53
:10E510008000807AC0F3C010E8BBC4EBC40001EBFC
:10E5200080004089C0F34020C0B1C4EBC40001EBBF
:10E5300080004089C0F3C02080B1C4EBC40001EB6F
:10E5400080004089C0F3003080B17448C068005D2D
:10E5500040F001007149C968085507E06F48C0687C
:10E56000005D00F0FE006D49C9680855C4EBC400A9
:10E57000694901EB80004089C0F3402090B1C4EBB1
:10E58000C40001EB80004089C0F3C02050B963484B
:10E59000C068005D00E028E040F040005F49C968C5
:10E5A000085507E05D48C068005D00F0BF005B49AA
:10E5B000C968085595F8260000F0800020B995F844
:10E5C000280000F0040040B15448C068005D40F0ED
:10E5D00008005249C968085507E05048C068005D06
:10E5E00000F0F7004D49C9680855C4EBC4004A491A
:10E5F00001EB800040890121B1EBD03F08D14748B1
:10E60000C068005D40F080004449C968085580E05A
:10E610004248C068005D00F07F004049C968085565
:10E6200077E0687810280ED1C4EBC4003A4901EBBA
:10E630008000408920F00400C4EBC401364A02EB9C
:10E640008101488165E06878032862D13448007808
:10E65000302810D13248407805280CD12879E97843
:10E6600040EA01200A2190FBF1F004EB44012D4A1D
:10E6700002EBC10188822A480078302814D128484A
:10E680004078042810D12879E97840EA012000EB8D
:10E6900080004FF6FF7101EA400004EB4401214A7B
:10E6A00002EBC101888230E01D48007830282CD16F
:10E6B0001B484078222828D1E878C4EBC401164AC8
:10E6C00002EB81018875C4EBC400114601EB8000A8
:10E6D000C07DFF2819D0C4EBC40001EB8000C07DD1
:10E6E000C4EBC40102EB8101897D884206D1FF2081
:10E6F000C4EBC40102EB8101C87506E00720C4EB3E
:10E70000C401054A02EB8101888200200449087097
:10E71000487000BFD0E40000AC240020F8170020AF
:10E72000A40F00204877002070B59E4E9E480078C8
:10E7300000B970BD012500242FE19C4800EBC40006
:10E740004078000930B101282BD002282AD00328B4
:10E750007ED1F6E0964800782840A8B1022C07DA6E
:10E76000601CC1B2002305220D20F6F729F906E04E
:10E77000601EC1B2002305220720F6F721F98C485C
:10E780000078A8438A4908708A48005D012807D1AB
:10E79000002088490855611CC8B2002107F038FFE5
:10E7A000F6E000BF8448007868BB844850F8240035
:10E7B00048BB7E4800EBC40040780221B1EB101F3B
:10E7C00021D17B4800782840A8B9794800782843AF
:10E7D00077490870022C07DA601CC1B200230522B9
:10E7E0000D2007F03BFE06E0601EC1B200230522AB
:10E7F000072007F033FE724830F8140040F00200A2
:10E800006F4921F814006F4800680088674901EBE0
:10E81000C401C98888420CDB644800EBC400C0888E
:10E820006949098888422BDD6848B0F90000002852
:10E8300026DA6748005D18BB5D4800782840B8B903
:10E840005B48007828435A490870022C09DA00E036
:10E850009DE0601CC1B2002305220D2007F0FEFDE3
:10E8600006E0601EC1B200230522072007F0F6FD76
:10E87000534830F8140040F00100514921F81400C9
:10E8800050480068008836F81410884221DD474857
:10E8900000EBC400C0884C490988884219DA4C4909
:10E8A000A01D085CA8B9464830F814004FF6FE7168
:10E8B0000840434921F814003F480078012808D156
:10E8C000084630F814004FF6FD7108403C4921F825
:10E8D00014003B4830F8140000280BDD3548005D7B
:10E8E00030BB012033490855611CC8B2012107F033
:10E8F0008FFE25E02F48005D012807D100202D491B
:10E900000855611CC8B2002107F082FE2848007833
:10E91000284068B126480078A84325490870022C91
:10E9200007DA601CC1B2002305220D20F6F748F873
:10E9300006E0601EC1B2002305220720F6F740F86A
:10E9400026E01B4800782840A8B9022C07DA601C92
:10E95000C1B2002305220D2007F080FD06E0601EF5
:10E96000C1B200230522072007F078FD1048007887
:10E9700028430F4908700F48005D38B901200D4940
:10E980000855611CC8B2012107F042FE00E000BF3B
:10E9900000BF6806050E601CC4B2062CFFF6CDAEA3
:10E9A00000BFC6E6440200207C0300209C0100203A
:10E9B000DE0E0020640F0020790300202C0F0020C1
:10E9C000902400206C030020101000200410002070
:10E9D000440F002038B50446207E617E0844C0EB19
:10E9E000C000616801EB40008068EF490968884217
:10E9F00021D1EE48007801281DD1EB48006800784D
:10EA0000012811D10020009002236A464FF4A5711D
:10EA1000E74800680AF0B8FD02236A46D901E448D5
:10EA200000680AF0B1FD00BF0020DF4909680870E6
:10EA3000DE490870B7E1207E617E0844C0EBC0006B
:10EA4000616801EB40008168D7480068401C814242
:10EA500045D1D6480078012841D1D3480068407894
:10EA6000012835D10020009002236A469902D0483F
:10EA700000680AF089FD0020CE490880CE49088050
:10EA8000CB4800680AF062FD002009E04FF6FF71F4
:10EA9000CA4A22F81010CA4A22F81010411CC8B203
:10EAA0000628F3DB0020C5494881C54948810C236D
:10EAB000C24A46F2C451BE4800680AF065FD0C2304
:10EAC000BF4A46F2D051BA4800680AF05DFD00BF67
:10EAD0000020B54909684870B449087063E1207E98
:10EAE000617E0844C0EBC000616801EB40008168B2
:10EAF000AD480068C01C814230D1AC480078012884
:10EB00002CD1A9480068C078012820D100200090AD
:10EB100002236A4646F2DC51A54800680AF034FD3B
:10EB20000020A8490880A8490880A14800680AF088
:10EB30000DFD0020A5490860084601880D2019F048
:10EB40006BFDA24841880E2019F066FD00BF002031
:10EB500095490968C8709549087024E1207E617E56
:10EB60000844C0EBC000616801EB400081688E483A
:10EB70000068001D814259D18C480078012855D188
:10EB8000894800680079012849D1002000900223BB
:10EB90006A460021864800680AF062FD00208C4920
:10EBA00008808C490880824800680AF0CFFC002069
:10EBB00006E00021884A126A42F82010411CC8B2BF
:10EBC0000828F6DB002527E00020844941F82500CD
:10EBD000834941F82500834941F8250005EB85016B
:10EBE000814A02EB8101886005EB85027E4B03EBD5
:10EBF000820211896A00521CD0B219F00DFD05EB9A
:10EC00008502794B03EB820251896A00921CD0B2D3
:10EC100019F002FD681CC5B2042DD5DB00BF002031
:10EC200061490968087161490870BCE0207E617E15
:10EC30000844C0EBC000616801EB400081685A489D
:10EC40000068401D814223D15848007801281FD117
:10EC5000554800684079012813D100200090022314
:10EC60006A4647F20461524800680AF08DFC0020B1
:10EC70005E4908805E4908804D4800680AF066FCDD
:10EC800000BF0020484909684871484908708AE077
:10EC9000207E617E0844C0EBC000616801EB40004B
:10ECA000816841480068801D814219D13F48007841
:10ECB000012815D13C4800688079012809D100203D
:10ECC000009002236A461903394800680AF0C8FC1C
:10ECD00000BF00203449096888713449087062E037
:10ECE000207E617E0844C0EBC000616801EB4000FB
:10ECF00081682D480068C01D814211D12B480078E1
:10ED000001280DD128480068C079012801D139496E
:10ED10000870002024490968C8712449087042E03D
:10ED2000207E617E0844C0EBC000616801EB4000BA
:10ED300081681D4800680830814234D11B48007842
:10ED4000012830D118480068007A012825D1002513
:10ED500021E00020214941F82500214941F8250002
:10ED60001D48016A681C51F820001E4941F8250021
:10ED70000A4632F825106A00521CD0B219F04CFC39
:10ED8000184A02EB850251886A00921CD0B219F031
:10ED900043FC681CC5B2062DDBDB00200249096874
:10EDA00008720249087038BD600600207405002012
:10EDB00040050020C80E00203C020020BC0E0020B0
:10EDC000B00E00209A0300203E020020FC1000201C
:10EDD0009C03002054020020F8170020B479002082
:10EDE000CC790020E479002064790020A003002081
:10EDF00040020020C71000202DE9F04188B0804675
:10EE0000474807683D1D05F10C040026454A07CA1E
:10EE100003AB07C305974FF4FA6103A801F03CFD6B
:10EE200006464148008838B9002020706070A07004
:10EE3000E07008B0BDE8F0813C48B0F90000B04295
:10EE40006CD006EB4600800000F6040081B2062379
:10EE500006AA374800680AF077F8BDF81C00288039
:10EE60000698C0F3835068800698C0F34440A88099
:10EE70000698C0F30430E8800698C0F38510288116
:10EE8000069800F03F0068810020029006EB4600E3
:10EE9000800000F60A0081B2022302AA244800681A
:10EEA0000AF052F821480680BDF80800C0F385102A
:10EEB0002070BDF8080000F01F00607060780E2818
:10EEC0000ED106EB4600800000F60C0081B2042350
:10EED00001AA174800680AF037F80198207000BFAF
:10EEE000BDF80800000BA070BDF80800C0F340108A
:10EEF000E0706078202801DB0020207020785E28F8
:10EF000001DD00206070A078102801DB0020A070D7
:10EF1000E078012801DD0020E07000BF00BF88E735
:10EF2000600600205CC60208C80E00207E06002095
:10EF3000400500202DE9F04F85B081460E4615466C
:10EF40001C46DDF838A00EB1012000E000200DB114
:10EF5000012100E00021084404900498401D204451
:10EF6000C01C80B203900398802804DD4FF0FF306E
:10EF700005B0BDE8F08F002002907E219DF80820AA
:10EF8000501CC0B202903848815402AA2021FBF7DD
:10EF9000B4FB02AA49463448FBF7AFFB26B102AAEC
:10EFA00031463148FBF7A9FB25B102AA29462E4874
:10EFB000FBF7A3FB45EA06202C49088014B1BAF1FF
:10EFC000000F0AD102AA00212748FBF796FB02AAEC
:10EFD00000212548FBF791FB24E04FF6FF7101EA81
:10EFE000440007F085FB019001980012009002AAEE
:10EFF0001D480099FBF781FB0198C1B202AA1A488B
:10F00000FBF77BFB4FF0000809E01AF8081002AA92
:10F010001548FBF772FB08F1010000F0FF08A0455E
:10F02000F3DB00BF9DF80800401E81B20E48401C73
:10F03000F5F790FD07464FEA272B02AA59460A48E2
:10F04000FBF75BFBF9B202AA0748FBF756FB0D2161
:10F050009DF80820501CC0B20290034881549DF8CE
:10F06000080040B284E7000038260020121000207B
:10F070002DE9F0410446FE48056805F10A06207EA8
:10F08000617E0844C0EBC000616801EB400080680D
:10F09000B0420BD1F7480078012807D13078F64903
:10F0A000096808700020F3490870B8E2207E617E8C
:10F0B0000844C0EBC000616801EB40008068EF4984
:10F0C000884215D1EE4800880A3802B24FF47A61BE
:10F0D0002846FDF73FF9E74800780128E5D1E749E0
:10F0E000E84800680AF032FA0020E249087096E227
:10F0F000207E617E0844C0EBC000616801EB4000E7
:10F100008068DF49884215D141F20C72DB480088E3
:10F110000A3001B2A81CFDF71DF9D6480078012875
:10F12000C3D1D749D74800680AF010FA0020D14966
:10F13000087074E2207E617E0844C0EBC000616804
:10F1400001EB40008168701C81420ED1C9480078F3
:10F1500001280AD17078CC490870CA4800680AF0C2
:10F16000F5F90020C349087059E2207E617E084409
:10F17000C0EBC000616801EB40008068C349884271
:10F1800012D14FF4FA720021281DFDF7E3F8B948B7
:10F190000078012889D1BD49BA4800680AF0D6F93B
:10F1A0000020B44908703AE2207E617E0844C0EB3A
:10F1B000C000616801EB40008068B54988422ED1EB
:10F1C00047F230520021A81DFDF7C4F8A948007885
:10F1D00001288CD1AE49AB4800680AF0B7F9AD48B8
:10F1E000006808F015F8002711E0A9480088AA492E
:10F1F000097890FBF1F0A94921F81700084600EBC7
:10F200004701A04800680AF0A1F9781CC7B2A248DB
:10F2100000788742E9DB002096490870FFE1207EF4
:10F22000617E0844C0EBC000616801EB400080686B
:10F230009B49884212D16422002105F10800FDF7A4
:10F2400089F88C48007801288ED195498D4800684E
:10F250000AF07CF9002087490870E0E1207E617E99
:10F260000844C0EBC000616801EB400080688A4937
:10F27000884227D106220121B01CFEF7FFFE7D48FF
:10F28000007801288FD184497E4800680AF05EF931
:10F290000020784908707E49088000BF09E07F4956
:10F2A00031F810107A4A12881144794A1180411CB1
:10F2B000C8B2794909788842F1DB7648006807F0DE
:10F2C000A7FFACE1207E617E0844C0EBC00061680E
:10F2D00001EB40008068714988422FD14FF4FA5207
:10F2E000002105F10E00FDF735F86248007801288D
:10F2F00094D16A49634800680AF028F900206449FB
:10F30000088000BF09E0654931F81010604A128892
:10F3100011445F4A1180411CC8B25F490978884294
:10F32000F1DB5B49574800680AF010F9594800685A
:10F3300007F06EFF00204F49087070E1207E617E6B
:10F340000844C0EBC000616801EB4000816853488D
:10F35000801C814230D14FF4FA52002105F1100097
:10F36000FCF7F8FF434800780128AAD14B49891CD3
:10F37000444800680AF0EAF800204549088000BFC8
:10F3800009E0464931F81010414A12881144404AB8
:10F390001180411CC8B2404909788842F1DB3C49E0
:10F3A000384800680AF0D2F83A48006807F030FFA1
:10F3B00000203049087032E1207E617E0844C0EBB5
:10F3C000C000616801EB400081683448001D814243
:10F3D00030D14FF4FA52002105F11200FCF7BAFFC8
:10F3E000244800780128A8D12C49091D2548006827
:10F3F0000AF0ACF800202649088000BF09E0274940
:10F4000031F81010224A12881144214A1180411CFF
:10F41000C8B2214909788842F1DB1D4919480068C2
:10F420000AF094F81B48006807F0F2FE002011492A
:10F430000870F4E0207E617E0844C0EBC000616883
:10F4400001EB400081681548801D81424CD14FF48A
:10F45000FA52002105F11400FCF77CFF0548007802
:10F460000128A8D10D49891D064800681AE000004E
:10F47000600600207405002064000020B000002019
:10F48000B20000204005002023030020FE000020E1
:10F49000B8000020280F0020500300206002002048
:10F4A000B60000200AF052F800207349088000BF1F
:10F4B00009E0724931F810106F4A128811446E4AFF
:10F4C0001180411CC8B26E4909788842F1DB6A4953
:10F4D0006C4800680AF03AF86B48006807F098FE3C
:10F4E00000206A4908709AE0207E617E0844C0EBE3
:10F4F000C000616801EB40008168604808308142CB
:10F5000030D14FF4FA52002105F11600FCF722FF2A
:10F510005E480078012824D15849083159480068CC
:10F520000AF014F800205449088000BF09E053494C
:10F5300031F81010504A128811444F4A1180411C72
:10F54000C8B24F4909788842F1DB4B494D48006801
:10F5500009F0FCFF4C48006807F05AFE00204B49B8
:10F5600008705CE0207E617E0844C0EBC0006168EA
:10F5700001EB4000816841480A30814230D14FF4AC
:10F58000FA52002105F11800FCF7E4FE3F4800782C
:10F59000012844D139490A313A48006809F0D6FFB8
:10F5A00000203549088000BF09E0344931F81010C7
:10F5B000314A12881144304A1180411CC8B2304986
:10F5C00009788842F1DB2C492E48006809F0BEFF1B
:10F5D0002D48006807F01CFE00202C4908701EE032
:10F5E000207E617E0844C0EBC000616801EB4000F2
:10F5F00080682749884212D14FF4FA52002105F160
:10F600001A00FCF7A7FE21480078012807D12049FD
:10F610001C48006809F09AFF00201C490870207CF3
:10F62000032827D01B48008828801B480088688052
:10F630001A480088A88010480088E8801848008888
:10F64000288118480068007830701748007870707A
:10F650000B480078B070002007E0084931F810200E
:10F66000C11D25F81120411CC8B20628F5DB084849
:10F6700000886883BDE8F081B800002060020020A7
:10F680005003002040050020280F002074050020B2
:10F69000FC000020B0000020B2000020FE0000208E
:10F6A000B6000020640000202303002030B53F484E
:10F6B00000783F490978884276DB00203D4B18806E
:10F6C0003D4B18603D4B18600021002200BF55E003
:10F6D000C0EB00133A4C04EBC303B3F906300A2421
:10F6E00093FBF4F3334C248823441BB2314C238026
:10F6F000C0EB0013324C04EBC3031B89C0EB0014B6
:10F700002F4D05EBC40464896343642493FBF4F335
:10F71000C0EB001405EBC404A489642594FBF5F444
:10F72000254D2D6803FB0453234C2360C0EB0013CD
:10F73000234C04EBC3035B89C0EB0014204D05EBA5
:10F74000C404A489634342F2107493FBF4F31B4C8A
:10F7500024682344194C2360C0EB00132C4604EBAF
:10F76000C3035B88002B07DDC0EB001304EBC3036E
:10F770005B881A444B1CD9B2431CD8B20C4B1B7883
:10F780009842A5DB0C4800680C4B1B68B0FBF3F0FB
:10F79000094B1860002903DDB2FBF1F0094B18801A
:10F7A0000020024B187000BF30BD0000F80F002091
:10F7B000ED0F002004100020081000200C10002085
:10F7C00038180020101000202DE9F0470546894622
:10F7D00003274FF00408002600242878D638C4B246
:10F7E000FE480078844202DB0020BDE8F0875A2002
:10F7F000C4EB0411FA4A02EBC1014874687803288B
:10F8000038D100200EE008EB4001695C07EB4002B4
:10F81000AA5C41EA0221F34A22F81610711CCEB20A
:10F82000411CC8B2A97801EBD172B0EB620FEADBE0
:10F830000026ED480078F0B9EA480088C4EB0411CE
:10F84000E74A22F83100E7484088C4EB041102EB94
:10F85000C1014880E3484089C4EB041102EBC101B7
:10F86000A1F86400DF488089C4EB041102EBC101F8
:10F87000A1F86600EAE1DC480078042808D1D948FC
:10F880000088C4EB0411D64A02EBC101C881DDE156
:10F89000D548007801287DD1D248008800B2C4EB59
:10F8A0000411CF4A02EBC101C880CE48408800B2A3
:10F8B000C4EB041102EBC1018880CA488088C4EB04
:10F8C000041102EBC1018881C6480089C4EB041110
:10F8D00002EBC1010881C3484089C4EB041102EB6B
:10F8E000C1014881BF48807EC4EB041102EBC10115
:10F8F0000874BC48408B0012C4EB041102EBC10138
:10F900008874C4EB0410114601EBC000807C012810
:10F9100002D140F2011A1FE0C4EB0410B04901EB20
:10F92000C000807C022802D140F2033A14E0C4EB0C
:10F930000410AB4901EBC000807C032802D140F2E7
:10F94000077A09E0C4EB0410A54901EBC000807CF4
:10F95000042801D140F2077AA448C089504509D053
:10F96000A2480079052805DAA04A0E3200210520B8
:10F97000FBF73AFF9B48C08AC4EB0411984A02EB9C
:10F98000C101A1F870009748007C00F00400042831
:10F9900011D100E020E0C4EB0410114601EBC000DF
:10F9A000B0F8700040F40040C4EB041102EBC10158
:10F9B000A1F870000FE0C4EB0410894901EBC0000E
:10F9C000B0F87000C0F30E00C4EB0411844A02EBDF
:10F9D000C101A1F8700039E18348007805283ED1C3
:10F9E00080480088C4EB04117D4A02EBC101888283
:10F9F0007C484088C4EB041102EBC101C8827948FD
:10FA0000C088C4EB041102EBC1018883C4EB04106D
:10FA1000114601EBC000808B74490989884209D0E6
:10FA200072484078052805DA704A08320021022021
:10FA3000FBF7DAFEC4EB0410694901EBC000808AD1
:10FA40006A49C9888842C6D0684800780528C2DA61
:10FA5000664A921D00210120FBF7C6FEF6E06248CF
:10FA60000078062837D15F480088C4EB04115C4A4F
:10FA700002EBC10108835B484088C4EB041102EB30
:10FA8000C1014883C4EB0410114601EBC000008B98
:10FA900056494989884209D054488078052805DAB2
:10FAA000524A0A3200210320FBF79EFEC4EB0410E9
:10FAB0004B4901EBC000408B4C49898988428AD070
:10FAC0004A48C078052886DA484A0C3200210420CA
:10FAD000FBF78AFEBAE044480078022811D10020E2
:10FAE0000CE0404931F81020C4EB04113C4B03EB0F
:10FAF000C101443121F81020411CC8B21028F0DBAC
:10FB0000A4E03948007803287AD136480088C4EB4D
:10FB10000412334B03EBC202A2F8400031480088C4
:10FB2000C4EB041203EBC202A2F842000F21C4EBA3
:10FB300004101A4602EBC000C08920B1C4EB0410C7
:10FB400002EBC000817B002057E0264A32F81030DB
:10FB5000C4EB0412DFF888C00CEBC202203222F89A
:10FB60001030C4EB0412634603EBC202203232F8B9
:10FB70001020C4EB04130CEBC303B3F840309A42DB
:10FB80000DDDC4EB0412634603EBC202203232F8EF
:10FB90001020C4EB04130CEBC303A3F84020C4EB08
:10FBA00004120F4B03EBC202203232F81020C4EBD8
:10FBB0000413DFF82CC00CEBC303B3F842309A42B5
:10FBC00019DAC4EB0412634603EBC202203232F8A6
:10FBD0001020C4EB04130CEBC3030AE0ED0F00206C
:10FBE0003818002008260020EA0F002028260020D0
:10FBF00006E0A3F84220421CD0B28842A5DB25E0F3
:10FC000013480078082821D11248408811490988F2
:10FC100040EA0140C4EB04110F4A02EBC101C8667F
:10FC200000200E49086000BF0CE0C0EB00110A4A3A
:10FC300002EBC101C96E094A12681144074A1160FA
:10FC4000411CC8B2064909788842EEDB0020CCE5A9
:10FC5000EA0F00200826002038180020FC0F0020A2
:10FC6000ED0F00204D4A1268D1794C4A1268D278C3
:10FC700032B94B4A12689288484B1B689A800AE056
:10FC8000464A1268D278012A05D1454A1268D289BB
:10FC9000424B1B689A80414A1268D2788A4227D028
:10FCA0003E4A1268D2783D4B1B68DA713B4A1268B3
:10FCB000D27862B93B4A12681288384B1B681A81A5
:10FCC000384A12689278354B1B681A7010E0334A34
:10FCD0001268D278012A0BD1324A126892882F4BCF
:10FCE0001B681A812F4A126892792C4B1B681A7074
:10FCF000027E437E1A44C2EBC202436803EB420217
:10FD00009268264B1B689A421CD1274A1278012A16
:10FD100018D10022244B1A70204A1268D27832B9C6
:10FD20001E4A126812781F4B1B685A800AE01B4A51
:10FD30001268D278012A05D1184A12681278194B34
:10FD40001B68DA80027E437E1A44C2EBC20243681B
:10FD500003EB42025368114A1268083293421CD1E5
:10FD6000114A1278012A18D100220F4B1A700B4A3F
:10FD70001268D27832B9094A12681289094B1B6895
:10FD80001A800AE0054A1268D278012A05D1034A8E
:10FD900012681289034B1B689A8070476006002026
:10FDA0006C0300203005002074050020017E427E97
:10FDB0001144C1EBC101426802EB41014A680C49A0
:10FDC0000968491C8A4212D10A49097801290ED1D1
:10FDD0000021084A117006490968B1F80110064A65
:10FDE0001268118205498988034A12685182704756
:10FDF00060060020740500203005002094160020C5
:10FE000053490978042902DC5149097811B90121C3
:10FE10004F4A11704E490978491E4E4A1170017CB3
:10FE2000032933D04C490968097859B91146097832
:10FE300001EB8101494A02EB81014988464A126877
:10FE4000518023E044490968097801290BD14149CF
:10FE5000097801EB8101414A02EB810189883E4A20
:10FE60001268518012E03C490968097802290DD1D5
:10FE70003849097801EB8101384A32F921100A2208
:10FE800091FBF2F109B2344A12685180017E427E40
:10FE90001144C1EBC101426802EB41014A682E499D
:10FEA0000968091D8A4225D12D490978012921D1E6
:10FEB00000212B4A1170284909684A7826490968A7
:10FEC000097802EB4101491C264A11702249096850
:10FED0008988254A1180204909680978022906D1B4
:10FEE0001146098801EB8101490009B21180012105
:10FEF0001E4A1170017E427E1144C1EBC10142686D
:10FF000002EB41018A6814490968891D8A421BD1A4
:10FF10001349097801291AD10021114A11700E499B
:10FF20000968097829B90C4909688979104A117555
:10FF30000DE0094909680978012908D106490968CD
:10FF400089790B4A517502E00021054A117070470A
:10FF5000990600209B06002060060020647900209E
:10FF600074050020510E0020520E0020500E00207B
:10FF70009022002010B5002426E0C4EB0410244990
:10FF800001EBC000407C01280CDDC4EB041001EB48
:10FF9000C000407C401EC4EB04111D4A02EBC101AD
:10FFA00048740FE0C4EB0410194901EBC000407C19
:10FFB000012807D1C4EB0411154A02EBC1007821D6
:10FFC000F2F7F6FB601CC4B2124800788442D4DB1E
:10FFD0001148006811490968884213D90F48006820
:10FFE00080B100200C4909780C4A1278891AC8B2ED
:10FFF0000B49098801440A4A118007490968074AE0
:020000040801F1
:10000000116003E0044800680449086010BD000066
:1000100038180020ED0F0020FC0F002000100020F9
:10002000FA0F00207CB506462E480078002805DD32
:100030002C480078401E2B4908707CBD0024032505
:1000400000200190284829490978405C452811D1B1
:10005000274800788DF8050001A800902248234920
:100060000978425C02234A2122480078FEF762FFA9
:10007000C4B20CE0002000901B481C490978425C87
:1000800000234A211B480078FEF754FFC4B21648EB
:1000900016490978405C422804D117480078401C72
:1000A00015490870224615491548006817F0ECFB01
:1000B0001048007805280EDB01200E4908700B4817
:1000C0000078401C0949087008460078A84207DDFE
:1000D0000020087004E007480078401C05490870BB
:1000E00000BFAAE7201000201510002022100020D9
:1000F000590F002021100020F80F00203826002082
:100100001000002010B54F494F48008878B94E487C
:10011000408860B94C48808848B94C48007800282D
:1001200008DD4A480078401E484A107002E08C20E2
:10013000464A10704648007800B910BD00207CE0A7
:10014000444A127872B9444A32F8102052B9434AEC
:1001500052F8202032B1414A52F82020521E3F4B23
:1001600043F820203E4A126812883E4B03EBC0033E
:10017000DB889A4207DB3B4A02EBC002D2883A4B4B
:100180001B889A4209DD394A125C002A1DDD374A74
:10019000125C521E354B1A5417E01422334B1A547A
:1001A000022801D11A5410E0032803D119222F4B41
:1001B0001A540AE0042803D11E222C4B1A5404E0DE
:1001C000052802D12322294B1A54254A1268128885
:1001D00031F810309A4212DD31F81020224B1B8882
:1001E0009A420CDA214B821D9A5C002A23DD821D83
:1001F0009A5C521ED3B21D4C821DA3541BE01E23D9
:100200001A4C821DA354022801D1A35413E00328E1
:1002100004D12323154C821DA3540CE0042804D1DF
:100220002823124C821DA35405E0052803D12D2359
:100230000E4C821DA354421CD0B2062880DB00BFA6
:100240007BE7000044020020FC790020530F0020CF
:100250007C03002079030020902400202C0F002034
:100260006C0300209C01002010100020440F00208F
:1002700070B586B00646334805680024324A07CA7E
:1002800003AB07C30595302103A800F005FB044626
:100290002E48008860B9002006E00022011D294B8D
:1002A0001B685A54411CC8B21C28F6DB06B070BD4E
:1002B0002748B0F90000A04241D046F2E050562253
:1002C00002FB040081B2062301AA2248006808F05C
:1002D0003BFEBDF808001B49096888800198C0F3FF
:1002E00083501849096888710198C0F34440154942
:1002F0000968C8710198C0F304301249096808728E
:100300000198C0F385100F4909684872019800F000
:100310003F000C49096888722B20604346F2E05286
:1003200002EB4000263081B21823064802680B32E7
:100330000848006808F008FE0548048000BF00BFB8
:10034000B4E700006006002068C602089A03002097
:100350008206002040050020F0B585B007464C48D5
:10036000056800244B4A07CA02AB07C304950A215B
:1003700002A800F091FA04464748008860B90020BE
:1003800006E00022011D424B1B685A54411CC8B2B2
:100390001028F6DB05B0F0BD4048B0F90000A042DF
:1003A00073D00026C4EBC40047F2086202EB4000A1
:1003B00081B206236A463A48006808F0C5FDBDF8D8
:1003C00004003349096888800098C0F3835030499D
:1003D000096888710098C0F344402D490968C871C4
:1003E0000098C0F304302A49096808720098C0F3E5
:1003F0008510274909684872009800F03F00244999
:1004000009688872C4EBC40047F20E6202EB400038
:1004100081B206236A462248006808F095FDBDF8BF
:1004200004001B490968A1F80B000098C0F3835031
:100430001749096848730098C0F344401449096893
:1004400088730098C0F3043011490968C873009894
:10045000C0F385100E4909680874009800F03F0049
:100460000B4909684874C4EBC40047F2146202EBFC
:10047000400081B202230648026812320848006830
:1004800008F062FD0548048000BF00BF82E700005D
:10049000600600208CC60208A00300208006002011
:1004A00040050020A448007800287DD1A3480078AA
:1004B0000028FAD1A2484088A24909680880A048CB
:1004C0008088A049096848809D4800889D4909683E
:1004D00088809B48C0889B490968C8809A48006802
:1004E000008B98490968888297480068408B954935
:1004F0000968C88294480068C08A924909680883DC
:10050000924840880A2190FBF1F08E49096848839F
:100510008E4880880A2190FBF1F08A490968888317
:100520008A4800880A2190FBF1F086490968C8834F
:10053000874800686421B0FBF1F0824909680862CD
:100540007F48008888BB7E48408870BB7C48808894
:1005500058BB8048007801282DD17F48808800EB67
:10056000400040007D4908607B48808900EB4000E6
:10057000400048607848808A00EB40004000886076
:100580007548808B00EB40004000C8607248808C4A
:1005900000EB4000400008616F48808D00EB400098
:1005A00040004861002001E011E005E06949087061
:1005B00001206B490870BDE0664800780028FAD138
:1005C000012064490870002065490870B2E05D4868
:1005D0000068008840B95A484088002804DD58481F
:1005E000408858490968088056480068408840B9E2
:1005F00053488088002804DD5148808851490968A3
:10060000488050480068808840B94D4800880028DC
:1006100004DD4B4800884B490968888049480068D8
:10062000808A28B948480068008B46490968888252
:1006300044480068C08A28B943480068408B414953
:100640000968C8823F480068008B28B93E480068A6
:10065000C08A3C49096808833A480068408B38B929
:100660003A4840880A2190FBF1F0364909684883EE
:1006700034480068808B38B9344880880A2190FB60
:10068000F1F03049096888832E480068C08B38B97A
:100690002E4800880A2190FBF1F02A490968C88396
:1006A00028480068008841F28831884239DA2548B4
:1006B00000684088884234DA22480068808888428E
:1006C0002FDA24480078012834D12348808800EBB1
:1006D00040004000214908601F48808900EB40002D
:1006E000400048601C48808A00EB40004000886061
:1006F0001948808B00EB40004000C8601648808C91
:1007000000EB4000400008611348808D00EB400082
:100710004000486100200F4908700120104908700E
:1007200008E00C48007810B901200A490870002040
:100730000B49087070470000A7100020520F0020DE
:10074000FC790020900300206C030020380E00206C
:10075000FC10002079030020EC0100202C0F002069
:10076000980F002010B52E490978092906DD2C497B
:1007700009780B2902DA0021294A117028494978A1
:10078000092906DD264949780B2902DA0021244A85
:10079000517023498978092906DD214989780B2977
:1007A00002DA00211E4A91701D49C978092906DD27
:1007B0001B49C9780B2902DA0021194AD170017E40
:1007C000427E1144C1EBC101426802EB41018968DC
:1007D000134A914223D11349097801291FD100BF3F
:1007E000114A12784FF47A735A430F4B5B7803EB3C
:1007F000C30404EB031302EB83020B4B9B7803EB64
:10080000830302EB4302084BDB781A4491B240F2B7
:10081000F232914202D10222044B1A7000BF10BD85
:1008200070050020740500206C0500204A0E002091
:1008300000202CE0C0EBC001164A02EB81010989BF
:10084000322922D1C0EBC00102EB810189883C2909
:100850000CDAC0EBC00102EB81018988491CC0EBB6
:10086000C0020C4B03EB820291800EE0C0EBC00192
:10087000084A02EB8101498921F00201891CC0EB81
:10088000C002044B03EB82025181411CC8B20C2808
:10089000D0DB7047AC24002010B5024693681B885B
:1008A00013B901239468238093681B8854682488B3
:1008B000A34203DD53681B889468238053681B8818
:1008C0009468638013681B88946824881B1B18B283
:1008D00000280DDA53681B888B4205DA0020136864
:1008E0001B889468238003E053681B88034418B274
:1008F00010BD0000F0B587B007463C4806680025EB
:100900003B4A07CA04AB07C30696302104A8FFF789
:10091000C3FF05463748008860B9002006E0002282
:10092000011D324B1B685A54411CC8B21C28F6DB0F
:1009300007B0F0BD3048B0F90000A84253D046F2ED
:10094000E050562202FB050081B2062302AA2B4882
:10095000006808F0F9FABDF80C002449096888809D
:100960000298C0F383502149096888710298C0F346
:1009700044401E490968C8710298C0F304301B49FD
:10098000096808720298C0F385101849096848720E
:10099000029800F03F0015490968887200241DE0A4
:1009A0002B20684346F2E05202EB40003E30042226
:1009B00002FB040081B2134601AA1048006808F047
:1009C000C3FA4FF47A710198B0FBF1F00B2101EBFF
:1009D0008401064A12685050601CC4B2062CDFDB4A
:1009E0000548058000BF00BFA2E7000060060020A8
:1009F00074C602089A0300208206002040050020E9
:100A000001214173704700002DE9F04FC3B0044647
:100A10008946B9F80050012D03DA002043B0BDE843
:100A2000F08F20787E2803D1681E205C0D2801D02D
:100A30000020F3E7A1786078F4F77EF88246217908
:100A4000E078F4F779F80646217AE079F4F774F85B
:100A50000746BAF1200F04D1012E02DB052E00DC7F
:100A60000FB10020DAE7AA1EA15CEA1EA05CF4F731
:100A700063F842902A1FA15C6A1FA05CF4F75CF83F
:100A8000429941EA00204290A81F81B2601CF4F70D
:100A900061F880464299414501D00020BEE7217BA4
:100AA000E07AF4F749F88346A17A607AF4F744F8DB
:100AB0004BEA002041904198C0F30B004190002088
:100AC0004090FC2101A8F1F773FE40A8FA2301AA87
:100AD000009004F10D004199F9F7AAFC3B46BDF8DE
:100AE000002101A93046FBF7A3F900200149088045
:100AF00000BF93E71210002070B586B0064640484C
:100B000004680025A088E188884201DD0120A080DA
:100B1000A088012801DAE088A0803A4A07CA03AB1E
:100B200007C305945A2103A8FFF7B6FE05463648C9
:100B3000008868B9002007E0002200F10801304B6E
:100B40001B685A54411CC8B20B28F5DB06B070BDB7
:100B50002E48B0F90000A8422ED0562205FB02F024
:100B6000001D81B2062301AA2948006808F0DAFCBA
:100B7000BDF808002249096808810198C0F3835034
:100B80001F49096888720198C0F344401C490968EC
:100B9000C8720198C0F304301949096808730198B4
:100BA000C0F38510164909684873019800F03F00AA
:100BB00013490968887300BF1448B0F90000A842BF
:100BC00005D1A0881349B1F9001088420FD05622F0
:100BD00005FB02F00A30A28800EB820081B20423F8
:100BE000074802680F320A48006808F09BFC074873
:100BF0000580A08800B20749088000BFA6E7000072
:100C00006006002080C602089C03002082060020A7
:100C1000400500208406002010B50446207E617E39
:100C20000844C0EBC000616801EB40004068FE4929
:100C30000968884216D11C220121FB480068FDF793
:100C40001DFAFA48007801280BD1F74800680078AF
:100C5000F7490870F748006808F078FC0020F3496D
:100C600008700CE2207E617E0844C0EBC000616821
:100C700001EB40004168EC480068401C814217D1FC
:100C800080220121E8480068401CFDF7F7F9E74899
:100C900000780128E5D1E44800684078E64908700A
:100CA000E448006808F052FC0020E0490870E6E1E2
:100CB000207E617E0844C0EBC000616801EB40000B
:100CC0004168D9480068801C814217D1C8220A2196
:100CD000D5480068801CFBF73DFBD448007801280C
:100CE000BFD1D14800688078D4490880D1480068D5
:100CF00008F02CFC0020CD490870C0E1207E617E08
:100D00000844C0EBC000616801EB40008168C64840
:100D10000068001D81420CD1C44800780128A0D190
:100D2000C14800680079C64988750020BF4908702D
:100D3000A5E1207E617E0844C0EBC000616801EB44
:100D400040008168B8480068401D81420CD1B74816
:100D50000078012885D1B44800684079B849C87541
:100D60000020B24908708AE1207E617E0844C0EB11
:100D7000C000616801EB40008168AB480068801DDD
:100D8000814210D1A948007801280CD1A6480068FA
:100D90008079AC490870A748006808F0D7FB0020AC
:100DA000A24908706BE1207E617E0844C0EBC00060
:100DB000616801EB400081689B480068C01D81426A
:100DC00010D19A48007801280CD197480068C07962
:100DD0009D4908709748006808F0B8FB00209349C7
:100DE00008704CE1207E617E0844C0EBC000616861
:100DF00001EB400081688C4800681430814210D1BA
:100E00008A48007801280CD187480068007D8F4906
:100E100008708848006808F099FB00208349087032
:100E20002DE1207E617E0844C0EBC000616801EBCB
:100E3000400081687C4800680830814212D17B48BC
:100E4000007801280ED178480068007A804908703F
:100E50007848006808F07AFB00207E4908807349D2
:100E600008700CE1207E617E0844C0EBC000616820
:100E700001EB400081686C4800681130814213D159
:100E80006A48007801280FD17348007840B9664855
:100E90000068407C704908706648006808F056FB9E
:100EA000002062490870EAE0207E617E0844C0EBC1
:100EB000C000616801EB400081685B480068123047
:100EC000814210D15948007801280CD15648006859
:100ED000807C624908705748006808F037FB0020A2
:100EE00052490870CBE0207E617E0844C0EBC00010
:100EF000616801EB400081684B4800681330814213
:100F000010D14A48007801280CD147480068C07CBD
:100F1000534908704748006808F018FB002043490F
:100F20000870ACE0207E617E0844C0EBC0006168C0
:100F300001EB400081683C480068153081420CD1CB
:100F40003A480078012808D137480068407D3C497C
:100F5000087600203549087091E0207E617E0844C3
:100F6000C0EBC000616801EB400081682E4800685A
:100F7000163081420CD12D480078012808D12A482A
:100F80000068807D2E49487600202849087076E068
:100F9000207E617E0844C0EBC000616801EB400028
:100FA000816821480068173081420CD11F480078C1
:100FB000012808D11C480068C07D2149887600209E
:100FC0001A4908705BE0207E617E0844C0EBC000D7
:100FD000616801EB400041681348006809308142B4
:100FE0000FD11248007801280BD104231D4A4FF677
:100FF0002A411048006808F0C7FA00200B49087021
:101000003DE0207E617E0844C0EBC000616801EBDA
:1010100040004168044800680D3081422FD10348E8
:10102000007801282BD11FE0600600207405002005
:10103000240300204005002052030020DC00002093
:10104000902200201E030020220300202E030020F7
:10105000530300205C0000205F0300206003002099
:101060002D030020D203002004232A4A4FF62E41EC
:101070002948006808F088FA002028490870207C78
:10108000032845D026480078264909680870264874
:101090000078244909684870244800882149096873
:1010A00048802348807D1F490968087121480078DD
:1010B0001C4909688871204800781A490968C87174
:1010C0001E4800781749096808721948007E1549BA
:1010D000096848751648407E1249096888751448A1
:1010E000807E10490968C87500200FE014490A5C29
:1010F00000F109010B4B1B685A5406490A5C00F1C8
:101100000D01084B1B685A54411CC8B20428EDDB82
:1011100010BD0000D603002040050020740500200B
:10112000240300206006002052030020DC00002081
:10113000902200201E0300202203002053030020E1
:10114000D203002070B5054649480678681EC4B22F
:101150004848006800884849098888421FDC45489B
:101160000068008841F26801884218DDC4EB041071
:10117000424901EBC0004088002810DD0F204049A3
:10118000087001203F4908703948007820F00400B9
:10119000374908700846007840F00200087035486A
:1011A0000068008838490988884234DD374800687B
:1011B00042F2107188420BD12D48007820F00400D3
:1011C0002B4908700846007840F00800087022E0BB
:1011D0002F48B0F9000000281DDDC4EB041027499A
:1011E00001EBC0004088002815DD2A48007801285E
:1011F00011D11F48007820F002001D49087000201E
:10120000244908701F201E4908701948007840F0D2
:1012100004001749087006F0020090B914480078DD
:1012200000F0020068B11C4830F81400401C1A4954
:1012300021F81400084600EB44011848006808F043
:1012400085F906F0040090B90948007800F0040020
:1012500068B1134830F81400401C114921F81400FB
:10126000084600EB44010D48006808F06FF970BDB6
:10127000190F00206C0300201803002038180020EC
:10128000590F0020550F00201A03002008100020DD
:1012900004100020D70F0020E41700204005002094
:1012A000EE17002001B586B0FE49069888426BD142
:1012B000FD480068086008460068002862D00120E8
:1012C000FA4BFB4AFBA10090F6480068F7F7ACFF29
:1012D0000120FA4B0022FAA100901046F7F7A4FF74
:1012E0000120FA4B0022FAA100901046F7F79CFF6C
:1012F0000120FA4B0022FAA100901046F7F794FF64
:101300000120FA4B0022FAA100901046F7F78CFF5B
:101310000120FA4B0022FAA100901046F7F784FF53
:101320000120FA4B0022FAA100901046F7F77CFF4B
:101330000120FA4B0022FAA100901046F7F774FF43
:101340000120FA4B0022FAA100901046F7F76CFF3B
:101350000120FB4B0022FBA100901046F7F764FF31
:101360000120FB4B0022FBA100901046F7F75CFF29
:1013700000200346024601460090F7F755FF012082
:1013800007B000BD0020FBE7C8490698884268D135
:101390004822F349F348006807F080F9C248006822
:1013A000C249086008460068002858D00120EE4B6A
:1013B0000022EEA10090BD480068F7F735FF01203C
:1013C000ED4B0022EDA100901046F7F72DFF012014
:1013D000ED4B0022EDA100901046F7F725FF01200C
:1013E000ED4B0022EDA100901046F7F71DFF012004
:1013F000EE4B0022EEA100901046F7F715FF0120FA
:10140000EF4B0022EFA100901046F7F70DFF0120EF
:10141000F04B0022F0A100901046F7F705FFF148CD
:101420000078012812D10020EE4908700220EE4B0E
:10143000EE4AEFA100900020F7F7F6FE0120F14BF5
:101440000022F1A100901046F7F7EEFE00200346BF
:10145000024601460090F7F7E7FE012090E70020E2
:101460008EE7D7490698884277D10020E849096875
:101470000870E8480590E64800680078E64901EB06
:10148000C00040780009E24909684870E0480068F7
:101490000078E14901EBC000C088DD490968488057
:1014A000DB4800680078DD4901EBC0008088D8493E
:1014B00009688880D7480088D5490968A1F80D00D7
:1014C0000320D749087078480068BD49086008467D
:1014D000006800283FD002200090CD48D14AD2A118
:1014E0000368B7480068F7F79FFE02200090C848DD
:1014F00003685B1CCD4ACCA10020F7F795FE2220A3
:1015000000230090C2480268921CC9A11846F7F750
:101510008BFE222000230090BD4802680D32C9A135
:101520001846F7F781FE222000230090B848026891
:10153000121DC9A11846F7F777FE002003460246A0
:1015400001460090F7F770FE5C480068FFF758FA14
:10155000012015E701E0002012E783490698884240
:101560004AD151480068086008460068002841D008
:101570000120BF4B0022BFA100907B480068F7F715
:1015800053FE0120BF4B0022BFA100901046F7F789
:101590004BFE0120C04B0022C0A100901046F7F77F
:1015A00043FE0120C14B0022C1A100901046F7F775
:1015B0003BFE0120C24B0022C2A100901046F7F76B
:1015C00033FE0120C34B0022C3A100901046F7F761
:1015D0002BFE0120C44B0022C4A100901046F7F757
:1015E00023FE00200346024601460090F7F71CFE4A
:1015F0000120C5E60020C3E65F49069888424FD126
:10160000BE480078824909680870BD480078804962
:1016100009684870BB4800887D490968488050487F
:10162000807D7B49096808714D48C07D784909680B
:101630004871B5480078764909688871B3480078E0
:1016400073490968C871B24800787149096808721D
:101650000020059011E0AF490598095C09306C4AFB
:1016600012681154AC490598095C0D30684A12683B
:1016700011540598401CC0B2059005980428EADB77
:10168000A6480078FF2802D10020A4490870A3488A
:1016900000785F4909684874A14800785C4941E1D5
:1016A00022E200007C0500205C06002024060020C9
:1016B000220E0020C9E8D6C30000000080050020EB
:1016C000CAB5CAB1B8E6BEAF00000000940500205C
:1016D000BDBBC1F7C5E4B5E7000000008C050020E4
:1016E000D5FBC1F7C4A3BFE90000000090050020AE
:1016F000B9E2B7FCC4A3BFE900000000480600201F
:10170000EFAEB5E7D0C5CFA20000000098050020DD
:10171000C5E4B5E7D0C5CFA2000000005806002000
:10172000BFD5B5F7D0C5CFA220000000A00500208E
:10173000C0A9D5B9B7D6C2B7D0C5CFA200000000A6
:1017400000060020C0FACAB7BCC7C2BC0000000037
:1017500028060020CFB5CDB3D0C5CFA22000000011
:10176000902200204005002084050020B2CECAFD52
:10177000C9E8D6C300000000D8050020B9A4B3A76B
:10178000C9E8D6C3200000004C060020EFAEB5E744
:10179000C9E8D6C3200000002C060020D6C7C4DC50
:1017A000BFD5BFAAC9E8D6C320000000400600206C
:1017B000C0A9D5B9B5A5D4AAC9E8D6C30000000010
:1017C00044060020B7D6C2B7CFC2B5E7C9E8D6C332
:1017D0000000000020060020C7E5B3FDBCC7C2BC66
:1017E000200000000404002070050020F00C002000
:1017F000B9A4B3A7C3DCC2EB3B20257825782578B4
:10180000257800003C060020545345542000000079
:1018100060060020440200209C010020EC01002012
:10182000500E00200C0B0020256C0000EC0A00205C
:10183000CFC2B5E7B5E7D1B92020202025462E320A
:1018400056000000BBD6B8B4B5E7D1B9202020209F
:1018500025462E3256000000CFC2B5E7CAB1BCE41F
:101860002020202025462E31B7D6D6D300000000F8
:10187000A8050020B5E7B3D8B2CECAFDC9E8D6C3E3
:1018800020000000AC050020B5E7B3D8BEF9B3E4F2
:10189000C9E8D6C320000000B0050020B5E7B3D8E2
:1018A000B2E2CAD4C9E8D6C320000000C8050020AF
:1018B000BDDAC4DCB2CECAFDC9E8D6C32000000040
:1018C000F8050020B8E6BEAFB2CECAFDC9E8D6C35F
:1018D00020000000C0050020CAE4C8EBB8E6BEAF97
:1018E000C9E8D6C320000000C4050020CAE4B3F64E
:1018F000B8E6BEAFC9E8D6C320000000240300202C
:1019000052030020DC0000201E03002022030020E0
:1019100053030020D2030020D60300205F030020E1
:101920006003002009688874FE480078FE49096851
:10193000C874FE480078FC4909680875FC48007EB8
:10194000F94909684875FA48407EF7490968887579
:10195000F748807EF4490968C875F6480068F6497A
:1019600008600846006800287ED00120F34B002262
:10197000F3A10090F0480068F7F756FC0120F54B02
:101980000022F5A100901046F7F74EFC0120F64B1F
:101990000022F6A100901046F7F746FC0220002333
:1019A0000090E148F5A102681846F7F73DFC0220D7
:1019B0000090DD4803689B1DF54AF6A10020F7F76B
:1019C00033FC02200090D84803681433F64AF7A18C
:1019D0000020F7F729FC022000230090D24802687B
:1019E000521CF7A11846F7F71FFC22200023009095
:1019F000CD480268921CF7A11846F7F715FC0220A3
:101A00000090C94803680833E14AF7A10020F7F7BE
:101A10000BFC02200090C44803681233F74AF8A177
:101A20000020F7F701FC02200090BF480368113343
:101A3000D74AF8A10020F7F7F7FBFB480078012808
:101A400047D102200090B8480368DB1DD04AF7A1B7
:101A50000020F7F7E9FB02200090B3480368163333
:101A6000CB4AF7A1002000E03CE0F7F7DDFB0220C5
:101A70000090AD4803681533C54AF6A10020F7F77A
:101A8000D3FB02200090A84803681B1DF64AF7A16B
:101A90000020F7F7C9FB02200090A34803685B1DF4
:101AA000F74AF8A10020F7F7BFFB022000909E48FC
:101AB00003681333B64AF8A10020F7F7B5FB0220FC
:101AC0000090994803681733B14AF8A10020F7F74E
:101AD000ABFB00200346024601460090F7F7A4FB4B
:101AE00001204DE400204BE4F5490698884269D175
:101AF0000020059008E000218B48026805981154E9
:101B00000598401CC0B2059005981628F3DBED48F7
:101B10004079EC490979EB4AD278EA4B9B78CDE9D8
:101B20000032CDE90210E74840780590E54800789A
:101B300004900246E4A17C48059B0068F0F738FC5D
:101B40007C480068DE49086008460068002837D0F5
:101B5000002003460246E2A10090D9480068F7F74A
:101B600063FB20200023E24AE2A100901846F7F729
:101B70005BFB00200346E34AE3A10090F7F754FB28
:101B80000020E54BE54AE6A10090F7F74DFB002069
:101B9000E14BE54AE5A10090F7F746FB002003463C
:101BA00002460090604801680020F7F73DFB0020E6
:101BB0000346024601460090F7F736FB01204DE44C
:101BC00000204BE4DB490698884229D15948006837
:101BD00008600846006808B30120D74B0022D7A14F
:101BE0000090D4480068F7F71FFB0120D74B002274
:101BF000D7A100901046F7F717FB0120D84B002221
:101C0000D8A100901046F7F70FFB002003460246CC
:101C100001460090F7F708FB01201FE400201DE4B7
:101C2000D4490698884238D100203F490968087095
:101C3000D1480078D04948703E480068CD490860D6
:101C40000846006838B302200023CB4A521CCBA1BF
:101C50000090C8480068F7F7E7FA0020CB4BCC4A61
:101C6000CCA10090F7F7E0FA022000902E48CB4A72
:101C7000AFF24C4103680020F7F7D6FA0020034684
:101C8000024601460090F7F7CFFABA480068FEF71F
:101C9000B7FE01205DE400205BE4C149069888425C
:101CA0003ED1C0480078204909680870BE480078D5
:101CB0001D4909684870BD4800781B49096888704B
:101CC000BB48007818490968C870BA4800781649B6
:101CD00009680871002014490968A1F80D00154829
:101CE0000068AF49086008460068002819D0002045
:101CF00000900D48B04AB1A10368A9480068F7F701
:101D000093FA202000230090B048B1A10268184641
:101D1000F7F78AFA202000230090AC48026861E1BE
:101D2000C8E1C5E12D030020600600202E0300203D
:101D3000902200205C060020D8050020FC05002031
:101D4000CAB1BCE4C9E8D6C320202020202020202E
:101D500000000000E8050020B5E7C1F7D0A3D7BC1C
:101D60002020202020200000EC050020B5E7D1B97C
:101D7000D0A3D7BC2020202020200000B3ADB1ED9F
:101D8000C8D520202020202020202544C8D50000B0
:101D9000AC060020BDFBD3C3B7E4C3F9C6F72020CF
:101DA0002020256C00000000C00A0020D4DACFDF1C
:101DB000CFE0CEBB202020202020256C000000009A
:101DC000CDA8D0C5B5D8D6B72020202020202544C6
:101DD00000000000C4A3BFE9CFDEC1F7B5E32020B7
:101DE0002020256425000000B5E7B3D8D4DACFDF82
:101DF000BCECB2E22020256C00000000BC060020F4
:101E0000EFAEB5E7C0E0D0CD202020202020256C0B
:101E100000000000C4A3BFE9B7C0B5C12020202046
:101E20002020256C0000000004040020B9D8CDA3B8
:101E3000B5E7D1D3B3D920202020256C00000000C5
:101E4000BFAABBFACFDEC1F7202020202020256CBE
:101E500000000000B7E5B9D8B3E4B5E74D4F532013
:101E60002020256C0000000078090020BFD5BFAA03
:101E7000B3A7BCD2202020202020256C0000000029
:101E800088090020B2DBCEBBB4CED0F220202020C7
:101E90002020256C00000000B5E7C4DC32202020A3
:101EA000202020202020256C000000004D656E744D
:101EB00065636820202020202020256C0000000081
:101EC00028060020CC0300204D41433A25782D25DB
:101ED000782D25782D25782D25782D257800000062
:101EE000D3B2BCFEB0E6B1BE2056312E30000000A9
:101EF000F4030020C8EDBCFEB0E6B1BE2056254676
:101F00002E32000002000408D7D6BFE2B0E6B1BE10
:101F10002056254F2E254F00200E0020040E0020B5
:101F2000432F534E3A256C00100E0020532F534E72
:101F30003A256C00C8050020CC050020D0DDC3DFA9
:101F4000202020202020202020000000D00500207C
:101F5000B4EDB7E5D3C3B5E7202020202000000072
:101F6000D4050020CAD0B5E7CFF7B7E52020202060
:101F70002000000080050020CD0E0020B8E6BEAF96
:101F8000CAFD203A254F2F244F000000CA0E002022
:101F90004C09002020256C256C256C006809002068
:101FA00088050020680300207A0300202103002018
:101FB0005E0000207B030020E0090020256C20202B
:101FC000256C20256C20256C20256C006C030020DE
:101FD000D6B1C1F7B5E7D1B92020202025462E3251
:101FE00056000000921CEEA11846F7F71DF92020BC
:101FF00000230090EF4802680A32EFA11846F7F775
:1020000013F9202000230090EA4802682B32EFA148
:102010001846F7F709F9202000230090E5480268E8
:102020000C32EFA11846F7F7FFF820200023F14A01
:10203000F1A100901846F7F7F7F830200023F34A93
:10204000F3A100901846F7F7EFF820200023009046
:10205000D84802682632F3A11846F7F7E5F82020A1
:102060000023F54AF5A100901846F7F7DDF8202087
:102070000023F74AF7A100901846F7F7D5F820207B
:102080000023F94AF9A100901846F7F7CDF830205F
:102090000023FB4AFBA100901846F7F7C5F8002083
:1020A0000346024601460090F7F7BEF8012018E506
:1020B000002016E5F7490698884278D1F64800686E
:1020C00008600020F54909684873059008E0002180
:1020D000F2480268059811540598401CC0B205905A
:1020E00005981628F3DB0220EC4909684870EC4893
:1020F0000078EA4909688877E6480068002873D0C4
:1021000002200023E74AE8A10090E2480068F7F7C0
:102110008BF800200090E148E94AEAA1036800201A
:10212000F7F782F8202000230090DC480268921C18
:10213000E8A11846F7F778F8202000230090D74848
:102140000268921DE8A11846F7F76EF820200023D8
:102150000090D24802680A32E8A11846F7F764F8FE
:1021600002200090CD4803680C33E84AAFF2A81172
:102170000020F7F759F8E6480078012826D100201A
:102180000346E44AE4A10090F7F74EF800200090DF
:10219000C24803681F33E24AE2A10020F7F744F87F
:1021A00002200090BD4803680E33E14A00E01DE0C4
:1021B000E0A10020F7F738F8022000230090B7488C
:1021C00002681E32E2A11846F7F72EF800200346F7
:1021D000024601460090F7F727F8AE480068FEF780
:1021E0000FFC01207DE4FFE700207AE4DC4906983B
:1021F000884266D1A848006808600020A74909689D
:102200004873059008E00021A4480268059811541D
:102210000598401CC0B2059005980C28F3DB0220FD
:102220009E4909684870CE480068002847D00220BF
:1022300000239C4A9CA10090C9480068F6F7F4FF6F
:102240000020009095489E4A9EA103680020F6F762
:10225000EBFF20200023009090480268921C9DA173
:102260001846F6F7E1FF2020002300908B48026813
:10227000921DBCA11846F6F7D7FF2020002300903E
:10228000864802680A329DA11846F6F7CDFF022063
:102290000090824803680C339C4AAFF2D42100209E
:1022A000F6F7C2FF00200346024601460090F6F70B
:1022B000BBFFAB480068FEF7A3FB012011E4002040
:1022C0000FE4AD490698884267D1734800680860FA
:1022D00008460068002861D0A848007800F0040093
:1022E00004281ED1202000230090A548A5A1026843
:1022F000A1480068F6F798FF202000230090A0482E
:1023000002681432A3A11846F6F78EFF202000239E
:1023100000909B4802681A32A2A11846F6F784FF83
:1023200016E0002003460246A3A1009092480068F0
:10233000F6F77AFF002003460246A4A10090F6F7C4
:1023400073FF002003460246A5A10090F6F76CFF3C
:102350008A48007800F00200022820D120200023C3
:10236000009087480268921CA2A11846F6F75CFF0D
:10237000202000230090824802681632A1A118464E
:10238000F6F752FF2020002300907D4802681C329F
:10239000A0A11846F6F748FF5BE1FAE1F7E143E157
:1023A000D7DCB5E7C1F720202020202025462E319C
:1023B000410000006C030020B8BAD4D8B5E7C1F7DB
:1023C0002020202025462E3141000000B1B8B5E77D
:1023D000B5E7C1F72020202025462E31410000001E
:1023E000B1B8B5E7534F43202020202025462E3298
:1023F0002500000004100020B5E7B3D8B5E7C1F709
:102400002020202025462E31410000000810002009
:10241000B5E7B3D8534F43202020202025462E3245
:1024200025000000B5E7B3D8CEC2B6C820202020D2
:1024300025462E32A1E6000010100020B5E7D0BEE0
:10244000B5E7D1B920202025462E325600000000E5
:10245000FA0F0020B5E7D0BEB7C5B5E7C1BF202051
:102460002025472E304148006C0F0020C9E8B6A84F
:10247000B7C5B5E7C1BF20202025472E3041480011
:10248000FC0F0020D7DCB7C5B5E7C1BF3A25472E02
:10249000304148008C0500205C06002060060020CA
:1024A000F2100020300E0020B5B1C7B0C4A3BFE9C0
:1024B0002020202020202020254F2F244F00000006
:1024C000340A0020B9A4D7F7D7B4CCAC2020256CAF
:1024D0002F256C00CAE4B3F62025462E3256202064
:1024E00025462E3241000000CAE4C8EB2025462EC6
:1024F0003156202025462E31487A0000CEC2B6C87B
:10250000202020202025462E32A1E6003C0A002073
:102510005F0300201C0E00204D2F534E3A256C0007
:10252000780D0020BDE2B0F3D7B4CCAC3A256C00F6
:10253000440D0020BDE2B0F3BFDAC1EE3A256C25B0
:102540006C256C256C256C256C256C256C000000B9
:10255000CBF8B6A8D1D3CAB120254FD0A1CAB100BB
:1025600090050020CAE4C8EB2025462E31562020D5
:1025700025462E3241000000940500202E03002045
:102580009003002041CFE0B5E7D1B92020202546B7
:102590002E32560041CFE0B5E7C1F7202020254676
:1025A0002E32410041CFE0B9A6C2CA2020202546E4
:1025B0002E324B570000000041CFE0B5E7D1B920E3
:1025C00020202D2D2D2D2D2D5600000041CFE0B5C2
:1025D000E7C1F72020202D2D2D2D2D2D41000000AD
:1025E00041CFE0B9A6C2CA2020202D2D2D2D2D2DA2
:1025F0004B57000042CFE0B5E7D1B9202020254657
:102600002E32560042CFE0B5E7C1F7202020254604
:102610002E32410042CFE0B9A6C2CA202020254672
:102620002E324B5700000000002003460246F8A15E
:102630000090F6F7F9FD002003460246F9A100904C
:10264000F6F7F2FD002003460246FBA10090F6F7E4
:10265000EBFDFE48007800F00100F0B120200023DF
:102660000090FB480268121DFAA11846F6F7DCFD3F
:10267000202000230090F64802681832F9A118467D
:10268000F6F7D2FD202000230090F14802681E32A8
:10269000F8A11846F6F7C8FD14E0002003460246EC
:1026A000F9A10090F6F7C0FD002003460246FBA109
:1026B0000090F6F7B9FD002003460246FCA1009009
:1026C000F6F7B2FD202000230090E1480268921D39
:1026D000FCA11846F6F7A8FDFE48007890B9302016
:1026E00000230090DA4802682032FBA11846F6F772
:1026F0009BFD30200023FC4AFCA100901846F6F711
:1027000093FD3BE0002003460246FCA10090F6F753
:102710008BFD30200023FC4AFCA100901846F6F700
:1027200083FD30200023F84A121DFCA100901846BA
:10273000F6F77AFD30200023F34A0832FBA100901F
:102740001846F6F771FD30200023EF4A0C32FBA14A
:1027500000901846F6F768FD30200023EA4A103250
:10276000FAA100901846F6F75FFD30200023E64AF4
:10277000121FFAA100901846F6F756FD00200346F6
:10278000024601460090F6F74FFD01208FE400203D
:102790008DE4F649069888425DD10020F449096825
:1027A00008800120F249096888700020F049096812
:1027B000C87005900FE0EF490598085C002806DD19
:1027C000EB480068C078401CE9490968C870059862
:1027D000401CC0B2059005980C28ECDB0020E449B1
:1027E00009688880E2490968C1F80600E248006883
:1027F000DE4908600846006858B3022000230090B4
:10280000DB480268921CDDA1D8480068F6F70CFD91
:10281000202000230090D6480268121DDCA1184633
:10282000F6F702FD302000230090D1480268921D87
:10283000DAA11846F6F7F8FC0020034602460146E6
:102840000090F6F7F1FCC9480068FEF7D9F80120BE
:102850002DE400202BE4D549069888425DD1012063
:10286000C349096888700620C1490968C8700020FA
:10287000BF4909688880BE490968C1F80600BC499B
:102880000968C1F80A00BC480068C84908600846E1
:102890000068E8B302200090B54803689B1CC44A56
:1028A000C4A1C2480068F6F7BFFC202000230090B6
:1028B000AF480268121DB6A11846F6F7B5FC3020E5
:1028C00000230090AA480268921DB4A11846F6F7AA
:1028D000ABFC202000230090A548B9A1026818464F
:1028E000F6F7A2FC302000230090A14802680A32CB
:1028F000B7A11846F6F798FC0020034602460146A9
:102900000090F6F791FCA9480068FEF779F800E01E
:1029100001E0012066E4002064E4B14906988842A1
:1029200042D1012092490968087004209049096841
:10293000487091480068AA4908600846006880B35A
:102940000220002300908A48A6A10268A4480068DB
:10295000F6F76AFC20200023009085480268921C4C
:10296000A5A11846F6F760FC2020002300908048BF
:102970000268121D86A11846F6F756FC3020002387
:1029800000907B480268921D9EA11846F6F74CFC09
:1029900000200346024601460090F6F745FC012060
:1029A00020E4FFE700201DE49A49069888422DD1D3
:1029B0000120994908707048006896490860964857
:1029C0000078401E954931F81000694909688884EB
:1029D00091480078401E924931F810006449096816
:1029E000C8848C480068002811D0022000238A4A3D
:1029F0008CA1009087480068F6F716FC2020002381
:102A000000905B488DA10268184621E1C7E1C4E14E
:102A100042CFE0B5E7D1B92020202D2D2D2D2D2D31
:102A20005600000042CFE0B5E7C1F72020202D2D51
:102A30002D2D2D2D4100000042CFE0B9A6C2CA20A5
:102A400020202D2D2D2D2D2D4B5700002E03002045
:102A50009003002043CFE0B5E7D1B92020202546E0
:102A60002E32560043CFE0B5E7C1F720202025469F
:102A70002E32410043CFE0B9A6C2CA20202025460D
:102A80002E324B570000000043CFE0B5E7D1B9200C
:102A900020202D2D2D2D2D2D5600000043CFE0B5EB
:102AA000E7C1F72020202D2D2D2D2D2D41000000D8
:102AB00043CFE0B9A6C2CA2020202D2D2D2D2D2DCB
:102AC0004B570000C6B5C2CA20202025462E3148EB
:102AD0007A00000020030020B5E7C4DC3A25462E2A
:102AE000314B574800000000FC100020B5E7C4DC63
:102AF0003A25472E334B574800000000B4EDB7E5A8
:102B0000B5E7C4DC0000000038790020BCE2B7E57E
:102B10003A25462E314B574800000000B8DFB7E594
:102B20003A25462E314B574800000000C6BDB6CEB0
:102B30003A25462E314B574800000000B5CDB9C8A4
:102B40003A25462E314B574800000000D7DCB9B279
:102B50003A25462E314B574800000000C6E4CBFC16
:102B60003A25462E314B57480000000098050020BA
:102B700060060020287900205C060020C5E4B5E747
:102B8000B7D6C2B72020202020254F2F2444000094
:102B9000B5E7C1F7202025462E314100B5E7C1BF7A
:102BA000202025472E324B57480000009C0500206E
:102BB0004C0B0020D7E2BBA72020256C00000000B2
:102BC000B0D9B7D6B1C82025462E31250000000067
:102BD000B5E7C1BF32202025472E314B57480000B2
:102BE000A0050020D3C3BBA7B7D6C2B720202020A2
:102BF0002020254F2F244400B5E7D1B920202546B9
:102C00002E315600B5E7C1BF202025472E334B5744
:102C10004800000048060020F00F0020E4170020C4
:102C2000EE170020B5B1C7B0B5E7B3D820202020FB
:102C300020202020254F2F244F000000D7DCCFDF9D
:102C4000B5E7D1B92020202025462E3256000000BD
:102C5000F6F7EAFA202000230090FB480268921C55
:102C6000FAA11846F6F7E0FA202000230090F64873
:102C70000268121DFAA11846F6F7D6FA20200023A2
:102C80000090F14802682032FAA11846F6F7CCFA13
:102C900002200090EC4803681A33FB4AFBA1002095
:102CA000F6F7C2FA2120FD4B0090E748026808328F
:102CB000FBA10020F6F7B8FA022000230090E248BA
:102CC00002680A32FBA11846F6F7AEFA202000236C
:102CD0000090DD4802680C32FBA11846F6F7A4FA12
:102CE000202000230090D84802680E32FBA118462D
:102CF000F6F79AFA2120FE4B0090D34802681C3266
:102D0000FCA10020F6F790FA202000230090CE4886
:102D100002681032FCA11846F6F786FA02200090ED
:102D2000C94803681233FD4AFDA10020F6F77CFA7A
:102D300002200090C44803681433F84AFCA1002024
:102D4000F6F772FA202000230090BF48026816327E
:102D5000FBA11846F6F768FA222000230090BA4833
:102D600002682432FBA11846F6F75EFA22200023FF
:102D70000090B54802682632FAA11846F6F754FAD0
:102D800000200346024601460090F6F74DFAF94846
:102D90000068FDF735FE0120F8E40020F6E4BF49A5
:102DA000069888424ED1F4480068086008460068DA
:102DB000F0B3002003460246F0A10090B748006837
:102DC000F6F732FA002005902CE00598401CC1B2BD
:102DD0009D48026805981154002000909A480168A7
:102DE0000598084400230246E8A104901846F6F727
:102DF0001BFA20200090E9480078401EC0EB00102C
:102E0000E74901EBC0004430059900EB4100002385
:102E10000246A6A104901846F6F706FA0598401C4B
:102E2000C0B2059005980428CFDB0020034600E0DF
:102E300006E0024601460090F6F7F6F90120A5E407
:102E40000020A3E4AA490698884261D1CA480068D4
:102E5000086008460068E8B300200090CF4800787A
:102E6000401EC0EB0010CE4901EBC0000E30002325
:102E70000246CCA105909E480068F6F7D5F90020DF
:102E800005902EE00598401CC1B26F480268059875
:102E90001154002000906C480168059808440023F4
:102EA0000246C4A104901846F6F7BEF9202000900F
:102EB000BA480078401EC0EB0011B94800EBC100D1
:102EC0002030059900EB410000230246BDA104908B
:102ED000184600E01AE0F6F7A7F90598401CC0B2C2
:102EE0000590AE480078401EC0EB0010AC4901EBE5
:102EF000C000C18905988142C4DC00200346024617
:102F000001460090F6F790F901203FE400203DE4EF
:102F1000AE49069888427DD14B4800680590AC4880
:102F2000018805980180AB48018805984180AA482E
:102F3000018805988180A94801880598C180A84822
:102F400001880598018105980A300490A548006819
:102F5000017804980170A448017804984170A3484E
:102F6000017804988170A24801780498C170A14842
:102F700001880598C1819F484188059801829D4834
:102F80008188059841829B48C1880598818299482B
:102F900001890598C182974841890598018396481F
:102FA000018805984183744800688849086008468C
:102FB0000068002846D002200090904A90A18348E3
:102FC000049B0068F6F730F92220814B009091A114
:102FD0000020059AF6F728F922207E4B0090059AEA
:102FE000921C91A10020F6F71FF92220824B00903D
:102FF000059A1A3291A10020F6F716F922200090C6
:10300000049B5B1C454A92A10020F6F70DF9222093
:10301000714B00E08FE10090059A121D91A10020F4
:10302000F6F702F922206E4B0090059A083293A120
:103030000020F6F7F9F80020684B0090059A921DE1
:1030400093A12FE175E1000060060020B5E7B3D839
:10305000B5E7D1B92020202025462E3256000000A9
:10306000B5E7B3D8B5E7C1F72020202025462E329A
:10307000410000004962617420202020202020208F
:1030800025462E3241000000F80D0020B3E4B7C5FC
:10309000D7B4CCAC20202020256C000054060020A2
:1030A000B5E7B3D8CEC2B6C8202020202564A1E65B
:1030B00000000000B5E7B3D8D0BECAFD2020202014
:1030C0002544B8F600000000534F43202020202064
:1030D0002020202025462E3225000000534F482076
:1030E000202020202020202025462E3225000000F0
:1030F00050060020B5A5CCE5B5E7D1B92025462E70
:10310000332D25462E335600B6EEB6A8C8DDC1BF16
:103110002020202025462E3241480000AC06002009
:103120004D4F53B3E4B1D5BACF202020256C000019
:103130004D4F53B7C5B1D5BACF202020256C000024
:10314000B7C5B5E7B5E7C1F72020202025462E32C8
:1031500041000000B7C5B5E7B4CECAFD202020204D
:1031600025640000B3E4B5E7B4CECAFD20202020DA
:1031700025640000480600205C060020B5A5CCE5CB
:10318000CEC2B6C82034B8F600000000B5A5CCE524
:10319000CEC2B6C82020202025440000F00F002019
:1031A00038180020B5A5CCE5B5E7D1B9202544B83D
:1031B000F6000000B5A5CCE5B5E7D1B92020202068
:1031C0002544000025462E3356000000A8050020A7
:1031D000B0000020B2000020FE000020B800002057
:1031E000B6000020640000202303002050030020CC
:1031F000A810002060020020FC000020080A002027
:10320000CAD6B6AFB9A4D7F7C4A3CABD20256C20CF
:1032100000000000B8A1B3E4B5E7D1B92020202018
:10322000202025462E325600BEF9B3E4B5E7D1B9C9
:1032300020202020202025462E325600B9E2B7FC5F
:10324000B5E7D1B9B2EE2020202025462E33560016
:10325000CEC2B6C8B2B9B3A5CAB9C4DC2020256CA9
:1032600000000000CEC2B2B9CFB5CAFD2020202098
:10327000202025646D562FA1E6000000D7DCB5E7BD
:10328000B3D8CFDEC1F720202025462E32430000E0
:10329000D7DCB5E7B3D8C8DDC1BF20202025644105
:1032A00068000000F5F7C0FFFE480078002808DD40
:1032B000002003460090049AD21CFBA1F5F7B4FF4E
:1032C0002EE0F848007858BB0220FC4B0090049A8E
:1032D000921CFBA10020F5F7A7FFF8480078002812
:1032E0001EDD0020039016E00220FA4900900398AA
:1032F00001EB400002900398C01D059901EB4000CE
:1033000001900246F4A10020029BF5F78DFF03987F
:10331000401CC0B20390E949097803988842E3DB76
:1033200000200346024601460090F5F77DFF01208C
:1033300032E5002030E5ED49069888424FD1EC484F
:103340000078EC4909680870EB480078E949096899
:103350004870EA480078E74909688870E8480088BA
:10336000E4490968A1F80300E6480068DF490860FD
:103370000846006880B302200090DE48E24AE3A1DC
:103380000368DA480068F5F74FFF02200023009039
:10339000D8480268521CE2A11846F5F745FF022002
:1033A00000230090D3480268921CE2A11846F5F76A
:1033B0003BFF2220D24B0090CE480268D21CE2A1F3
:1033C0000020F5F731FF0020034602460146009039
:1033D000F5F72AFF0120DFE4FFE70020DCE4DF4906
:1033E000069888427ED1DE480078C2490968087094
:1033F000DC480078BF4909684870DB480088BD494F
:103400000968A1F80300D9480088BA490968A1F8F9
:103410000500D7480088B74909688881D5480078F1
:10342000B4490968C871D4480078B249096848723B
:10343000D2480078AF4909688872B2480068C74925
:1034400008600846006800285AD002200090A94869
:1034500003680933AC4ACAA1C0480068F5F7E4FE26
:103460000220BF4B0090A348CAA102680020F5F7D4
:10347000DBFE0220002300909E480268D21DCAA1F4
:103480001846F5F7D1FE0220002300909948026803
:103490000A32CAA11846F5F7C7FE2220B24B0090A7
:1034A00094480268D21CCAA10020F5F7BDFE222074
:1034B000AE4B00908F480268521DCAA10020F5F75C
:1034C000B3FE0220A74B00908A480268521CCAA192
:1034D0000020F5F7A9FE0220A54B00908548026860
:1034E0000C3200E00EE0C9A10020F5F79DFE00209F
:1034F0000346024601460090F5F796FE01204BE494
:10350000002049E4C649069888427CD1C548008815
:10351000784909680880C448008876490968488065
:10352000C2480088734909688880C1480088714989
:103530000968C880BF4800886E4909680881BE488C
:1035400000886C4909684881BC4800886949096855
:103550008881BB48008867490968C881B9480088E4
:10356000644909680882B848008862490968488245
:1035700064480068AA4908600846006800286FD0BF
:103580002220A84B00905B48B0A10268A4480068C4
:10359000F5F74AFE2220A44B009056480268921C80
:1035A000AFA10020F5F740FE2220A04B009051482B
:1035B0000268121DAFA10020F5F736FE22209C4BB9
:1035C00000904C480268921DAFA10020F5F72CFE38
:1035D0002220984B0090474802680832AFA1002093
:1035E000F5F722FE2220984B0090424802681232E2
:1035F000AFA10020F5F718FE22208F4B00903D4828
:1036000002680A3200E02DE0AEA10020F5F70CFEC2
:1036100022208A4B0090374802680C32AFA100206C
:10362000F5F702FE2220864B0090324802680E32E7
:10363000B0A10020F5F7F8FD2220824B00902D4824
:1036400002681032B0A10020F5F7EEFD002003461D
:10365000024601460090F5F7E7FD012055E4FFE73B
:10366000002052E4AD490698884219D10120214931
:1036700009680870AA4805901E4800680078401C38
:10368000A84901EBC000407800091A490968487050
:10369000184800680078401CA24901EBC00043E1D3
:1036A00096E10000A8100020BFD5BFAAB5E7B3D8A7
:1036B000B7D6C2B7CAFD2020254400005003002021
:1036C000C7A6CBE1B5A5D4AAB5E7B3D8CAFD2020DB
:1036D0002544000060020020C7A6CBE1B5E7B3D8BF
:1036E000C8DDC1BF2020256441680000B00500206E
:1036F0001D030020600600202C0300203103002061
:10370000B40000205C060020AC060020D6DCC6DA3F
:10371000B7C5B5E7B2E2CAD4202020256C2000004E
:10372000B2E2CAD4D6DCC6DA2020202020202544EC
:10373000CCEC0000B2E2CAD4CAB1B3A4202020204D
:10374000202544D0A1CAB100B2E2CAD4BDE1CAF872
:10375000B5E7D1B92025462E32560000AC05002031
:103760002B030020BE000020BA000020BC00002077
:10377000C0000020300300201C0300205403002060
:10378000D7D4B6AFBEF9B3E42020202020256C208A
:1037900000000000BEF9B3E4D6DCC6DA2020202009
:1037A000202544CCEC000000BEF9B3E4CAB1B3A4B8
:1037B00020202020202544D0A1CAB100D7EED0A1DE
:1037C000B7C5B5E7CAB1B3A4202544B7D6000000F9
:1037D000BEF9B3E4C6F4B6AFCFB5CAFD2025462E78
:1037E00032430000BEF9B3E4BDE1CAF8CFB5CAFD6B
:1037F0002025462E32430000BEF9B3E4C6F4B6AF2E
:10380000D1D3CAB1202544B7D6000000BEF9B3E435
:10381000BDE1CAF8D1D3CAB1202564B7D6000000F3
:10382000F8050020C2000020C4000020C6000020CF
:10383000C8000020CA000020CC000020CE000020DC
:10384000D0000020D200002052020020CAE4C8EBC1
:10385000C7B7D1B92020202025462E3256000000BF
:10386000CAE4C8EBB9FDD1B92020202025462E326C
:1038700056000000CAE4C8EBB9FDC1F720202020A3
:10388000202025462E324100B5E7B3D8B5CDD1B9B9
:1038900020202020202025462E325600CAE4B3F6F0
:1038A000B9FDD1B920202020202025462E325600F7
:1038B000CAE4B3F6C7B7D1B920202020202025467E
:1038C0002E325600C6B5C2CAC9CFCFDE2020202076
:1038D000202025462E32487A00000000C6B5C2CA14
:1038E000CFC2CFDE20202020202025462E32487A4D
:1038F00000000000B5E7B3D8CEC2B6C8B8DF2020BC
:1039000025462E32A1E60000B5E7B3D8CEC2B6C830
:10391000B5CD202025462E32A1E60000B8050020B6
:10392000440200209C010020C088FD4909684880AD
:10393000FB4800680078401CFA4901EBC000808811
:10394000F749096888800020F54909684873F648F6
:103950000068F649086008460068B0B302200023FA
:103960000090EF48F2A10268F0480068F5F75CFCAF
:1039700002200090EA4803685B1CF14AAFF6E801B8
:103980000020F5F751FC222000230090E448026853
:10399000921CEC491846F5F747FC222000230090C2
:1039A000DF480268121DE74928311846F5F73CFC4C
:1039B000DE480068FDF724F8002003460246014671
:1039C0000090F5F731FC0120B2E4FFE70020AFE4FE
:1039D000DD490698884224D1D34800680860052054
:1039E000DA490870D8480068C8B100200346D84AB0
:1039F000D8A10090D4480068F5F716FC00200346D3
:103A0000D34A921CD8A10090F5F70EFC0020034683
:103A1000024601460090F5F707FC012088E40020EB
:103A200086E4D649069888427ED1D5480078401E63
:103A3000D44911F8100000F07F00B94909680870F6
:103A4000CF480078401ECF4931F81000C0F3C110B4
:103A5000B34909684870CA480078401EC94931F81E
:103A60001000C0F34220AE4909688870C44800784D
:103A7000401EC44931F81000000B062190FBF1F202
:103A800001FB1200A6490968C87001200590BC48D6
:103A90000178491E05988840BB490988084018B933
:103AA0000020B749487002E00120B54948709E489F
:103AB0000168B2480160006898B30220B04BB34A75
:103AC000B3A10090AD480068F5F7AEFB022000906E
:103AD0009348B34AB3A103680020F5F7A5FB022081
:103AE00000908F4803685B1CB24AB3A10020F5F731
:103AF0009BFB022000908A4803689B1CB24AB3A13A
:103B00000020F5F791FB0020034602460146009095
:103B1000F5F78AFB99480068FCF772FF012007E47B
:103B200002E0FFE7002005E4AB49069888422FD168
:103B300001207B490968087092480088000B784989
:103B40000968487078480068A3490860084600681A
:103B5000E0B10220002300907148A0A102689E48B5
:103B60000068F5F761FB022000906D4803685B1C5C
:103B70009D4A8FA10020F5F757FB0020034602461F
:103B800001460090F5F750FB012024E4002022E4D8
:103B90009649069888427ED1954800786049096820
:103BA0000870944800785E49096848709248007827
:103BB0005B49096888709148007859490968C8705C
:103BC0008F4800785649096808718E480078544932
:103BD000096848718C48008851490968A1F80700B4
:103BE000514800688149086008460068F0B3022027
:103BF00000904B48854A86A103687C480068F5F729
:103C000013FB02200090464803685B1C7F4A85A195
:103C10000020F5F709FB0220774B0090404802682E
:103C2000921C85A10020F5F7FFFA0220734B00904B
:103C30003B480268D21C85A10020F5F7F5FA022066
:103C40006F4B009036480268121D85A10020F5F7E1
:103C5000EBFA02206B4B009031480268521D85A19F
:103C60000020F5F7E1FA0220674B01E011E012E0D5
:103C700000902B480268D21D84A10020F5F7D4FAE9
:103C800000200346024601460090F5F7CDFA0120D8
:103C900035E4002033E48249069888423FD18148C8
:103CA00000781F49096808707F4800881C49096826
:103CB000A1F801007D48008819490968A1F80300AE
:103CC0007B48008816490968A1F8050079480088F2
:103CD00013490968A1F80700774800881049096866
:103CE000A1F80900754800880D490968A1F80B0082
:103CF000734800890A490968A1F80D007048808856
:103D000007490968A1F80F006D484088044909680F
:103D1000A1F811006A48C08801490968D2E02BE186
:103D200060060020EC0100205C060020B8050020A1
:103D3000D3C3BBA7B7D6C2B720202020254400009C
:103D4000EC0A002030180108BC050020500E0020AD
:103D500097100020C8EDBCFEB0E6B1BE202056256D
:103D6000442E254400000000D3B2BCFEB0E6B1BE34
:103D700020205625442E254400000000C0050020C8
:103D80007A06002000010020AA0E0020E00B00208F
:103D900044493A256C20B8E6BEAF3A246C000000D6
:103DA000D00B0020B8E6BEAFC0E0D0CD2020202050
:103DB000256C0000CC0B0020B4A5B7A2D0CDCABDA5
:103DC00020202020256C0000DC0B0020B8E6BEAFD0
:103DD000BAC52020256C0000C4050020BCCCB5E786
:103DE000C6F73A2544200000200C0020CC05002016
:103DF0001F0300207D03002026030020270300204E
:103E0000280300202A030020DA000020AC0600204E
:103E1000CAB9C4DC20202020202020202020256CAE
:103E200000000000D0DDC3DFD4DDCDA320202020A2
:103E30002020256C00000000BBF9CAFD20202020B6
:103E4000202020202020254400000000D0DDC3DFFA
:103E5000B4F8D4D8C2CA2020202025442500000070
:103E6000BBBDD0D1B4F8D4D8C2CA2020202025446C
:103E700025000000C2D6BBBBD6DCC6DA202020203D
:103E800020202544D0A1CAB100000000B2E2CAD46B
:103E9000D6DCC6DA2020202020202564C3EB0000D9
:103EA000D005002020030020DE000020E0000020DC
:103EB000FA000020EA000020E6000020E8000020D0
:103EC00056020020A1F81300FA480068FA49086079
:103ED00008460068F0B302200090F848F84AF9A1BB
:103EE0000368F5480068F5F79FF92220F94B009028
:103EF000F2480268521CF8A10020F5F795F922203B
:103F0000FA4B0090ED480268521DF9A10020F5F728
:103F10008BF92220FB4B0090E8480268D21DFAA1E1
:103F20000020F5F781F92220FC4B0090E34802685D
:103F30000932FBA10020F5F777F92220FD4B009014
:103F4000DE4802680B32FCA10020F5F76DF9012074
:103F5000FE4B00E00EE00022FDA100901046F5F7B8
:103F600063F900200346024601460090F5F75CF92C
:103F7000012029E5002027E5F449069888425DD113
:103F8000F6480078CD4909680870F5480078CB49B3
:103F900009684870C7480068EC490860084600682E
:103FA000C0B3022000230090C448EEA10268E74895
:103FB0000068F5F739F9022000230090BF48026835
:103FC000921CEEA11846F5F72FF90220002300906D
:103FD000BA480268921DEEA11846F5F725F90220AD
:103FE0000090B64803680A33EE4AEFA10020F5F7C7
:103FF0001BF902200090B14803680B33ED4AEEA193
:104000000020F5F711F9222000230090AB48026848
:104010000C3200E010E0ECA11846F5F705F900209D
:104020000346024601460090F5F7FEF8C7480068CF
:10403000FCF7E6FC0120C7E40020C5E4E649069849
:10404000884256D1E54800789C4909680870E448E0
:1040500000889A490968A1F80300E2480088974956
:104060000968A1F80500E048008894490968A1F8AA
:104070000700DE48007891490968C8728D480068D9
:10408000D54908600846006880B3022000908B483C
:104090008B4AD7A10368D0480068F5F7C5F82220FD
:1040A000CF4B009085480268D21CD6A10020F5F7BE
:1040B000BBF82220CB4B009080480268521DD6A14D
:1040C0000020F5F7B1F82220C74B00907B4802682A
:1040D000D21DD6A10020F5F7A7F80020034602461E
:1040E00001460090F5F7A0F801206DE4FFE70020FD
:1040F0006AE4D349069888427BD16E48006808601C
:1041000000206E49096808706C490968C8706B49DD
:1041100009680871694909684871684909688871BE
:1041200066490968C8716549096808726349096880
:10413000487262490968887260490968C8725F49B3
:1041400009680873BE480068F0B3022000905B481D
:104150000368DB1CBB4A96A1B9480068F5F764F810
:1041600002200090554803681B1DB74AB7A10020E4
:10417000F5F75AF820200023009050480268521D9D
:10418000B6A11846F5F750F8202000230090B84853
:104190000268921CB7A11846F5F746F80220009075
:1041A0004648474AB8A103680020F5F73DF82020AB
:1041B0000023009041480268D21DB6A11846F5F7C9
:1041C00033F82220002301E011E012E000903B4888
:1041D00002680B32B2A11846F5F726F80020034614
:1041E000024601460090F5F71FF8012016E4002072
:1041F00014E4B049069888425AD100202F49096832
:10420000C8709B48006880882C4909688880002015
:104210002A4909688871FF2028490968C87142F253
:10422000107026490968088122480068A149086081
:1042300008460068D8B30220009020480368DB1CC1
:10424000804A5BA19B480068F4F7EEFF2020002322
:10425000009087480268921C97A11846F4F7E4FF83
:1042600020200023009015480268121D97A11846CF
:10427000F4F7DAFF022000901048984A98A10368EA
:104280000020F4F7D1FF2220002300900B480268A1
:10429000083296A11846F4F7C7FF002003460246ED
:1042A00001460090F4F7C0FF8248006824E127E14E
:1042B00028E100005C060020D005002060060020F8
:1042C000AC060020B4EDB7E5CAB9C4DC2020202537
:1042D0006C000000DE000020B0B2C8ABB7C5B5E787
:1042E000B5E7D1B9202025462E325600FA0000202D
:1042F000EFAEB5E7B1A3B5D7C8DDC1BF20202546D5
:104300002E322500EA000020EFAEB5E7BBD8B3E4BB
:10431000C8DDC1BF202025462E322500E600002042
:10432000EFAEB5E7B7C5B5E7B5E7D1B9202025466B
:104330002E325600E8000020EFAEB5E7B3E4B5E753
:10434000B5E7D1B9202025462E325600F4050020CD
:10435000CAB1B6CEC9E8D6C300000000480E00209E
:10436000490E0020B5B1C7B0CAB1B6CE202020207A
:10437000202020254F2F254F00000000C8D5C6DA89
:10438000B6CE2020254F2F254F2D244F2F244F0010
:10439000CAB1BCE4B6CE2020254F3A254F2D244F7C
:1043A0003A244F00580A0020C4A3CABD2020202070
:1043B000256C00006C0A0020B3E4B7C5B5E7C4A3C0
:1043C000CABD202020256C00B7C5B5E7C1BF20209D
:1043D00025462E3041480000D4050020210300204E
:1043E000EC000020EE000020F00000202E03002052
:1043F000C6F4D3C3202020202020202020202020ED
:1044000020256C004C31CFE0B9A6C2CA2020202064
:1044100025462E314B7700004C32CFE0B9A6C2CAF8
:104420002020202025462E314B7700004C33CFE052
:10443000B9A6C2CA2020202025462E314B77000085
:10444000E8050020680C0020B80C0020B7D6C1F7A2
:10445000C6F7C1BFB3CC3A20256C0000D0A3D7BCAF
:10446000B5E7C1F73A202025462E31410000000073
:104470006C030020C4A3BFE9B5E7C1F73A202025AB
:10448000462E314100000000C1E3B5E33A2020256B
:104490006C00000025462E33562F25462E3356003D
:1044A000CAB5B2E2B5E7C1F73A202025462E314120
:1044B00000000000DC050020C4A3BFE9B5E7C1F798
:1044C00020202020202025462E314100D0A3D7BC1B
:1044D000B5E7C1F73A2025462E314100980A002061
:1044E000C1BFB3CC3A20256C00000000C1E3B5E3A6
:1044F0003A20256420000000FCF782FA012038E50C
:10450000002036E5FE490698884230D10020FD495A
:104510000968087041F28830FA490968A1F8010079
:10452000F9480068F649086008460068E8B12020AC
:1045300000230090F54802682232F5A1F048006897
:10454000F4F772FE222000230090EE480268521C0D
:10455000F3A11846F4F768FE002003460246014620
:104560000090F4F761FE012003E5002001E5F04929
:104570000698884224D1E44800680860084600682C
:10458000E0B1022000230090DE48EAA10268E8487A
:104590000068F4F749FE022000230090D948026821
:1045A000921DE8A11846F4F73FFE0020034602469C
:1045B00001460090F4F738FE0120DAE40020D8E448
:1045C000E449069888423AD1CF4800680860084616
:1045D000006888B30120E04B0022E0A10090DD4894
:1045E0000068F4F721FE0120DF4B0022DFA10090DC
:1045F0001046F4F719FE0120DF4B0022DFA10090E6
:104600001046F4F711FE0120E04B0022E0A10090DB
:104610001046F4F709FE0120E14B0022E1A10090D1
:104620001046F4F701FE00200346024601460090C2
:10463000F4F7FAFD01209CE4FFE7002099E4C64965
:104640000698884267D1B04800680860084600684C
:10465000F0B3AC48006805900598001D04900498DC
:104660000C3003904FF0FF31D148018001210598B3
:104670000180D0480188059841800020029008E020
:1046800000220299049820F811200298401CC0B220
:10469000029002980628F3DB0020029007E0002237
:1046A000DDE9021042540298401CC0B20290029808
:1046B0000428F4DB022000230090BFA1A648059A3D
:1046C0000068F4F7B1FD002003460090BFA100E0B0
:1046D0001FE0049AF4F7A8FD00200090039BDB1C68
:1046E000BF4AAFF23431F4F79FFD00200090BD4A7D
:1046F000BDA1039BF4F798FD002003460246014646
:104700000090F4F791FD94480068FCF779F90120D6
:104710002FE400202DE49449069888427ED10020A1
:10472000049008E000217748026804981154049826
:10473000401CC0B2049004982028F3DB7148006844
:104740000590012105980180A948018805984180BC
:104750004FF0FF30A74908806B4800688249086025
:1047600008460068E8B3022000230090A2A17E481A
:10477000059A0068F4F758FD002003460090614850
:104780000268121DA1A10020F4F74EFDA448007894
:1047900050B93020002300905A4802680B32A149DA
:1047A0001846F4F741FD4DE00020034602469D49BE
:1047B00024310090F4F738FD302000230090514858
:1047C00002680F32974934311846F4F72DFD302036
:1047D000002300904B480268133292494431184636
:1047E00000E03CE0F4F720FD302000230090454835
:1047F000026817328B4954311846F4F715FD302002
:10480000002300903F4802681B32864964311846F5
:10481000F4F70AFD30200023009000E021E0394841
:1048200002681F327F4974311846F4F7FDFC3020CE
:1048300000230090334802680B327A4984311846CD
:10484000F4F7F2FC00200346024601460090F4F71C
:10485000EBFC45480068FCF7D3F8012045E4002054
:1048600043E471490698884248D10020049008E04A
:10487000002124480268049811540498401CC0B2D6
:10488000049004982028F3DB1E480068059001215D
:104890000598018056480188059841804FF0FF3007
:1048A00054490880184800685F4908600846006855
:1048B00018B30220002300904FA15B48059A0068BE
:1048C000F4F7B2FC0020034600900E480268121D67
:1048D0004EA10020F4F7A8FC3020002300900948E6
:1048E00002680B3251A11846F4F79EFC30200023D9
:1048F0000090044802680F32A2E0DAE0DBE000003A
:10490000EC050020600600205C0600204005002029
:10491000D0A3D7BCB5E7D1B93A2025462E325600F0
:10492000D0A3D7BCD6B53A20202025462E3256003B
:10493000FC0500202564C4EA2564D4C22564C8D5DA
:10494000200000002564CAB12564B7D62564C3EBF6
:10495000200000000006002004060020B8E6BEAFDC
:10496000BCC7C2BC2000000008060020B3ADB1EDFA
:10497000BCC7C2BC2000000010060020D3C3BBA7E8
:10498000B5E7C1BFBCC7C2BC2000000014060020B0
:10499000B5E7B3D8B2E2CAD4BCC7C2BC200000009D
:1049A00018060020C9FDBCB6C8D5D6BE2000000040
:1049B0007E0600203C020020B5B1C7B0BCC7C2BC17
:1049C00020202020256F2F246F00000025642F2534
:1049D000642F25642025643A25643A25640000008C
:1049E000FC0600204C090020256C256C256C00007D
:1049F0003E02002082060020B5B1C7B0BCC7C2BCD1
:104A00002020202020256F2F246F000025642F25D3
:104A1000442F25442025443A25443A2544000000EB
:104A200020030020D82A01080C060020B3A3CCAC38
:104A3000B5E7B7D13A2025462E32D4AA00000000AF
:104A4000FBA11846F4F7F0FB302000230090FD484E
:104A500002681332FCA11846F4F7E6FB302000236D
:104A60000090F84802681732FCA11846F4F7DCFB06
:104A7000302000230090F34802681B32FCA1184646
:104A8000F4F7D2FB302000230090EE4802681F327A
:104A9000FCA11846F4F7C8FB002003460246014675
:104AA0000090F4F7C1FBFC480068FBF7A9FF012068
:104AB00025E5002023E5F9490698884261D10020C8
:104AC000049008E00021DF4802680498115404981B
:104AD000401CC0B2049004981328F3DBD948006846
:104AE0000590012105980180ED48018805984180D5
:104AF00001210598818006210598C180C81FE949D8
:104B00000880E9490880E9480068E44908600846E7
:104B1000006898B3022000230090E5A1DF48059AC1
:104B20000068F4F781FB022000230090059A121D13
:104B3000E5A11846F4F778FB002003460090C14831
:104B400002680832AFF23C110020F4F76DFB302010
:104B500000230090BB4802680F32E1A11846F4F729
:104B600063FB00200346024601460090F4F75CFB1D
:104B7000C9480068FBF744FF0120C0E4FFE70020BC
:104B8000BDE4DB49069888424CD1AE4800680590E8
:104B9000012105980180D7480188059841804FF090
:104BA000FF30D5490880C1480068D14908600846EF
:104BB0000068A0B3022000230090AFF2C411CC48DB
:104BC000059A0068F4F730FB0020034600909D48EA
:104BD0000268121DC9A10020F4F726FB002003463D
:104BE0000090984802680B32C9A10020F4F71CFB22
:104BF000202000230090934802681232C9A1184671
:104C0000F4F712FB00200346024601460090F4F739
:104C10000BFBB7480068FBF7F3FE01206FE4FFE7EA
:104C200000206CE4C4490698884263D18548006836
:104C300005900020049008E0002182480268049852
:104C400011540498401CC0B2049004981228F3DB5D
:104C5000002105980180FF210598418078A17948BD
:104C600000681230EDF7A4FB022341F65471B348FB
:104C7000059A006804F056FC8C480068AE4908604C
:104C80000846006898B3022000230090ACA1AA480F
:104C9000059A0068F4F7C8FA0020034600906948B6
:104CA0000268121D95A10020F4F7BEFA0020034609
:104CB0000090644802680B3295A10020F4F7B4FA22
:104CC00000200346024600905E4801681231002031
:104CD000F4F7AAFA00200346024601460090F4F7D2
:104CE000A3FA95480068FBF78BFE012007E4FFE775
:104CF000002004E496490698884219D16B48006860
:104D000008600846006888B10220924B924A93A13D
:104D100000908F480068F4F787FA002003460246A7
:104D200001460090F4F780FA01201DE400201BE406
:104D30008E49069888427AD15C4800680860002055
:104D40004049096808703F49096848703D49096849
:104D500088703C490968C8703A490968087139493E
:104D60000968487137490968887136490968C87106
:104D70003449096808727D480068C8B37C480078E7
:104D8000009030487B4A7CA1036878480068F4F7BB
:104D90004BFA022000902B4803685B1C754A7BA1EC
:104DA0000020F4F741FA0220009026480368DB1C3B
:104DB000704A7BA10020F4F737FA022000902148C6
:104DC00003681B1D6B4A7BA10020F4F72DFA02201B
:104DD00000901C4803685B1D664A7BA10020F4F725
:104DE00023FA02200090174803689B1D614A00E0E7
:104DF00014E17AA10020F4F717FA0220009011487C
:104E0000036808335B4A7AA10020F4F70DFA00200A
:104E100003467C4A7CA10090F4F706FA0020034682
:104E2000024601460090F4F7FFF9012006E4F7E09E
:104E3000BCE2B7E5B5E7B7D13A2025462E32D4AA71
:104E40000000000060060020B8DFB7E5B5E7B7D185
:104E50003A2025462E32D4AA00000000C6BDB7E590
:104E6000B5E7B7D13A2025462E32D4AA000000007B
:104E7000B5CDB7E5B5E7B7D13A2025462E32D4AA4D
:104E800000000000B9C8C6BDB7E5B7D13A20254635
:104E90002E32D4AA000000000806002010060020D0
:104EA0005402002082060020840600205C060020B8
:104EB000B5B1C7B0BCC7C2BC20202020202020250F
:104EC0006F2F246F00000000B5B1C7B0D3C3BBA7DC
:104ED00020202020202020256F2F246F000000009C
:104EE000B5E7C1BF3A2025462E314B574800000098
:104EF000140600204002002080060020533A25645A
:104F00002F25442F25442025443A25443A254400A2
:104F1000453A25642F25442F25442025443A25442D
:104F20003A254400B7C5B5E7B5E7C1BF202020202A
:104F30002025462E3141680018060020400500203B
:104F4000B5B1C7B0BCC7C2BC2020202020256F004F
:104F50001C06002070050020F00C0020C3DCC2EB12
:104F60003A2025782578257825780000200600202D
:104F70004A0E0020AC060020BBD6B8B4B3F6B3A7E7
:104F8000C9E8D6C32020202020256C00C7E5B3FD4A
:104F9000B8E6BEAFBCC7C2BC2020202020256C00D4
:104FA000B3ADB1EDBCC7C2BCC7E5B3FD2020202026
:104FB00020256C00D3C3BBA7B5E7C1BFC7E5B3FDD0
:104FC0002020202020256C00B5E7B3D8B2E2CAD457
:104FD000BCC7C2BCC7E5B3FD20256C00BBD6B8B4C6
:104FE000C5E4B5E7B5A5D4AAB2CECAFD20256C00AC
:104FF000CDACB2BDD7E2BBA7B5E7C4DC20202020F2
:1050000020256C00C71000202020202020202020F8
:1050100020202020202020202544000000201DE406
:10502000FC490698884232D1FB480068086000209D
:105030000346FA4AFAA10090F6480068F4F7F4F83B
:1050400000200346FA4AFBA10090F4F7EDF8302067
:105050000023FC4AFCA100901846F4F7E5F8002074
:105060000346FE4AFEA10090F4F7DEF80020034656
:10507000FA4A521CFEA10090F4F7D6F8002003462D
:10508000024601460090F4F7CFF8012010E5FC49F4
:105090000698884229D1E048006808600846006800
:1050A00008B30120F74B0022F7A10090F4480068F4
:1050B000F4F7BAF80120F84B0022F8A1009010464E
:1050C000F4F7B2F80120F94B0022F9A10090104644
:1050D000F4F7AAF800200346024601460090F4F7D0
:1050E000A3F80120E4E40020E2E4E64906988842BF
:1050F0007ED1C948006808600020059008E00021C2
:10510000EF480268059811540598401CC0B20590FC
:1051100005982828F3DB0120E94909680870002078
:1051200005900FE0E7490598085C002806DDE44893
:1051300000684078401CE249096848700598401CA6
:10514000C0B2059005980C28ECDBCE48006800281A
:105150007DD0022000230090D948DBA10268C94815
:105160000068F4F761F800200090D5480368203308
:10517000DB4ADCA10020F4F757F822200090D04849
:105180000368DB1CDB4ADCA10020F4F74DF80220A9
:105190000090CB4803681B1DDB4ADCA10020F4F71C
:1051A00043F8DE48007840F0200000230090C44817
:1051B0000268521DDAA11846F4F736F822200023BF
:1051C0000090BF480268D21DDA491846F4F72CF85F
:1051D000222000230090BA4802680932D5491431D0
:1051E0001846F4F721F8CD4800780090B44800E064
:1051F0007AE003680B33D04AD0A10020F4F714F80A
:10520000222000230090AE4802681132CFA1184638
:10521000F4F70AF8222000230090A948026813320C
:10522000CFA11846F4F700F802200090A4480368C4
:105230001533C14ACFA10020F3F7F6FF0220002367
:1052400000909F4802681632CFA1184600E049E05E
:10525000F3F7EAFF02200023009099480268183211
:10526000CEA11846F3F7E0FF0220009094480368AF
:105270001A33B14ACEA10020F3F7D6FF0220002353
:1052800000908F4802681B32CEA11846F3F7CCFF7E
:105290000220002300908A4802681D32CEA11846E1
:1052A000F3F7C2FF022000230090854802682332F2
:1052B000CEA11846F3F7B8FF9848007840F03000C8
:1052C000002300907E4802682432CC491846F3F748
:1052D000ABFF00200346024601460090F3F7A4FF0F
:1052E00001204AE4002048E46B490698884264D1D2
:1052F000FF20734909684870C14890F8DE0100F04A
:105300000F006F490968C870BD48B0F8CE016C49FC
:105310000968A1F80700BA48B0F8D20168490968DD
:10532000A1F809006648006800780C3000EB4000E6
:10533000B34901EBC000008961490968A1F8110077
:1053400035480068544908600846006890B3222038
:1053500000905B480368DB1C664AAAA14E480068BF
:10536000F3F762FF22200023009055480268D21D07
:10537000A8A11846F3F758FF2220002300905048B8
:10538000026809326B4914311846F3F74DFF2220A9
:10539000002300904A4802681132A3A11846F3F78F
:1053A00043FF00200346024601460090F3F73CFF0E
:1053B000012033E4FFE7002030E43C4906988842AE
:1053C00027D10020059015E09C490598085C401CF9
:1053D000C1B23B480268059811549949059831F8C3
:1053E00010104000801D364A126811520598401C6A
:1053F000C0B2059005980628E6DB074800682B49EF
:1054000008600846006818B102200023009019E1E6
:1054100096E197E13C0600205C060020FD03002099
:105420007465737431202020202020202025440022
:10543000FE03002074657374322020202020202079
:10544000202544000004002074657374332020205C
:10545000202020202025462E310000002D0E002087
:105460004D312020202020202020202020254400F5
:105470004D322020202020202020202020254400E4
:105480002C06002030060020C5E4B5E7B7D6C2B729
:10549000C9E8D6C30000000034060020B5E7B3D841
:1054A000B2CECAFDC9E8D6C300000000380600200D
:1054B000B5E7B3D8B7D6C2B7C9E8D6C30000000075
:1054C0006006002028790020B7D6C2B73A254F2FB2
:1054D000244F2020B2DBCEBB3A244F2020200000F6
:1054E000980B0020BFAAB9D8C0E0D0CD2020202042
:1054F000256C0000240B0020CFC2B5E7C4A3CABDB1
:1055000020202020256C0000840B0020B7D6C2B7D5
:10551000D3C3BBA720202020256C00004A0E00200A
:10552000B9FDD4D8B5E7C1F72020202025462E317B
:105530004100000030180108AC060020CADAC8A8F3
:105540002020202020202020256C0000CFC2B5E79D
:10555000CAB1BCE4202020202564B7D6D6D30000F1
:10556000CFC2B5E7C8DDC1BF2020202025472E329D
:1055700025000000B6A8CAB1CFC2B5E7CAB9C4DCDD
:105580002020202020256C00BFAACABCB6A8CAB122
:10559000202020202544483A25444D00B6A8CAB111
:1055A000CAB1B3A4202020202544483A25444D0008
:1055B000C3E2D4F0CAB9C4DC20202020202020205F
:1055C000256C0000BFAACABCC3E2D4F02020202072
:1055D0002544483A25444D00C3E2D4F0CAB1B3A4EF
:1055E000202020202544483A25444D00B6EEB6A898
:1055F000B5E7C1F720202020254441009C2B01085D
:1056000048770020CFC2B5E7C4A3CABD202020251B
:105610006C000000CFC2B5E7B5E7D1B92020202546
:10562000462E325600000000CFC2B5E7CAB1BCE436
:105630002020202564B7D6D6D3000000BA10002061
:1056400060020020F948FAA10268FE480068F3F7FA
:10565000EBFD022000230090F4480268521CFAA1DE
:105660001846F3F7E1FD022000230090EF4802689E
:10567000921CFAA11846F3F7D7FD022000230090F0
:10568000EA480268D21CFAA11846F3F7CDFD0220C1
:1056900000230090E5480268121DFAA11846F3F7AE
:1056A000C3FD022000230090E0480268521DFAA1C9
:1056B0001846F3F7B9FD022000230090DB4802688A
:1056C000921DFAA11846F3F7AFFD022000230090C7
:1056D000D64802680832F9A11846F3F7A5FD022062
:1056E00000230090D14802680A32F8A11846F3F767
:1056F0009BFD022000230090CC4802680C32F7A1E9
:105700001846F3F791FD022000230090C748026875
:105710000E32F6A11846F3F787FD02200023009011
:10572000C24802681032F5A11846F3F77DFD00204B
:105730000346024601460090F3F776FD01206EE431
:1057400000206CE4F149069888421CD1F0480068BA
:1057500008600120EF4B0022EFA10090EB480068A9
:10576000F3F762FD0120EE4B0022EEA100901046FF
:10577000F3F75AFD00200346024601460090F3F776
:1057800053FD01204BE4E3490698884256D1E04896
:10579000006808600020059008E00021A348026826
:1057A000059811540598401CC0B2059005980E2824
:1057B000F3DBE0480078042802DCDE48007810B90A
:1057C0000120DC49087002200023DA4ADAA10090A7
:1057D000D0480068F3F728FD022000909348DB4A88
:1057E000AFF2602103680020F3F71EFD20200023A4
:1057F00000908E480268921CD5A11846F3F714FD5C
:1058000002200090894803685B1CD54AAFF2203122
:105810000020F3F709FD222000230090834802684E
:10582000121DD0A11846F3F7FFFC002003460246E4
:1058300001460090F3F7F8FC012027E4CD490698D3
:1058400088427AD1CC48808A784909680880CA4859
:10585000808B764909684880C748008B734909687E
:105860008880C548408B71490968C880C248807CDF
:10587000401E6E4909680872C04800886B49096873
:105880004881BF480088694909688881BD48C08946
:1058900040F20111884204D100206449096848722D
:1058A00014E0B848C08940F20331884204D1012095
:1058B0005E490968487209E0B248C08940F2077140
:1058C000884203D102205949096848720120AE4933
:1058D00008708F480068A74908600846006868B3E8
:1058E00002200023A84AA9490090A2480068F3F7C3
:1058F0009BFC2220002300904C48A5A1026818467A
:10590000F3F792FC22200023009048480268921C82
:10591000A4A11846F3F788FC0220009043480368CE
:105920001B1DA54AA5A10020F3F77EFC02200090D4
:105930003E4803689B1DA04A01E03BE038E0A4A17B
:105940000020F3F771FC0220009038480368083308
:10595000A44AA5A10020F3F767FC02200090334879
:10596000036809339F4AA5A10020F3F75DFC2220BC
:10597000002300902D4802680A32A5A11846F3F7CB
:1059800053FC222000230090284802680C32A549CD
:105990001846F3F749FC00200346024601460090F2
:1059A000F3F742FC73480068FBF72AF8012098E4FB
:1059B000002096E49C490698884235D154480068F6
:1059C00008609A480078082802DC9848007810B9E6
:1059D0000120964908700020059008E00021134836
:1059E0000268059811540598401CC0B205900598AE
:1059F0001428F3DB8E488F49097800EB01108E499B
:105A000008600846006800780849096808708A48F4
:105A100000684078054909684870874800688088B0
:105A200002490968488009E1B8E1000060060020E9
:105A3000B5E7B3D8313C2D2D3EB5DA254FB2DBCEDC
:105A4000BB00000038060020B5E7B3D8323C2D2D4E
:105A50003EB5DA254FB2DBCEBB000000B5E7B3D8C8
:105A6000333C2D2D3EB5DA254FB2DBCEBB00000016
:105A7000B5E7B3D8343C2D2D3EB5DA254FB2DBCE99
:105A8000BB000000B5E7B3D8353C2D2D3EB5DA2577
:105A90004FB2DBCEBB000000B5E7B3D8363C2D2DAE
:105AA0003EB5DA254FB2DBCEBB000000B5E7B3D878
:105AB00031C8DDC1BF3A202564414800B5E7B3D8FD
:105AC00032C8DDC1BF3A202564414800B5E7B3D8EC
:105AD00033C8DDC1BF3A202564414800B5E7B3D8DB
:105AE00034C8DDC1BF3A202564414800B5E7B3D8CA
:105AF00035C8DDC1BF3A202564414800B5E7B3D8B9
:105B000036C8DDC1BF3A2025644148004006002068
:105B10005C060020E0050020D0A3D7BC20000000D8
:105B2000BC050020B0E6B1BED0C5CFA22020202009
:105B30002000000099060020B5E7B3D8B5D8D6B745
:105B400020202020254F2F244F0000007C0C002017
:105B5000D0A3D7BCD6B53A2025462E310000000090
:105B60007C0A0020C9E8D6C3D6B53A2025462E3196
:105B7000000000004C060020381800201803002008
:105B80001A03002070020020F00F0020A824010852
:105B9000B7C5B5E7B5E7D1B920202020202025469C
:105BA0002E325600B3E4B5E7CFB5CAFD2020202041
:105BB000202025462E322500AC0600204D4F53B341
:105BC000E4B1D5BACF202020202020256C00000091
:105BD0004D4F53B7C5B1D5BACF2020202020202566
:105BE0006C000000EC060020EFAEB5E7B9A4D7F7D3
:105BF000CCD8D0D4202020256C000000C9E8B6A85D
:105C0000B9A4D7F7CCD8D0D4202020256C00000030
:105C1000B5E7D1B9E3D0D6B52020202025462E32D5
:105C2000560000004418010858060020970600207E
:105C300074230020580E0020680600205848006891
:105C4000C0885849096888805548006800895549C6
:105C50000968C880524800688089524909680881EB
:105C60004F480068C0894F49096848814E4800780C
:105C70004C49096808734D4800884A490968A1F8E9
:105C80000D004B48008847490968A1F80F004448B7
:105C90000068408943490968A1F811004548006837
:105CA000B0B302200023444A44A100904148006858
:105CB000F3F7BAFA102000903A48454A45A1036824
:105CC0000020F3F7B1FA10200090364803685B1CFF
:105CD0003F4A45A10020F3F7A7FA202000230090B7
:105CE00030480268921C45A11846F3F79DFA20201F
:105CF000002300902B480268113246A11846F3F7A2
:105D000093FA20200023009026480268121D00E02C
:105D100042E045A11846F3F787FA202000230090BF
:105D200020480268921D45A11846F3F77DFA22200B
:105D3000002300901B480268083245A11846F3F77B
:105D400073FA222000230090164802680A3246A106
:105D50001846F3F769FA20200023009011480268E2
:105D60000D3247A11846F3F75FFA20200023009078
:105D70000C4802680F3248A11846F3F755FA002084
:105D80000346024601460090F3F74EFA09480068C0
:105D9000FAF736FE0120D2E40020D0E40020CEE461
:105DA0006806002060060020580E0020A20F002088
:105DB000A00F00205806002097060020BFD5B5F799
:105DC000C4A3BFE920202020254F2F244F0000002E
:105DD000D4060020BFD5B5F7B9A4D7F7D7B4CCAC5B
:105DE00020202020256C0000D1B9CBF5BBFAD7B418
:105DF000CCAC202020202020256C0000B9F1C4DA92
:105E0000BBD8B7E7CEC2B6C8202025462E31A1E6C2
:105E100000000000BBD8B7E7CAAAB6C820202546B4
:105E20002E31255248000000C4DAB7E7BBFAD7AAE2
:105E3000CBD9202020256452706D0000CDE2B7E759
:105E4000BBFAD7AACBD9202020256452706D000060
:105E5000D1B9CBF5BBFAD6C6C0E4B5E320202546C0
:105E60002E31A1E600000000B8DFCEC2B8E6BEAF1A
:105E7000B5E32020202025462E31A1E600000000B9
:105E8000CAAAB6C820200920202020202025462E7E
:105E90003125524800000000CEC2B6C8202009209B
:105EA000202020202025462E31A1E60088B00024A5
:105EB000FBE00CE07D4804A902687D48006810F012
:105EC00021FB0446012C01D0022C00D107E004AADA
:105ED00000217848006806F0FAFC0028EAD100BFEB
:105EE000012C05D104A97348006806F0AFFE8FE0CD
:105EF00071480078C0B971480078012814D1FF209A
:105F00006D49087000260CE0324604A96848006814
:105F100011F00CFB04A96748006806F097FE701C9E
:105F2000C6B20B2EF0DB73E065480078012817D16C
:105F300000206349087000260CE0324604A95C4842
:105F4000006810F053F904A95A48006806F07EFE74
:105F5000701CC6B2062EF0DB3C205749087057E093
:105F60005748007802280ED10020554908700522B4
:105F700004A94F48006810F0E3F904A94D480068EF
:105F800006F064FE44E04F48007840BB4B48007880
:105F9000012824D1FF204B490870002204A944485D
:105FA000006810F0CDF904A94248006806F04EFEE2
:105FB000032204A93E48006810F0C2F904A93D4834
:105FC000006806F043FE042204A93948006810F076
:105FD000B7F904A93748006806F038FE18E03348DE
:105FE00004A902683248006811F022FA28B104A915
:105FF0003048006806F02AFE0AE004A92C48006830
:1060000011F0D8F820B104A92A48006806F01EFE55
:10601000264801682648006811F094F903E06946B3
:10602000294808F071FB6A4600212848006806F0FC
:106030004EFC0028F3D103E06946234808F064FBD6
:106040006A4601212148006806F041FC0028F3D18E
:106050001F480078401C1E49087008460078042834
:1060600017DD0020087000BF1A486946026816480C
:1060700008F02EFE054618480078012807D1694629
:106080001248006806F0E2FD002013490870012D57
:10609000EAD00D4809F0E6F90B4809F05FFAF4F789
:1060A000ADF9282014F07CFD00BF02E7700300204A
:1060B000F410002000000020F11000205F030020F9
:1060C000590E0020350E0020111100200400002080
:1060D0001211002078050020C51000202DE9F8439A
:1060E0004FF40C7013F010FEB7490860282013F02D
:1060F0000BFEB6490860302013F006FEB449086074
:10610000242013F001FEB34908604FF4CA7013F065
:10611000FBFDB14908604FF4CA71AF480068ECF765
:1061200047FB182013F0F0FDAC4908600C2013F079
:10613000EBFDAA49C8600C2013F0E6FDA749886171
:10614000302013F0E1FDA549C8610C2013F0DCFDFF
:10615000A2498860062013F0D7FDA04948611820A5
:1061600013F0D2FD9D490862082013F0CDFD9C4933
:1061700008601E2201219A4800680FF0A3FF002149
:10618000974800680FF0A1FF0121954800680FF0C3
:106190009CFF0621924800680FF097FF0721904866
:1061A00000680FF092FF09218D4800680FF08DFF05
:1061B0000E218B4800680FF088FF0A21884800688C
:1061C0000FF083FF0521864800680FF07EFF142141
:1061D000834800680FF079FF1521814800680FF0AF
:1061E00074FF03217E4800680FF06FFF08217C4890
:1061F00000680FF06AFF1621794800680FF065FF0C
:106200001721774800680FF060FF0221744800688A
:106210000FF05BFF0F21724800680FF056FF082057
:1062200013F072FD6F49086005216D4800680FF09A
:106230003BFF064630221E213046ECF78FFA6A48B3
:10624000008815F047FF8146684915F0F9FD0546BD
:1062500015F05CFD07463A460B4665A16648ECF72B
:10626000A7F800BF07E06449095C11B92021624A20
:106270001154411CC8B20728F5DB152158480068A5
:106280000FF012FF0446002003E001212154411CBD
:10629000C8B21E28F9DB59480021016041608160C5
:1062A0005748006802F064FE56495748006806F0F7
:1062B000B1FB56495648006805F00EFA504801688F
:1062C00018315348006806F046FA40480068514BC0
:1062D000514A00903E48016812315048006803F06E
:1062E00027FD4F48006807F061FA4548006802F052
:1062F00005FC4C4801F0E8F94A494548006806F0B9
:10630000B1FA00F075FC4849484809F017FE04212D
:10631000464809F0EDF9102245494648ECF7A7F93F
:10632000002012E0FF21C0EBC002434B03EB8202CE
:106330009175C0EBC00203EB8202D175C0EBC002C5
:1063400003EB8202D180411CC8B20C28EADB00209A
:106350001CE03A49095C0C2916DA20490968374AD9
:10636000125C01EB4201364A42F820107B21334A8D
:10637000125C02EB4202334B03EBC202D17532498D
:106380000978491C304A1170411CC8B20628E0DB6C
:1063900000202E4908802C48007878B9002009E0B8
:1063A0002B4931F81010294A12881144274A1180CC
:1063B000411CC8B2274909788842F1DB26480068A9
:1063C00000F06EFEBDE8F8835C0600206006002049
:1063D0006C0300209003002094030020F817002095
:1063E0007003002074030020F40300200000C84262
:1063F0005625342E32660000F6030020287900204E
:10640000400500206C11002004000020A5120108A6
:10641000780500206406002078030020400E00204C
:106420006400002054120020901A0020547A0020AA
:106430007002002028260020AC240020BA10002082
:106440002018002048770020A8100020B800002065
:106450006002002050030020280F0020F0B589B012
:1064600005460E4617461C4600200890BDF81C0045
:1064700065F30400ADF81C00BDF81C0020F02000FE
:10648000ADF81C00BDF81C0066F38B10ADF81C00C5
:10649000BDF81C0067F30F30ADF81C00A0B2ADF8DA
:1064A0001E0034490978344A0798126842F82100DE
:1064B00030480078401C2F4908700846007863284F
:1064C00001DD002008702B488078642804DA294810
:1064D0008078401C27498870264880782549487074
:1064E0000020049005900690244903C9CDE90401D9
:1064F000079880B2ADF816000694214A07CA01AB8E
:1065000007C301204FF4FA6301AAC10200901D489D
:10651000006801F06BFE0890BDF8200000EB400021
:10652000800000F6040081B20C2304AA154800681C
:1065300003F02AF8BDF82000401C80B20890BDF896
:106540002000B0F5FA6F01DB00200890022308AAB2
:1065500040F602010B48006803F016F803200A49D0
:1065600008700A48007840F020000849087009B017
:10657000F0BD0000CD0E0020940300202005002077
:10658000A4C60208400500200C0F0020190F0020AF
:1065900001460806000C40EA112070470146080E2B
:1065A00001F47F0240EA122001F47F4240EA022017
:1065B00040EA01607047000010B5044604F0020094
:1065C000022816D10F48007801280AD10E48007819
:1065D000B0B900220E210D480068143001F070FAA5
:1065E0000EE001220E2109480068143001F068FA1B
:1065F00006E001220E2105480068143001F060FA1F
:1066000010BD0000EC0E00201E03002040050020FD
:10661000012808D1124A1268127C61F38202104BE1
:106620001B681A741AE0022808D10D4A1268127CFD
:1066300061F300020A4B1B681A740FE002280DDD9B
:1066400007280BDA09B9032200E00022054B1A7073
:10665000821E054B1A700222044B1A70704700000C
:106660004005002087100020510E0020500E002011
:1066700010B500242FE0194800EB0410C078012861
:106680000FDD164800EB0410C078FF2809D013482E
:1066900000EB0410C078401E104901EB0411C870D3
:1066A00017E00E4800EB0410C078012811D10B4907
:1066B00001EB04101021ECF759F8FF20074901EB1A
:1066C0000411C870601CC1B2002307221920FFF713
:1066D000C5FE601CC4B2082CCDDB10BD74230020A5
:1066E00010B502480078FFF767FF10BD0C0F0020BF
:1066F00070B502460021002007E042FA00F606F0DD
:106700000F060E44F1B2061DF0B21028F5DB084664
:10671000CE1701EB16763611A1EB0616F4B2E04364
:10672000401CC3B242EA033085B2284670BD000067
:1067300010B58CB00020089009900A900B9004903E
:10674000059006900790009001900290039000241D
:106750006CE004EB8400374931F8200004EB84013D
:10676000344A02EB81014988484308A941F82400D2
:1067700008A850F82400304931F81410084404A93E
:1067800041F8240004A850F824004FF47A71B0FBBB
:10679000F1F02A4921F8140004A850F824004FF41D
:1067A0007A71B0FBF1F201FB1200234921F81400C9
:1067B000224830F81400224931F8141008444DF8EA
:1067C00024005DF824004FF46161B0FBF1F004EBAC
:1067D0008401184A02EB81018968084404EB8401B2
:1067E00002EB810188605DF824004FF46161B0FB29
:1067F000F1F201FB1200124921F8140004EB8402AB
:106800000C4B03EB820211896200521CD0B211F0D2
:1068100003FF04EB8402074B03EB82025189620001
:10682000921CD0B211F0F8FE601CC4B2042C90DBB4
:106830000CB010BD64790020CA100020D2100020D6
:10684000DA10002059E0F7F76FFF2C48006801F0DC
:10685000E1FA2A48006801F069FFF9F723FEF2F730
:1068600031FE0520EEF79EF825480078F3F758FD35
:1068700024480078401C23490870084600783228D4
:1068800003DD00200870EEF7B1F9FFF729FFF1F7FB
:106890004DFF1D480078FA280FDA1C480078FA28C6
:1068A0000BDA19480078401C17490870174800781F
:1068B000401C1649087012F037FD1548007805286D
:1068C00004DD00201249087000F078F911480078C2
:1068D000052802DD012010490870104800780A28B8
:1068E00008DD00200D4908700D4800F070FF0C48CD
:1068F00000F0EAFE282014F053F9A4E74005002038
:106900001411002013110020FD030020FE030020BD
:106910001804002019040020040400201A04002098
:10692000541200202DE9F04F85B082460D461746DF
:1069300001208DF8040000208DF8050008208DF856
:10694000060002AC03AE002D32DD1F2D30DA082127
:10695000424800680FF0A8FB834616213F480068B4
:106960000FF0A2FB8046681E1BF80090691E18F805
:10697000011040F24C4201FB02F015F093FB394646
:10698000009015F0BBFB09D2691E18F8011040F207
:106990004C4201FB02F015F085FB0746B9F1020FEE
:1069A00002DBB9F1030F02DD05B0BDE8F08F16E0A0
:1069B0004DB902202A4908702A49384615F09EFC34
:1069C0000DD2284F0BE0FF2D09D103202449087078
:1069D00000252449384615F091FC00D2214F20684B
:1069E00020F0C05000F1006020601D480178206850
:1069F00061F39A502060206865F39530206020682C
:106A000020F47F5000F570502060206820F03F0097
:106A10002060206820F060402060306820F0F000A6
:106A20003060306820F00F003060306820F47F4024
:106A300030601420FFF7ACFD0146306861F31F4061
:106A40003060384615F00EFB8046FFF7A7FD7060FA
:106A500001A9504606F0FAF800BFA5E77003002030
:106A6000051100200022A14710B504464E48407889
:106A7000652802D164204C4948704B4840784A4907
:106A80008978884202DD01204749487046484078AD
:106A900018B94548807844494870434840780028F0
:106AA00043D041484078401E4049096831F82000F1
:106AB000C0F385103E4908703B484078401E3B4972
:106AC000096811F8200000F01F0039494870364865
:106AD0004078401E3549096831F82000000B3449E0
:106AE0008870084640780E2809D12F484078401E0B
:106AF0002E49096801EB800080782D4908702C48E8
:106B000040780F2807D02A4840780E2808D1284816
:106B10008078072804D1012026490968087009E017
:106B2000002024490968087004E00020204908700A
:106B300048708870207E617E0844C0EBC0006168A8
:106B400001EB400080681B49096888422AD11A4835
:106B50000078012826D118480078012822D1002089
:106B60001549087013480068007801281AD10020E0
:106B70001049096808700E4840780F2805D10C4963
:106B800008780F21F1F7A6FE0CE0094840780E289E
:106B900008D107488078072804D1054908780E21D4
:106BA000F1F798FE10BD0000CD0E002094030020E8
:106BB000CA0E00206006002074050020012080F32A
:106BC000138800BF00BFBFF34F8F0748006800F471
:106BD000E06006490843001D03490860BFF34F8F7A
:106BE00000BF00BFFEE700000CED00E00000FA056A
:106BF0001FB54FF0804013F05DFC4FF4E06013F0E0
:106C0000A3FA684613F04DFD4FF4E150ADF80000D3
:106C10000020ADF80200ADF8040009200290002029
:106C2000ADF80C0069464FF0804013F0B7FC01212D
:106C3000880713F027FD002203211C2012F074FEA8
:106C40000121880713F01AFD4FF0804013F0A0FCDB
:106C50001FBD00001FB541E021492248006810F027
:106C60003FFE21492148006810F07BFF0024F0F727
:106C70008FFF1F490870084600780C2813DC69460E
:106C80001B480078F5F7CCFB0446002C0BDD2246B0
:106C900069461648006811F035F8224669461348DF
:106CA000006811F04FF81348007838B912491348BA
:106CB000006810F056FFF2F7A9FB0BE010490F48EF
:106CC000006810F0F7FE05462846F9F7ABF9F8F72B
:106CD000EDFC00BFC82013F063FF00BFBCE700005D
:106CE000F1790008080000209DE000080C00002059
:106CF0000E11002060030020C9F7000810000020DA
:106D0000090A010830B502460B464FF6FF7010E045
:106D100012F8014B6040002109E000F0010424B1A9
:106D200040104AF20104604000E04010491C08296C
:106D3000F3DB1C00A3F10103EAD130BD70B50446BA
:106D40009A4800780C2802DD01209849087097487D
:106D50000078012802DA0C209449087094480068F1
:106D60008078052803DD0120914909688870012693
:106D70008E480078401E06FA00F08E4909880840C7
:106D800018B900208949487002E0012087494870FD
:106D90008948007801287DD185480068417883487A
:106DA0000078401E854A32F8100061F3C8107F4910
:106DB0000978491E22F811007C48407800286AD1E1
:106DC0007B48006800787E49085CFF2804D078483A
:106DD000006800780B2807DD0C20754909680870E9
:106DE00000207549087070BD70490978491E734AC2
:106DF00032F81110C1F34220C11700EB5171C910D4
:106E0000A0EBC10201219140684A1278521E6B4BDF
:106E100013F8122002F07F02694B9A5C22EA01010A
:106E2000624A1278521E654B13F8122002F07F025C
:106E3000634B99545E48006801785C480078401EB6
:106E40005E4A32F8100061F3060058490978491E7D
:106E500022F8110000250BE00120A84054490968E0
:106E60000978574A515C084000B903E0681CC5B274
:106E7000082DF1DB00BF4D480078401E4F4931F826
:106E8000100065F34B2049490978491E4B4A22F806
:106E9000110001E04DE049E045480068C1784348F1
:106EA0000078401E32F8100061F30F303F49097836
:106EB000491E22F811003D490978491E32F8111087
:106EC000C1F34220C11700EB5171C910A0EBC10200
:106ED00001219140354A1278521E384B13F8122086
:106EE00002F07F02364B9A5C1143CAB22F490978EF
:106EF000491E324B13F8111001F07F01304B5A54E8
:106F00002A480078401E2D4A02EB40012D480068B7
:106F100002F01CFB25480078401E284931F810007B
:106F2000C0F3422022490968887000BF002022492E
:106F30000870207E617E0844C0EBC000616801EBF0
:106F4000400080681949884202D0207C03282AD05A
:106F500016480078401E194911F8100000F07F0013
:106F600013490968087011480078401E134931F828
:106F70001000C0F3C1100E49096848700B48007832
:106F8000401E0E4931F81000C0F34220084909683C
:106F9000887006480078401E084931F81000000B40
:106FA00003490968C87000BF1DE700007A06002089
:106FB00060060020AA0E00207405002000010020B9
:106FC000502400204005002010B504462E480068DB
:106FD000007818B901202C49096808702A4800680F
:106FE0000078092803DD0920274909680870207EF8
:106FF000617E0844C0EBC000616801EB400081681D
:1070000021480068401C814222D120480078012894
:107010001ED11D48006841781B4800680078401E5A
:107020001B4A32F8100061F30F30174909680978DC
:10703000491E22F81100144800680078401E02EB37
:1070400040011448006802F081FA00200F490870DE
:10705000207E617E0844C0EBC000616801EB400007
:10706000406809490968884202D0207C03280AD078
:10707000054800680078401E054931F81000000BF3
:1070800001490968487010BD6006002074050020A1
:10709000000100204005002000210162C16170470D
:1070A00070B542F210714182002101744174C161D6
:1070B000016281820C4909884FF46162A1FB0221BF
:1070C000C0E9002142F210740021D0E90023A2FBA4
:1070D000045603FB046302FB0131C0E902510021A5
:1070E0008161818470BD0000B80000202DE9F05F4F
:1070F000044691461D46607C012816D1002060742C
:10710000414800884FF46161A0FB0110C4E9001000
:1071100042F210730021D4E90002A0FB037C02FBC1
:1071200003C200FB0120C4E90270A069A84204D890
:10713000208B281AA084A56106E0A069C0F1FF3069
:107140002844401CA084A561B4F9141001EB090087
:1071500000EBD0714910A28C5143CA17D4E9023711
:10716000C9187A41C4E9021200221146D4E902305A
:107170009A1A884102DA0021A160E16042F210729D
:107180000023D4E902713846EBF7EDF8D4E9003278
:10719000181A8A410CDA42F210700022D4E9003148
:1071A000A3FB007C01FB00C003FB0200C4E90270EA
:1071B000D4E900733A46D4E902A15046EBF7D3F87C
:1071C00080B26082B9F1000F01DD032600E00126E4
:1071D000012E04D1A18C206A084420620EE0032E07
:1071E0000CD1207C012809D10849206A884203D3A8
:1071F000D4E907010844E06100202062A4F814905B
:107200002674BDE8F09F0000B8000020E093040061
:1072100000B50246012050741046FFF73DFF00BD47
:107220007047704770B50546082600248021134832
:1072300012F08CF816E06006040E40210F4812F0A0
:1072400083F8284600F090F840210C4812F07EF8B0
:10725000284600F089F88021084812F0CFF808B1DC
:1072600044F001043000A6F10101CEB2E3D1402187
:10727000024812F069F8204670BD0000000C014081
:1072800010B5044640210E4812F05EF8204600F08A
:107290006BF880210A4812F057F8204600F064F895
:1072A0004021074812F052F8204600F05DF8802196
:1072B000034812F04BF8204600F056F810BD0000CD
:1072C000000C014010B5044640210E4812F03CF875
:1072D000204600F049F880210A4812F037F820468D
:1072E00000F042F84021074812F030F8204600F044
:1072F0003BF84021034812F027F8204600F034F80C
:1073000010BD0000000C014010B504468021154856
:1073100012F01CF8204600F027F84021114812F026
:1073200015F8204600F020F880210E4812F066F88B
:1073300008B9002010BD80210A4812F005F8204647
:1073400000F012F88021074812F058F808B1002028
:10735000F0E78021034811F0F7FF204600F004F821
:107360000120E7E7000C0140018801E04A1E91B2CC
:107370000029FBD17047000010B504464021124897
:1073800011F0E2FF2046FFF7EFFF80210E4811F0D9
:10739000DDFF2046FFF7E8FF40210B4811F0D6FF44
:1073A0002046FFF7E1FF8021074812F027F828B1B7
:1073B0004021054811F0C8FF002010BD40210248BF
:1073C00011F0C2FF0120F8E7000C014070B505463E
:1073D0000C4608261EE04021134811F0B5FF284650
:1073E000FFF7C2FF04F0800020B180210E4811F0A9
:1073F000ADFF03E080210C4811F0A6FF6006040EEB
:107400002846FFF7B1FF4021074811F09FFF2846AB
:10741000FFF7AAFF3000A6F10101CEB2DBD1402177
:10742000014811F091FF70BD000C014010B50446F9
:10743000F3F782F9204610BD2DE9F04F87B0814661
:107440000024ADE05B4931F8140014F043FE5A49C2
:1074500001EB0411C860594A02EB04121168584A42
:10746000D06814F07FFE554A02EB04120690516872
:10747000534A906814F076FE504A02EB04120590CD
:1074800091684F4A506814F06DFE4B4A02EB0412AB
:10749000049011684B4AD06814F064FE464A02EB2F
:1074A000041203905168474A906814F05BFE8346CB
:1074B000414A02EB04129168424A506814F052FEAD
:1074C0003D4A02EB04120290D1683E4A106814F063
:1074D00049FE0190029914F045FC8246594614F089
:1074E00041FC8046039914F03DFC0746049914F0D2
:1074F00041FF0646059914F03DFF0546069914F034
:1075000039FF2E4901EB0411C8602B4800EB041031
:107510004068294901EB04110860274800EB04107A
:107520008068254901EB04114860234800EB0410F2
:10753000C068214901EB04118860204800EB041069
:1075400040681E4901EB041108601C4800EB041060
:1075500080681A4901EB04114860184800EB0410D8
:10756000C068164901EB04118860144901EB04114D
:10757000C868002114F0C2FE10D2104901EB0411BA
:10758000C86814F0C3FB07460F4A104B13F03CFFCA
:10759000054614F0FDF80E4921F81400601CC4B231
:1075A000072CFFF64FAF484600F014F807B0BDE8CF
:1075B000F08F000058160020A41600201417002099
:1075C0004000002030000020A4703D0AD7A3F23F05
:1075D0009416002010B504460121024810F0C4FFA3
:1075E00010BD00000024014070B504460E4615464B
:1075F00010F024FF2946304611F094FB10F050FEA5
:107600006660258100202070204670BDF0B584465C
:107610000A460D4803681678521C177800210CE0C2
:1076200013F8114033F811000512A64203D1AF42FE
:1076300001D108B2F0BD481C81B2044800888142E3
:10764000EEDB4FF0FF30F5E7280000201C000020A3
:1076500070B50646002417E004F1B001C8B2ECF79B
:107660001DFD0220ECF71AFD1020ECF717FD002598
:1076700006E006EBC501085DECF730FD681CC5B2FD
:10768000802DF6DB601CC4B2082CE5DB70BD2DE953
:10769000F04F81460E4617469846DDE909AB344661
:1076A0000DE03D4607E05B462A462146484600F08D
:1076B0001FF9681CC5B25545F5DD601CC4B24445D0
:1076C000EFDDBDE8F08F000010B5044610212D4815
:1076D00011F03AFE0A21204600F069F810212948ED
:1076E00011F034FE0A21204600F061F8AE20ECF7DC
:1076F000D5FC4020ECF7D2FC8120ECF7CFFC8020B9
:10770000ECF7CCFCA020ECF7C9FCA420ECF7C6FCFD
:10771000A620ECF7C3FCA820ECF7C0FC3F20ECF758
:10772000BDFCC020ECF7BAFCAD20ECF7B7FC8A201A
:10773000ECF7B4FCD320ECF7B1FC0020ECF7AEFC86
:10774000D520ECF7ABFC8020ECF7A8FCD920ECF7B7
:10775000A5FC1F20ECF7A2FCDA20ECF79FFC12201E
:10776000ECF79CFCDB20ECF799FC4020ECF796FC56
:10777000AF20ECF793FC204600F006F82046FFF718
:1077800067FF10BD0008014010B5024600200BE065
:10779000002105E0002302EBC10423544B1CD9B2A5
:1077A0008029F7DB431CD8B20828F1DB10BD10B5E7
:1077B00002460B46002007E0002101E04C1CE1B22C
:1077C000C829FBDB441CE0B23228F5DB10BD10B544
:1077D000044612F083FD12F053FD10BD2DE9FF4F5A
:1077E00081B00D4690461E46DDF83CA00095C3468C
:1077F000A6F12000C6B25E2E02DD05B0BDE8F08F16
:1078000000242FE0D84639480068092101FB060012
:1078100010F8049000271FE009F0800060B1BAF171
:10782000000F01D1012000E0002003464246294616
:10783000019800F05DF805E053464246294601985C
:1078400000F056F84FEA49604FEA106908F101006C
:1078500000F0FF08781CC7B2082FDDDB681CC5B23A
:10786000601CC4B2062CCDDB009D3AE00BF1080091
:1078700000F0FF081D480068092101FB060010F810
:107880000490002727E009F0800060B1BAF1000FF2
:1078900001D1012000E0002003464246294601981C
:1078A00000F026F805E0534642462946019800F0CC
:1078B0001FF84FEA49604FEA106908F1010000F033
:1078C000FF08781CC7B2042F05D10BF1080000F0A7
:1078D000FF08681CC5B2082FD5DB681CC5B2601C48
:1078E000C4B2092CC2DB00BF87E7000020000020E3
:1078F000F0B51D4600277F2901DC3F2A00DDF0BDE1
:1079000014464FEAE27C02EB5C7C4FEAEC0CCCF1D3
:10791000070C0CF0FF034FEAE27C02EB5C7C4FEAC1
:10792000EC0CA2EBCC0C0CF0FF06C6F1070C01240A
:1079300004FA0CF4E7B265B1C1F17F0400EBC404B2
:10794000E45C3C43C1F17F0C00EBCC0C0CF8034031
:107950000BE0C1F17F0400EBC404E45CBC43C1F163
:107960007F0C00EBCC0C0CF8034000BFC7E7000015
:107970002DE9FF4F81B00D4617469846DDF838A037
:107980000095BB464FF6FF70804502D105B0BDE8BB
:10799000F08F00242DE05F4635480068122101FB7E
:1079A000080010F8049000261DE009F0800060B186
:1079B000BAF1000F01D1012000E0002003463A4651
:1079C00029460198FFF794FF05E053463A462946B9
:1079D0000198FFF78DFF4FEA49604FEA1069781C64
:1079E000C7B2701CC6B2082EDFDB681CC5B2601CB3
:1079F000C4B20C2CCFDB009D36E00BF10800C7B2FF
:107A00001B480068122101FB080010F804900026B2
:107A100024E009F0800060B1BAF1000F01D101202B
:107A200000E0002003463A4629460198FFF760FF30
:107A300005E053463A4629460198FFF759FF4FEAB9
:107A400049604FEA1069781CC7B2701CC6B2042E98
:107A500004D10BF10800C7B2681CC5B2082ED8DBF0
:107A6000681CC5B2601CC4B2122CC6DB00BF8DE717
:107A7000240000201CB5044600203F217F2302463D
:107A8000CDE9001001462046FFF701FE1CBD10B5F0
:107A9000044612F023FC12F0F3FB204610BD000058
:107AA00070B505460C46054A02EBC4025168034A0C
:107AB00052F8340011F0A2FC70BD00001C0400203C
:107AC00070B506460C4615464DB90A4A02EBC4028B
:107AD0005168084A52F8340011F036FC08E0054AB3
:107AE00002EBC4025168034A52F8340011F02EFC34
:107AF00070BD00009C04002070B504460D4620783F
:107B000000F00F00012810DA0C212046FFF7C8FF13
:107B100030B92078401C217860F30301217010E017
:107B2000207820F00F0020700BE00C212046FFF79A
:107B3000B7FF012805D103202071207820F00F0025
:107B40002070607800F00F00012810DA0D21204627
:107B5000FFF7A6FF30B96078401C617860F303013D
:107B600061702FE0607820F00F0060702AE00D2136
:107B70002046FFF795FF01280CD102202071607884
:107B800020F00F006070607820F0F000607000203E
:107B90004C4908706078012101EB1010617860F3A6
:107BA0000711617060780A21B1EB101F0AD1022021
:107BB0002071607820F0F000607042480078401C2E
:107BC00040490870A07800F00F00012810DA0E215B
:107BD0002046FFF765FF30B9A078401CA17860F31C
:107BE0000301A1702EE0A07820F00F00A07029E022
:107BF0000E212046FFF754FF01280BD12071A078F9
:107C000020F00F00A070A07820F0F000A0700020FD
:107C10002D490870A078012101EB1010A17860F3C4
:107C20000711A170A0780A21B1EB101F0AD1012021
:107C30002071A07820F0F000A07023480078401C4C
:107C400021490870E07800F00F00012810DA0F21B8
:107C50002046FFF725FF30B9E078401CE17860F35B
:107C60000301E1702DE0E07820F00F00E07028E0E3
:107C70000F212046FFF714FF01280CD104202071AA
:107C8000E07820F00F00E070E07820F0F000E07085
:107C900000200E490870E078012101EB1010E17816
:107CA00060F30711E170E0780A21B1EB101F08D1F1
:107CB000E07820F0F000E07004480078401C0349B0
:107CC000087070BD1A040020190400201804002058
:107CD00070B5044640F2036012F036FA40F20460D8
:107CE00012F032FA40F2056012F02EFA40F206600D
:107CF00012F02AFA01220E212046FFF7E1FE0022AF
:107D000009212046FFF7DCFE00220A212046FFF76A
:107D1000D7FE00220B212046FFF7D2FE01220C21C4
:107D20002046FFF7CDFE00250CE0194901EBC50107
:107D30004B68174951F835000322482111F008FB20
:107D4000681CC5B2102DF0DB00250CE0114901EBD9
:107D5000C5014B680F4951F835000322102111F07D
:107D6000F7FA681CC5B20F2DF0DB0020207100BFB0
:107D700009E0215C21F00F012154215C21F0F00188
:107D80002154411CC8B20428F3DB204670BD00001A
:107D90001C0400209C040020F8B507460C4615463C
:107DA0001E460020009002236A462146384601F014
:107DB000B9FBA01C81B233462A46384601F0B2FB1B
:107DC0006A4631462846ECF7FDF9401C08BB002006
:107DD000009004F5205081B202236A46384601F033
:107DE000A1FB04F52050801C81B233462A46384658
:107DF00001F098FB6A4631462846ECF7E3F9401C4F
:107E000038B9002003E0FF212954411CC8B2B04218
:107E1000F9DBF8BD10B50446207C00F0010030B15C
:107E20000122092104F11400FFF74AFE05E00022B7
:107E3000092104F11400FFF743FE207CC0F3400049
:107E400030B101220A2104F11400FFF739FE05E0E8
:107E500000220A2104F11400FFF732FE207CC0F357
:107E6000800030B101220B2104F11400FFF728FE3D
:107E700005E000220B2104F11400FFF721FE207C15
:107E8000C0F3401030B10122062104F11400FFF7C5
:107E900017FE05E00022062104F11400FFF710FE92
:107EA000207CC0F3801030B10122072104F11400BE
:107EB000FFF706FE05E00022072104F11400FFF79A
:107EC000FFFD207CC00930B10122082104F114001B
:107ED000FFF7F6FD05E00022082104F11400FFF78A
:107EE000EFFD607C00F0010030B10122002104F1BF
:107EF0001400FFF7E5FD05E00022114604F114002F
:107F0000FFF7DEFD607CC0F3400030B10122114676
:107F100004F11400FFF7D4FD05E00022012104F173
:107F20001400FFF7CDFD607CC0F3800030B101226A
:107F3000022104F11400FFF7C3FD05E00022022135
:107F400004F11400FFF7BCFD607CC0F3C00030B149
:107F50000122032104F11400FFF7B2FD05E0002225
:107F6000032104F11400FFF7ABFD607CC0F30010A7
:107F700030B10122042104F11400FFF7A1FD05E056
:107F80000022042104F11400FFF79AFD607CC0F385
:107F9000401030B10122052104F11400FFF790FDDB
:107FA00005E00022052104F11400FFF789FD0021FE
:107FB00004F11400FFF774FD012805D1A07C20F026
:107FC0000100401CA07403E0A07C20F00100A0741C
:107FD000012104F11400FFF763FD012805D1A07C05
:107FE00020F00200801CA07403E0A07C20F00200BE
:107FF000A074022104F11400FFF752FD012805D1FD
:10800000A07C20F00400001DA07403E0A07C20F000
:108010000400A074032104F11400FFF741FD0128BE
:1080200005D1A07C20F008000830A07403E0A07CFB
:1080300020F00800A074042104F11400FFF730FDC3
:10804000012805D1A07C20F010001030A07403E0BE
:10805000A07C20F01000A074052104F11400FFF7AB
:108060001FFD012805D1A07C20F020002030A07445
:1080700003E0A07C20F02000A074062104F114008D
:10808000FFF70EFD012805D1A07C20F04000403014
:10809000A07403E0A07C20F04000A074072104F14C
:1080A0001400FFF7FDFC012805D1A07C20F0800022
:1080B0008030A07403E0A07C20F08000A074082130
:1080C00004F11400FFF7ECFC012805D1E07C20F05E
:1080D0000100401CE07403E0E07C20F00101E17449
:1080E000092104F11400FFF7DBFC012805D1E07C35
:1080F00020F00200801CE07403E0E07C20F002012C
:10810000E1740A2104F11400FFF7CAFC012805D12B
:10811000E07C20F00400001DE07403E0E07C20F02F
:108120000401E1740B2104F11400FFF7B9FC0128EC
:1081300005D1E07C20F008000830E07403E0E07C2A
:1081400020F00801E174002104F11400FFF7D4FCD1
:1081500010BDF8B507460C4615461E460020009097
:108160006A4631462846ECF72DF802236A46214636
:10817000384601F075FAA01C81B233462A463846CB
:1081800001F06EFA04F5205081B202236A463846A7
:1081900001F066FA04F52050801C81B233462A466D
:1081A000384601F05DFAF8BDF8B507460C461546AD
:1081B0000D48008800900C4EB61C6A462946304691
:1081C000ECF700F810B14FF0FF30F8BD002003E0ED
:1081D000315C2154411CC8B2A842F9DB6A462946E9
:1081E0002046EBF7EFFFF0E700F807082DE9FC4722
:1081F00081460D4617461E46DDF828803C46002085
:108200000090B8F1010F1CD1022301AA294648466B
:1082100000F09AFEBDF804004AF2A551884208D049
:1082200008460190022301AA2946484601F0ACF90C
:1082300026E0A81C81B202236A46484600F084FE6C
:108240001EE0B8F1020F1BD1022301AA29464846BD
:1082500001F068F9BDF804004AF2A551884208D03F
:1082600008460190022301AA2946484601F0F8F980
:1082700006E0A81C81B202236A46484601F052F982
:1082800060680088B0420CDABDF80000401C6168EC
:10829000088060680088B04203D14846616801F0F8
:1082A00055F9BDF80000401C21680880BDF80000A9
:1082B000BDE8FC872DE9F04107460C4615460B4EFC
:1082C000A01B1FFA80F8B44201D2BDE8F081084833
:1082D000844200D9F9E742F20400404481B22B46BF
:1082E0002246384601F0BCF900BFEEE7487700208F
:1082F000277900202DE9F04F87B004468946B9F16F
:10830000000F33D1CC48008840F6E4414843000BCD
:1083100000B2A083B4F91C0000EB8000C7490968D3
:108320000988A0EB010AC5490968488813F074FA66
:1083300007468846504613F058FA0022C04BCDE954
:10834000020113F0B9FA3A464346CDE9040113F0AD
:10835000B3FA054613F0ECF982460A209AFBF0F0D6
:1083600001B204F11C0020F8191061E1B9F1010F0C
:1083700033D1B148408840F6E4414843000B01B294
:10838000E183B4F91E0000EB8000AC4909688988DC
:10839000A0EB010AA9490968C88813F03DFA05460F
:1083A0000E46504613F021FA0022A54BCDE90201FA
:1083B00013F082FA07462A46334613F07DFACDE9D8
:1083C000040113F0B5F982460A209AFBF0F001B2DD
:1083D00004F11C0020F819102AE1B9F1020F43D171
:1083E00096480068408A88B194490968488A13F021
:1083F00071FE054691490968B1F9100013F052FE6B
:108400000646294613F01CFD8E4908608B49096811
:10841000488A13F05FFE07468A480168384613F021
:10842000A1FE054685490968B1F9100013F03AFE2E
:108430000646294613F09EFF834908607E498888D6
:1084400013F048FE07467F480168384613F08AFE5D
:1084500006467D480168304613F084FC054613F05B
:10846000E5FD01B26184E3E0B9F1030F7ED1724909
:10847000C88813F02FFE0646744913F073FE0546B4
:108480004FF08B4113F0DCFC82466B48C08870498A
:1084900008807049504613F065FE054613F0E2FD72
:1084A0006D4908800846008840F63451081A4FF498
:1084B0007A7148432F2190FBF1F0684908805046BB
:1084C00013F024FC0546664A664B13F029FB074669
:1084D0008846504613F01AFC0546634A634B13F076
:1084E000EBF93A464346CDE9000112F08DFFCDE9A4
:1084F000020110F0D3FFCDE9040112F097FE82468D
:1085000051465B4813F02EFE05465A4913F098FC7D
:1085100082464FF07E51504613F024FC05905046A1
:1085200013F0F4FB4FF06632534BCDE9020113F028
:10853000C3F907460022514B13F0F2FA054612F038
:1085400075FE8346059913F07BFC82464C495046E4
:1085500013F0D4FE0DD24B49504613F003FE0546EE
:1085600013F064FD00B24849096800E007E0C884E0
:1085700004E040F6C41044490968C88458E0B9F1E1
:10858000040F25D12D490968488913F045F905469E
:108590000E4629490989294A12681289881A13F056
:1085A00024F93A4A3A4BCDE9020113F085F92A46FB
:1085B0003346CDE9040113F07FF90746354A364BBF
:1085C00012F022FF824613F0B3F801B221842FE0AB
:1085D000B9F1050F25D119490968C88913F01CF9AB
:1085E00005460E4614494989144A12689289881A28
:1085F00013F0FBF88246254A254B13F05DF9074638
:108600002A46334613F058F9224A234BCDE902019A
:1086100012F0FAFECDE9040113F08AF801B2A18448
:1086200006E0B9F1060F03D10348808901B2E18465
:1086300007B0BDE8F08F0000941600203005002040
:10864000000004404C05002048050020EC51584033
:108650003C05002000007A44380500203A0500203F
:108660000AD7A3703D0A0B4014AE47E17A14DE3FEF
:108670003313954300E0764566127140000039409F
:108680000000F0C10000C8426C030020151DC9E5C0
:108690003F24544069006F8104355A402DE9F84F5A
:1086A00082460E461546002000901F4807886A46FD
:1086B00029463046EBF786FDBDF80000B84207D1E9
:1086C0004FF6FF70874203D06FF00100BDE8F88FCE
:1086D00010F074FD144810F0FBFCBDF800101248B7
:1086E00010F080FCB046002409E038F814100E4A5F
:1086F000921C02EB440010F075FC601CC4B205EB48
:10870000D571B4EB610FF0DB10F0CCFCDFF8189002
:1087100009F102090448008800906A462946484643
:10872000EBF750FDD2E7000000F8070870B586B0FF
:108730000446BF480078012866D100260020BC49C5
:108740000870BC4AD2E900109268CDE90302029198
:1087500001200A2302AA47F204610090B64800688B
:10876000FFF744FD0590BDF814000A2190FBF1F2DB
:1087700001FB1200C0EBC00047F2086101EB4000B2
:1087800085B20623AD4A2946204600F0FDFEBDF81D
:1087900014000A2190FBF1F201FB1200C0EBC000B3
:1087A00047F20E6101EB400085B20623A44A294638
:1087B000204600F0E9FEBDF814000A2190FBF1F21A
:1087C00001FB1200C0EBC00047F2146101EB400056
:1087D00085B202239B48026808322946204600F0F1
:1087E000D3FEBDF81400401C80B20590BDF8140003
:1087F0000A2801DB00200590022305AA47F2066142
:10880000204600F0C1FE00BF8F480068C0F344401E
:108810008E49097888427DD18B480088C0F3851045
:10882000352808D188480068C0F30430172802D1E1
:1088300001208749087084480088C0F385103628D5
:1088400070D181480068C0F3043017286AD180488D
:108850000078012866D100207D490870754A0C32E5
:1088600007CA02AB07C30120302302AA46F2DC513B
:10887000009071480068FFF7B9FC0590BDF814003E
:10888000302190FBF1F201FB12002B21484346F20C
:10889000E05101EB400085B206236B4A2946204691
:1088A00000F072FEBDF81400302190FBF1F201FBE4
:1088B00012002B21484346F2E05101EB4000801D9D
:1088C00085B2644820232946026A204600F05CFEF7
:1088D000BDF81400302190FBF1F201FB12002B21B6
:1088E000484346F2E05101EB4000263085B2302388
:1088F000594A2946204600F047FEBDF81400401CA6
:1089000080B20590BDF81400302801DB00200590EE
:10891000022300E006E005AA46F2DE51204600F000
:1089200033FE00BF48480088C0F385103A2808D1BC
:1089300045480068C0F30430172802D1012044499B
:10894000087041480088C0F385103B286DD13E482F
:108950000068C0F30430172867D13D48007801282B
:1089600063D100203A4908700026324A1832D2E911
:1089700000109268CDE90302029102205A2302AA54
:10898000002100902C480068FFF730FC0590BDF8EE
:1089900014005A2190FBF1F201FB12002B214843F5
:1089A000042101EB400085B20623274A29462046D0
:1089B00000F056FEBDF814005A2190FBF1F201FBC5
:1089C00012002B214843042101EB4000801D85B299
:1089D000204820232946026A204600F041FEBDF8C7
:1089E00014005A2190FBF1F201FB12002B214843A5
:1089F000042101EB4000263085B23023164A294677
:108A0000204600F02DFEBDF81400401C80B20590F9
:108A1000BDF814005A2801DB00200590022305AAA6
:108A20001946204600F01CFE00BF06B070BD0000D5
:108A30009F03002038C602084005002008040020DB
:108A400010040020640000202005002024030020E2
:108A500044050020F8170020347900202DE9F0416A
:108A600080460C4615462F460E48854203D16000CD
:108A70001730C6B205E00C48854202D160002130B3
:108A8000C6B2600037F8101030460FF0C5FD620026
:108A9000521C37F81210721CD0B20FF0BDFDBDE8A9
:108AA000F0810000347900204C7900202DE9F0415C
:108AB00080460C4615462F460E48854203D160007D
:108AC0001730C6B205E00C48854202D16000213063
:108AD000C6B230460FF084FD610027F81100711C0A
:108AE000C8B20FF07DFD6100491C27F81100BDE8F8
:108AF000F0810000347900204C79002010B5044644
:108B0000482221492046FFF74FFB00283AD042F285
:108B100010701E490968088000201C4909684880B7
:108B200042F21070194909688880002017490968C5
:108B3000C88041F2E64015490968088240F658505D
:108B400012490968488240F62610104909680881D0
:108B500000200E490968488140F649100B49096810
:108B60008881002009490968C88101200649887563
:108B7000C87500200876487601208876482220466D
:108B8000FFF78CFD10BD0000902200203005002072
:108B900010B50122038A02FA01F4A343038210BD37
:108BA00010B50122038A02FA01F42343038210BDA7
:108BB0002DE9F0410446002605E031462046FFF746
:108BC00099FB701CC6B2072EF7DBCE480078002850
:108BD00001DDBDE8F081B4F92000CB49096849897D
:108BE00001EB810188420BDAB4F92000C64909681B
:108BF000498901EB81014942884201DD002121843C
:108C0000B4F92400C0490968C98901EB810188428F
:108C10000BDAB4F92400BC490968C98901EB810168
:108C20004942884201DD0021A184208CB7490968AE
:108C3000C880A08CB54909680881B4F92600A0F263
:108C400075301B2190FBF1F0143000B2AF49096878
:108C5000088500250021AE4800680DF025FA07467A
:108C6000002004E037F910100D44411CC8B2A94996
:108C700089788142F6DCA748407895FBF0F5608C56
:108C8000A24909680880B4F9220041F2446188428F
:108C90000DDDB4F92200401B642817DD41F26800A5
:108CA000854213DD28B29949096808800EE0B4F9BD
:108CB000220041F25C21884208DAB4F92200281A25
:108CC000642803DD28B29149096808809248007839
:108CD000002873D18D490968A1F82B008B480068E2
:108CE000B0F82B10208C084400B288490968A1F81C
:108CF0002B0086480068B0F82B10A08C084400B206
:108D000082490968A1F82B00B4F92000002819DD78
:108D100082498988824A128812B251430A2291FB01
:108D2000F2F188B2002809DDB4F920106422514321
:108D300091FBF0F109B27B4A918002E00021794A6F
:108D4000918002E0002077498880B4F9240000284F
:108D500019DD7249C988724A128812B251430A2237
:108D600091FBF2F188B2002809DDB4F924106422E5
:108D7000514391FBF0F109B26A4AD18002E000212F
:108D8000684AD18002E000206649C8800020664918
:108D9000088000BF0EE0634931F91010624AB2F951
:108DA0000020914204DD5F4931F810105E4A1180C5
:108DB000411CC8B20A28EEDB61E0FFE756480078A4
:108DC00000285CDD0020514A1268A2F82B0000BF89
:108DD00013E0564A52F820206AB14C4A1268B2F8A1
:108DE0002B20524B53F820301B881A4412B2474BA9
:108DF0001B68A3F82B20421CD0B20628E9DB002018
:108E000024E0464A32F81020454B1B881BB25A43D7
:108E10000A2392FBF3F291B2002911DD434A52F882
:108E200020206AB1414A52F82020128812B26423ED
:108E30005A4392FBF1F212B23A4B23F8102003E0AE
:108E40000022384B23F81020421CD0B20628D8DB71
:108E50000020354A108000BF0EE0324A32F910205F
:108E6000314BB3F900309A4204DD2E4A32F810201B
:108E70002D4B1A80421CD0B20A28EEDB00BF2C48D2
:108E80000078401C2A4908702A480078224909784D
:108E9000884234D0204800782649087000202649AE
:108EA00008801D480078002812DD00200DE02349CD
:108EB000095C0C2907DA194931F810101E4A12888A
:108EC00011441D4A1180411CC8B20628EFDB12E094
:108ED0001148007878B9002009E0104931F81010E5
:108EE000154A12881144144A1180411CC8B2144911
:108EF00009788842F1DB13480068FEF789F900BF62
:108F000067E6000069030020300500206C030020A4
:108F1000700300202C0E0020A8100020600200200A
:108F2000B600002000230020340500202018002077
:108F30003705002045050020B8000020BA100020A9
:108F400050030020280F00202DE9F04107460C4671
:108F500015461E4611F0CAFD33462A4621460348EF
:108F600000F0B5FB11F0D2FDBDE8F081500000200B
:108F7000FEB50446022302AA4FF4A5712046FFF76E
:108F8000E3FFBDF8080044F69A21884224D0A08966
:108F9000E189084483B24FF4A8712046626800F06A
:108FA000F3FA44F69A200290022302AA4FF4A57124
:108FB000204600F0E9FA022304F10C024FF4A671F6
:108FC000204600F0E1FA022304F10E024FF4A771EB
:108FD000204600F0D9FAAEE0022301AA4FF4A671B0
:108FE0002046FFF7B1FF02236A464FF4A7712046DF
:108FF000FFF7AAFFA089BDF8041088420FD1E089CD
:10900000BDF8001088420AD1A089E189084483B2E2
:109010004FF4A87120466268FFF796FF8BE0E08965
:10902000BDF80010884202DDBDF8006000E0E6896E
:10903000A089BDF80410884202DDBDF8045000E0AC
:10904000A58933464FF4A87120466268FFF77CFF7C
:10905000BDF8000000F5A87081B22B4620462268BA
:10906000FFF772FFE089BDF8001088421FDDE0893C
:10907000BDF80070C01B83B26068C21907F5A87004
:1090800081B2204600F080FAE08900F5A87081B234
:10909000BDF804302046226800F076FA022304F17D
:1090A0000E024FF4A771204600F06EFA16E0E08938
:1090B000BDF80010884211DA022304F10E024FF4C9
:1090C000A771204600F060FAE08900F5A87081B22F
:1090D000BDF804302046226800F056FAA089BDF899
:1090E0000410884219DDE78960683844BDF80470CF
:1090F000C219A089C01B83B2E08900F5A87038446A
:1091000081B2204600F040FA022304F10C024FF431
:10911000A671204600F038FA0CE0A089BDF80410D2
:10912000884207DA022304F10C024FF4A6712046AC
:1091300000F02AFA00BF00201CE0E54A32F81020B7
:10914000C2F34221CA1701EB5272D210A1EBC20343
:1091500001229A40DE4B13F8103003F07F03DD4DFF
:10916000EB5C1A43DA4B13F8103003F07F03EA5438
:10917000411CC8B20C28E0DB022302AA9902D6489F
:109180000068FFF7E1FEBDF808004AF2A5518842E9
:1091900020D10223D14A40F60201CF480068FFF7F0
:1091A000D3FECF480088B0F5FA6F03DACB480088C9
:1091B000CB4908800C23CB4A46F2C451C64800680C
:1091C000FFF7C2FE0C23C84A46F2D051C2480068DD
:1091D000FFF7BAFE022302AA46F2DC512046FFF74F
:1091E000B3FEBDF808004AF2A55188420ED1012312
:1091F000BE4A46F2DE512046FFF7A6FEBC48008874
:10920000302803DAB9480088B9490880022302AA45
:109210000021204600F086F9BDF808004AF2A55169
:1092200088420DD10123B34A0221204600F07AF989
:10923000B14800885A2803DAAE480088AE49088051
:10924000022302AA47F204612046FFF77DFEBDF823
:1092500008004AF2A55188420ED10123A74A47F2DD
:1092600006612046FFF770FEA54800880A2803DA49
:10927000A2480088A24908800020A2494861A2496A
:10928000486100251DE09F4A29462046FFF70EFC55
:109290009D4A29462046FFF709FC002D0FDD99481D
:1092A0004069984951F82510084496494861964804
:1092B0004069954951F82510084493494861681C54
:1092C000C5B2052DDFDB002517E06900491CC8B2D7
:1092D0000FF086F905EB85018C4A02EB81010881CC
:1092E0006900891CC8B20FF07BF905EB8501874A3C
:1092F00002EB81014881681CC5B2042DE5DB0D201D
:109300000FF06EF9824908800E200FF069F980494C
:10931000488011200FF064F97E49088012200FF078
:109320005FF97C494880022302AA4FF47C41204621
:10933000FFF70AFEBDF808004AF2A551884207D19E
:109340003023754A4FF602412046FFF7FDFD10E03D
:109350004AF2A5500290022302AA4FF47C41204613
:1093600000F012F930236C4A4FF60241204600F01B
:109370000BF9022302AA1903204600F0D3F8BDF826
:1093800008004AF2A551884208D14FF4F073634AAD
:1093900042F20401204600F0C5F891E000207DE093
:1093A00040F26C7200EB40015C4B53F8311062F3F9
:1093B0001F5100EB400243F8321000EB40011A4607
:1093C00052F8311021F4702101F5803100EB400298
:1093D00043F8321000EB40011A4652F8311021F4E4
:1093E000784101F5006100EB400243F8321000EBD8
:1093F00040011A4652F8311021F4F86101F540712C
:1094000000EB400243F8321000EB40011A4652F8DC
:10941000311021F03F01491C00EB400243F83210AB
:10942000002100EB400203EBC202918100EB4002FD
:1094300003EBC202118200EB400203EBC202D181B6
:1094400000EB400203EBC202518241F2301100EB0B
:10945000400203EBC202D18041F25C2100EB4002EA
:1094600003EBC2025181B42100EB400203EBC202C4
:109470001181012100EB400203EBC2029175002132
:1094800000EB400203EBC20291804FF4207100EB2D
:10949000400203EBC2029182411CC8B21428FFF6BD
:1094A0007FAF4AF2A5500290022302AA1903204678
:1094B00000F0D6F84FF4F07218492046FEF7FAFE95
:1094C0000623174A4FF420512046FEF765FCFEBDE7
:1094D000000100205024002040050020C80E00207C
:1094E0003C020020BC0E0020B00E00209A03002099
:1094F0003E0200209C03002054020020A003002014
:1095000040020020347900204C790020647900204A
:10951000FC100020F8100020AA030020487700204B
:10952000BA1000202DE9F04107460C4615461E46AC
:1095300011F0DCFA33462A462146034800F0C7F80A
:1095400011F0E4FABDE8F081540000202DE9F0416B
:1095500005460C466868A04201D9BDE8F081A868BC
:10956000A04200D2F9E76868A0420BD80227A88879
:10957000201A86B206F5A87081B23B4622462846DC
:1095800000F002F800BFE8E72DE9F04107460C467D
:1095900015461E4611F0AAFA33462A4621460348CC
:1095A00000F0A9F811F0B2FABDE8F08150000020F7
:1095B0002DE9F04F85B08A4614460020049024B966
:1095C00020480068807A049005E0012C03D11D48F2
:1095D0000068807B0490049812F01EF907461A4A2E
:1095E0001A4B12F069F90022194BCDE9000112F073
:1095F00063F9184A184BCDE9020111F005FF054641
:1096000011F014FE81460CB9042402E0012C00D1B3
:109610000524504612F046FD8046494612F010FCE3
:1096200006460E4931F8140012F054FD0746314643
:1096300012F0A0FE054612F015FD8346584605B00F
:10964000BDE8F08F30050020BF1072DEFFC7E93F94
:109650000000594069006F8104355A40941600207B
:109660002DE9F04107460C4615461E4611F03EFA1C
:1096700033462A462146034800F03DF811F046FAE9
:10968000BDE8F0815400002010B5044604F1140038
:10969000FEF71EFBA0F1140400202082608208481F
:1096A0002060084860600848A0602088A188401AAF
:1096B000E08120892188401AA081204610BD000049
:1096C0001C030020B00000206103002070472DE93A
:1096D000F04180460D4616461F46002407E0281933
:1096E00081B2404600F01BF83055601C84B2BC4289
:1096F000F5DBBDE8F0812DE9F04180460D461646C8
:109700001F46002407E0281982B2315D404600F070
:1097100045F8601C84B2BC42F5DBBDE8F08170B551
:1097200004460D46A01CFDF7EFFD08B9002070BDF2
:10973000207800F0FE01A01CFDF748FEA01CFDF7FC
:109740001BFE20B9A01CFDF79BFD0020EFE7290AB6
:10975000A01CFDF73BFEA01CFDF70EFEE9B2A01C0D
:10976000FDF734FEA01CFDF707FEA01CFDF7CCFDA5
:10977000207800F0FE00411CA01CFDF727FEA01C75
:10978000FDF7FAFDA01CFDF74DFD0646A01CFDF7F8
:1097900099FDA01CFDF774FD3046C8E72DE9F041A6
:1097A00004460F461546A01CFDF7AEFD10B900207B
:1097B000BDE8F081207800F0FE01A01CFDF706FE58
:1097C000A01CFDF7D9FD20B9A01CFDF759FD002014
:1097D000EEE7290AA01CFDF7F9FDA01CFDF7CCFD62
:1097E000E9B2A01CFDF7F2FDA01CFDF7C5FD39464E
:1097F000A01CFDF7EBFDA01CFDF7BEFDA01CFDF7B6
:109800003FFD002603E0A01CFDF7AEFD761C40F2F4
:10981000DC508642F7D30120CAE770B504460E46F5
:109820001546A01CFDF702FE841EA01C058000BF8B
:109830002670204670BD00002DE9F74F88B0044621
:109840000E460025002060762076FE490880A0683C
:109850000079A1688978884202DD0120A168087139
:10986000A0680079401E85B2F068606101210A9805
:109870000CF01AFC079007210A980CF015FC8046A2
:109880000A210A980CF010FC069002210A980CF0AC
:109890000BFC814608210A980CF006FC07460921BA
:1098A0000A980CF001FC824615210A980CF0FCFB8A
:1098B000059016210A980CF0F7FB0490002021680F
:1098C00088802168C88021680881DF490880488035
:1098D0008880DE49088000BF93E0012181406269F1
:1098E000114000297ED0395C032914D139F81010B9
:1098F000D64A12881144D54A1180079931F81010C0
:109900000A2291FBF2F122685288114422685180A8
:10991000617E491C6176395C02295ED1079931F874
:1099200010100A2291FBF2F1226812881144226879
:109930001180217E491C21761AF80010032291FB28
:10994000F2F302FB1311A1B91AF80010002910DD7F
:1099500038F810100A2291FBF2F122689288114423
:1099600022689180B849098839F810201144B64A14
:1099700011801AF80010032291FBF2F302FB13117D
:10998000012910D138F810100A2291FBF2F1226857
:10999000D28811442268D180AB49498839F8102017
:1099A0001144A94A51801AF80010032291FBF2F3E6
:1099B00002FB1311022910D138F810100A2291FB72
:1099C000F2F1226812891144226811819E49898826
:1099D00039F8102011449C4A91800499095C994AF5
:1099E000128800E002E01144964A1180002162686A
:1099F00011700599095C11B9012162681170411C4F
:109A0000C8B296F82F1081423FF767AF607E217E83
:109A100008448C49098891FBF0F08D49087008468C
:109A20000078002809DD084600788A4909884843FB
:109A30000A2190FBF1F088490880E068007800F086
:109A4000010000287DD0E068007800F0F000E168B7
:109A5000087000200390E068007800F010001028E3
:109A600005D102200390207EA16848710AE0E068D9
:109A7000007800F02000202804D103200390607EAD
:109A8000A1684871A0680079A1684979884202DD1F
:109A90000120A16808710020029000250FE0795D87
:109AA0000398814203D10298401CC0B20290A06882
:109AB00001790298814200D105E0681C85B2A06856
:109AC0008078A842EBDC00BFA0688078A84201D073
:109AD000029850B996F82E00A168487096F82F00A9
:109AE000A16888700BB0BDE8F08F0020E1680870B5
:109AF00005210A980CF0D8FA01900198405D00F019
:109B0000010020B90598405D2169087002E002203B
:109B10002169087000210A980CF0C6FA8346BBF14F
:109B2000000F03D03BF8150021694880079830F8F2
:109B300015002169888006210A980CF0B5FA834641
:109B400000E0C6E0BBF1000F06D03BF815000A218B
:109B500090FBF1F02169C880785D022808D1069851
:109B600030F815000A2190FBF1F02169088109E025
:109B7000785D032806D138F815100A2091FBF0F023
:109B80002169088103210A980CF08EFA8346BBF103
:109B9000000F03D03BF815002169488114210A9871
:109BA0000CF082FA00900098D8B30098405DA0B9FC
:109BB0000120216948702169087328480068407BAA
:109BC00001282ED10020254909684873681CC1B2BC
:109BD000012230460DF0E4FA23E0785D02280BD133
:109BE0001F480078012803D100202169487006E051
:109BF00002202169487002E002202169487000209B
:109C00002169087315480068407B012809D10020AC
:109C1000124909684873681CC1B2002230460DF031
:109C2000BFFA10480078012805D10198405D01096C
:109C30000A480068C1770C480078A84227D0012064
:109C40000A4915E0320E0020380E00203E0E00209A
:109C5000340E0020DC00002080030020600600207D
:109C60007B0300205F030020460E0020470E0020EB
:109C7000087029480078401C86F84400102086F8B7
:109C80004500012086F842000020306120E0234892
:109C9000007801281CD1022020490870681C86F831
:109CA0004400102086F84500012086F8420002207A
:109CB00030611B48007801280AD120221021194860
:109CC000E8F74CFD00201749087405201649087074
:109CD00013E01248007802280FD101200F490870C4
:109CE0000D480078401C86F84400102086F8450096
:109CF000012086F842000020306107490D7096F877
:109D00002E00A168487096F82F00A1688870681C22
:109D10000649087000BFE5E6460E0020470E002009
:109D20005F03002086060020350E0020360E00203E
:109D300010B5029C01604260C360046110BD816087
:109D40007047704710B50446024909680868FDF776
:109D500091FE10BD7805002003B587B007984069D3
:109D60000078012809D002287ED0032801F0FA806B
:109D7000042841F0A68401F0DBBBB420F949087047
:109D80000798007CB0B90798407E401EC1B2079882
:109D900041760798407EFF280CD100210798417634
:109DA0000798007E002805DD0798007E401EC1B29E
:109DB000079801760798007C032874D1079890F8DB
:109DC0005B00642812D008DC44286DD046286CD093
:109DD00047286BD04F286AD16CE0662868D06C2881
:109DE00067D06F2841D07828F5D1DBE30798407E13
:109DF000C0EBC001089800EB4100406806900120CC
:109E00000590002004900BE0059800EB80004FF6D1
:109E1000FF7101EA400005900498401CC0B2049014
:109E2000079890F85A0000F00F01079890F85A0030
:109E3000A1EB1010401E04998842E5DC079890F8C9
:109E400059000121C1EB1011069830F81110059846
:109E5000084481B2079890F859000122C2EB101211
:109E6000069820F81210E7E3ECE30798407EC0EB79
:109E7000C001089800EB410040680690079890F8F0
:109E800059000121C1EB1011069830F81100401C57
:109E900081B2079890F859000122C2EB101206987F
:109EA00020F81210C8E3C8E320E0F7E03AE2C2E38A
:109EB00062E078E30798407EC0EBC001089800EBB1
:109EC000410040680690079890F859000121C1EBC5
:109ED00010110698405C401CC1B2079890F85900D8
:109EE0000122C2EB101206988154A5E30798407E28
:109EF000C0EBC001089800EB4100406806900120CB
:109F000005900020049009E0059800EB80004006D1
:109F1000000E05900498401CC0B20490079890F879
:109F20005A0000F00F01079890F85A00A1EB1010AA
:109F3000401E04998842E7DC079890F859000121F7
:109F4000C1EB10110698415C05980844FF2812DC0B
:109F5000079890F859100120C0EB11110698415C48
:109F600005980844C1B2079890F859000122C2EB45
:109F70001012069881545FE30798407EC0EBC00141
:109F8000089800EB410040680690079890F8590047
:109F90000009059000EBD07041100598A0EB41003E
:109FA000F0B301200590002004900BE0059800EB31
:109FB00080004FF6FF7101EA400005900498401CB4
:109FC000C0B20490079890F85A0000F00F0107986B
:109FD00090F85A00A1EB1010401E04998842E5DC6D
:109FE000059812F077F80390079890F8591001201F
:109FF000C0EB1110049000EBD0704110069850F89F
:10A00000210001460290039811F0ACFE079991F8E7
:10A0100059100122C2EB1111049101EBD17100E042
:10A0200004E04A10069941F8220036E04FF07E50D5
:10A0300005900020049008E04B49059811F000FFBE
:10A0400005900498401CC0B20490079890F85A00FC
:10A05000012101EB101104988142EDDC079890F882
:10A0600059100120C0EB1110049000EBD07041108A
:10A07000069850F821000390059911F073FE079996
:10A0800091F859100122C2EB1111049101EBD17129
:10A090004A10069941F8220000BFCDE20798407EA1
:10A0A000C0EBC001089800EB4100007B00F03000DD
:10A0B000202809D10798407EC0EBC001089800EB2A
:10A0C00041004068069014E00798407EC0EBC00154
:10A0D000089800EB4100007B00F03000302808D1E8
:10A0E0000798407EC0EBC001089800EB4100406833
:10A0F0000590079890F859000009049000EBD07083
:10A1000041100498A0EB410000287DD0012004906C
:10A110000020019008E0049800EB800040000490CB
:10A120000198401CC0B20190079890F85A0000F0C6
:10A130000F01079890F85A00A1EB1010401E0199EA
:10A140008842E8DC002003900798407EC0EBC00105
:10A15000089800EB4100407B039001200290002012
:10A1600001900FE00F11002000002041029800EB49
:10A1700080004FF6FF7101EA400002900198401CF8
:10A18000C0B20190039901988842EFDB02990498CC
:10A19000484304900798407EC0EBC001089800EB4C
:10A1A0004100007B00F0300020281DD1079890F876
:10A1B00059000121C1EB1010019000EBD07041104B
:10A1C000069830F811100498084401B2079890F8E6
:10A1D00059000122C2EB1010019000EBD070421028
:10A1E000069820F8121029E00798407EC0EBC001C5
:10A1F000089800EB4100007B00F0300030281DD1B2
:10A20000079890F8590000E019E00121C1EB101007
:10A21000019000EBD0704110059850F8211004987F
:10A220000144079890F859200120C0EB12100190CA
:10A2300000EBD0704210059840F8221071E0012028
:10A240000490002003900BE0049800EB80004FF690
:10A25000FF7101EA400004900398401CC0B20390D3
:10A26000079890F85A0000F00F01079890F85A00EC
:10A27000A1EB1010401E03998842E5DC0798407E50
:10A28000C0EBC001089800EB4100007B00F03000FB
:10A2900020281DD1079890F859000121C1EB10101A
:10A2A000039000EBD0704110069830F8111004981C
:10A2B000084401B2079890F859000122C2EB10102F
:10A2C000039000EBD0704210069820F8121027E09F
:10A2D0000798407EC0EBC001089800EB4100007B6E
:10A2E00000F0300030281BD1079890F85900012168
:10A2F000C1EB1010039000EBD0704110059850F89E
:10A30000211004980144079890F859000122C2EBEB
:10A310001010039000EBD0704210059840F8221006
:10A3200000BF89E10798407EC0EBC001089800EBB0
:10A330004100007B00F03000202809D10798407EC2
:10A34000C0EBC001089800EB41004068069014E0A3
:10A350000798407EC0EBC001089800EB4100007BED
:10A3600000F03000302808D10798407EC0EBC001D3
:10A37000089800EB410040680590079890F8590054
:10A380000009049000EBD07041100498A0EB41004C
:10A3900000287DD0012004900020019008E004985E
:10A3A00000EB8000400004900198401CC0B2019076
:10A3B000079890F85A0000F00F01079890F85A009B
:10A3C000A1EB1010401E01998842E8DC00200390A8
:10A3D0000798407EC0EBC001089800EB4100407B2D
:10A3E000039001200290002001900BE0029800EB06
:10A3F00080004FF6FF7101EA400002900198401C76
:10A40000C0B20190039901988842EFDB0299049849
:10A41000484304900798407EC0EBC001089800EBC9
:10A420004100007B00F0300020281DD1079890F8F3
:10A4300059100120C0EB1110019000EBD0704110B9
:10A44000069830F811100498084481B2079890F8E3
:10A4500059000122C2EB1010019000EBD0704210A5
:10A46000069820F8121029E00798407EC0EBC00142
:10A47000089800EB4100007B00F0300030281DD12F
:10A48000079890F859100120C0EB1110019000E0DE
:10A4900015E000EBD0704110059850F82110049899
:10A4A0000144079890F859000122C2EB1010019066
:10A4B00000EBD0704210059840F8221071E00120A6
:10A4C0000490002003900BE0049800EB80004FF60E
:10A4D000FF7101EA400004900398401CC0B2039051
:10A4E000079890F85A0000F00F01079890F85A006A
:10A4F000A1EB1010401E03998842E5DC0798407ECE
:10A50000C0EBC001089800EB4100007B00F0300078
:10A5100020281DD1079890F859000121C1EB101097
:10A52000039000EBD0704110069830F81110049899
:10A53000084481B2079890F859000122C2EB10102C
:10A54000039000EBD0704210069820F8121027E01C
:10A550000798407EC0EBC001089800EB4100007BEB
:10A5600000F0300030281BD1079890F859000121E5
:10A57000C1EB1010039000EBD0704110059850F81B
:10A58000211004980144079890F859000122C2EB69
:10A590001010039000EBD0704210059840F8221084
:10A5A00000BF49E000BF079890F859000121C1EBB6
:10A5B0001010C0B206900798407EC0EBC00108980A
:10A5C00000EB410081680698085C401CC1B2079806
:10A5D000407EC0EBC002089800EB420082680698FB
:10A5E00011540798407EC0EBC001089800EB410071
:10A5F00040680590DDE9050150F8210004900798B6
:10A60000407EC0EBC001089800EB410081680698CD
:10A61000095C049850F821000390039850B9002178
:10A620000798407EC0EBC002089800EB42008268A9
:10A630000698115400E000BF00BF00210798406950
:10A640000170FDE3B420FE4908700798007C88BBC8
:10A650000798407E401CC1B2079841760798416830
:10A66000407EC0EBC00001EB4000006828B90798AD
:10A67000407E401EC1B2079841760798407E04286C
:10A6800018D10321079841760798007E401CC1B27B
:10A690000798017607984168007EC01CC0EBC00097
:10A6A00001EB4000006828B90798007E401EC1B247
:10A6B000079801760798007C03287DD1079890F8C9
:10A6C0005B00642812D008DC442876D0462875D078
:10A6D000472874D04F2873D178E0662871D06C2851
:10A6E00070D06F284CD07828F5D1DBE30798407EF6
:10A6F000C0EBC001089800EB4100406806900120C3
:10A700000590002004900BE0059800EB80004FF6C8
:10A71000FF7101EA400005900498401CC0B204900B
:10A72000079890F85A0000F00F01079890F85A0027
:10A73000A1EB1010401E04998842E5DC079890F8C0
:10A7400059000121C1EB1011069830F8110000B238
:10A75000002814DD079890F859000121C1EB101171
:10A76000069830F811100598081A81B2079890F8E9
:10A7700059000122C2EB1012069820F81210EBE3E8
:10A780000798407EC0EBC001089800EB410040688C
:10A790000690079890F859000121C1EB1011069816
:10A7A00030F81100401E81B2079890F8590001223C
:10A7B000C2EB1012069806E0CFE323E0EEE030E2B1
:10A7C000C9E359E06FE320F81210C5E30798407E13
:10A7D000C0EBC001089800EB410040680690079864
:10A7E00090F859000121C1EB10110698405C401E01
:10A7F000C1B2079890F859000122C2EB10120698D6
:10A800008154A9E30798407EC0EBC001089800EB93
:10A81000410040680690012005900020049009E066
:10A82000059800EB80004006000E05900498401C3F
:10A83000C0B20490079890F85A0000F00F010798F2
:10A8400090F85A00A1EB1010401E04998842E7DCF2
:10A85000079890F859000121C1EB10110698415C4E
:10A860000598081AC1B2079890F859000122C2EB66
:10A870001012069881546FE30798407EC0EBC00128
:10A88000089800EB410040680690079890F859003E
:10A890000009059000EBD07041100598A0EB410035
:10A8A000F0B301200590002004900BE0059800EB28
:10A8B00080004FF6FF7101EA400005900498401CAB
:10A8C000C0B20490079890F85A0000F00F01079862
:10A8D00090F85A00A1EB1010401E04998842E5DC64
:10A8E000059811F0F7FB0390079890F859000121A3
:10A8F000C1EB1010049000EBD0704110069850F896
:10A90000210001460290039811F029FD079991F862
:10A9100059100122C2EB1111049101EBD17100E039
:10A9200004E04A10069941F8220036E04FF07E50CC
:10A9300005900020049008E04249059811F080FA43
:10A9400005900498401CC0B20490079890F85A00F3
:10A95000012101EB101104988142EDDC079890F879
:10A9600059000121C1EB1010049000EBD070411090
:10A97000069850F821000390059911F0FBFC079907
:10A9800091F859100122C2EB1111049101EBD17120
:10A990004A10069941F8220000BFDDE20798407E88
:10A9A000C0EBC001089800EB4100007B00F03000D4
:10A9B000202809D10798407EC0EBC001089800EB21
:10A9C00041004068069014E00798407EC0EBC0014B
:10A9D000089800EB4100007B00F03000302808D1DF
:10A9E0000798407EC0EBC001089800EB410040682A
:10A9F0000590079890F859000009049000EBD0707A
:10AA000041100498A0EB410080B301200490002085
:10AA1000019008E0049800EB800040000490019849
:10AA2000401CC0B20190079890F85A0000F00F0146
:10AA3000079890F85A00A1EB1010401E019903E00E
:10AA40000F110020000020418842E3DC0020039029
:10AA50000798407EC0EBC001089800EB4100407BA6
:10AA6000039001200290002001900CE066E0029823
:10AA700000EB80014FF6FF7000EA41000290019860
:10AA8000401CC0B20190039901988842EFDB029903
:10AA90000498484304900798407EC0EBC001089892
:10AAA00000EB4100007B00F0300020281DD107980A
:10AAB00090F859000121C1EB1010019000EBD0700B
:10AAC0004110069830F811100498081A01B207983E
:10AAD00090F859000122C2EB1010019000EBD070E9
:10AAE0004210069820F8121027E00798407EC0EB2D
:10AAF000C001089800EB4100007B00F030003028D6
:10AB00001BD1079890F859000121C1EB101001905A
:10AB100000EBD0704110059850F821100498091AE4
:10AB2000079890F859000122C2EB1010019000EB39
:10AB3000D0704210059840F8221071E00120049076
:10AB4000002003900BE0049800EB80004FF6FF71AB
:10AB500001EA400004900398401CC0B2039007989B
:10AB600090F85A0000F00F01079890F85A00A1EBF6
:10AB70001010401E03998842E5DC0798407EC0EB28
:10AB8000C001089800EB4100007B00F03000202855
:10AB90001DD1079890F859000121C1EB10100390C6
:10ABA00000EBD0704110069830F811100498081A84
:10ABB00001B2079890F859000122C2EB10100390DF
:10ABC00000EBD0704210069820F8121027E007988A
:10ABD000407EC0EBC001089800EB4100007B00F014
:10ABE000300030281BD1079890F859000121C1EBA3
:10ABF0001010039000EBD0704110059850F8211010
:10AC00000498091A079890F859000122C2EB101015
:10AC1000039000EBD0704210059840F8221000BF5E
:10AC20009AE10798407EC0EBC001089800EB410014
:10AC3000007B00F03000202809D10798407EC0EB4F
:10AC4000C001089800EB41004068069014E00798A6
:10AC5000407EC0EBC001089800EB4100007B00F093
:10AC60003000302808D10798407EC0EBC00108981A
:10AC700000EB410040680590079890F859000009E2
:10AC8000049000EBD07041100498A0EB4100E8B3B1
:10AC9000012004900020019008E0049800EB80005F
:10ACA000400004900198401CC0B20190079890F8B1
:10ACB0005A0000F00F01079890F85A00A1EB10100D
:10ACC000401E01998842E8DC002003900798407EEE
:10ACD000C0EBC001089800EB4100407B03900120CD
:10ACE0000290002001900BE0029800EB80004FF6EC
:10ACF000FF7101EA400002900198401CC0B201902F
:10AD0000039901988842EFDB029900E055E004982E
:10AD1000484304900798407EC0EBC001089800EBC0
:10AD20004100007B00F0300020281DD1079890F8EA
:10AD300059000121C1EB1010019000EBD0704110BF
:10AD4000069830F811100498081A81B2079890F804
:10AD500059000122C2EB1010019000EBD07042109C
:10AD6000069820F8121027E00798407EC0EBC0013B
:10AD7000089800EB4100007B00F0300030281BD128
:10AD8000079890F859000121C1EB1010019000EBD9
:10AD9000D0704110059850F821100498091A0798AE
:10ADA00090F859000122C2EB1010019000EBD07016
:10ADB0004210059840F8221073E001200490002012
:10ADC00003900BE0049800EB80004FF6FF7101EA5E
:10ADD000400004900398401CC0B20390079890F87C
:10ADE0005A0000F00F01079890F85A00A1EB1010DC
:10ADF000401E03998842E5DC0798407EC0EBC00105
:10AE0000089800EB4100007B00F0300020281FD1A3
:10AE1000079890F859000121C1EB1010039000EB46
:10AE2000D0704110069830F811100498081A81B2B9
:10AE3000079890F859000122C2EB1010039000E02F
:10AE400075E300EBD0704210069820F8121027E04E
:10AE50000798407EC0EBC001089800EB4100007BE2
:10AE600000F0300030281BD1079890F859000121DC
:10AE7000C1EB1010039000EBD0704110059850F812
:10AE800021100498091A079890F859000122C2EB82
:10AE90001010039000EBD0704210059840F822107B
:10AEA00000BF59E000BF079890F859000121C1EB9D
:10AEB0001010C0B206900798407EC0EBC001089801
:10AEC00000EB410081680698085C002816DD0798B1
:10AED000407EC0EBC001089800EB410081680698F5
:10AEE000085C401EC1B20798407EC0EBC0020898C3
:10AEF00000EB42008268069811542BE00798407ED0
:10AF0000C0EBC001089800EB410040680590DDE906
:10AF1000050150F8210004904FF0FF30029008E046
:10AF20000298401C40B202900299049850F8210007
:10AF3000039003980028F3D10298401EC1B20798ED
:10AF4000407EC0EBC002089800EB42008268069881
:10AF5000115400BF00E000BF00BF00210798406906
:10AF60000170AFE3B420FB490870079890F9100016
:10AF7000401C30B90798007C401C41B2079801740E
:10AF8000D1E20798007C002874D10798407EC0EB7E
:10AF9000C001089800EB4100007B00F0030001288D
:10AFA00069D10798407EC0EBC001089800EB4100D2
:10AFB0004068E94988425FD1E8480088F0BBE8482A
:10AFC00006900798407EC0EBC001089800EB410056
:10AFD0008068E44908600798C0680590DDE90510BD
:10AFE000884760B30698006805900798807E062819
:10AFF0003EDA0798417E807E00EB800207981D3084
:10B0000000EB420001720798017E807E00EB800217
:10B0100007981D3000EB420041720798807E401C6B
:10B02000C1B2079881760798807E401E00EB8001B0
:10B0300007981D3000EB4100416801E01CE018E07A
:10B040000798807E00EB800207981D3000EB4200DD
:10B050000160DDE90610807E00EB800207981D305C
:10B0600000EB4200416000220599079801F012FBB5
:10B0700000BF58E290E056E00798407EC0EBC00168
:10B08000089800EB4100806806900798C06805901A
:10B09000DDE905108847E8B3069800680590079831
:10B0A000807E06283DDA0798417E807E00EB800294
:10B0B00007981D3000EB420001720798017E807EE8
:10B0C00000EB800207981D3000EB420041720798A8
:10B0D000807E401CC1B2079881760798807E401E12
:10B0E00000EB800107981D3000EB41004168079894
:10B0F000807E00EB800207981D3000EB420001606B
:10B10000DDE90610807E00EB800207981D3000EB21
:10B11000420000E006E0416000220599079801F036
:10B12000B9FA00BFFFE10798807E00EB8001079825
:10B130001D3000EB4100416807988068814208D1CA
:10B1400001220021079801F0A5FA00208649087025
:10B15000E9E10798407EC0EBC001089800EB410090
:10B16000007B00F00300022803D10321079801743B
:10B17000D9E10798407EC0EBC001089800EB410080
:10B18000007B00F003000028CCD00798007C401C16
:10B1900041B207980174C6E10798007C0328C1D129
:10B1A000079890F85A00012101EB1011079890F8C8
:10B1B0005A2061F3071280F85A20079890F85B0034
:10B1C0006C2833D1079890F85A0000F00F010798C7
:10B1D00090F85A00B1EB101FA4D1079890F85900CD
:10B1E000012101EB1010079991F8591060F3071134
:10B1F000079880F85910079890F8590000F00F014F
:10B20000079890F85900B1EB101F8BDA00210798CE
:10B210000174012054490870079890F8590020F0F3
:10B22000F0001030079981F859007CE1079890F8F8
:10B230005A0000F00F01079890F85A00B1EB101F68
:10B2400086D1079890F85A0020F0F001079880F80E
:10B250005A10079890F85B0078281ED1079890F84C
:10B2600059000009002818DD079890F859000121BD
:10B27000C1EB10103D49095C079890F85900012274
:10B28000C2EB10103A4A11540B21079890F859005C
:10B290000122C2EB1010354A1154079890F859005A
:10B2A000012101EB1010079991F8591060F3071173
:10B2B000079880F85910079890F8590000F00F018E
:10B2C000079890F85900B1EB101F7CDA079890F8B6
:10B2D000590020F0F0001030079981F859000798C4
:10B2E000407EC0EBC001089800EB41008068002858
:10B2F0002FD0079890F85B00442804D0079890F866
:10B300005B004F2836D10798407EC0EBC0010898FB
:10B3100000EB4100406806900798407EC0EBC001FA
:10B32000089800EB4100806805900020049008E038
:10B3300004990698425C059842540498401CC0B297
:10B340000490079890F8590000F00F01049881428A
:10B35000EEDCE2E00F110020220E0020A803002006
:10B360001C060020680500207405002070050020E0
:10B370006C050020079890F85B0064282AD1079894
:10B38000407EC0EBC001089800EB41004068069089
:10B390000798407EC0EBC001089800EB4100806830
:10B3A0000590002004900AE00499069830F81120D6
:10B3B000059820F811200498401CC0B2049007980A
:10B3C00090F8590000E0AEE000F00F0104988142CF
:10B3D000EADCA2E0079890F85B0046280BD10798BA
:10B3E000407EC0EBC001089800EB4100007B00F0FC
:10B3F0003000202810D0079890F85B00472838D1FB
:10B400000798407EC0EBC001089800EB4100007B2C
:10B4100000F0300020282CD10798407EC0EBC001FE
:10B42000089800EB4100406806900798407EC0EB0A
:10B43000C001089800EB410080680590002004904E
:10B440000AE00499069830F81120059820F8112098
:10B450000498401CC0B20490079890F8590000F07E
:10B460000F0000EBD07103900498B0EB610FE8DBA4
:10B4700053E0079890F85B00662821D0079890F871
:10B480005B0046280BD10798407EC0EBC0010898AE
:10B4900000EB4100007B00F03000302810D007980E
:10B4A00090F85B00472838D10798407EC0EBC00178
:10B4B000089800EB4100007B00F0300030282CD1D0
:10B4C0000798407EC0EBC001089800EB410040683F
:10B4D00006900798407EC0EBC001089800EB410041
:10B4E00080680590002004900AE00499069850F8BE
:10B4F0002120059840F821200498401CC0B20490F7
:10B50000079890F8590000F00F0000EBD0710390FD
:10B510000498B0EB610FE8DB00BF01206B490870B5
:10B520000021079801740021079840690170C9E063
:10B53000B420674908700798007CD0B90798807ECE
:10B5400000EB800107981D3000EB4100416807982F
:10B550008068814206D15F48007800F0FD005D49B7
:10B56000087053E00798007C401E41B207980174B0
:10B570004CE00798007C032848D1079890F85A00BF
:10B580000121C1EB1011079890F85A2061F30712BE
:10B5900080F85A20079890F85A000E21B1EB101F3E
:10B5A00034DA079890F85A0020F0F001079880F8F4
:10B5B0005A10079890F859000121B1EB101F25DCB3
:10B5C000079890F85900C1EB1011079890F85900AE
:10B5D00061F30710079981F85900079890F859000E
:10B5E000000998B9002107980174079890F85A004B
:10B5F00020F0F001079880F85A10079890F8590049
:10B6000020F0F0001030079981F85900079890F960
:10B610001000401C58B90798807E002807DD0122E1
:10B620000021079801F036F8002028490870079893
:10B6300090F91000401CE8BB0798807ED0BB0798AB
:10B64000417E807E00EB800207981D3000EB4200B7
:10B6500001720798017E807E00EB800207981D3002
:10B6600000EB420041720798807E401CC1B20798EF
:10B67000817607988168807E00EB800207981D30F4
:10B6800000EB420041600020104908700798806874
:10B6900006900798C0680590DDE90510884748B115
:10B6A00007988068006806900022DDE9061000F027
:10B6B000F1FF00E000E000BF002107984069017041
:10B6C00000E000BF00BF09B000BD0000740500200D
:10B6D0000F1100200C0F002070B504460D46E560E8
:10B6E000D4E902018847A0680068606070BD2DE958
:10B6F000FE4F044625460027217EC1EBC10160684C
:10B7000000EB41092068FCF7B5F949462046FEF7F1
:10B7100023FB207C032804D1E07E80F00100E0764A
:10B7200001E00120E076207F012807D1217EC1EBD6
:10B73000C101606800EB4109002020774E464FF0C0
:10B7400000086CE0306800B96CE0607E404536D19E
:10B7500094F91000401C08B94FF0000A207C68B929
:10B76000012107F10C00C0B2CDE900017F233A4668
:10B7700000212068FBF78BFF4FF0010A207C012895
:10B7800001D14FF0020A207C022802D0207C03283D
:10B7900017D15B20005D6C280BD05B20005D782802
:10B7A00007D05B20005D4F2803D05B20005D6F2831
:10B7B00002D14FF0020A04E04FF0030A01E04FF01B
:10B7C000000A04F15900E17E53463A46CDE90016DD
:10B7D00002900021204600F029F85A20005D00F078
:10B7E0000F015A20005DB1EB101F10D15A20005DEF
:10B7F00000F00F0000280ADD5A20005D0121C1EB96
:10B8000010105A21095D60F307115A20015507F104
:10B810001000C7B20E3608F1010000F0FF08B8F1C1
:10B82000040F8FDB2846BDE8FE8F00000FB599B0EE
:10B83000002015901490139012901F98006811909A
:10B84000002010901F9840680F9000200E900D90DF
:10B8500012E31198007817901798A02869DD1998BD
:10B8600000680C901199FBF7D1FE18909DF86800C4
:10B870007A2806DD00201A909DF86C001030C0B2C6
:10B880001B909DF86C003A2807DD00201A901B9051
:10B89000199800680C90FBF777FF1C9805280ED1CB
:10B8A0001F98007B9DF83810B1EB400F04D11E9813
:10B8B00000F00100129018E00020129015E01C9892
:10B8C000042804D11E9800F0010012900DE01C988D
:10B8D000032802D10020129007E01C98022802D110
:10B8E0000020129001E01C98129012980090189875
:10B8F00080B20C90199800680B909DF86C209DF810
:10B9000068100C9BFCF734F89DF868000C30C0B24E
:10B910001A901198401C11901198401C11909DF89C
:10B920003800401CC0B20E909DF83800401CC0B2D8
:10B930000E901798A02874DA9DF868007A2812DD16
:10B9400000201A909DF86C001030C0B21B909DF83A
:10B950006C003A2807DD00201A901B9019980068A7
:10B960000C90FBF711FF1798252802D01798242870
:10B970007ED11598401CC0B215901798252803D188
:10B980000D98401CC0B20D909DF83800401CC0B20C
:10B990000E9011984078642825D00EDC472868D096
:10B9A00006DC252866D044287ED046287DD165E275
:10B9B0004F287BD05A28F9D1A2E06F280ED004DCA2
:10B9C000662874D06C28F1D1EFE3782870D07A28FB
:10B9D000ECD1109840F00200109000BF109840F099
:10B9E0000100109000BF209800287AD01C980228EF
:10B9F0000BD1209801781598B0EB111F02D10420CB
:10BA0000129014E00020129011E01C9803280CD131
:10BA1000209801781598B0EB111F03D105201290E2
:10BA200005E0F8E30020129001E01C98129000233A
:10BA3000209949780909129A1E98CDE90303CDE9A6
:10BA400001210F980EAB1BAA1AA90090199800F0BB
:10BA500085FE14900F980C900C98801C0C900C98FC
:10BA60000F901198401C11901198401C119002E009
:10BA7000FEE38DE3FDE3209801781598B0EB111FEC
:10BA800037D11998407E9DF86C10B1EB001F30D172
:10BA900020984078149961F3030020994870109819
:10BAA00000F00200022804E02FE0FDE323E0A9E01B
:10BAB000FBE305D17A21209881700020109018E0D6
:10BAC000109800F0010068B16F21209881702098D3
:10BAD000407820F00F00401C209948700020109002
:10BAE00007E007E0109820B96421209881700020B9
:10BAF0001090ADE64BE3109840F00200109000BFAC
:10BB0000109840F00100109000BF2098002878D0D5
:10BB10001C9802280BD1209801781598B0EB111FC2
:10BB200002D10420129013E00020129010E01C9823
:10BB300003280BD1209801781598B0EB111F02D182
:10BB40000520129004E00020129001E01C98129051
:10BB50000D23209949780909129A1E98CDE903030B
:10BB6000CDE901210F980EAB1BAA1AA900901998D4
:10BB700000F0F4FD14900F980C900C98401C0C9061
:10BB80000C980F901198401C11901198401C119026
:10BB9000209801781598B0EB111F31D11998407E8B
:10BBA0009DF86C10B1EB001F2AD1209949781498A8
:10BBB00060F3030120984170109800F00200022801
:10BBC0000CD14F21209881702098407820F00F00F0
:10BBD000401C209948700020109011E0109800F04F
:10BBE000010030B15A21209881700020109007E0A8
:10BBF00007E0109820B9442120988170002010900F
:10BC000026E677E7209800287DD01398A8BB0F98E8
:10BC100000680C9000210C9810F070FA1CD2FE49BC
:10BC20000C9810F09FFA0C900C211298CDE900109E
:10BC3000199800682D2309909DF86C209DF86810D4
:10BC4000FBF7CCFD9DF86800801DC0B21A909DF8EE
:10BC50003800401CC0B20E900C9810F003FA80B26D
:10BC60000B901C9802280CD1209801781598B0EB05
:10BC7000111F03D10420129014E045E0002012901F
:10BC800010E01C9803280BD1209801781598B0EB90
:10BC9000111F02D10520129004E00020129001E053
:10BCA0001C9812900023209949780909129A1E982D
:10BCB000CDE90303CDE901210BA80EAB1BAA1AA9FC
:10BCC0000090199800F04AFD14902098017815987A
:10BCD000B0EB111F10D11998407E9DF86C10B1EB9C
:10BCE000001F09D120994978149860F30301209826
:10BCF0004170662120988170119880782E2876D125
:10BD000001201390A4E5B8E00F9800680C90002182
:10BD10000C9810F0F3F904D2BF490C9810F022FAF5
:10BD20000C90BDF82C0010F0D5F909900C9910F08A
:10BD300016FB0C901C98022802D01C98032802D1F4
:10BD40000020129001E01C9812900C211298CDE96D
:10BD50000010199800682E2309909DF86C209DF81A
:10BD60006810FBF73BFD9DF86800801DC0B21A907B
:10BD70009DF83800401CC0B20E901198C078303841
:10BD8000C0B216901698042801DD042016900020F9
:10BD9000099008E0A1490C9810F0E4F90C9009987A
:10BDA000401CC0B20990169909988842F2DB0C98A1
:10BDB00010F058F980B20B901C9802280BD12098F3
:10BDC00001781598B0EB111F02D10420129014E0F5
:10BDD0000020129011E01C9803280CD120980178C3
:10BDE0001598B0EB111F03D10520129005E036E045
:10BDF0000020129001E01C981290209A52781209AB
:10BE0000129B1E991698CDE90132CDE903100BA8BB
:10BE10000EAB1BAA1AA90090199800F09FFC149071
:10BE20001198401C11901198401C11902098017895
:10BE30001598B0EB111F10D11998407E9DF86C1029
:10BE4000B1EB001F09D120994978149860F30301E0
:10BE500020984170662120988170002013900F98DF
:10BE60000A900A98001D0A900A980F901198401C99
:10BE700011901198401C1190F4E3ACE32098002835
:10BE800071D001200B901198C0783038C0B2169054
:10BE900000200A900AE00B9800EB80004FF6FF713B
:10BEA00001EA40000B900A98401C0A9016990A98E3
:10BEB0008842F0DB1398E8BB1F98007B00F030004D
:10BEC000202804D10F98B0F900000C9008E01F98CA
:10BED000007B00F03000302802D10F9800680C90F1
:10BEE0000C9800281ADA0C9840420C900C211298F9
:10BEF000CDE90010199800682D230A909DF86C2058
:10BF00009DF86810FBF76AFC9DF86800801DC0B2C0
:10BF10001A909DF83800401CC0B20E90DDE90B016C
:10BF200091FBF0F00C901C9802280DD1209801781C
:10BF3000159800E05BE0B0EB111F02D104201290D5
:10BF400014E00020129011E01C9803280CD12098D6
:10BF500001781598B0EB111F02D10520129005E071
:10BF60000020129002E012E11C9812900E232099FA
:10BF700049780909129A1E98CDE90303CDE90121F8
:10BF80000CA80EAB1BAA1AA90090199800F0E6FBAA
:10BF90001490209801781598B0EB111F10D11998C2
:10BFA000407E9DF86C10B1EB001F09D120994978B3
:10BFB000149860F303012098417046212098817005
:10BFC000119880782E2805D11698002802DD0120CE
:10BFD000139047E31698002808D11198401C11903F
:10BFE0001198401C119000211F984173ACE01F98DC
:10BFF000007B00F08000802805D01198C078303890
:10C00000C1B21F9841731F98007B00F030002028B8
:10C010000AD10F9804E00000000080BF000020411A
:10C02000B0F900000C9008E01F98007B00F0300091
:10C03000302802D10F9800680C900C98002802DA82
:10C040000C9840420C901C98022802D01C9803289F
:10C0500002D10020129001E01C9812900C2112983D
:10C06000CDE90010199800682E230A909DF86C20E5
:10C070009DF86810FBF7B2FB9DF86800801DC0B208
:10C080001A909DF83800401CC0B20E901198C078EC
:10C090003038C0B21690DDE90B0191FBF0F200FBE5
:10C0A00012100C901C9802280BD12098017815983A
:10C0B000B0EB111F02D10420129013E00020129067
:10C0C00010E01C9803280BD1209801781598B0EB4C
:10C0D000111F02D10520129004E00020129001E00F
:10C0E0001C981290209A52781209129B1E99169849
:10C0F000CDE90132CDE903100CA80EAB1BAA1AA999
:10C100000090199800F02AFB14901198401C11908F
:10C110001198401C1190209801781598B0EB111FD0
:10C1200010D11998407E9DF86C10B1EB001F09D119
:10C1300020984078149961F30300209948704621B3
:10C1400020988170002013901F98007B00F0300031
:10C15000202807D10F980A900A98801C0A900A9804
:10C160000F900DE01F98007B00F03000302807D1C1
:10C170000F980A900A98001D0A900A980F9000BF25
:10C180001198401C11901198401C11906AE222E213
:10C19000209800286ED001200B901198C07830387C
:10C1A000C0B2169000200A900BE059E10B9800EB0A
:10C1B00080004FF6FF7101EA40000B900A98401C86
:10C1C0000A9016990A988842F0DB139898BB1F983A
:10C1D000007B00F03000202803D10F9800880C90DD
:10C1E00008E01F98007B00F03000302802D10F9843
:10C1F00000680C90DDE90B01B1FBF0F00C901C988D
:10C2000002280CD1209801781598B0EB111F03D1AA
:10C210000420129015E024E20020129011E01C98F6
:10C2200003280CD1209801781598B0EB111F03D189
:10C230000520129005E04BE00020129001E01C98D0
:10C2400012900E23209949780909129A1E98CDE977
:10C250000303CDE901210CA80EAB1BAA1AA900907B
:10C26000199800F07BFA149020980178159802E054
:10C27000B2E19EE1F0E0B0EB111F10D11998407EC1
:10C280009DF86C10B1EB001F09D1209949781498E2
:10C2900060F3030120984170462120988170119825
:10C2A00080782E2808D101E087E1D6E01698002892
:10C2B00002DD01201390D5E1169888BB1198401C2F
:10C2C00011901198401C119000211F984173A0E01B
:10C2D0001F98007B00F08000802805D01198C0785E
:10C2E0003038C1B21F9841731F98007B00F03000B6
:10C2F000202803D10F9800880C9008E01F98007B3D
:10C3000000F03000302802D10F9800680C901C9883
:10C31000022802D01C98032803D10020129002E0CA
:10C3200077E01C9812900C211298CDE90010199812
:10C3300000682E230A909DF86C209DF86810FBF78A
:10C340004DFA9DF86800801DC0B21A909DF8380023
:10C35000401CC0B20E901198C0783038C0B2169010
:10C36000DDE90B01B1FBF0F200FB12100C901C9800
:10C3700002280BD1209801781598B0EB111F02D13B
:10C380000420129013E00020129010E01C98032863
:10C390000BD1209801781598B0EB111F02D1052020
:10C3A000129004E00020129001E01C981290209A54
:10C3B00052781209129B1E991698CDE90132CDE9E7
:10C3C00003100CA80EAB1BAA1AA90090199800F034
:10C3D000C5F914901198401C11901198401C1190AF
:10C3E000209801781598B0EB111F10D11998407E54
:10C3F0009DF86C10B1EB001F09D12098407814997A
:10C4000061F3030020994870472120988170002033
:10C4100013901F98007B00F03000202807D10F9860
:10C420000A900A98801C0A900A980F900DE01F98B5
:10C43000007B00F03000302807D10F980A900A984E
:10C44000001D0A900A980F9000BF1198401C11908F
:10C450001198401C119005E1BDE00120109000BF33
:10C460002098E8B30F980A900A9800680B900A98F1
:10C47000006809900020089003E00898401CC0B2B2
:10C480000890099802C809900029F6D11F98816880
:10C490001598401E095C0898814209DA1F98816846
:10C4A0001598401E095C0B9850F821000C9008E08C
:10C4B00000211F9882681598401E11540B9800683F
:10C4C0000C900C98E6F7A8F8C0B216901C980228B9
:10C4D0000DD1209801781598B0EB111F04D100E020
:10C4E00066E00420129013E00020129010E01C98E7
:10C4F00003280BD1209801781598B0EB111F02D1B9
:10C500000520129004E00020129001E01C98129087
:10C510000C9804902098407800098DF81C000021A8
:10C5200004AA1E98CDE9012100909DF86C209DF889
:10C530006810129B1998FFF779F99DF86810062288
:10C54000169802FB0010C0B21A909DF83810169889
:10C550000844C0B20E900A98001D0A900A980F90E5
:10C560001198401C11901198401C1190169814902D
:10C57000209801781598B0EB111F18D11998407EBA
:10C580009DF86C10B1EB001F11D12098407820F07D
:10C590000F00401C20994870109818B96C21209801
:10C5A000817004E07821209881700020109059E07B
:10C5B00011E01198401C11900DE09DF83800401ECC
:10C5C000C0B20E901598401EC0B215900D98401E36
:10C5D000C0B20D9000BF00BF1C9805280DD11F9858
:10C5E000007B9DF83810884204D11E9800F00100AD
:10C5F000129018E00020129015E01C98042804D135
:10C600001E9800F0010012900DE01C98032802D142
:10C610000020129007E01C98022802D100201290FE
:10C6200001E01C9812900C211298CDE9001011988D
:10C6300000780C90199800680B909DF86C209DF87C
:10C6400068100C9BFBF7CAF89DF86800801DC0B20B
:10C650001A901198401C11909DF83800401CC0B2EF
:10C660000E9000BF1198007800287FF4F2A820985F
:10C6700068B11998407E9DF86C10B1EB001F06D18F
:10C68000209909780D9860F303012098017000202B
:10C690001DB000BD70B504460D461646656000200D
:10C6A000616908702076607694F8590020F0F000F7
:10C6B000103084F8590000202074E076012E41D11A
:10C6C000A27E02EB820304F11D0202EB430210681A
:10C6D000E168884700B970BDA07E00EB800104F1DD
:10C6E0001D0000EB4100006800686060A07E00282B
:10C6F0002DDDA07E401EA07600202074A07E00EBE1
:10C70000800104F11D0000EB4100007A6076A07EFC
:10C7100000EB800104F11D0000EB4100407A20761F
:10C72000A07E401C00EB800104F11D0000EB4100E5
:10C730000168A07E00EB800204F11D0000EB4200C6
:10C74000416004E0687B012801D1032020740120AE
:10C75000207700BFBFE74161704700002DE9FF4F20
:10C760008DB0884691469A46DDF868B01E9D012638
:10C7700098F80000089099F8000007909AF80000D7
:10C780000690BBF800400D2D02D19BF8004003E05D
:10C790000E2D01D1DBF800400DB10A2D1BDD0A2C56
:10C7A0001CD30226642C19D30326B4F57A7F15D343
:10C7B000042642F21070844210D305262648844293
:10C7C0000CD306262548844208D3072624488442F1
:10C7D00004D3082602E00A2D00DA2E46374611E07F
:10C7E0000A20B4FBF0F100FB11403030791E03AA9F
:10C7F00050540A20B4FBF0F40698401CC0B20690D6
:10C80000781EC7B2002FEBDC002003A9885503A8CF
:10C8100009901C988DF83000002109AA1D98CDE9D7
:10C82000012100901B9BDDE907210D98FEF7FEFF1B
:10C830000621089801FB0600C0B20890089888F805
:10C840000000079889F8000006988AF80000304632
:10C8500011B0BDE8F08F0000A086010040420F003B
:10C86000809698000160704710B504460249096837
:10C870000868FAF7EDFE10BD7805002010B581605C
:10C88000012383760023436143760374C3760376E2
:10C8900090F8593023F0F003103380F85930002419
:10C8A0005C231C54837E03EB830400F11D0303EB24
:10C8B00044035960837E03EB830400F11D0303EB03
:10C8C00044031A600023C360037710BD70472DE94D
:10C8D000F04105460F4616460FB9AC6800E0EC681B
:10C8E00014B90020BDE8F08120460EF072FC08B1BA
:10C8F0000020F7E70EB90020F4E720460EF0B2FB67
:10C9000090E80E00C06886E80E00F06020460EF049
:10C9100097FB0120E6E70000F0B585B006460C461F
:10C9200000272078012805D104208DF808006068D0
:10C93000019004E000208DF80800606800906078A5
:10C94000012803D102208DF8090010E000208DF8A5
:10C950000900A0788DF80A00002506E004F108001F
:10C96000415D0DF10B0041556D1C082DF6D331785A
:10C97000064A52F8210069460CF0A2F80746032F38
:10C9800002D1002005B0F0BD0120FBE774C502080C
:10C990002DE9FF4106460C4617464FF0000817B92F
:10C9A000D6F8088001E0D6F80C80B8F1000F01D16C
:10C9B000BDE8FF8140460EF0FDFB00B1F8E7207AAC
:10C9C00028B900208DF800002068019004E00120C3
:10C9D0008DF8000060680190607A022803D1012080
:10C9E0008DF801000FE000208DF80100A07A8DF88D
:10C9F0000200002505E004F10B00415D02A841554D
:10CA00006D1C082DF7D3694640460EF031FB00BF80
:10CA1000CEE70000F0B585B004460F46E760217808
:10CA2000614A52F8210002210BF0CFFF237803EB7B
:10CA300043035E4D2B449A78237803EB43032B4446
:10CA40005978237803EB4303E85C0CF06DFF002575
:10CA500005F1E065ED002D1D002606F1F856F60003
:10CA6000B61D0F20ADF80A000020ADF80C00012023
:10CA7000ADF80E00280CADF80000A8B2ADF8020029
:10CA8000300CADF80400B0B2ADF806000020ADF8EF
:10CA9000080001208DF8100068460BF04DFE0025BF
:10CAA00005F180658021284661F391100546ED006F
:10CAB0002D1D002606F1F85640F6FF71304661F351
:10CAC00091100646F600361D1020ADF80A00002031
:10CAD000ADF80C000120ADF80E00280CADF80000F8
:10CAE000A8B2ADF80200300CADF80400B0B2ADF859
:10CAF00006000020ADF8080001208DF810006846FF
:10CB00000BF01AFE002505F13065ED002D1D002605
:10CB100006F1F856F600B61D1120ADF80A00002007
:10CB2000ADF80C000120ADF80E00280CADF80000A7
:10CB3000A8B2ADF80200300CADF80400B0B2ADF808
:10CB400006000020ADF8080001208DF810006846AE
:10CB50000BF0F2FD1220ADF80A000020ADF80C0039
:10CB60000120ADF80E000020ADF80000ADF8020085
:10CB7000ADF80400ADF806000120ADF808008DF80E
:10CB8000100068460BF0D8FD2178074A52F82100C2
:10CB900002210BF01EFF2178034A52F821001021D8
:10CBA0000BF017FF05B0F0BD74C5020890C5020870
:10CBB00030B585B004460D460020009001908DF8F8
:10CBC00008008DF80A008DF813008DF80B00002185
:10CBD0008DF80C1045B921780C4A52F821006A46AC
:10CBE00000210BF0FAFE07E02178084A52F82100F4
:10CBF0006A4601210BF0F1FE012020752A466946A4
:10CC00002046FFF7C5FE05B030BD000074C5020820
:10CC100070B5044620690EF0DCFA38B121780A4A72
:10CC200052F8210001210BF0D0FE0CE020690EF03B
:10CC300019FA054629462046FFF76EFE012802D163
:10CC400020690EF0FDF970BD74C5020870B5044688
:10CC50000D46206908B9002070BD20690EF0B9FAB0
:10CC6000B8B121780F4A52F8210001210BF0B1FE32
:10CC700029462046FFF750FE012801D10220EBE7AC
:10CC8000294620690EF0F4F908B10120E4E70020FC
:10CC9000E2E7294620690EF0EBF908B10120DBE755
:10CCA0000020D9E774C502082DE9F04104460D467D
:10CCB00016461F46DDF8188031462846E6F774FF11
:10CCC00025706660A760C4F810802046BDE8F0813A
:10CCD0002DE9FC4781460C460EF098F88246BB4889
:10CCE000007838B90120B949087000221146204661
:10CCF0000AF056FA2146484601F016FC21464846FD
:10CD000001F0F8F92146484600F086FD484600F05B
:10CD100085F999F8280000287ED199F801000028AB
:10CD20007BD184F84300AA480078012809D1A9489A
:10CD30000078012805D1A848007810B1052084F8B2
:10CD400043000020A5490870A5480068B0F92B00F1
:10CD500010F10F0F05DBA348B0F9000010F10F0F21
:10CD600007DAA14800684078022802D003209B49D6
:10CD700008709E480078012805D1042084F84300FB
:10CD80000220964908709A4800880EF045FD994A9D
:10CD9000994BCDE900010EF08FFD05460E469049F6
:10CDA0000968B1F92B000EF020FD07462A463346EC
:10CDB0000EF046FD39D28E4800880EF02DFD054656
:10CDC0008C4A8E4B0EF078FDCDE90001844909684C
:10CDD000B1F92B000EF009FD0746DDE900230EF046
:10CDE00069FE22D28648007801281ED18548007845
:10CDF00018B985480078012806D08448008808BB07
:10CE00007B48008800281DDD4FF461607F49088061
:10CE100001207649087001E067E036E014207C4983
:10CE200008700120774908700CE0022075490870ED
:10CE30004FF4616075490880012076490870002030
:10CE40006A4908706F480078012854D1704800780A
:10CE5000002850D162480068B0F9000041F28831E2
:10CE6000884209DD02206749087000205F49087088
:10CE70000120684908703EE00320624908700020E4
:10CE80005A4908706349087035E099F80100012893
:10CE900013D184F843004E480078012809D14D4849
:10CEA0000078012805D14C48007810B1052084F89D
:10CEB00043000120494908701DE099F8010002284B
:10CEC00019D184F8430042480078012809D141482B
:10CED0000078012805D14048007810B1052084F879
:10CEE000430002203D49087005E0042084F8430017
:10CEF00002203A49087043480078022817D1514669
:10CF0000484600F0A3FB36480068B0F92B203448AF
:10CF10000068008881B253463F480068FAF7E6F897
:10CF20003D480068408A2E490968888103E0002056
:10CF30002B490968888133480078032843D12C485D
:10CF400000880EF069FC05462A4A2B4B0EF0B4FC13
:10CF50000746884622490968B1F92B000EF045FCC6
:10CF60003A464346CDE900010EF0A4FD09D220481F
:10CF70000088002805DD022022490870012025498B
:10CF800008701B4800880EF047FC0546194A1B4BE9
:10CF90000EF092FC0746884611490968B1F92B004A
:10CFA0000EF023FC3A464346CDE900010EF048FC62
:10CFB00009D20F480088002805DD022011490870B9
:10CFC000012014490870BDE8FC87000082000020A1
:10CFD00020030020790300207A030020680300204A
:10CFE0006C03002004100020640000208300002057
:10CFF000B80000209A9999999999B93F9999B9BF20
:10D00000530300205A0000207C0300205C00002015
:10D010005B00002058000020280F002070B5044657
:10D02000B9480088B949098848430A2190FBF1F0C2
:10D030006080B7480088B549098848430A2190FBB9
:10D04000F1F0A080607800287BD1B2480068C06908
:10D050004FF47A71B0FBF1F0AF490978C1EB0111DF
:10D06000B0EB810F02D30120AC490870AC480078C6
:10D07000012841D1AB48007801283DD1A74800786C
:10D08000012839D12069B0F900006188884229DD82
:10D090006088002826DD94F8240058B9012084F81F
:10D0A0002400A1480088C0EB00104FF6FF7101EA90
:10D0B0008000A085A08D10BB012060709B49088076
:10D0C000002084F824009A480078C0EB4011C1EB9E
:10D0D00000204FF6FF7101EA0010E08500208F4923
:10D0E000087070BD60889349B1F90010884206DD70
:10D0F000002084F8240002E0002084F824008E48F8
:10D10000007800281EDD8748007801281AD17F4862
:10D110000088002816DD206BB8B90120607000205F
:10D1200084F8240082480078C0EB4011C1EB002055
:10D130004FF6FF7101EA0010E08500207749087082
:10D14000CFE74FE0002084F824007C4800780128D5
:10D1500018D1606BB0B9002084F8240078480078BA
:10D16000C0EB4011C1EB00204FF6FF7101EA001047
:10D17000E08502206070032020707248724A06CA5F
:10D1800006C0AEE72078022816D1002084F82400DB
:10D190006B480078C0EB4011C1EB00204FF6FF71E7
:10D1A00001EA0010E08502206070032020706548CD
:10D1B000654A06CA06C094E72078012865D1002098
:10D1C00084F824005A480078C0EB4011C1EB0020DD
:10D1D0004FF6FF7101EA0010E08501206070032026
:10D1E00020707EE76078012850D1E08D90B9002052
:10D1F000607084F824005048007854494843206304
:10D2000044480068FAF704F800205149087047497B
:10D21000088066E72078A0B903202070002084F8F9
:10D2200024006070444800784849484320633948E6
:10D230000068F9F7EDFF0020454908703B49088078
:10D240004FE744480088C0EB00104FF6FF7101EA39
:10D2500080052069B0F90000A18809B2884203DD89
:10D260003D480088A84210DD0020607084F824004A
:10D270003148007835494843206326480068F9F76B
:10D28000C7FF0020294908802BE73AE06078022890
:10D2900037D1E08D58B1E06800883049098888426C
:10D2A00005DB2F4800882D490988884212DA0320BF
:10D2B0002070002060702B48234A06CA06C0012057
:10D2C00029490870E0882081284800781F49484390
:10D2D000606306E72078A0B903202070002084F85E
:10D2E000240060701F48184A06CA06C001201E4963
:10D2F0000870E08820811D48007814494843606325
:10D30000EFE600BFEDE60000BA000020B800002004
:10D31000BC000020280F0020540300207C060020C1
:10D320001C03002058000020BE0000207E000020CA
:10D3300030030020340500202B0300201D030020B3
:10D340003103002008040020200500208051010046
:10D350005E000020C00000207C000020B4000020FF
:10D3600010100020100400209F0300202C03002038
:10D370002DE9F84380460D460DB9BDE8F8832C46EB
:10D380009C480078012807D19B4800689B49098880
:10D39000884201D2012000E00020064606B1ECE7F9
:10D3A0009448007801280ED1934800689349098871
:10D3B000884208D300208F490870401E9049088099
:10D3C000FF20904908708F4800788F49097888427B
:10D3D00007D18B48B0F900008C49B1F900108842A0
:10D3E00056D089480078874908708848B0F900000D
:10D3F000834908800020864908808649088086493C
:10D400000870864908708148B0F9000000280DDDD9
:10D41000552000906A4600210320ECF73FFF80482A
:10D42000008800EB80004000E06131E07748008830
:10D4300000BB552000906A4600210320ECF72EFF28
:10D440007848007848B978480068B0F9000014308E
:10D4500000EB80004000E06108E000BFEBF748F916
:10D46000074607EB87004000E06100BF01206B49E1
:10D4700008700DE0012000906A4600210320ECF7BF
:10D480000DFF6A48008800EB80004000E06100BFAB
:10D490005E48B0F90000002808DD5D4800885B495F
:10D4A000B1F90010884201DB012000E000205B4957
:10D4B00009780843594908704F4800685C49098851
:10D4C000884201D8012000E000205449097808432F
:10D4D0005249087057480088642807DD554800887D
:10D4E00055490988884201DA012000E000204B49B3
:10D4F00009780843494908700846007800285ED03A
:10D5000045480078D8B9012043490870454800785B
:10D5100048B945480068B0F90000143000EB8000BD
:10D520004000E06108E000BFEBF7E2F8074607EBD8
:10D5300087004000E06100BF4049E069086036486C
:10D54000007801283BD13E480088002804DD3C4893
:10D550000088401E3A4908803948008878BB1E2060
:10D56000374908803748B0F90000052811DD3348F5
:10D5700000683238314908603348C088323000EBE7
:10D5800080000968B1EB400F19D32C480068E061B6
:10D5900015E02C48B0F9000010F1050F0FDA27480C
:10D5A00000680A30254908602048008800EB8000A8
:10D5B0000968B1EB400F02D220480068E0611C48C6
:10D5C0000088A0F596700C490968884210D30120A4
:10D5D00000906A4600210320ECF760FE13480088A3
:10D5E00000EB80004000E06101200249087000BFAC
:10D5F00000BFC2E69E00002008100020EA000020C4
:10D60000A0000020A20000207A0300206C0F002060
:10D61000FA0F00201A100020A3000020A400002010
:10D62000E6000020600300206C030020E8000020DA
:10D63000FA00002010100020DE000020A8000020CA
:10D64000AC000020041000207002002030B50A4613
:10D650000369B3F9003013F1140F0ADD0023244CE1
:10D660002380244C2380244C23600123234C2370EB
:10D670003DE0224B1B78012B03D10023C3801F4CBC
:10D6800023701D4B1B68D11A1B4B1B689A4201D299
:10D690004C1E611C0369B3F90030C3F100034FF065
:10D6A0000A0493FBF4F3124C248803FB0143104C4F
:10D6B000238023461B8848F6A04493FBF4F30D4CCB
:10D6C000248823440B4C2380094B1B8848F6A04434
:10D6D00093FBF4F504FB1533054C2380054B1B88A5
:10D6E0004FF00A0493FBF4F3C380034B1A6030BD80
:10D6F000840000208C000020880000208E00002084
:10D700004178022905D1C18D002902DDC18D491E54
:10D71000C18590F82410012905D1818D002902DDF1
:10D72000818D491E81854178012905D1C18D00294E
:10D7300002DDC18D491EC185417889B91749097833
:10D74000002904DD016B11B1016B491E016314490D
:10D750000978012904D1416B11B1416B491E416324
:10D7600010490978012918D10F490978012914D1E4
:10D77000818F002902DD818F491E8187C18F002999
:10D7800002DDC18F491EC18790F82610012904D1FE
:10D79000816B11B1816B491E816370472B0300209F
:10D7A0001D0300201F0300205800002003210170EA
:10D7B000002180F8241013490978134A514301636A
:10D7C0001249097851434163002141701049097899
:10D7D0004FF46162514381631E2181870D490968BD
:10D7E000C1600C4909682B3101610A4909680A3195
:10D7F0004161012180F825104DF2D8618161C1613C
:10D80000704700002B030020805101002C030020F2
:10D810002A0300206C0300202DE9F05F04460D462A
:10D820000026FE480068B0F802B0FD48807818B9BC
:10D830000020A087BDE8F09FFA48007830B9F8488A
:10D840008078401E40B284F82000F3E72069B0F9E8
:10D850000000002805DA20690088ABEB00001FFA01
:10D8600080FBEE480068808AABEB00001FFA80FB6B
:10D87000ED48007801287DD1EC4800780128FAD1E4
:10D88000E08F002877D1D5F80C801421E848006893
:10D8900008F00AFC07460821E548006808F004FC87
:10D8A0008146E448D0E90010E34B19400020414094
:10D8B000404001430AD00520E0490870E048007864
:10D8C0004FF461614843DF4909688863DE480078A6
:10D8D00001280DD10020DC4908700520D7490870C7
:10D8E000D74800784FF461614843D6490968886396
:10D8F0002069B0F9000010F1320F1ADAD34800782D
:10D90000012816D1D2480078401CD1490870084639
:10D910000078962810DD002008700520C74908709F
:10D92000C74800784FF461614843C6490968886375
:10D9300002E00020C6490870A06B00287ED00020BD
:10D940000EE00121814001EA080139B1395C29B9B1
:10D9500019F80010022901D1711CCEB2411CC8B2C5
:10D96000AF4989788142ECDC4FF47A700BFB00F010
:10D97000B84901E08DE38BE30978714301EB810144
:10D98000490090FBF1F01FFA80FAAC4800780028BB
:10D9900070D1B148007800EB8000BAEB400F03DA99
:10D9A000701EAE49087014E0AD48007800EB8000AE
:10D9B000BAEB400F03DD701CA849087009E0A748C6
:10D9C000067097484078012802DD012084F826007F
:10D9D00030E7A2480078B04216DD01209749087070
:10D9E000974800784FF46161484396490968886315
:10D9F000002084F8260084F8270032209949088006
:10DA000096209949087043E394480078B042FADAC6
:10DA10009648007891490978884226DC002091498F
:10DA20000880022085490870854800784FF46161BC
:10DA30004843844909688863002000E0E2E184F8F3
:10DA4000260084F82700012EDDDD686AA061A06948
:10DA50007043711E90FBF1F0A0614CF25031A0694F
:10DA60008842D0DAA069686212E3012084F82600B7
:10DA7000E0E6FFE771480078012839D1002194F9E8
:10DA800020002FE0421C50B2654A9278824205D1B4
:10DA900000204A1CD1B2012900DD24E0012282408D
:10DAA00002EA0802D2B13A5C012A1BD119F800201F
:10DAB000022A17D1421C85F844200F2285F8452000
:10DAC000012285F8422000222A6101225F4B1A7050
:10DAD00006225A4B1A7084F82000ABE6504A52785E
:10DAE00002B900E0CEE700BF0022544B1A70A1E655
:10DAF0005248007802287ED15749097801EB81010C
:10DB0000BAEB410F04DD00214C4A117053490E70ED
:10DB100054490988491C534A118011460988322901
:10DB200000DA87E6002094F8201084F822105CE0E8
:10DB300094F822200121914001EA0801D1B394F91F
:10DB40002210795CB9BB94F9221019F8011002294E
:10DB500036D13E49097819BB2169B1F9001011F19C
:10DB60000A0F03DA0521354A117063E62169B1F91C
:10DB700000100A2903DD0121344A117010E03C49EC
:10DB80000978022903D03A490978012903D10121F2
:10DB90002E4A117004E0012184F828101E21A1876B
:10DBA000C821344A11700321244A117000212D4AE2
:10DBB00011803FE600E003E01949497801B915E01A
:10DBC00014F8221F491E49B2217014F922190029A4
:10DBD0000BDA13498978491E49B284F82210411C96
:10DBE000C8B2012801DD01E005E0A1E700BF052181
:10DBF000124A11701EE611480078032878D1012ED0
:10DC000009DD686AA061A0697043711E90FBF1F0A4
:10DC1000A061A0696862134800882DE06C030020B1
:10DC20002C0E00207C0300201F0300205800002041
:10DC30007003002088030020EE07072096000020D4
:10DC40002A030020640000207D0300207B030020C5
:10DC50009B000020340E00202703002097000020A6
:10DC600028030020940000209800002026030020B4
:10DC70007A03002099000020401CFA490880A08FF8
:10DC800010B9F948007838B1F6480088322837D101
:10DC9000F5480078012833D1E068008841F2F2218C
:10DCA000884226DB0020203420720120EE490870D3
:10DCB000A078401C85F844000F2085F8450001201D
:10DCC00085F842002861A078401E40B2207014F907
:10DCD0002009002805DAE5488078401E40B284F823
:10DCE00020000720E24908700020DE490880A1E5F5
:10DCF00014E0002084F828000520DD49087099E52B
:10DD0000E068008841F2F221884206DA002084F8B7
:10DD10002800A0870520D64908708BE5D4480078F4
:10DD200004280BD1D3480078401ED2490870084619
:10DD3000007810B90020CE4908707BE5CC48007807
:10DD4000052827D1CC480088E087CC4800784FF4DC
:10DD500061614843CA49096888630020C449087062
:10DD600084F82600BF490880C649087084F8280056
:10DD7000BD48007801280CD1002085F844000F2010
:10DD800085F84500012085F8420000202861B64949
:10DD900008707DE1B6480078062816D194F9200075
:10DDA000385C30B96420B34908700420B049087069
:10DDB00040E5B5480078401EB34908700846007831
:10DDC00010B90020AA49087034E5A948007807284E
:10DDD000DFD194F92000401C385C012806D1642072
:10DDE000A44908700420A249087023E5A7480078D8
:10DDF000401EA64908700846007810B900209C49CA
:10DE0000087017E5A06B0028C3D194F8270018B953
:10DE1000012084F827000DE594F8270001282DD172
:10DE200014F8200F401C40B2207014F920098F49CB
:10DE30008978884202D1002084F8200094F92000DB
:10DE400019F80000022813D194F82000401C85F82E
:10DE500044000F2085F84500012085F8420000208D
:10DE60002861032084F827004FF41670608504E0D1
:10DE7000032084F8270001206085DBE494F8270064
:10DE8000022834D194F9210094F9201088420FD14E
:10DE9000002084F82800A08705207549087077487D
:10DEA00000784FF461614843754909688863C1E4AB
:10DEB00094F9210019F80000022812D194F82100E9
:10DEC000401C85F844000F2085F84500012085F8A6
:10DED00042002861042084F827004FF41670608502
:10DEE00004E0042084F8270001206085A2E494F86F
:10DEF0002700032810D194F92000385C18B90220BB
:10DF000084F8270007E0608D401E6085608D10B9A1
:10DF1000012084F827008DE494F82700042873D1A9
:10DF200094F92100385C01283FD1052184F827109D
:10DF30009621504A117094F921204C498978491E44
:10DF40008A4202D1FF2184F8211094F82110491C43
:10DF5000C8B20CE00121814001EA080129B1395C15
:10DF600019B941B284F8211005E0411CC8B23F49FB
:10DF700089788142EEDC00BF3C498978814213D127
:10DF800000200CE00121814001EA080129B1395C3F
:10DF900019B941B284F8211005E0411CC8B23349D7
:10DFA00089788142EEDC00BF43E0608D401E6085D1
:10DFB000608D50BB022184F8271094F921202B4951
:10DFC0008978491E8A4202D1FF2184F8211094F8F1
:10DFD0002110491CC8B20CE00121814001EA08016E
:10DFE00029B1395C19B941B284F8211005E0411C0E
:10DFF000C8B21E4989788142EEDC00BF1B4989788E
:10E00000814215D100200EE014E012E00121814090
:10E0100001EA080129B1395C19B941B284F821102B
:10E0200005E0411CC8B2114989788142EEDC00BF8D
:10E0300000BF0AE494F82700052829D10D4800788C
:10E04000401E0C4908700846007850B9012084F839
:10E0500027000A4800784FF461614843084909687D
:10E060008863B5E4940000207B0300202C0E002080
:10E07000960000209A000020DA0000202A030020E9
:10E0800064000020970000209800002099000020E4
:10E0900024E000202034E08311488078401E40B204
:10E0A0002070002060702072203C0E48007801280B
:10E0B00014D100200C4908700A49087084F8260021
:10E0C0000A4908800A49087085F844000F2085F83D
:10E0D0004500012085F842000020286100BF77E458
:10E0E0002C0E00207B0300209600002094000020CE
:10E0F000970000202DE9F04F91B004468846002596
:10E10000002010900F90D8F80C000E900121F748D5
:10E11000006807F0C9FF07460E21F448006807F0C1
:10E12000C3FF0D901421F148006807F0BDFF0C906B
:10E130000821EE48006807F0B7FF81460921EB4847
:10E14000006807F0B1FF06460020E94909684880E9
:10E15000E74909684882E6490968888200BF6CE09F
:10E16000012181400E9A1140002964D00C99095C6C
:10E17000002960D137F810100A2291FBF2F1DC4A35
:10E1800012685288114409B2D94A1268518019F8AC
:10E19000001002293AD1691CCDB237F810100A22BA
:10E1A00091FBF2F1D24A1268528A114409B2D04A64
:10E1B00012685182315C032291FBF2F302FB1311CE
:10E1C000012905D19DF83D10491CC9B28DF83D10BB
:10E1D000315C032291FBF2F302FB1311022905D1FA
:10E1E0009DF83E10491CC9B28DF83E10315C0322E7
:10E1F00091FBF2F302FB131141B9315C002905DDFB
:10E200009DF83C10491CC9B28DF83C1019F800105B
:10E21000032910D11099491CC9B2109137F8101078
:10E220000A2291FBF2F1B24A1268928A114409B2B1
:10E23000AF4A12689182411CC8B21E2890DBAC48DC
:10E24000006840882169B1F90010AA4AB2F900209B
:10E25000114488420BDDA64800684088216909887E
:10E26000401AA4490988401A6169088002E0002028
:10E2700061690880A0480078401C9F4908700846E2
:10E280000078642802DA11B0BDE8F08F00209A49C6
:10E2900008709A48008840F23931884202DD084609
:10E2A00096490880002D7DDD1F2D7BDA934800887C
:10E2B0006421484368430B900020089009900A901D
:10E2C0000021084610E00FA9095C002905DD0FA90F
:10E2D0000A5C0B99B1FBF2F100E0002108AA42F8B8
:10E2E0002010411CC9B208460328ECDB84480078A2
:10E2F000012842D183480088059083480088069011
:10E30000824800880790002034E00FAB1B5C002B94
:10E3100029DDE3681B88002B25DD05AB53F8203091
:10E32000B3F5967F05D94FF496730DF1140C4CF8A4
:10E33000203005AB53F820304FF0640C03FB0CF297
:10E3400002EBC20303EB830359004FF47A734B4390
:10E35000D4F80CC0BCF800C0B3FBFCF30DF1200CEA
:10E360004CF8203004E000230DF1200C4CF8203054
:10E37000431CD8B20328C8DB00BF2069B0F90000F5
:10E38000322871DD624800880028FADD58480068AC
:10E39000408A002868DD0020079055480068408AC0
:10E3A000216900E09FE0B1F90010884207DD504884
:10E3B0000068408A21690988401A80B20790544851
:10E3C00000885449098809B248430A2190FBF1F0BA
:10E3D00001B2514801800188079808444F490880DC
:10E3E0004748007880B9084600886421484390FB7C
:10E3F000F5FB58460DF056FE82465246002148482D
:10E400000068F8F78FFA3EE73D48007801284FD1C1
:10E41000DDE9080108440A9900EB010B3F48018837
:10E4200001EBC10000EB0110BBEB800F39D94FF0BD
:10E43000000A13E058460DF04DFE08A9039051F86C
:10E440002A000DF047FE029003990DF0F9FC04A993
:10E4500041F82A000AF1010000F0FF0ABAF1030FA7
:10E46000E8DB4FF0000A19E024E02C4800880DF0AA
:10E4700031FE019004A850F82A1001980DF072FEA8
:10E48000284902900DF06EFE03900DF0EBFD08A9F7
:10E4900041F82A000AF1010000F0FF0ABAF1030F67
:10E4A000E3DB0FAA08A91E480068ECF7A1F9EAE629
:10E4B00000BF00BF12480078012806D10FAA08A9A2
:10E4C00017480068ECF794F90CE00B98B0FBF5FBEB
:10E4D00058460DF0FFFD8246524600211048006864
:10E4E000F8F720FA00BF00BFCDE60000700300205F
:10E4F0006C03002004100020930000208003002003
:10E5000021030020F0000020EC000020EE0000209D
:10E51000B8000020B60000206A0000208000002023
:10E52000000000200000C84270B504460D46654852
:10E530000068B0F926606448008800EB8000400065
:10E5400068616248007801281AD1A6F6C41210B298
:10E55000B0F5FA6F01DD4FF4FA6010F5FA6F00DAEA
:10E560005B485C4A12884243642392FBF3F2564BA9
:10E570001B8803EB8303C2EB430291B2696100BFC6
:10E580005548008800EB80004000A8614F480078A3
:10E5900001281AD1A6F6C41210B2B0F5FA6F01DD47
:10E5A0004FF4FA6010F5FA6F00DA4948494A1288C8
:10E5B0004243642392FBF3F2474B1B8803EB830334
:10E5C000C2EB430291B2A96100BF3E480068B0F9B6
:10E5D0000010414800880A38814202DA00203F4991
:10E5E00008803F480078012868D13E48007801281B
:10E5F00064D13D480078002803DC3C4800780028BE
:10E6000004DD29462046FEF7B3FE5AE03849098862
:10E61000384A128851434FF47A7291FBF2F188B272
:10E6200094F82310B1B93449098801EB81014900FC
:10E63000E961E188814240DB012184F82310E1682F
:10E64000098801EB81014FF6FF7202EA41012B4A72
:10E65000118032E094F8231001292ED1284909783D
:10E6600005292ADD2169B1F9001011F1050F0BDA36
:10E67000224909884DF2D862914218DA1F49098867
:10E68000491D1E4A118012E02169B1F900100529C7
:10E690000DDD1949098801EB8101184A1288B2EB96
:10E6A000410F04DD15490988891E144A1180134958
:10E6B0000988E9610021124A117002E0002084F803
:10E6C000230070BD6C030020B00000202303002055
:10E6D00030F8FFFFFE000020B20000207C00002088
:10E6E0002003002079030020EF0F0020ED0F002011
:10E6F000E0000020B8000020DE0000209C00002088
:10E7000037050020704770472DE9FC5F0C464FF03D
:10E71000000A0025261D3068C0F38540FE490870B8
:10E720003068C0F30460FD4908703068C0F38B1096
:10E73000FB490880307800F03F0008B9BDE8FC9F35
:10E74000307800F03F00401EF6490870F34800782A
:10E75000012812D0F148007802280FD1EE48007845
:10E7600004280AD1002006E004F10801095CEE4A01
:10E770001154411CC8B20428F6DB62E2E748007875
:10E78000042804D1E44800780128F6D059E2E3488F
:10E79000007807280CD1E04800780128EDD0DE4849
:10E7A00000780528E9D0DC4800782A28E5D048E23E
:10E7B000DA48007808287DD1D74800780128DCD0D5
:10E7C000D5480078032876D1D5480088C0F30B00DF
:10E7D000B0F5807F70D10020D44908700120D44961
:10E7E0000870207A00F03F09B9F1000F32D160893A
:10E7F000D04909688882CF490968888A0DF06AFC87
:10E8000083460DF083FA07464FF03332CA4B0DF0C2
:10E8100053F8CDE900010CF0BBFFC64909688882B6
:10E82000A089C44909684883C2490968488B0DF02A
:10E8300051FC83460DF06AFA4FF03332BE4BCDE9FE
:10E8400000010DF039F807460CF0A2FFB94909683C
:10E8500048836EE0B9F1010F36D16089B549096886
:10E86000C882B4490968C88A0DF034FC83460DF0AB
:10E870004DFA07464FF03332AF4B0DF01DF8CDE99E
:10E8800000010CF085FFAB490968C882A089A9493D
:10E8900009688883A7490968888B0DF01BFC8346AB
:10E8A0000DF034FA4FF03332A34BCDE900010DF0F7
:10E8B00003F802E077E17FE03CE007460CF068FFF8
:10E8C0009C490968888334E0B9F1020F31D160892D
:10E8D00098490968088397490968088B0DF0FAFB85
:10E8E00083460DF013FA07464FF03332924B0CF08B
:10E8F000E3FFCDE900010CF04BFF8E490968088366
:10E90000A0898C490968C8838A490968C88B0DF0B9
:10E91000E1FB83460DF0FAF94FF03332864BCDE937
:10E9200000010CF0C9FF07460CF032FF814909686D
:10E93000C88386E17A480088C0F30B00B0F5887F71
:10E94000F7D10021794A11700121794A1170217A99
:10E9500001F03F0070B96189764A126811807549EB
:10E9600009680988B1F5FA5F25DDA189714A126845
:10E97000D18020E001280ED161896E4A1268518051
:10E980006C4909684988B1F5FA5F14DDA189694AC3
:10E990001268D1800FE002280DD16189654A1268A2
:10E9A0009180644909688988B1F5FA5F03DDA1891E
:10E9B000604A1268D18044E1574800780528B8D0F1
:10E9C000554800781128B4D0534800781228B0D0A8
:10E9D000514800781828ACD04F4800782A2850D1E8
:10E9E0004F48008800F47F60B0F5807FA1D1534983
:10E9F000D1F800A0CD68C821514A4A4B1B78D154A8
:10EA00004E49C8690021474A1278A954454A1278EC
:10EA10002AF812104B490968424A127802EB420266
:10EA2000494B53F8322091420DD8617A3D4A127811
:10EA3000A95461893B4A12782AF81210394A12788F
:10EA4000E16840F822103D490D6936490978695C52
:10EA500001F0F001324A127802F00F021143314AFC
:10EA60001278A95435498D6901212E4A1278A9548A
:10EA7000217A01F0400119B102212A4A1278A954E1
:10EA8000DFE025480078042895D11E202549097823
:10EA900001EB81012D4A02EB810148742089214953
:10EAA000097801EB810122F82100B4F90A0000285D
:10EAB00008DD60891B49097801EB810102EB8101C6
:10EAC000488008E000201749097801EB81011F4ABE
:10EAD00002EB81014880B4F90C00002809DDA0890F
:10EAE0001049097801EB8101184A02EB8101888005
:10EAF00008E000200B49097801EB8101134A02EB81
:10EB000081018880A07BC0F340000649097801EBB1
:10EB100081010E4A1CE000009B1000209C10002088
:10EB20009E1000209D10002097100020A6100020AD
:10EB3000A7100020900300203333EF3FF817002088
:10EB400028790020280500204877002064790020DB
:10EB500002EB81010873A07B00F001003A490978BB
:10EB600001EB810102EB81014873A07BC0093649AA
:10EB7000097801EB810102EB81018873E07B00F0F1
:10EB800001003149097801EB810102EB8101C87371
:10EB9000E07BC0F340002C49097801EB810102EBD6
:10EBA000810108744DE0294800780B2848D1284895
:10EBB0000078052845D026480078032841D1217ADD
:10EBC00001F03F0058B92349097841F00101214A79
:10EBD000117021490A68D4F8091091601AE00128DF
:10EBE0000BD11C49097841F002011A4A11701A49E7
:10EBF0000A68D4F80910D1600CE002280AD115493E
:10EC0000097841F00401134A117013490A68D4F8D5
:10EC1000091011610F490978072910D100210D4A07
:10EC200011700D49096889680B4A1268D26811444D
:10EC3000094A126812691144074A1268116200E019
:10EC400000BF00BF7AE500009D1000209C1000204E
:10EC50009B100020961000209003002010B5024663
:10EC600000202CE0174B53F8203003B3164B13F859
:10EC70002030144C14F820401B1B59B200290FDD22
:10EC80003C290DDC114B53F820300B440F4C44F859
:10EC900020300D4B53F820300A4C44F820300CE063
:10ECA000094B53F82030074C44F8203005E0064B60
:10ECB00053F82030034C44F82030431CD8B20628C7
:10ECC000D0DB10BDB4790020CC790020E47900209D
:10ECD0002DE9F04180460D46164637462C1D20682A
:10ECE000C0F38540F9490870207800F03F0010B962
:10ECF0000020BDE8F081207800F03F00401EF4497C
:10ED00000870F448007801285CD1206820F47C0069
:10ED100000F580202060206820F0F85000F180602D
:10ED200020608021206861F391102060206820F02D
:10ED30003F002060002068700820A870E6488188A5
:10ED4000E648B0F8030061F38F00E449A1F803003E
:10ED5000E1480068810DE148408861F38910DF498E
:10ED60004880DD480068410CDC48807861F345004C
:10ED7000DA498870D8480068010BD848B0F801001B
:10ED800061F30810D549A1F80100D3480088810932
:10ED9000D248008861F38B10D0490880CE480078B3
:10EDA000097860F30501CD4801700168A960007918
:10EDB00028730120CA4908700020C6490870C94953
:10EDC0000880A3E1C848007800284FDD206820F4BF
:10EDD0007C0000F528002060206820F0F85000F149
:10EDE000E0602060C1480178206861F391102060E4
:10EDF000BF480178206861F305002060002068703A
:10EE00000820A8700020A860E860B8480078512861
:10EE10000DD1B7480078401E00EB4000B54901EB2A
:10EE2000C0022946B0480078E9F7C2FA17E0AF48B7
:10EE30000078522813D1AE4800780F2802D1002064
:10EE4000AB490870AA4800780C3000EB4000A94993
:10EE500001EBC0022946A4480078E9F7A9FA00208E
:10EE6000A149087001209E4908704FE1A24800782E
:10EE7000002873DD206820F47C0000F52800206065
:10EE8000206820F0F85000F1E06020609A48017896
:10EE9000206861F305002060002068700820A870D9
:10EEA00096480078A8B98021206861F3911020600D
:10EEB00091480078401E00EB40008E4901EBC001F4
:10EEC00003C9C5E9020101208C4908708449087012
:10EED0000FE78A480078012817D18121206861F363
:10EEE0009110206084480078401E00EB400081496A
:10EEF00001EBC0008168A960C068E86002207F491A
:10EF00000870012076490870F3E67C4800780228F2
:10EF1000ABD18221206861F391102060764800789F
:10EF2000401E00EB4000734901EBC0000169A9607D
:10EF30004069E86000207149087001206849087044
:10EF40006D480078401C6C490870084600780C2811
:10EF500001DD002008700020CBE6FFE7684800785C
:10EF6000012838D1206820F47C0000F54020206082
:10EF7000206820F0F85000F1006020604FF48871A4
:10EF8000206861F391102060206820F03F0020602D
:10EF9000002068700820A870002005E0002205F11C
:10EFA00008010A54411CC8B20828F7DB0020287267
:10EFB00054480078012803D145F6D811698103E04F
:10EFC000514800680188698102204D49087001207C
:10EFD000434908708DE64A480078022838D12068F5
:10EFE00020F47C0000F540202060206820F0F850DC
:10EFF00000F1006020604FF48871206861F3911087
:10F000002060206820F03F00206000206870082009
:10F01000A870002005E0002205F108010A54411CF7
:10F02000C8B20828F7DB012028723648007801288A
:10F0300003D145F6D811698103E03348006841885F
:10F04000698103202E49087001202549087050E687
:10F050002B480078032859D10020294908702068DE
:10F0600020F47C0000F540202060206820F0F8505B
:10F0700000F1006020604FF48871206861F3911006
:10F080002060206820F03F00206000206870082089
:10F09000A870002005E0002205F108010A54411C77
:10F0A000C8B20828F7DB0220287216480078012829
:10F0B00003D145F6D811698103E0134800688188BF
:10F0C0006981012006490870002012E69B1000208B
:10F0D0009D100020C6100020200500207F10002079
:10F0E000C5100020B81000207C1000207D100020EA
:10F0F0007E10002048770020C7100020E21000207A
:10F100002111002079030020900300206E48007830
:10F11000012824D13C206D49087000206A490870FC
:10F12000206820F47C0000F540202060206820F05A
:10F13000F85000F1306020604FF48071206861F376
:10F1400091102060206820F03F00401C20600120CA
:10F1500068700020A860E86001205D4908705D4883
:10F16000007801282FD100205A490870206820F427
:10F170007C0000F580102060206820F0F85000F13D
:10F18000E06020600021206861F391102060524807
:10F190000178206861F30500206000206870082075
:10F1A000A870032028724D48017869724C48B0F964
:10F1B00000106981002129736973A973E973012023
:10F1C000434908707EE04348007802282AD1002095
:10F1D00040490870206820F47C0000F58010206011
:10F1E000206820F0F85000F1E060206000212068E5
:10F1F00061F39110206039480178206861F30500BF
:10F200002060002068700820A8700120287235480E
:10F210000178697200216981A981E98101202C4965
:10F2200008704FE02B480078032824D1002029499A
:10F230000870206820F47C0000F5801020602068B1
:10F2400020F0F85000F1E06020600021206861F3B8
:10F250009110206021480178206861F3050020604A
:10F26000002068700120A8701F48007828720120D3
:10F27000174908703DE517480078052822D100207D
:10F2800014490870206820F47C0000F5801020608C
:10F29000206820F0F85000F1007020600021206804
:10F2A00061F3911020600C480178206861F305003B
:10F2B0002060002068700120A870002028720120C2
:10F2C00003490870002014E5720F0020201100206F
:10F2D000C5100020500E002099060020510E00207D
:10F2E000520E002087100020861000202DE9F047E4
:10F2F00081464E48006800287ED04D480068006A6C
:10F300004A490968884208D349480068006A474961
:10F310000968401A4749086009E044480068C0F19C
:10F32000FF3043490968096A084442490860414876
:10F33000006807280ED940480078401C3E490870F4
:10F3400008460078052803DD00200870374908606A
:10F35000BDE8F08739483A49097850F82100394921
:10F36000374A127831F81210324A126802FB010053
:10F370003249334A127841F822000A46304801786F
:10F3800031480068F9F76AFB30482D49097850F890
:10F3900021002849096808442C49294A127841F873
:10F3A000220008680CF096FE80460CF0AFFC064682
:10F3B000274A284B0CF080FA04460CF0E9F926495C
:10F3C0000860224A1E4801781F480068F9F746FB8A
:10F3D0001B480078002815DD184841691948184A6B
:10F3E000127830F81200134A126802FB0010134919
:10F3F00048611648406900E009E00E490968084480
:10F4000012494861154800780D49087003E0134817
:10F4100000780B4908703C201149087004480068C6
:10F42000006A0249086000BF92E70000B0100020A7
:10F4300090030020AC100020A91000204C7900207F
:10F44000710F002056020020400500203479002072
:10F45000295C8FC2F528F03FB41000207A03002009
:10F460002011002010B50446384988681021E3F7C0
:10F470007DF9364840690021016041603349086ADE
:10F480002021E3F795F9002141E001EB4102304BE7
:10F4900003EBC202D27D1011082836DA2B4A92689B
:10F4A00032F81020294B1B6833F811301A44274BCF
:10F4B0009B6823F81020254A126A52F82020234B1B
:10F4C000DB6953F821301A44204B1B6A43F8202093
:10F4D0001E4AD268525C02F007023AB11B4A5269D6
:10F4E000125C42F00102194B5B691A54174AD26848
:10F4F000525C02F04002402A07D1144A5269125C61
:10F5000042F04002114B5B691A54481CC1B20C29ED
:10F51000BBDB00200F49088000BF13E00B490A6ADB
:10F52000411C52F821100C4A42F8201007498A6801
:10F53000411C32F81110074A12881144054A118003
:10F54000411CC8B20628E9DB10BD0000F8170020F6
:10F550004877002084100020CC79002010B50446A4
:10F56000064800683C2808D300200449086020466B
:10F57000FFF774FB2046FFF7B9FE10BD780F00209F
:10F5800070B5054602231078302802DB1078462833
:10F5900001DD002070BD5078302802DB507846280D
:10F5A00001DD0020F6E70020087012E01078402806
:10F5B00002DA10783038C4B21078402802DD1078B2
:10F5C0003738C4B2521C08789E0004FA06F630435D
:10F5D00008701800A3F10106F3B2E7D10120D9E7C2
:10F5E0007CB506460D461446224601A9304600F079
:10F5F00055FC621C0DF10501304600F04FFCA21CC9
:10F600000DF10601304600F049FCE21C0DF1070146
:10F61000304600F043FC9DF804009DF805100844B6
:10F620009DF8061008449DF80710084400F00F00EC
:10F6300008B100207CBD002000902246694630467B
:10F6400000F0D2F8BDF80000C0F30B0028800120C4
:10F65000F0E770B5044602230EE09D0042FA05F57E
:10F6600005F00F000A2803DA00F130050D7002E002
:10F6700000F137050D70491C1D00A3F10106F3B21E
:10F68000EBD170BD2DE9F04F05460C464FF0000858
:10F69000C146C2460026B3460027C4F30328C4F37C
:10F6A000031904F00F0A08EB090101EB0A00C11766
:10F6B00000EB11710911A0EB0111C943491CCEB235
:10F6C0003007060E44EA06274FEA172B686900F157
:10F6D00009015A462846FFF7BCFF07F0FF0B68698F
:10F6E00000F10B015A462846FFF7B3FFBDE8F08F43
:10F6F00021B9222282720022C2721AE0012904D1A9
:10F70000222282720122C27213E0022904D1122243
:10F7100082720222C2720CE0032904D1102282728A
:10F720000322C27205E0042903D11222827204224C
:10F73000C272704738B504460D46002061690870F2
:10F74000E081A071EA1D611D2046FFF719FF6A1DC7
:10F75000211D2046FFF714FFEA1CE11D2046FFF79C
:10F760000FFF6A1C04F108012046FFF709FF05F1AD
:10F77000090204F10C012046FFF732FF50B90320C3
:10F78000A071E1892046FFF77DFF204600F0CEF80A
:10F79000002038BD00200090A0890D304219694634
:10F7A000204600F021F8012007E0295CBDF8002088
:10F7B000114489B20091411C88B2A1890D31814266
:10F7C000F3DCBDF8000050B10220A071E1892046B1
:10F7D000FFF758FF204600F0A9F80020D9E705F10F
:10F7E0000D0020600120D4E7F0B506460B46042446
:10F7F0001078302802DB1078462801DD0020F0BDAB
:10F800005078302802DB5078462801DD0020F6E7EA
:10F810009078302802DB9078462801DD0020EEE762
:10F82000D078302802DBD078462801DD0020E6E7DA
:10F83000002111E01078402802DA10783038C5B283
:10F840001078402802DD10783738C5B2521CA70066
:10F8500005FA07F0084381B22000A4F10107FCB2C9
:10F86000E8D119800120CAE778B506460D4614464E
:10F870002078302802DB2078462801DD002078BD82
:10F880006078302802DB6078462801DD0020F6E74A
:10F89000A078302802DBA078462801DD0020EEE7C2
:10F8A000E078302802DBE078462801DD0020E6E73A
:10F8B0002079302802DB2079462801DD0020DEE7B0
:10F8C0006079302802DB6079462801DD0020D6E728
:10F8D000A079302802DBA079462801DD0020CEE7A0
:10F8E000E079302802DBE079462801DD0020C6E718
:10F8F00000200090A21D0DF103013046FFF740FEED
:10F90000221D0DF102013046FFF73AFEA21C0DF157
:10F9100001013046FFF734FE224669463046FFF7C4
:10F920002FFE009828600120A9E7000070B504466A
:10F9300000257E2061690870A27A6069411C20461A
:10F94000FFF787FE6069C11C214802782046FFF757
:10F9500080FE22796069411D2046FFF77AFEA27978
:10F960006069C11D2046FFF774FE012005E0616952
:10F97000095C29448DB2411C88B2E1890D31814274
:10F98000F5DC2846E91705EB11410914A5EB014107
:10F99000C943491C8DB22E0AE0890D3062691118E5
:10F9A00032462046FFF755FEEEB2E0890F3062691D
:10F9B000111832462046FFF74CFE0D21E089113028
:10F9C000626911540021E08912306269115470BDDE
:10F9D0005203002030B504460D46A571E18920464A
:10F9E000FFF750FE2046FFF7A1FF30BD70B504467B
:10F9F0000D461646012E08D1E0890D3062691118B6
:10FA00002A462046FFF725FE08E02021E0890D3038
:10FA100062691154E0890E3062691154E089801CDA
:10FA2000E08170BD77B505461646002407E001A8C1
:10FA3000015D32462846FFF7D9FF601CC4B2042C92
:10FA4000F5DB7EBD37B5044615469DF805102A4600
:10FA50002046FFF7CBFF9DF804102A462046FFF70B
:10FA6000C5FF3EBD10B5044660794F2809D100207E
:10FA7000A071E1892046FFF705FE2046FFF756FFFB
:10FA80000BE26079502809D10020A071E18920465D
:10FA9000FFF7F8FD2046FFF749FFFEE1207A122824
:10FAA00070D1A072E079F74909788842E8D160798D
:10FAB000412841D12079402803D1204600F04AFA5C
:10FAC000EBE12079412803D1204600F0CDFCE4E1B0
:10FAD0002079422803D1204600F01CFFDDE1207987
:10FAE000432803D1204602F0ADFCD6E12079E2287C
:10FAF00003D1204603F042FDCFE120794A2803D10B
:10FB0000204602F0A1FEC8E12079E12803D1204679
:10FB100003F0F4FBC1E12079E52803D1204605F08C
:10FB200089FCBAE10420A071E1892046FFF7AAFD13
:10FB30002046FFF7FBFEB0E1607943282DD1207904
:10FB4000402803D1204600F0CBFAA6E120794128D5
:10FB500003D1204600F010FD9FE12079432803D116
:10FB6000204602F009FD98E120794A2803D1204679
:10FB700003F032F891E12079E52804D1204605F020
:10FB8000F9FC8AE16DE10420A071E1892046FFF7CC
:10FB900079FD2046FFF7CAFE7FE16079442841D114
:10FBA0002079402803D1204600F0DCFA75E1207965
:10FBB000412803D1204600F057FD6EE1207942280C
:10FBC00003D1204601F070F867E12079432803D182
:10FBD000204602F02FFD60E12079E12803D1204684
:10FBE00003F034FC59E12079E22803D1204603F0E8
:10FBF00067FD52E120794A2803D1204603F056F8E8
:10FC00004BE12079E52803D1204605F01BFD44E1B6
:10FC10000420A071E1892046FFF734FD2046FFF75C
:10FC200085FE3AE16079452817D12079412803D132
:10FC3000204600F08DFD30E12079432803D1204695
:10FC400002F05AFD29E10420A071E1892046FFF766
:10FC500019FD2046FFF76AFE1FE1607946282CD186
:10FC60002079402803D1204600F006FB15E12079D9
:10FC7000422803D1204601F09FF80EE12079E228C6
:10FC800003D1204603F094FD07E120794A2803D1EF
:10FC9000204603F005FA00E12079E52803D120464B
:10FCA00005F0B4FDF9E00420A071E1892046FFF7DA
:10FCB000E9FC2046FFF73AFEEFE0607948282CD1B6
:10FCC0002079402803D1204600F042FBE5E020796E
:10FCD000422803D1204601F069FADEE020794A2863
:10FCE00003D1204603F074FAD7E02079E52803D148
:10FCF000204605F00FFED0E02079E22803D120460F
:10FD000003F01EFEC9E00420A071E1892046FFF740
:10FD1000B9FC2046FFF70AFEBFE06079802803D1D6
:10FD2000204601F0FFFDB8E06079A02803D120460D
:10FD300003F0B0FBB1E06079A12803D1204603F0C5
:10FD4000D5FBAAE06079A32803D1204603F0A8FEE2
:10FD5000A3E06079A42803D1204603F085FF9CE04E
:10FD60006079A52803D1204604F072F895E0607907
:10FD7000A62803D1204604F08DFA8EE06079A728EA
:10FD800003D1204601F016FE87E06079A82803D150
:10FD9000204601F035FF80E06079A92803D1204694
:10FDA00001F0BAFF79E06079AA2803D1204602F079
:10FDB0001BF872E06079AB2803D1204602F02CFAE0
:10FDC0006BE06079AC2803D1204604F06DFF64E05D
:10FDD0006079AD2803D1204605F084F85DE06079B4
:10FDE000AE2803D1204602F0B1FA56E06079AF2880
:10FDF00003D1204602F0CCFA4FE060794D2803D1C0
:10FE0000204605F019FE48E060794E2803D12046CF
:10FE100005F052FE41E06079512803D1204605F0FB
:10FE2000FDFE3AE06079D42803D1204605F070FF4A
:10FE300033E06079D82803D1204606F00BF82CE097
:10FE40006079DD2803D1204606F0B0F825E00420D3
:10FE5000A071E1892046FFF715FC2046FFF766FDFB
:10FE60001BE0207A222818D1A072E0790549097890
:10FE7000884212D16079DD2806D1204606F096F836
:10FE80000BE00000520300200420A071E18920460D
:10FE9000FFF7F8FB2046FFF749FD10BD0346107839
:10FEA000302802DB1078462801DD002070471078EA
:10FEB000402802DA1078303808701078402802DDC7
:10FEC0001078373808700120F0E777B505461646F8
:10FED000002409E0C4F1030001AA115C324628465F
:10FEE000FFF784FD601CC4B2042CF3DB7EBDF0B5CB
:10FEF00004460D4616461F46012F12D146B1E08931
:10FF00000D30626911182A462046FFF7A2FB11E066
:10FF1000E0890D306269111800222046FFF799FB35
:10FF200008E02021E0890D3062691154E0890E302B
:10FF300062691154E089801CE081F0BD41611122A9
:10FF40004272222282720022C27202820023438203
:10FF500070470000F8B5044600200090617A012245
:10FF60002046FFF743FD694620462268FFF708FB5D
:10FF700020B906212046FFF72DFDF8BD9DF80000B1
:10FF8000FF2804D1012211462046FFF72FFD012250
:10FF900011462046FFF72AFD4C49096808880CF0F5
:10FFA00099F806464A490BF04BFF054601222946BF
:10FFB0002046FFF737FD4549096848880CF08AF864
:10FFC000064643490BF03CFF0546012229462046E0
:10FFD000FFF728FD3D49096888880CF07BF8064644
:10FFE0003B490BF02DFF0546012229462046FFF72D
:10FFF00019FD36490968C8880CF06CF80646354981
:020000040802F0
:100000000BF01EFF0546012229462046FFF70AFD98
:10001000012211462046FFF7E9FC2C490968086ACD
:100020000CF058F806462B490BF00AFF0546012252
:1000300029462046FFF7F6FC012211462046FFF72D
:10004000D5FC254800680CF045F8064623490BF01E
:10005000F7FE0546012229462046FFF7E3FC1B492F
:100060000968888A0CF036F8064619490BF0E8FE54
:100070000546012229462046FFF7D4FC13490968AA
:10008000C88A0CF027F8064611490BF0D9FE054640
:10009000012229462046FFF7C5FC0C490968088B58
:1000A0000CF018F806460A490BF0CAFE0546012274
:1000B00029462046FFF7B6FCE1892046FFF7E2FA21
:1000C0002046FFF733FC00BF57E7000090030020F5
:1000D0000000C842000020410011002000007A44C6
:1000E00018B5044600200090617A01222046FFF7EF
:1000F0007DFC694620462268FFF742FA20B90621B6
:100100002046FFF767FC18BD9DF80000FF2804D1CA
:10011000012211462046FFF769FC012211462046C4
:10012000FFF764FC012202212046FFF75FFC012259
:1001300011462046FFF75AFC012209480178204663
:10014000FFF754FC012200212046FFF74FFCE18914
:100150002046FFF797FA2046FFF7E8FB00BFD2E7FB
:10016000DA0E002038B5044600200090617A0122A2
:100170002046FFF73BFC694620462268FFF700FA5D
:1001800020B906212046FFF725FC38BD9DF8000068
:10019000FF2804D1012211462046FFF727FC012247
:1001A00011462046FFF722FC324801780122204602
:1001B000FFF71CFC2F48417801222046FFF716FC70
:1001C0002C48817801222046FFF710FC2948C1788D
:1001D00001222046FFF70AFC012211462046FFF7C4
:1001E00005FC002205211F20E7F7ACFC0546012293
:1001F00029462046FFF7FAFB0022E1211720E7F706
:10020000A1FC0546012229462046FFF7EFFB01220B
:1002100002212046FFF7EAFB002205211A20E7F71A
:1002200091FC0546012229462046FFF7DFFB1148D5
:10023000C17901222046FFF7D9FB01220021204687
:10024000FFF7D4FB012200212046FFF7CFFB01225C
:1002500000212046FFF7CAFB012200212046FFF7BC
:10026000C5FBE1892046FFF70DFA2046FFF75EFB4C
:1002700000BF8AE7D00E002070B504462E480088E3
:100280000BF028FF06462D490BF0DAFD054601224A
:1002900029462046FFF7C6FB294800880BF01AFFC5
:1002A000064626490BF0CCFD05460122294620468C
:1002B000FFF7B8FB234800880BF00CFF06461F49E8
:1002C0000BF0BEFD0546012229462046FFF7AAFB9A
:1002D0001D4800880BF0FEFE064618490BF0B0FDE5
:1002E0000546012229462046FFF79CFB1748008857
:1002F0000BF0F0FE064611490BF0A2FD0546012267
:1003000029462046FFF78EFB012211462046FFF7C3
:100310006DFB012200212046FFF784FB0122002112
:100320002046FFF763FBE1892046FFF7ABF9204643
:10033000FFF7FCFA70BD0000C40000200000C842B6
:10034000C2000020C6000020CC000020CE0000200B
:100350007CB5044600200190009069462046226842
:10036000FFF70EF920B906212046FFF733FB7CBDCD
:100370002068821C01A92046FFF776FA20B90621E1
:100380002046FFF727FBF2E79DF8000080280DD1FB
:100390002E4901980BF0E6FE05460BF063FE2C4952
:1003A00008802C480068F9F7D1F846E09DF8000075
:1003B00081280DD1254901980BF0D4FE05460BF09C
:1003C00051FE2549088023480068F9F7BFF834E05A
:1003D0009DF8000082280DD11C4901980BF0C2FE47
:1003E00005460BF03FFE1D4908801A480068F9F7E2
:1003F000ADF822E09DF8000083280DD11349019843
:100400000BF0B0FE05460BF02DFE15490880114893
:100410000068F9F79BF810E09DF8000084280CD1E3
:100420000A4901980BF09EFE05460BF01BFE0D4994
:10043000088008480068F9F789F8E1892046FFF745
:1004400021F92046FFF772FA00BF90E70000C8428A
:10045000C400002040050020C2000020C60000208B
:10046000CC000020CE0000202DE9FC5F05460026D0
:10047000B04601213C48006805F016FE8146032184
:100480003948006805F010FE8246082136480068A9
:1004900005F00AFE074616213348006805F004FE01
:1004A0000190697A01222846FFF7A0FA2F490968CE
:1004B000B1F900000BF0F6FD83462D490BF0C0FCAE
:1004C0000446012221462846FFF7ACFAB5F80E8013
:1004D000012200212846FFF789FA00242FE0385D29
:1004E000022802D0385D0F2827D1701C86B239F857
:1004F00014000BF0EFFD1E4900900BF0A1FC8346A9
:10050000012259462846FFF78DFA01221146284656
:10051000FFF76CFA3AF914000BF0C4FD144900908F
:100520000BF08EFC8346012259462846FFF77AFAE3
:10053000012200212846FFF759FA601CC4B20D4879
:100540008078A042CBDC08F10D006B691918F2B27B
:100550002846FFF77EF8E9892846FFF793F82846F2
:10056000FFF7E4F9BDE8FC9F700300206C03002056
:100570000000C8422C0E00202DE9F0470546697A9C
:1005800001222846FFF732FA08213348006805F0B7
:100590008BFD064614213048006805F085FD804635
:1005A00015212D48006805F07FFD81460027BA46D9
:1005B000B5F80EA0012200212846FFF717FA002403
:1005C00034E0305D022802D0305D0F282CD1781C39
:1005D00087B218F8041001222846FFF707FA19F825
:1005E000041001222846FFF701FA01221B48017876
:1005F0002846FFF7FBF9012211462846FFF7F6F9D6
:1006000017480078012805D1012200212846FFF76C
:10061000EDF904E0012211462846FFF7E7F901222F
:1006200000212846FFF7E2F9601CC4B20D4880782B
:10063000A042C6DC0AF10D006B691918FAB228460F
:10064000FFF707F8E9892846FFF71CF82846FFF767
:100650006DF9BDE8F08700007003002068030020FA
:100660005F0300202C0E00202DE9F0470546697A33
:1006700001222846FFF7BAF90027B946052132487A
:10068000006805F011FD804608212F48006805F03C
:100690000BFD0646B5F80E90012200212846FFF713
:1006A000A5F900243AE0305D022802D0305D0F2821
:1006B00032D1781C87B218F8040000F00101012241
:1006C0002846FFF793F9012202212846FFF78EF909
:1006D000305D0F2805D1012211462846FFF786F923
:1006E00004E0012200212846FFF780F918F80400F1
:1006F0000121B1EB101F05DA012211462846FFF750
:1007000075F904E0012200212846FFF76FF9012264
:1007100000212846FFF76AF9601CC4B20B488078B4
:10072000A042C0DC09F10D006B691918FAB2284625
:10073000FEF78FFFE9892846FEF7A4FF2846FFF75A
:10074000F5F8BDE8F0870000700300202C0E0020B3
:100750002DE9FC41044600200190009001A92046AB
:100760002268FEF70DFF28B906212046FFF732F96F
:10077000BDE8FC812068821C69462046FEF700FF28
:1007800020B906212046FFF725F9F1E79DF804007E
:10079000102804D10120594909680870A4E09DF887
:1007A00004001F2804D100205449096808709BE008
:1007B0009DF80400112804D10220504909680870EE
:1007C00092E09DF80400202836D14D4880789DF8AD
:1007D0000010884202DB9DF8000010B90620A071CD
:1007E00082E0002708214748006805F05DFC0646C6
:1007F000E220A07100251AE0705D022802D0705D31
:100800000F2812D1781CC7B29DF8000087420CD186
:10081000705D022809D1681CC1B200223A48006804
:1008200006F0BEFC0020A07105E0681CC5B234488B
:100830008078A842E0DC57E09DF804002F2836D1EC
:100840002F4880789DF80010884202DB9DF8000058
:1008500010B90620A07147E0002708212948006848
:1008600005F022FC0646E220A07100251AE0705D2A
:10087000022802D0705D0F2812D1781CC7B29DF8F3
:10088000000087420CD1705D022809D1681CC1B2FA
:1008900001221D48006806F083FC0020A07105E0DD
:1008A000681CC5B216488078A842E0DC1CE09DF8C0
:1008B0000400302807D1012014490870144800684A
:1008C000F8F744FE10E09DF804003F2807D100200F
:1008D0000E4908700E480068F8F738FE04E006215B
:1008E0002046FFF777F843E7E1892046FEF7CAFE86
:1008F0002046FFF71BF800BF3AE700006400002025
:100900002C0E002070030020F41000205F03002054
:10091000400500202DE9FE4F044600200290617A38
:1009200001222046FFF762F802A920462268FEF75E
:1009300027FE28B906212046FFF74CF8BDE8FE8FB8
:100940009DF80800FF2804D1012211462046FFF738
:100950004DF8C5490968B1F900000BF0A3FB8046CA
:10096000C2490BF06DFA0546012229462046FFF7E1
:1009700059F8BD490968B1F90A000BF093FB8046AC
:10098000BB490BF05DFA0546012229462046FFF7D8
:1009900049F8B84800880BF09DFB8046B6490BF03B
:1009A0004FFA0546012229462046FFF73BF8B34897
:1009B00000680BF08FFB8046AF490BF041FA05460B
:1009C000012229462046FFF72DF8AD480078A0BB4C
:1009D000012203212046FFF709F8AA48B0F90000D8
:1009E0000BF060FB8046A2490BF02AFA0546012273
:1009F00029462046FFF716F89B490968B1F9060019
:100A00000BF050FB80469A490BF01AFA054601227A
:100A100029462046FFF706F893490968B1F908000E
:100A20000BF040FB804692490BF00AFA0546012282
:100A300029462046FEF7F6FF40E0FFE790480078A1
:100A400000283BDD4FF000088D4890F800800078CA
:100A5000062801DD4FF0060808F10100C1B20122AD
:100A60002046FEF7C3FF8748B0F900000BF01AFBE1
:100A700081467F490BF0E4F90546012229462046CC
:100A8000FEF7D0FF002516E07F4850F8250080B122
:100A90007D4951F82510B1F900000BF003FB8246A7
:100AA00073490BF0CDF98146012249462046FEF7F5
:100AB000B9FF681CC5B2062DE6DB00BF734800888D
:100AC0000BF008FB81466A490BF0BAF905466D4800
:100AD000B0F900000BF0E6FA834665490BF0B0F977
:100AE000814661490968B1F92B000BF0DBFA6049D6
:100AF00000900BF0A5F983465B490968B1F9020043
:100B00000BF0D0FA5A4900900BF09AF9594601902F
:100B10000BF030FC824649460BF02CFC80462946FF
:100B20000BF028FC0646002130460BF0E7FA00D215
:100B30000026012211462046FEF758FF01223146C9
:100B40002046FEF76FFF52480078001DC1B2012217
:100B50002046FEF74BFF44490968B1F900000BF04D
:100B6000A1FA804641490BF06BF90546012229465E
:100B70002046FEF757FF3C49096888890BF0AAFA1E
:100B8000804644490BF0EEFA054643490BF058F90C
:100B90000746424800880BF09DFA054639460BF09F
:100BA000E1FA074630480068807A002810DD2E49B7
:100BB0000968B1F90A000BF075FA80462C490BF070
:100BC0003FF90546294638460BF03AF9074600E05A
:100BD000334F344938460BF091FB00D2314F01229C
:100BE00039462046FEF71EFF1F49096888890BF029
:100BF00071FA80461D490BF023F90546012229466A
:100C00002046FEF70FFF224800780BF063FA0546F6
:100C1000012229462046FEF705FF002511E0124972
:100C20000968B1F926000BF03DFA81460F490BF037
:100C300007F98046012241462046FEF7F3FE681C74
:100C4000C5B2134800788542E9DB01220021204625
:100C5000FEF7CCFEE1892046FEF714FD2046FEF7A4
:100C600065FE00BF6AE600006C0300200000C84279
:100C7000000020413E0E002000007A44F8100020C1
:100C8000A81000200410002020180020841000204C
:100C9000500300200000704200401C46B8000020B5
:100CA0000020B4440000B44438B50446002000904D
:100CB000617A01222046FEF799FE694620462268A5
:100CC000FEF75EFC20B906212046FEF783FE38BD04
:100CD0009DF80000FF2804D1012211462046FEF7AE
:100CE00085FE01231A46314801782046FFF7FFF8B8
:100CF000012211462046FEF779FE002203211D2025
:100D0000E6F720FF0546012229462046FEF76EFE43
:100D1000012205212046FEF769FE002203211E2044
:100D2000E6F710FF0546012229462046FEF75EFE43
:100D3000002511E005EB85001D4901EB8000C07B1B
:100D400008B1012000E000200246012303212046D3
:100D5000FFF7CDF8681CC5B2042DEBDB01220021A2
:100D60002046FEF743FE012203212046FEF73EFE09
:100D7000012200212046FEF739FE012211462046BD
:100D8000FEF734FE01220B4801782046FEF72EFEC6
:100D9000012200212046FEF729FEE1892046FEF7C8
:100DA00071FC2046FEF7C2FD00BF90E7D80E002080
:100DB00064790020DB0E002070B58AB00646DF485B
:100DC00000880BF087F90546DD490BF039F8044639
:100DD000012221463046FEF725FEDA4800880BF056
:100DE00079F90546D6490BF02BF804460122214635
:100DF0003046FEF717FED448007828BBD348007869
:100E00001630C1B201223046FEF7F0FDCF4800781F
:100E10000BF060F90446012221463046FEF702FE3F
:100E200000240CE0CA4931F814000BF053F90546D0
:100E3000012229463046FEF7F5FD601CC4B2C348C6
:100E400000788442EEDB46E0BF480078002839DDB8
:100E5000BD480078062835DC18216846E1F7A8FC73
:100E6000002400250FE0BB48405D0C2809DAB84992
:100E700031F815000BF02EF92146621CD4B24DF862
:100E80002100681CC5B2062DEDDB04F11600C1B2CD
:100E900001223046FEF7AAFD20460BF01BF905465D
:100EA000012229463046FEF7BDFD002507E05DF82A
:100EB000251001223046FEF7B5FD681CC5B2A542DB
:100EC000F5DB08E0A0480078062804DD01221621A1
:100ED0003046FEF78BFDA04800880BF0FBF8054676
:100EE00097490AF0ADFF0446012221463046FEF73D
:100EF00099FD9A4800880BF0EDF8054690490AF0F4
:100F00009FFF0446012221463046FEF78BFD9448A0
:100F100000880BF0DFF8054689490AF091FF044686
:100F2000012221463046FEF77DFD8E4800880BF0F9
:100F3000D1F8054682490AF083FF04460122214682
:100F40003046FEF76FFD884800780BF0C3F8044682
:100F5000012221463046FEF765FD844800780BF0FB
:100F6000B9F80446012221463046FEF75BFD804871
:100F700000780BF0AFF805467E490AF061FF0446A1
:100F8000012221463046FEF74DFD7B4800780BF0EC
:100F9000A1F80446012221463046FEF743FD6A4887
:100FA000007810BB7549497808090BF093F8069052
:100FB00072484078000910B90020079002E04FF015
:100FC0007E5007906D49C8880BF084F804465C4950
:100FD0000AF036FF08906A4988880BF07BF80446CF
:100FE00068490AF02DFF099027E05748007800284B
:100FF00023DD654991F8DE1101F00F000BF052F886
:101000000690614890F8DE0100F00F0010B9002052
:10101000079002E04FF07E5007905B49B1F8CE0197
:101020000BF058F8044646490AF00AFF0890564962
:10103000B1F8D0010BF04EF8099001223046069924
:10104000FEF7F0FC012230460799FEF7EBFC012287
:1010500030460899FEF7E6FC012230460999FEF772
:10106000E1FC4A4800780BF035F80446012221469D
:101070003046FEF7D7FC464800880BF02BF80546B3
:101080002F490AF0DDFE0446012221463046FEF7D4
:10109000C9FC404800780BF01DF8044601222146A7
:1010A0003046FEF7BFFC3C4800780BF013F80446CE
:1010B000012221463046FEF7B5FC384800880BF087
:1010C00009F805461E490AF0BBFE044601222146E6
:1010D0003046FEF7A7FC324800780AF0FBFF0446D2
:1010E000012221463046FEF79DFC2E4800780AF08A
:1010F000F1FF0446012221463046FEF793FC2A48C0
:1011000000780AF0E7FF0446012221463046FEF748
:1011100089FC01224FF081413046FEF783FC012219
:1011200000213046FEF762FCF1893046FEF7AAFA4C
:101130003046FEF7FBFB0AB070BD0000CA0000207D
:101140000000C84252020020A810002050030020D6
:1011500060020020BA100020B0000020B60000207D
:10116000D0000020D20000201F0300202603002012
:101170002A0300200000C041290300209C01002018
:10118000EC01002000002041487700201C030020D3
:10119000B20000202B0300201D030020B40000201B
:1011A0002C03002031030020200300202DE9FC4106
:1011B0000546002001900090694628462A68FEF7FF
:1011C000DFF928B906212846FEF704FCBDE8FC81BA
:1011D0002868821C01A92846FEF746FB20B9062193
:1011E0002846FEF7F7FBF1E79DF8000080280DD1B7
:1011F000F74901980AF0B6FF04460AF033FFF549B3
:101200000880F5480068F8F7A1F958E39DF8000058
:1012100081280DD1EE4901980AF0A4FF04460AF096
:1012200021FFEE490880EC480068F8F78FF946E3A3
:101230009DF80000A02878DB9DF80000A52874DC4C
:10124000E748007850BB9DF8000000F00F04052C23
:1012500023DC01980AF006FFE24921F81400084651
:1012600000EB4401DC480068F8F770F90020DE4923
:10127000088000BF09E0DB4931F81010DA4A128813
:101280001144D94A1180411CC8B2D8490978884212
:10129000F1DBD7480068F5F7BBFF10E3D0480078D2
:1012A0000028B2DD9DF8000000F00F00461C062E5D
:1012B00039DC002700240AE0CE48005D0C2804DA5F
:1012C000781CC7B2B74200D103E0601CC4B2062C40
:1012D000F2DB00BF062C25DA01980AF0C3FEC149F3
:1012E00021F81400084600EB4401BB480068F8F7F9
:1012F0002DF90020BC49088000BF0DE0BD49095C04
:101300000C2907DAB74931F81010B74A128811448E
:10131000B54A1180411CC8B20628EFDBB44800680A
:10132000F5F776FF00BFCAE2FFE79DF80000A828A6
:101330000DD1A74901980AF015FF04460AF092FE64
:10134000AD490880A4480068F8F700F9B7E29DF8B5
:101350000000A9280DD19E4901980AF003FF044618
:101360000AF080FEA54908809B480068F8F7EEF86F
:10137000A5E29DF80000AA280DD1954901980AF030
:10138000F1FE04460AF06EFE9D490880924800680E
:10139000F8F7DCF893E29DF80000AB280ED18C49F9
:1013A00001980AF0DFFE04460AF040FE00B29549BB
:1013B000088089480068F8F7C9F880E29DF80000C5
:1013C000AE2809D101980AF04DFE8F490870824875
:1013D0000068F8F7BBF872E29DF80000AF2809D169
:1013E00001980AF03FFE894908707B480068F8F7C9
:1013F000ADF864E29DF80000B02816D18449019848
:101400000AF0B0FE04460AF02DFE82490870084634
:1014100000784FF4616148437F49096888637D49DA
:101420006D480068F8F792F849E29DF80000B1288D
:1014300009D101980AF016FE7849087066480068DC
:10144000F8F784F83BE29DF80000B2285DD16448CB
:10145000007818BB01980AF005FE7149497860F3DD
:1014600007116F48417001465B480068F8F76EF855
:1014700001980AF0F7FD6A49497A60F30711684854
:10148000417200F1080154480068F8F75FF8042041
:101490006449087002206449087010E2634890F8BB
:1014A000DE0100F0F001614880F8DE1101980AF0D9
:1014B000D9FDC0B25D4991F8DE1108435B4981F85E
:1014C000DE010C205A49087052205A490870072042
:1014D00059490870002015E000EB4001534A02EB27
:1014E000C101C97D544A1278B2EB211F08D14F497E
:1014F00091F8DE1100EB40024C4B03EBC2029175F8
:10150000411CC8B20C28E7DBD9E19DF80000B328E4
:101510005DD13348007818BB01980AF0A3FD40491B
:10152000497860F307113E48417001462A48006837
:10153000F8F70CF801980AF095FD3949497A60F3FB
:1015400007113748417200F1080123480068F7F796
:10155000FDFF042033490870022033490870AEE1D2
:10156000324890F8DE0100F0F001304880F8DE11DA
:1015700001980AF077FDC0B22C4991F8DE110843BA
:101580002A4981F8DE010C20294908705220294996
:101590000870072028490870002015E000EB400182
:1015A000224A02EBC101C97D234A1278B2EB211F06
:1015B00008D11E4991F8DE1100EB40021B4B03EBF2
:1015C000C2029175411CC8B20C28E7DB77E135E017
:1015D0000000C842CA00002040050020520200203E
:1015E000A810002060020020B80000205003002056
:1015F000280F0020BA100020B0000020B600002004
:10160000D0000020D20000201F030020260300206D
:101610000000C0412A0300206400002029030020AC
:101620009C010020510E0020500E00204877002021
:101630007C1000207D1000207E1000209DF800000E
:10164000B42856D1A248007820BBA24901980AF0DC
:1016500089FD04460AF006FD9F49C880891D9F4800
:101660000068F7F773FF9B4901980AF07BFD044679
:101670000AF0F8FC81B29848C18100F10E01974848
:101680000068F7F763FF0420954908700220954928
:10169000087014E18F4901980AF064FD04460AF0CD
:1016A000E1FC81B29048A0F8CE1104208F49087067
:1016B00052208F49087007208E490870002015E0DD
:1016C00000EB4001884A02EBC101C97D894A1278CA
:1016D000B2EB211F08D18449B1F8CE1100EB4002D2
:1016E000814B03EBC202D180411CC8B20C28E7DB5E
:1016F000E5E09DF80000B52855D17548007838BB65
:1017000001980AF0AFFC00EB80004FF6FF7101EA90
:10171000400079498880091D70480068F7F716FF76
:1017200001980AF09FFC00EB80004FF6FF7101EA80
:1017300040017148818100F10C0168480068F7F7A9
:1017400005FF042066490870022066490870B6E06B
:1017500001980AF087FC81B26348A0F8D0110520F7
:101760006249087052206249087007206149087078
:10177000002015E000EB40015B4A02EBC101C97D8E
:101780005C4A1278B2EB211F08D15749B1F8D01149
:1017900000EB4002544B03EBC2021181411CC8B262
:1017A0000C28E7DB8BE09DF80000B62809D10198F2
:1017B0000AF058FC5149087048480068F7F7C6FE1F
:1017C0007DE09DF80000B7280DD1424901980AF04C
:1017D000C9FC04460AF046FC494908803F480068B5
:1017E000F7F7B4FE6BE09DF80000B82811D101981E
:1017F0000AF038FC434908700846007842494843DB
:101800004249096808633F4934480068F7F79EFE7B
:1018100055E09DF80000B92809D101980AF022FC92
:101820003B4908702D480068F7F790FE47E09DF8A7
:101830000000BA280DD1274901980AF093FC04460C
:101840000AF010FC3349088024480068F7F77EFE50
:1018500035E09DF80000BB2809D101980AF002FC90
:101860002D4908701D480068F7F770FE27E09DF8C5
:101870000000BC2809D101980AF0F4FB2749087040
:1018800016480068F7F762FE19E09DF80000BD28D1
:1018900010D101980AF0E6FB21490870084600784B
:1018A000012801DD012008701D490C480068F7F788
:1018B0004DFE04E006212846FEF78CF886E4E9890F
:1018C0002846FDF7DFFE2846FEF730F800BF7DE42E
:1018D000A81000200000C8429C0100204005002004
:1018E000510E0020500E0020487700207C10002070
:1018F0007D1000207E100020EC0100201C03002041
:10190000B20000202B030020805101006400002061
:101910001D030020B40000202C0300203103002010
:101920002003002018B5044600200090617A0122AF
:101930002046FEF75BF8694620462268FDF720FE48
:1019400020B906212046FEF745F818BD9DF8000095
:10195000FF2804D1012211462046FEF747F8012254
:10196000114801782046FEF741F801220F4801781E
:101970002046FEF73BF8012211462046FEF736F8D6
:1019800001220B4801782046FEF730F801220021A1
:101990002046FEF72BF8E1892046FDF773FE20462E
:1019A000FDF7C4FF00BFD0E7680300201F0300203D
:1019B00021030020F8B50646012267213046FEF7D4
:1019C00015F88848008800B20AF06CFB0546864985
:1019D0000AF036FA0446012221463046FEF722F884
:1019E0008248008800B20AF05DFB05467E490AF095
:1019F00027FA0446012221463046FEF713F8012259
:101A000000213046FEF70EF8012200213046FEF795
:101A100009F8774908880AF05DFB054675490AF020
:101A20000FFA0446012221463046FDF7FBFF7049BC
:101A300048880AF04FFB05466E490AF001FA044651
:101A4000012221463046FDF7EDFF694988880AF0FA
:101A500041FB054667490AF0F3F904460122214695
:101A60003046FDF7DFFF6249C8880AF033FB0546C0
:101A700060490AF0E5F90446012221463046FDF7A7
:101A8000D1FF5D4800780AF025FB0446012221467B
:101A90003046FDF7C7FF00200090002414E000202E
:101AA000009004EB840101EBC401544A32F8111098
:101AB00088B201226946E7F75FFC012230460099AF
:101AC000FEF703FA601CC4B2052CE8DB002416E024
:101AD00000200090611C01EB810202EBC101474A2A
:101AE00032F81110491E88B201226946E7F744FC1A
:101AF000012230460099FEF7E8F9601CC4B2042CBC
:101B0000E6DB002000903D490988491E88B2012289
:101B10006946E7F731FC012230460099FEF7D5F916
:101B2000002417E0002511E00020009029462046FF
:101B3000E5F7CEFF009000980AF0CCFA07460122A4
:101B400039463046FDF76EFF681CC5B20C2DEBDB45
:101B5000601CC4B2052CE5DB002411E000200090DD
:101B60002649891C31F8141088B201226946E5F72C
:101B7000C9FF012230460099FEF7A7F9601CC4B2E4
:101B80000C2CEBDB002413E0002000901B49891C87
:101B9000621C31F81210491E88B201226946E5F72D
:101BA000B1FF012230460099FEF78FF9601CC4B2E4
:101BB0000B2CE9DB0020009010494988491E88B2AF
:101BC00001226946E5F79EFF012230460099FEF7A3
:101BD0007CF9F1893046FDF755FD3046FDF7A6FE4C
:101BE000F8BD0000E20000200000C842E400002030
:101BF0005602002000401C46200300201A0100204D
:101C0000F8B5064600200090012262213046FDF71B
:101C1000EDFE002453E0002518E000200090611C38
:101C200001EB810202EBC101384A02EB4101891C40
:101C300031F8151088B201226946E5F763FF0122E9
:101C400030460099FEF741F9681CC5B20C2DE4DB63
:101C500000251AE000200090611C01EB810202EBDC
:101C6000C1012A4A02EB4101891C6A1C31F8121099
:101C7000491E88B201226946E5F744FF0122304639
:101C80000099FEF722F9681CC5B20B2DE2DB00209B
:101C90000090611C01EB810202EBC1011B4A02EBC7
:101CA00041014988491E88B201226946E5F72AFFA9
:101CB000012230460099FEF708F9601CC4B2042CDA
:101CC000A9DB134800880AF005FA054611490AF015
:101CD000B7F80446012221463046FDF7A3FE0C4822
:101CE00000880AF0F7F905460A490AF0A9F80446FF
:101CF000012221463046FDF795FEF1893046FDF779
:101D0000C1FC3046FDF712FEF8BD00001A010020AC
:101D1000DE0000200000C84270B504460122082100
:101D20002046FDF763FE0122284801782046FDF792
:101D30005DFE012200212046FDF758FE01222449C4
:101D40002046FDF76FFE234800880AF0C3F90646D7
:101D500021490AF075F80546012229462046FDF77B
:101D600061FE1E4800880AF0B5F906461A490AF0D5
:101D700067F80546012229462046FDF753FE18481C
:101D800000880AF0A7F9064613490AF059F80546F3
:101D9000012229462046FDF745FE01221149204631
:101DA000FDF740FE01224FF07E512046FDF73AFE3E
:101DB000012200212046FDF719FEE1892046FDF7AA
:101DC00061FC2046FDF7B2FD70BD0000210300203C
:101DD00000803B45EC00002000002041EE00002088
:101DE000F000002000005C432DE9FC410546002086
:101DF00001900090694628462A68FDF7C1FB28B982
:101E000006212846FDF7E6FDBDE8FC812868821C16
:101E100001A92846FDF728FD20B906212846FDF72F
:101E2000D9FDF1E7019E9DF8047000249DF80000A3
:101E300010281EDB9DF8000013281ADCEE4C3046FB
:101E40000AF010F900EBC00101EB00104FF6FF7132
:101E500001EA80019DF80000103824F810109DF868
:101E60000000103804EB4001E4480068F7F76EFB0F
:101E7000B9E19DF8000014281DDB9DF8000017282B
:101E800019DCDF4C30460AF0EDF840F2712148438E
:101E90004FF6FF7101EA00119DF80000143824F894
:101EA00010109DF80000143804EB4001D34800687E
:101EB000F7F74CFB97E19DF80000182807D1D148AF
:101EC00007700146CD480068F7F740FB8BE19DF8AD
:101ED000000019281EDB9DF800001E281ADC0DF1F9
:101EE000040898F8032098F802109DF80030193B78
:101EF000D8B2E6F783FA9DF80000193800EB8002AB
:101F000002EBC000C04A02EB4001BC480068F7F792
:101F10001DFB68E19DF8000023281EDB9DF80000F2
:101F20002E281ADC30460AF09DF800F0FF089DF8D4
:101F300000002338C1B242460020E6F7ADFB9DF811
:101F40000000A0F1230808EBD870B04A02EB600152
:101F5000AA480068F7F7FAFA45E19DF800002F2833
:101F60001FDB9DF800003A281BDC30460AF07AF8A7
:101F700000F0FF089DF800002F38C1B24246012052
:101F8000E6F78AFB9DF80000A0F12F0808EBD87057
:101F90004010801D9D4A811898480068F7F7D6FACE
:101FA00021E19DF800003B281FDB9DF8000046283A
:101FB0001BDC30460AF056F800F0FF089DF80000E0
:101FC0003B38C1B242460220E6F766FB9DF80000AE
:101FD000A0F13B0808EBD87040100C308B4A8118F8
:101FE00086480068F7F7B2FAFDE09DF80000472840
:101FF0001FDB9DF8000052281BDC30460AF032F847
:1020000000F0FF089DF800004738C1B242460320A7
:10201000E6F742FB9DF80000A0F1470808EBD870F6
:1020200040101230794A811874480068F7F78EFA28
:10203000D9E09DF8000053281FDB9DF800005E28C2
:102040001BDC30460AF00EF800F0FF089DF8000097
:102050005338C1B242460420E6F71EFB9DF800004B
:10206000A0F1530808EBD87040101830674A811867
:1020700062480068F7F76AFAB5E09DF800005F284B
:102080001CDB9DF800006A2818DC0DF1040898F8A4
:10209000033098F802209DF800005F38C1B200209C
:1020A000E8F74EF99DF800005F38574A921C02EBA2
:1020B000400152480068F7F749FA94E09DF80000A3
:1020C00077281CDB9DF80000822818DC0DF104083D
:1020D00098F8033098F802209DF800007738C1B2D4
:1020E0000120E8F72DF99DF80020773A46481C308A
:1020F00000EB420141480068F7F728FA73E09DF8C9
:1021000000008F281CDB9DF800009A2818DC0DF1D8
:10211000040898F8033098F802209DF800008F38E2
:10212000C1B20220E8F70CF99DF800208F3A36483A
:10213000363000EB420131480068F7F707FA52E009
:102140009DF80000A7281CDB9DF80000B22818DCD1
:102150000DF1040898F8033098F802209DF800006B
:10216000A738C1B20320E8F7EBF89DF80020A73AA2
:102170002548503000EB420120480068F7F7E6F9A7
:1021800031E09DF80000BF281CDB9DF80000CA2844
:1021900018DC0DF1040898F8033098F802209DF837
:1021A0000000BF38C1B20420E8F7CAF89DF800204B
:1021B000BF3A15486A3000EB420110480068F7F753
:1021C000C5F910E09DF80000D7280CDB1049304617
:1021D00009F0C8FF804609F045FF0E49088007480E
:1021E0000068F7F7B3F9E9892846FDF74BFA284666
:1021F000FDF79CFB00BF07E6E20000204005002041
:1022000058020020200300201A0100203203002081
:102210000000C842DE000020FEB504460020029007
:10222000019001A920462268FDF7AAF920B90621EC
:102230002046FDF7CFFBFEBD2068821C02A9204688
:10224000FDF712FB60B99DF80400102808D09DF836
:102250000400112804D006212046FDF7BBFBEAE765
:10226000029D9DF8080000909DF80400102814D1EC
:102270002068821C69462046FDF782F920B90621B4
:102280002046FDF7A7FBD6E79DF800002949087016
:1022900029480068F7F75AF942E09DF80400112830
:1022A0003ED09DF8040012283AD09DF8040013286F
:1022B0000DD12249284609F055FF064609F0D2FE05
:1022C0001F4908801C480068F7F740F928E09DF88E
:1022D000040014280DD11949284609F043FF064689
:1022E00009F0C0FE1749088013480068F7F72EF977
:1022F00016E09DF8040015280DD11049284609F074
:1023000031FF064609F0AEFE0F4908800A48006812
:10231000F7F71CF904E09DF80400162800D000BF70
:10232000E1892046FDF7AEF92046FDF7FFFA00BF30
:1023300081E700002103002040050020000020412B
:10234000EC000020EE000020F000002070B50546F3
:1023500001223C212846FDF749FB00240CE00B49F3
:1023600031F9140009F09EFE064601223146284646
:10237000FDF758FB601CC4B23C2CF0DBE989284611
:10238000FDF780F92846FDF7D1FA70BD80020020E4
:102390002DE9FC410446002001900090694620464A
:1023A0002268FDF7EDF828B906212046FDF712FB5B
:1023B000BDE8FC812068821C01A92046FDF754FA83
:1023C00020B906212046FDF705FBF1E7019F9DF8A6
:1023D0000000401E0C2190FBF1F0C5B29DF80000FA
:1023E000401E90FBF1F201FB1200C6B2052D01DA8E
:1023F0000C2E04DB06212046FDF7ECFAD8E7384620
:1024000009F014FE00B205EB45010C4A02EBC101D4
:1024100021F8160005EB450002EBC00000EB460179
:1024200007480068F7F792F8E1892046FDF72AF996
:102430002046FDF77BFA00BFBAE7000080020020CB
:10244000400500202DE9FC5F05460026B046062128
:102450004448006803F028FE81460721414800688F
:1024600003F022FE824601213E48006803F01CFE74
:10247000019008213B48006803F016FE0746697A80
:1024800001222846FDF7B2FAB5F80E80012200219C
:102490002846FDF7ABFA00244EE0385D032802D051
:1024A000385D0E2846D1701C86B239F8140009F048
:1024B00011FE2D49009009F0C3FC834601225946C4
:1024C0002846FDF7AFFA3AF8140009F003FE274951
:1024D000009009F0B5FC8346012259462846FDF7D5
:1024E000A1FA23490968B1F9000009F0DBFD1E4992
:1024F000009009F0A5FC8346012259462846FDF7C5
:1025000091FA019931F8140009F0E4FD16490090A0
:1025100009F096FC8346012259462846FDF782FAC7
:10252000012200212846FDF761FA012200212846F8
:10253000FDF75CFA601CC4B20E488078A042ACDCA7
:1025400008F10D006B691918F2B22846FDF781F801
:10255000E9892846FDF796F82846FDF7E7F9BDE832
:10256000FC9F0000700300200000C84200007A4475
:102570006C0300202C0E00202DE9F0470446617A00
:1025800001222046FDF732FA08212848006803F0AE
:102590008BFD064614212548006803F085FD804622
:1025A00015212248006803F07FFD82460027B946C6
:1025B000B4F80E90012200212046FDF717FA0025FD
:1025C0001EE0705D032802D0705D0E2816D1781CC5
:1025D00087B2012200212046FDF708FA18F80510FD
:1025E00001222046FDF702FA012200212046FDF7D4
:1025F000FDF9012200212046FDF7F8F9681CC5B25B
:102600000B488078A842DCDC09F10D0063691918D9
:10261000FAB22046FDF71DF8E1892046FDF732F8B1
:102620002046FDF783F9BDE8F08700007003002025
:102630002C0E00202DE9F0470546697A0122284634
:10264000FDF7D4F90027B84605212948006803F0B2
:102650002BFD814608212648006803F025FD06462B
:10266000B5F80E80012200212846FDF7BFF90024AD
:1026700029E0305D032802D0305D0E2821D1781C7E
:1026800087B219F8040000F0010101222846FDF785
:10269000ADF9012211462846FDF7A8F9305D0E2854
:1026A00005D1012211462846FDF7A0F904E00122D8
:1026B00000212846FDF79AF9012200212846FDF75E
:1026C00095F9601CC4B20B488078A042D1DC08F1B7
:1026D0000D006B691918FAB22846FCF7BAFFE989B0
:1026E0002846FCF7CFFF2846FDF720F9BDE8F08724
:1026F000700300202C0E00202DE9FC410446002030
:102700000190009001A920462268FCF739FF28B902
:1027100006212046FDF75EF9BDE8FC812068821C99
:1027200069462046FCF72CFF20B906212046FDF71C
:1027300051F9F1E79DF80400102836D13F48807820
:102740009DF80010884202DB9DF8000010B90620B9
:10275000A0716AE0002708213948006803F0A4FC52
:102760000646E220A07100251AE0705D032802D021
:10277000705D0E2812D1781CC7B29DF80000874208
:102780000CD1705D032809D1681CC1B200222D480C
:10279000006804F005FD0020A07105E0681CC5B2CA
:1027A00026488078A842E0DC3FE09DF804001F281E
:1027B00036D1224880789DF80010884202DB9DF8CF
:1027C000000010B90620A0712FE0002708211C4846
:1027D000006803F069FC0646E220A07100251AE0BB
:1027E000705D032802D0705D0E2812D1781CC7B22C
:1027F0009DF8000087420CD1705D032809D1681C48
:10280000C1B201220F48006804F0CAFC0020A07188
:1028100005E0681CC5B209488078A842E0DC04E005
:1028200006212046FDF7D6F876E7E1892046FCF739
:1028300029FF2046FDF77AF800BF6DE72C0E002037
:1028400070030020F41000202DE9F8430546002015
:102850000090694628462A68FCF792FE28B90621AE
:102860002846FDF7B7F8BDE8F8839DF80000FF287B
:102870007ED1697A01222846FDF7B8F801220421A9
:102880002846FDF7B3F80024ACE0C4EB0411CF4AAE
:1028900002EBC101088909F01DFC0746CC4909F08B
:1028A000CFFA0646012231462846FDF7BBF8C4EBB5
:1028B0000411C64A02EBC101488809F00BFC074627
:1028C000C34909F0BDFA0646012231462846FDF704
:1028D000A9F8012210212846FDF788F8002615E006
:1028E000C4EB0411B94A02EBC101203131F81600E2
:1028F00009F0F0FB8046B74909F0A2FA0746012229
:1029000039462846FDF78EF8701CC6B2102EE7DB5C
:10291000C4EB0411AD4A02EBC101B1F8640009F047
:10292000D9FB0646012231462846FDF77BF80122F5
:1029300006212846FDF75AF8002611E0C4EB0411E1
:10294000A24A02EBC101443131F8160009F0C2FB82
:102950000746012239462846FDF764F8701CC6B2C6
:10296000062EEBDBC4EB0411984A02EBC10100E038
:102970003CE0B1F9060009F095FB0746944909F0DF
:102980005FFA0646012231462846FDF74BF8C4EBB4
:1029900004118E4A02EBC101488909F09BFB0746EE
:1029A0008B4909F04DFA0646012231462846FDF7CB
:1029B00039F8012211462846FDF718F8C4EB041136
:1029C000824A02EBC101888909F084FB07468049ED
:1029D00009F036FA0646012231462846FDF722F86C
:1029E000601CC4B2042CFFF650AFE5E09DF8000077
:1029F000002878DD9DF80000102874DC9DF80000A8
:102A0000401EC0EB0010714901EBC000407C012862
:102A10006ADD697A01222846FCF7E8FF9DF800107C
:102A2000491EC1EB0111694A02EBC101088909F095
:102A300051FB0646664909F003FA04460122214685
:102A40002846FCF7EFFF9DF80010491EC1EB01116D
:102A50005E4A02EBC101488809F03CFB06465C492E
:102A600009F0EEF90446012221462846FCF7DAFF78
:102A7000012210212846FCF7B9FF002418E09DF838
:102A80000010491EC1EB0111504A02EBC101203177
:102A900031F8140009F01EFB07464E4909F0D0F941
:102AA0000646012231462846FCF7BCFF601CC4B232
:102AB000102CE4DB9DF80010491EC1EB0111434AC4
:102AC00002EBC101B1F8640009F004FB04460122E5
:102AD00021462846FCF7A6FF012206212846FCF7DE
:102AE00085FF002416E062E05CE09DF80010491EBE
:102AF000C1EB0111354A02EBC101443131F8140038
:102B000009F0E8FA0646012231462846FCF78AFF1A
:102B1000601CC4B2062CE8DB9DF80010491EC1EB16
:102B200001112A4A02EBC101B1F9060009F0BAFA13
:102B30000646274909F084F9044601222146284621
:102B4000FCF770FF9DF80010491EC1EB01111F4AF0
:102B500002EBC101488909F0BDFA06461C4909F09B
:102B60006FF90446012221462846FCF75BFF01224B
:102B700011462846FCF73AFF9DF80010491EC1EBAC
:102B80000111124A02EBC101888909F0A3FA064635
:102B90000F4909F055F90446012221462846FCF761
:102BA00041FF09E0E6212846FCF714FF5BE6062119
:102BB0002846FCF70FFF56E6E9892846FCF762FD38
:102BC0002846FCF7B3FE00BF4DE600003818002091
:102BD0000000C84200007A4438B504460020009046
:102BE000694620462268FCF7CBFC20B90621204626
:102BF000FCF7F0FE38BD9DF80000FF281AD1617A7D
:102C000001222046FCF7F2FE012204212046FCF7B7
:102C1000EDFE00250BE0C5EB0510234A02EBC000DA
:102C2000017C01222046FCF7E1FE681CC5B2042DA0
:102C3000F1DB2FE09DF80000002826DD9DF8000064
:102C4000102822DC9DF80000401EC0EB0010164941
:102C500001EBC000407C012812DD617A0122204690
:102C6000FCF7C4FE9DF80000401EC0EB00100E4AA9
:102C700002EBC000017C01222046FCF7B7FE09E010
:102C8000E6212046FCF7A6FEB4E706212046FCF725
:102C9000A1FEAFE7E1892046FCF7F4FC2046FCF7F3
:102CA00045FE00BFA6E700003818002038B50546ED
:102CB00000200090694628462A68FCF761FC20B98C
:102CC00006212846FCF786FE38BD9DF80000FF2847
:102CD0007ED1697A01222846FCF788FE0122042170
:102CE0002846FCF783FE0024C9E0C4EB0410EB493E
:102CF00001EBC00090F8720000F0100201231946A9
:102D00002846FDF7F4F8C4EB0410E44901EBC000D9
:102D100090F8720000F02002012319462846FDF7C2
:102D2000E6F8C4EB0410DD4901EBC000B0F8720016
:102D300000F40052012319462846FDF7D8F8012275
:102D400011462846FCF752FE012200212846FCF7D6
:102D50004DFE012200212846FCF748FE01220021F9
:102D60002846FCF743FE012200212846FCF73EFEE0
:102D7000012209212846FCF739FEC4EB0410C7499B
:102D800001EBC000B0F8720000F4004201231946C4
:102D90002846FDF7ACF8C4EB0410C04901EBC000B5
:102DA00090F8720000F00402012319462846FDF74E
:102DB0009EF8C4EB0410B94901EBC00090F8720012
:102DC00000F00802012319462846FDF790F800E0BC
:102DD00059E0C4EB0410B14901EBC00090F8720057
:102DE00000F00102012319462846FDF780F8C4EBE4
:102DF0000410AA4901EBC00090F8720000F0020232
:102E0000012319462846FDF772F8C4EB0410A349C4
:102E100001EBC000B0F8720000F4804201231946B3
:102E20002846FDF764F8C4EB04109C4901EBC00090
:102E3000B0F8720000F48072012319462846FDF7AD
:102E400056F8C4EB0410954901EBC000B0F87200CD
:102E500000F40072012319462846FDF748F8C4EB38
:102E600004108E4901EBC000B0F8720000F400625B
:102E7000012319462846FDF73AF8601CC4B2042C19
:102E8000FFF633AF00E19DF8000000287EDD9DF8DD
:102E9000000010287ADC9DF80000401EC0EB0010F6
:102EA0007E4901EBC000407C012870DD697A012277
:102EB0002846FCF79BFD9DF80000401EC0EB00106B
:102EC000764901EBC00090F8720000F01002012377
:102ED00019462846FDF70BF89DF80000401EC0EB90
:102EE00000106E4901EBC00090F8720000F0200263
:102EF000012319462846FCF7FAFF9DF80000401E02
:102F0000C0EB0010654901EBC000B0F8720000F49E
:102F10000052012319462846FCF7E9FF012200214F
:102F20002846FCF763FD012200212846FCF75EFDE0
:102F3000012209212846FCF759FD9DF80000401E9A
:102F4000C0EB0010554901EBC000B0F8720000F46E
:102F50000042012319462846FCF7C9FF9DF80000EE
:102F6000401EC0EB00104D4901EBC00090F872000C
:102F700000F00402012319462846FCF7B8FF9DF82B
:102F80000000401EC0EB0010444901E077E071E012
:102F900001EBC00090F8720000F00802012319460E
:102FA0002846FCF7A4FF9DF80000401EC0EB00106F
:102FB0003A4901EBC00090F8720000F001020123D1
:102FC00019462846FCF793FF9DF80000401EC0EB11
:102FD0000010324901EBC00090F8720000F00202CC
:102FE000012319462846FCF782FF9DF80000401E89
:102FF000C0EB0010294901EBC000B0F8720000F4EA
:103000008042012319462846FCF771FF9DF8000015
:10301000401EC0EB0010214901EBC000B0F8720067
:1030200000F48072012319462846FCF760FF9DF8E2
:103030000000401EC0EB0010184901EBC000B0F8C2
:10304000720000F40072012319462846FCF74FFF76
:103050009DF80000401EC0EB0010104901EBC000BD
:10306000B0F8720000F40062012319462846FCF70C
:103070003EFF09E0E6212846FCF7ACFC24E60621E9
:103080002846FCF7A7FC1FE6E9892846FCF7FAFA70
:103090002846FCF74BFC00BF16E60000381800205D
:1030A000F8B5054600200090694628462A68FCF7D6
:1030B00067FA20B906212846FCF78CFCF8BD9DF87C
:1030C0000000FF282FD1012204212846FCF78EFCA6
:1030D000002425E0C4EB04113B4A02EBC101888ABD
:1030E00008F0F8FF0746394908F0AAFE0646012213
:1030F00031462846FCF796FCC4EB0411324A02EB39
:10310000C101888B08F0E6FF0746304908F098FEB9
:103110000646012231462846FCF784FC601CC4B2F6
:10312000042CD7DB47E09DF8000000283EDD9DF829
:10313000000010283ADC9DF80000401EC0EB001093
:10314000214901EBC000407C01282ADD9DF80010D8
:10315000491EC1EB01111C4A02EBC101888A08F02B
:10316000B9FF0646194908F06BFE044601222146C4
:103170002846FCF757FC9DF80010491EC1EB0111D1
:10318000114A02EBC101888B08F0A4FF06460F49E3
:1031900008F056FE0446012221462846FCF742FC70
:1031A00009E0E6212846FCF715FC87E706212846BA
:1031B000FCF710FC82E7E9892846FCF763FA284609
:1031C000FCF7B4FB00BF79E7381800200000C842C4
:1031D0003EB50446002002900190009069462046CA
:1031E0002268FCF7CDF920B906212046FCF7F2FB56
:1031F0003EBD2068821C01A92046FCF7C1F920B918
:1032000006212046FCF7E6FBF2E72068021D02A932
:103210002046FCF729FB20B906212046FCF7DAFB03
:10322000E6E79DF80400A52814D13149029808F07A
:1032300099FF054608F016FF2E49C8808A1D002117
:103240000120E7F72BF82B49891D2B480068F6F77A
:103250007DF944E09DF80400A62815D12449029880
:1032600008F080FF054608F0FDFE2249088101F1C3
:10327000080200210220E7F711F81E4908311E4814
:103280000068F6F763F92AE09DF80400A72811D139
:10329000029808F0E7FE1749488101F10A0200216F
:1032A0000320E6F7FBFF13490A3113480068F6F7DD
:1032B0004DF914E09DF80400A82810D1029808F0F8
:1032C000D1FE0C49888101F10C0200210420E6F7AF
:1032D000E5FF08490C3108480068F6F737F9E1893D
:1032E0002046FCF7CFF92046FCF720FB00BF7FE724
:1032F0000000C84270020020400500202DE9F04186
:103300000446617A01222046FCF770FB4748B0F979
:10331000000008F0C7FE0646454908F091FD054645
:10332000012229462046FCF77DFB4248B0F9000007
:1033300008F0B8FE06463E4908F082FD0546012227
:1033400029462046FCF76EFB3B48008808F0C2FE89
:1033500007463A490968087E08F0BCFE80463946AF
:1033600008F000FF0646324908F06AFD05460122D2
:1033700029462046FCF756FB2F48008808F0AAFE95
:1033800007462E490968487E08F0A4FE8046394663
:1033900008F0E8FE0646264908F052FD05460122DF
:1033A00029462046FCF73EFB2548008808F092FE9F
:1033B0000546012229462046FCF734FB21490968CD
:1033C000B1F90C0008F06EFE06461F4908F038FD02
:1033D0000546012229462046FCF724FB01221A4912
:1033E0002046FCF71FFB012200212046FCF71AFBB8
:1033F000012215492046FCF715FB2022002120461A
:10340000FCF710FB202200212046FCF70BFB2022BA
:1034100000212046FCF706FBE1892046FCF732F943
:103420002046FCF783FABDE8F0810000A00F0020E1
:1034300000002041A20F002080030020400E002049
:10344000B80000206C0300200000C84270B504469C
:10345000617A01222046FCF7C9FA01220C2120469C
:10346000FCF7C4FA00250BE001212846E1F7D4F867
:103470000646012231462046FCF7B8FA681CC5B260
:103480000C2DF1DBE1892046FCF7FCF82046FCF727
:103490004DFA70BD1CB5044600200190009001A9B2
:1034A00020462268FCF76CF820B906212046FCF77C
:1034B00091FA1CBD2068821C69462046FCF760F822
:1034C00020B906212046FCF785FAF2E79DF80400B2
:1034D000802801D1F3F772FBE1892046FCF7D2F88E
:1034E0002046FCF723FA00BFE3E7000070B588B080
:1034F0000546002004E020210DF80010411CC8B250
:103500002028F8DB48208DF8000035208DF80100D8
:1035100032208DF8020043208DF8030030208DF812
:103520000400002407E01DF8041001222846FCF7DF
:103530005DFA601CC4B2202CF5DB0E4949780E4AB6
:10354000127801FB02F008F0ADFD0646012231467B
:103550002846FCF767FA0748417801222846FCF71D
:1035600045FAE9892846FCF78DF82846FCF7DEF98C
:1035700008B070BD2C0E0020340E0020F8B50446B3
:1035800000200090694620462268FBF7F9FF20B929
:1035900006212046FCF71EFAF8BD9DF80000FF2822
:1035A0003ED1617A01222046FCF720FA0122042153
:1035B0002046FCF71BFA00252FE005EB85013D4A6C
:1035C00002EB8101488808F085FD07463A4908F07A
:1035D00037FC0646012231462046FCF723FA012239
:1035E00011462046FCF702FA05EB8501314A02EB51
:1035F0008101886808F06EFD0746304908F020FC1C
:103600000646012231462046FCF70CFA0122002131
:103610002046FCF7EBF9681CC5B2042DCDDB40E079
:103620009DF80000042837DC617A01222046FCF76F
:10363000DDF99DF8001001EB81011E4A02EB8101CA
:10364000488808F047FD06461B4908F0F9FB054687
:10365000012229462046FCF7E5F9012211462046C1
:10366000FCF7C4F99DF8001001EB8101114A02EB4F
:103670008101886808F02EFD0646104908F0E0FB3D
:103680000546012229462046FCF7CCF901220021FB
:103690002046FCF7ABF904E006212046FCF79AF936
:1036A0007AE7E1892046FBF7EDFF2046FCF73EF97B
:1036B00000BF71E7647900200000204100007A44D7
:1036C00038B5044600200090694620462268FBF782
:1036D00057FF20B906212046FCF77CF938BD9DF83C
:1036E0000000FF282AD1617A01222046FCF77EF9EA
:1036F000012206212046FCF779F900251BE0012074
:10370000A8402A49097800EA0102012380212046C5
:10371000FCF7EDFB012200212046FCF767F90122AE
:1037200000212046FCF762F9012200212046FCF727
:103730005DF9681CC5B2062DE1DB2EE09DF80000A6
:10374000002825DD9DF80000062821DC617A012291
:103750002046FCF74BF99DF80010012088401349E2
:10376000097800EA0102012380212046FCF7BFFB13
:10377000012200212046FCF739F9012200212046D0
:10378000FCF734F9012200212046FCF72FF904E070
:1037900006212046FCF71EF9A0E7E1892046FBF749
:1037A00071FF2046FCF7C2F800BF97E7DE0E00204D
:1037B000F8B5054600200090694628462A68FBF7C0
:1037C000DFFE20B906212846FCF704F9F8BD9DF874
:1037D0000000FF284BD1012206212846FCF706F9FC
:1037E000002441E0524901EBC4014978080908F07E
:1037F00071FC0646012231462846FCF713F94D4973
:1038000001EBC401888808F065FC07464A4908F0C6
:1038100017FB0646012231462846FCF703F94449C6
:1038200001EBC401C88808F055FC0746434908F07D
:1038300007FB0646012231462846FCF7F3F8012231
:1038400011462846FCF7D2F8601C08F02BFC06460F
:10385000012231462846FCF7E5F8012200212846DE
:10386000FCF7C4F8601CC4B2062CBBDB57E09DF823
:10387000000000284EDD9DF8000006284ADC9DF877
:103880000010491E2A4A02EBC1014978080908F0D4
:1038900021FC0446012221462846FCF7C3F89DF886
:1038A0000010491E234A02EBC101888808F012FC6F
:1038B0000646214908F0C4FA04460122214628465A
:1038C000FCF7B0F89DF80010491E194A02EBC1013F
:1038D000C88808F0FFFB0646184908F0B1FA04460C
:1038E000012221462846FCF79DF801221146284670
:1038F000FCF77CF89DF8000008F0ECFB0446012280
:1039000021462846FCF78EF8012200212846FCF7C4
:103910006DF804E006212846FCF75CF856E7E989D3
:103920002846FBF7AFFE2846FCF700F800BF4DE73E
:103930009C010020EC010020000020410000C84252
:103940003EB5044600200290019000906946204652
:103950002268FBF715FE20B906212046FCF73AF84D
:103960003EBD2068821C01A92046FBF709FE20B954
:1039700006212046FCF72EF8F2E72068021D02A976
:103980002046FBF771FF20B906212046FCF722F8FC
:10399000E6E79DF80000012868DB9DF80000062896
:1039A00064DC9DF8040080281BD1029808F05AFBC3
:1039B0009DF80010491E334A02EBC101497860F3BB
:1039C00007119DF80000401E02EBC00041709DF8F9
:1039D0000000401E02EBC0012B480068F5F7B6FD61
:1039E00046E09DF8040081281CD12849029808F07F
:1039F000B9FB054608F036FB2549088008460188D2
:103A00009DF80000401E234A02EBC00081809DF813
:103A10000000401E02EBC000011D1B480068F5F7C6
:103A200095FD25E09DF8040082281CD11A490298D2
:103A300008F098FB054608F015FB18490880084671
:103A400001889DF80000401E0E4A02EBC000C180B4
:103A50009DF80000401E02EBC000811D0A4800686E
:103A6000F5F774FD04E00520A07101E00620A071C7
:103A7000E1892046FBF706FE2046FBF757FF00BF13
:103A80006EE700009C01002040050020000020415E
:103A900074060020EC0100200000C84272060020DD
:103AA0002DE9F84F0446002000900026002700BFB3
:103AB0008146694620462268FBF762FD28B9062147
:103AC0002046FBF787FFBDE8F88F9DF80000FF2830
:103AD00054D1617A01222046FBF788FFE789012251
:103AE00000212046FBF782FF00253CE05948405D5D
:103AF000002836DD701C86B25749096831F9150077
:103B000008F0D0FA8246554908F09AF98046012219
:103B100041462046FBF786FF012203212046FBF7A2
:103B200065FF4D49C96951F8250008F0D3FA82466E
:103B30004B4908F085F98046012241462046FBF7B3
:103B400071FF012247492046FBF76CFF681CC1B298
:103B500001222046FBF74AFF012200212046FBF705
:103B600045FF681CC5B20C2DC0DB07F10D00636971
:103B70001918F2B22046FBF76CFD61E09DF80000D9
:103B8000002858DD9DF800000C2854DC002500BFFB
:103B900046E03048405D002840DD701C86B29DF84C
:103BA0000000B0423AD1617A01222046FBF71EFFA5
:103BB0002949096831F9150008F074FA8246274945
:103BC00008F03EF98046012241462046FBF72AFFD5
:103BD000012203212046FBF709FF1F49C96951F85B
:103BE000250008F077FA82461D4908F029F9804639
:103BF000012241462046FBF715FF012219492046C4
:103C0000FBF710FF681CC1B201222046FBF7EEFE55
:103C1000012200212046FBF7E9FE03E0681CC5B243
:103C20000C2DB6DB00BF0C2D04D1E6212046FBF79E
:103C3000D1FE48E704E006212046FBF7CBFE42E731
:103C4000E1892046FBF71EFD2046FBF76FFE00BF13
:103C500039E7000028790020F817002000002041F3
:103C60000000C8420000C841F8B505460020009099
:103C70000026002700BF694628462A68FBF780FC1B
:103C800020B906212846FBF7A5FEF8BD9DF80000E7
:103C9000FF2861D1697A01222846FBF7A7FEEF8948
:103CA000012200212846FBF7A1FE002449E06648D6
:103CB000005D002843DD701C86B26448C068005D6A
:103CC00000F00102012380212846FCF710F95F482B
:103CD000C068005D00F04002012303212846FCF784
:103CE00006F9012200212846FBF780FE5748C068EC
:103CF000005D00F00802012380212846FCF7F7F858
:103D00005248C068005D00F08002012380212846EF
:103D1000FCF7EDF8012200212846FBF767FE601C46
:103D2000C1B201222846FBF761FE0122002128468C
:103D3000FBF75CFE012200212846FBF757FE601CC2
:103D4000C4B20C2CB3DB07F10D006B691918F2B289
:103D50002846FBF77EFC6EE09DF80000002865DD3C
:103D60009DF800000C2861DC002400BF53E03648B9
:103D7000005D00284DDD701C86B29DF80000B04249
:103D800047D1697A01222846FBF730FE2F48C068E8
:103D9000005D00F00102012380212846FCF7A7F80E
:103DA0002A48C068005D00F0400201230321284634
:103DB000FCF79DF8012200212846FBF717FE234857
:103DC000C068005D00F00802012380212846FCF74E
:103DD0008EF81E48C068005D00F08002012380213B
:103DE0002846FCF784F8012200212846FBF7FEFD57
:103DF000601CC1B201222846FBF7F8FD0122002118
:103E00002846FBF7F3FD012200212846FBF7EEFDD3
:103E100003E0601CC4B20C2CA9DB00BF0C2C04D145
:103E2000E6212846FBF7D6FD2FE704E006212846C9
:103E3000FBF7D0FD29E7E9892846FBF723FC284654
:103E4000FBF774FD00BF20E728790020F817002059
:103E50002DE9FE4F05460020029002A928462A6857
:103E6000FBF78EFB28B906212846FBF7B3FDBDE81A
:103E7000FE8F002400279DF80800FF287ED09DF8C3
:103E800008000C2802DC9DF8080020B9E62128462D
:103E9000FBF7A0FDEBE7F948C07D012818D100240D
:103EA0000CE0F748005D002806DD781CC7B29DF8DD
:103EB0000800874200D103E0601CC4B20C2CF0DB88
:103EC00000BF0C2C13D1E6212846FBF783FDCEE77B
:103ED000EA48C07D58B99DF80800401EC4B2E848C1
:103EE000005D20B9E6212846FBF774FDBFE74FF0DF
:103EF000000804EB4400E34901EBC000807D00F0C2
:103F00000300002801DD4FF00108404608F0E2F808
:103F10008146012249462846FBF784FD04EB440113
:103F2000D84A02EBC101088908F0D4F88146012281
:103F300049462846FBF776FD04EB4401D14A02EBE3
:103F4000C101C88808F0C6F88246CF4907F078FF5B
:103F50008146012249462846FBF764FD01220721DC
:103F60002846FBF743FD4FF0000804EB4400C54929
:103F700001EBC000C07D00F00F0800E081E0B8F167
:103F80000B0F01D14FF00008404608F0A3F881461E
:103F9000012249462846FBF745FD0020019001AE6D
:103FA00004EB4400B74951F83000000D708004EB79
:103FB000440051F83000C0F30340707004EB44003B
:103FC00031F83000C0F3C420307001222846019936
:103FD000FBF77BFF4FF00008C4EBC400AB4901EBDB
:103FE0008000807D012800D18046404608F072F8AC
:103FF0008146012249462846FBF714FD4FF0000890
:1040000004EB44009F4901EBC000C07D7B2801D137
:104010004FF00208404608F05DF88146012249460B
:104020002846FBF7FFFC04EB4401964A02EBC10172
:10403000888A08F04FF88246954907F001FF8146CB
:10404000012249462846FBF7EDFC04EB44018D4A6A
:1040500002EBC101897D01F0030008F023F88146DD
:10406000012249462846FBF7DDFC601CC1B2012253
:104070002846FBF7BBFC012200212846FBF7B6FCD3
:10408000F3E09DF80800FF28FAD14FF0000895F8FA
:104090000EA0012200212846FBF7A8FC0024D7E04F
:1040A0007748005D00287DDD4FF0000908F1010030
:1040B00000F0FF08B8F1180F00DBCCE004EB44007F
:1040C000704901EBC000807D00F00300002801DD95
:1040D0004FF00109484607F0FDFF8346012259468B
:1040E0002846FBF79FFC04EB4401664A02EBC10142
:1040F000088907F0EFFF8346012259462846FBF75F
:1041000091FC04EB44015F4A02EBC101C88807F04F
:10411000E1FF5D49009007F093FE83460122594676
:104120002846FBF77FFC012207212846FBF75EFCAF
:104130004FF0000904EB4400524901EBC000C07D80
:1041400000F00F09B9F10B0F01D14FF000094846FB
:1041500007F0C0FF8346012259462846FBF762FC60
:104160000020019001AE04EB4400464951F83000B4
:10417000000D708004EB440051F83000C0F30340A0
:10418000707004EB440031F83000C0F3C42030708C
:10419000012228460199FBF798FE4FF00009C4EB75
:1041A000C40000E052E0394901EB8000807D012825
:1041B00000D18146484607F08DFF834601225946CB
:1041C0002846FBF72FFC4FF0000904EB44002D4973
:1041D00001EBC000C07D7B2801D14FF002094846A9
:1041E00007F078FF8346012259462846FBF71AFC60
:1041F00004EB4401234A02EBC101888A07F06AFFFD
:104200002349009007F01CFE8346012259462846A8
:10421000FBF708FC04EB44011A4A02EBC101897D5B
:1042200001F0030007F03EFF83460122594628466D
:10423000FBF7F8FB601CC1B201222846FBF7D6FB56
:10424000012200212846FBF7D1FB00BF601CC4B24D
:104250000C2CFFF625AF00BF0AF10D006A6911189A
:1042600042462846FBF7F5F900BFE9892846FBF7E7
:1042700009FA2846FBF75AFB00BFF8E59022002018
:1042800028790020487700200000C842AC24002094
:10429000000020412DE9F04186B00646002005903F
:1042A0000490039003A930463268FBF769F930B9EE
:1042B00006213046FBF78EFB06B0BDE8F081306882
:1042C000821C04A93046FBF75BF920B90621304671
:1042D000FBF780FBF0E73068021D05A93046FBF7CD
:1042E000C3FA20B906213046FBF774FBE4E700244B
:1042F000A0469DF80C00FF2840D09DF80C000C282B
:1043000002DC9DF80C0020B9E6213046FBF762FB89
:10431000D2E7FE48C07D01281AD100240EE0FC48F7
:10432000005D002808DD08F1010000F0FF089DF89D
:104330000C00804500D103E0601CC4B20C2CEEDB05
:1043400000BF0C2C13D1E6213046FBF743FBB3E74B
:10435000EE48C07D58B99DF80C00401EC4B2EC4830
:10436000005D20B9E6213046FBF734FBA4E751207D
:10437000E8490870601CE849087006E05220E549E9
:1043800008700F20E44908700C249DF81000802864
:1043900052D104EB4400E14901EBC000807D00F004
:1043A000F00004EB4401DD4A02EBC1018875059879
:1043B00007F058FEC0B204EB4401D84A02EBC10139
:1043C000897D084304EB440102EBC10188750C2090
:1043D000D349087004EB440002EBC00000F1160161
:1043E0000122D0480068F3F765FFCF480068807E5F
:1043F00000EB8001CC4800681D3000EB41004068B4
:10440000CA49884204D10120C949096881F82200BB
:104410009DF80C00FF280ED100200AE0BF4991F85A
:10442000361100EB4002BD4B03EBC2029175411CFB
:10443000C8B20C28F2DB04E29DF8100081283DD1BF
:10444000059807F00FFE04EB4401B44A02EBC101EA
:1044500008810520B249087004EB440002EBC0005B
:1044600000F108010222AF480068F3F723FFAE48CD
:104470000068807E00EB8001AB4800681D3000EBD7
:1044800041004068A949884204D10120A84909682F
:1044900081F822009DF80C00FF28CCD100200AE012
:1044A0009E49B1F8281100EB40029C4B03EBC2027D
:1044B0001181411CC8B20C28F2DBDEE39DF810002C
:1044C00082285AD19B49059807F04CFE054607F013
:1044D000C9FD04EB4401914A02EBC101C8800420EC
:1044E0008F49087004EB440002EBC000811D0222DA
:1044F0008C480068F3F7DEFE04EB4400874901EBCB
:10450000C000C0888C49488004EB4400834901EB1B
:10451000C000C07D88490870601C88490870082068
:10452000C4EBC401864A02EB810188827E480068A0
:10453000807E00EB80017C4800681D3000EB41006C
:1045400040687A49884204D101207949096881F894
:1045500022009DF80C00FF28AFD100200AE06F492F
:10456000B1F8261100EB40026C4B03EBC202D18084
:10457000411CC8B20C28F2DB7FE39DF81000A02894
:1045800079D170A207CA8DE80700059807F06AFD87
:10459000C7B29DF80C00FF2806D10B2F04D1E221F1
:1045A0003046FBF717FA87E604EB44005B4901EB62
:1045B000C000C07D7B2821D10B2F1FD000251AE021
:1045C0006348405DA04214D10020624941F82500B3
:1045D000FF205F49485560480078401E5E490870DA
:1045E00006235B4A4FF420514E480068F3F7B1FDB3
:1045F00043E0681CC5B2062DE2DB3EE004EB44005C
:10460000464901EBC000C07D7B2836D00B2F34D14A
:1046100052488069005D022804D0E2213046FBF751
:10462000D9F949E600251CE04948405DFF2816D12C
:104630004A48006800EB4400464941F825004448D8
:10464000445545480078401C434908700623404AB9
:104650004FF4205133480068F3F77BFD03E0681CFA
:10466000C5B2062DE0DB00BF062D05D1E2213046A4
:10467000FBF7B0F920E69BE000BF1DF8070047EA12
:10468000001004EB4401254A02EBC101C87501206A
:104690002349087004EB4400114601EBC000C07DC3
:1046A0007B2824D004EB440002EBC00000F117018A
:1046B00001221C480068F3F7FDFD04EB4400174994
:1046C00001EBC000C0881C49488004EB440013493A
:1046D00001EBC000C07D18490870601C17490870C4
:1046E0000820C4EBC401164A02EB810188820E48FF
:1046F0000068807E00EB80010B4800681D3000EBF5
:1047000041004068094988422FD129E090220020C9
:10471000287900207D1000207E100020487700209E
:104720007C10002040050020780500203006002085
:10473000600600200000C8429C0F0020990F002056
:10474000AC24002000010102020303040406050753
:10475000BA10002020180020A8100020F817002010
:104760000120FE49096881F822009DF80C00FF280D
:104770001DD100200AE0FA4991F8371100EB400200
:10478000F74B03EBC202D175411CC8B20C28F2DB17
:1047900000200AE00021F34A42F82010FF21F24AEB
:1047A00011540021F14A117001E00628F2DB64E2A5
:1047B0009DF81000A12845D105AD6878297840EA18
:1047C000012104EB4400E64A52F8300061F31F5027
:1047D00004EB440142F83100A97804EB440052F89C
:1047E000300061F3134004EB440142F83100E978F2
:1047F00004EB440052F8300061F3CF2004EB440195
:1048000042F831000220DA49087004EB440002EB60
:10481000C0010422D7480068F3F74CFDD648006871
:10482000807E00EB8001D44800681D3000EB410021
:104830004068D249884204D10120C849096881F8FA
:1048400022001AE29DF81000A2287DD1059807F0F9
:1048500009FCC5B2012D37D140F6330104EB440009
:10486000BF4A52F8300061F31F5004EB440142F894
:10487000310004EB4400114651F8300020F4702060
:1048800000F5402004EB440142F8310004EB440001
:10489000114651F8300020F4784000F5784004EBE0
:1048A000440142F831000220B14908700120C4EBF4
:1048B000C401B34A02EB8101C8750720C4EBC401EF
:1048C00002EB8101888237E0B5BB40F26C7104EBEA
:1048D0004400A34A52F8300061F31F5004EB440136
:1048E00042F8310004EB4400114651F8300020F446
:1048F000702000F5402004EB440142F8310004EB45
:104900004400114651F8300020F4784000F578401A
:1049100004EB440142F83100022095490870002060
:10492000C4EBC401964A02EB8101C8750720C4EBB1
:10493000C40102EB8101888204EB4400884A02EB47
:10494000C00104228B4800E04BE00068F3F7B2FCA2
:1049500089480068807E00EB8001874800681D3030
:1049600000EB410040688549884204D101207B4921
:10497000096881F822009DF80C00FF2830D1002042
:104980002CE07749D1F820110A0D00EB4001744B5F
:1049900053F8311062F31F5100EB400243F832101C
:1049A0001946D1F820110A0C00EB400153F83110E0
:1049B00062F3134100EB400243F832101946B1F89C
:1049C0002011CA0A00EB400153F8311062F3CF21E5
:1049D00000EB400243F83210411CC8B20C28D0DB77
:1049E0004BE19DF81000A3287ED19DF80C00FF2814
:1049F00004D1E2213046FAF7EDFF5DE4059807F0B7
:104A000031FBC7B2022F01D0032F6AD104EB44005F
:104A1000534901EBC000C07D7B2862D059488069B2
:104A2000005D022804D0E2213046FAF7D3FF43E4C8
:104A300000251CE04C48405DFF2816D15148006815
:104A400000EB4400474941F8250047484455474892
:104A50000078401C454908700623434A4FF4205112
:104A600044480068F3F775FB03E0681CC5B2062DE7
:104A7000E0DB00BF062D04D1E2213046FAF7AAFFA1
:104A80001AE47B2004EB4401354A02EBC101C875EE
:104A900001203749087004EB440002EBC00000F12C
:104AA0001701012233480068F3F704FC04EB4400CB
:104AB0002B4901EBC000C0883349488004EB440017
:104AC000274901EBC000C07D2F490870601C2F49A9
:104AD00008700820C4EBC401294A02EB81018882D6
:104AE00000BF2548006800E011E0807E00EB8001F7
:104AF000214800681D3000EB410040681F49884292
:104B000004D101201549096881F82200B5E09DF81B
:104B10001000A42868D11E49059807F023FB05461C
:104B200007F0A0FA04EB44010D4A02EBC1018882B0
:104B30000B200F49087004EB440002EBC00000F1A9
:104B4000140102220B480068F3F7B4FB0220C4EB07
:104B5000C4010B4A02EB810188821BE06006002041
:104B60004877002020180020BA100020A81000204C
:104B70007C10002040050020780500203006002031
:104B8000AC240020F81700209C0F0020990F002073
:104B900000002041601C3D4908703D480068807E4F
:104BA00000EB80013A4800681D3000EB410040688E
:104BB0003849884204D101203749096881F8220028
:104BC0009DF80C00FF2858D100200AE03349B1F8C5
:104BD000341100EB4002314B03EBC2029182411CC5
:104BE000C8B20C28F2DB48E09DF81000A5283FD1A0
:104BF00004EB4400294901EBC000807D00F0F00087
:104C000004EB4401254A02EBC1018875059807F0C1
:104C100029FAC0B204EB4401204A02EBC101897DAC
:104C2000084304EB440102EBC10188750C201C49C8
:104C3000087004EB440002EBC00000F116010122F1
:104C400018480068F3F736FB11480068807E00EBD7
:104C500080010F4800681D3000EB410040680D499D
:104C600088420AD101200C49096881F8220004E039
:104C700006213046FAF7AEFE95E4F1893046FAF7A0
:104C800001FD3046FAF752FE00BF8CE4990F002078
:104C900078050020300600206006002048770020BC
:104CA0007C100020400500202DE9F84F064600202A
:104CB0000090694630463268FAF762FC28B906214E
:104CC0003046FAF787FEBDE8F88F002400279DF8EC
:104CD00000000C2802DC9DF8000020B9E6213046D7
:104CE000FAF778FEEFE77B48C07D012818D1002451
:104CF0000CE07948005D002806DD781CC7B29DF8FD
:104D00000000874200D103E0601CC4B20C2CF0DB31
:104D100000BF0C2C13D1E6213046FAF75BFED2E738
:104D20006C48C07D58B99DF80000401EC4B26A4866
:104D3000005D20B9E6213046FAF74CFEC3E70122B8
:104D400018213046FAF752FE04EB4401634A02EBA5
:104D5000C101888807F0BEF98246614907F070F802
:104D60008146012249463046FAF75CFE4FF00008C2
:104D700004EB4400594901EBC000807D00F01000B5
:104D800008B14FF00108404607F0A4F9814601221E
:104D900049463046FAF746FE002504EB44004F49E9
:104DA00001EBC00080893C2190FBF1F045EA002531
:104DB00004EB4400494901EBC00080893C2190FB91
:104DC000F1F201FB12000543012229463046FBF7B0
:104DD0007CF804EB4401414A02EBC101C88907F0A9
:104DE00079F98146012249463046FAF71BFE4FF019
:104DF000000908E0012200213046FAF713FE09F10C
:104E0000010000F0FF09B9F1080FF3DB4FF00008D3
:104E100004EB4400314901EBC000807D00F020002C
:104E200008B14FF00108404607F054F981460122CD
:104E300049463046FAF7F6FD002504EB44002749C1
:104E400001EBC000008A3C2190FBF1F045EA00250F
:104E500004EB4400214901EBC000008A3C2190FB97
:104E6000F1F201FB12000543012229463046FBF70F
:104E70002CF804EB4401194A02EBC101488A07F0FF
:104E800029F98146012249463046FAF7CBFD4FF019
:104E9000000908E0012200213046FAF7C3FD09F1BC
:104EA000010000F0FF09B9F1080FF3DB601CC1B28B
:104EB00001223046FAF79AFD012200213046FAF726
:104EC00095FDF1893046FAF7DDFB3046FAF72EFD05
:104ED00000BFF8E6902200202879002048770020C3
:104EE0000000C8422DE9FE430546002002900190D3
:104EF0000090694628462A68FAF742FB28B906213D
:104F00002846FAF767FDBDE8FE832868821C01A9E0
:104F10002846FAF735FB20B906212846FAF75AFD4C
:104F2000F1E72868021D02A92846FAF79DFC20B97E
:104F300006212846FAF74EFDE5E7002400269DF8F5
:104F40000000FF283ED09DF800000C2802DC9DF8F0
:104F5000000020B9E6212846FAF73CFDD3E7FC48DB
:104F6000C07D012818D100240CE0FA48005D00281B
:104F700006DD701CC6B29DF80000864200D103E039
:104F8000601CC4B20C2CF0DB00BF0C2C13D1E6214A
:104F90002846FAF71FFDB6E7ED48C07D58B99DF8E1
:104FA0000000401EC4B2EB48005D20B9E62128464F
:104FB000FAF710FDA7E75120E7490870601CE749A0
:104FC000087006E05220E44908700F20E349087099
:104FD0000C249DF80400A0282DD1E149029807F087
:104FE000C1F8074607F03EF804EB4401DD4A02EB46
:104FF000C10188800320DC49087004EB440002EB07
:10500000C000011D0222D9480068F3F753F9D848BF
:105010000068807E00EB8001D54800681D3000EB01
:1050200041004068D349884204D10120D24909682F
:1050300081F82200E9E19DF80400A12858D14FF041
:105040007E51029806F0BEFF0ED104EB4400C54924
:1050500001EBC000807D40F0100004EB4401C14A28
:1050600002EBC10188750DE004EB4400BD4901EB82
:10507000C000807D00F0EF0004EB4401B94A02EB70
:10508000C10188750C20B849087004EB4400B54A8A
:1050900002EBC00000F116010122B4480068F3F7EA
:1050A00009F9B3480068807E00EB8001B0480068D1
:1050B0001D3000EB41004068AE49884204D1012018
:1050C000AD49096881F822009DF80000FF28B1D1A0
:1050D00000200AE0A34991F8361100EB4002A14BF1
:1050E00003EBC2029175411CC8B20C28F2DB8CE1C3
:1050F0009DF80400A22843D10298070E0298C0F33D
:105100000748C8EB081007EB800004EB4401954A00
:1051100002EBC101888107209349087004EB440029
:1051200002EBC00000F10C01022290480068F3F786
:10513000C1F88F480068807E00EB80018C480068D1
:105140001D3000EB410040688A49884204D10120AB
:105150008949096881F822009DF80000FF280ED1D6
:1051600000200AE07F49B1F82C1100EB40027D4B92
:1051700003EBC2029181411CC8B20C28F2DB44E16E
:105180009DF80400A3283DD1029806F06BFF04EBC4
:105190004401744A02EBC101C881082072490870B9
:1051A00004EB440002EBC00000F10E0102226F4844
:1051B0000068F3F77FF86E480068807E00EB80019E
:1051C0006B4800681D3000EB410040686949884227
:1051D00004D101206849096881F822009DF8000087
:1051E000FF2884D100200AE05E49B1F82E1100EBBF
:1051F00040025C4B03EBC202D181411CC8B20C28B7
:10520000F2DB02E19DF80400AC2858D14FF07E514A
:10521000029806F0D7FE0ED104EB4400514901EB91
:10522000C000807D40F0200004EB44014D4A02EBB9
:10523000C10188750DE004EB44004A4901EBC00050
:10524000807D00F0DF0004EB4401464A02EBC1011F
:1052500088750C204449087004EB4400414A02EB75
:10526000C00000F11601012240480068F3F722F85F
:105270003F480068807E00EB80013D4800681D309B
:1052800000EB410040683B49884204D101203A4983
:10529000096881F822009DF80000FF280ED1002047
:1052A0000AE0304991F8361100EB40022D4B03EB38
:1052B000C2029175411CC8B20C28F2DBA5E09DF832
:1052C0000400AD285AD10298070E0298C0F307488F
:1052D000C8EB081007EB800004EB4401214A02EB05
:1052E000C101088209202049087004EB440002EB48
:1052F000C00000F1100102221C480068F2F7DAFF3A
:105300001B480068807E00EB8001194800681D3052
:1053100000EB410040681749884204D1012016493A
:10532000096881F822009DF80000FF280ED10020B6
:105330000AE00C49B1F8301100EB4002094B03EBD5
:10534000C2021182411CC8B20C28F2DB5DE00000F1
:1053500090220020287900207D1000207E1000205F
:105360000000C842487700207C1000204005002043
:105370007805002030060020600600209DF804001B
:10538000AE283DD1029806F06DFE04EB4401234A9D
:1053900002EBC10148820A202149087004EB440055
:1053A00002EBC00000F1120102221E480068F2F771
:1053B00081FF1D480068807E00EB80011A4800686C
:1053C0001D3000EB410040681849884204D101209B
:1053D0001749096881F822009DF80000FF2814D1C0
:1053E00000200AE00D49B1F8321100EB40020B4BEE
:1053F00003EBC2025182411CC8B20C28F2DB04E06C
:1054000006212846FAF7E6FA7DE5E9892846FAF703
:1054100039F92846FAF78AFA00BF74E54877002080
:105420007C10002040050020780500203006002078
:1054300060060020F8B5044600200090694620462A
:105440002268FAF79DF820B906212046FAF7C2FA39
:10545000F8BD9DF80000FF2839D1617A012220466D
:10546000FAF7C4FA012208212046FAF7BFFA00250C
:105470002AE03E4901EB0511B1F9040006F012FEE5
:1054800007463B4906F0DCFC064601223146204631
:10549000FAF7C8FA354901EB0511C88806F01AFE7B
:1054A0000646012231462046FAF7BCFA2F4901EBA5
:1054B0000511088906F00EFE0646012231462046F7
:1054C000FAF7B0FA681CC5B2082DD2DB44E09DF8AB
:1054D000000000283BDD9DF80000082837DC617AD9
:1054E00001222046FAF782FA9DF80010491E1F4A51
:1054F00002EB0111B1F9040006F0D4FD06461C4987
:1055000006F09EFC0546012229462046FAF78AFA53
:105510009DF80010491E154A02EB0111C88806F0DB
:10552000D9FD0546012229462046FAF77BFA9DF867
:105530000010491E0D4A02EB0111088906F0CAFD50
:105540000546012229462046FAF76CFA04E00621B6
:105550002046FAF73FFA7BE7E1892046FAF792F80E
:105560002046FAF7E3F900BF72E700007423002039
:105570000000204138B504460020009069462046CE
:105580002268F9F7FDFF20B906212046FAF722FA32
:1055900038BD9DF80000FF2820D1617A0122204605
:1055A000FAF724FA012208212046FAF71FFA00250B
:1055B00011E0234800EB0510017801222046FAF79C
:1055C00015FA1F4800EB0510417801222046FAF732
:1055D0000DFA681CC5B2082DEBDB28E09DF8000031
:1055E00000281FDD9DF8000008281BDC617A0122DD
:1055F0002046FAF7FBF99DF80000401E104A02EB26
:105600000010017801222046FAF7F0F99DF8000019
:10561000401E0B4A02EB0010417801222046FAF7A7
:10562000E5F904E006212046FAF7D4F9B0E7E1896C
:105630002046FAF727F82046FAF778F900BFA7E7DF
:105640007423002038B5054600200090694628469E
:105650002A68F9F795FF20B906212846FAF7BAF922
:1056600038BD9DF80000FF2856D1697A01222846EE
:10567000FAF7BCF9012208212846FAF7B7F9002405
:1056800047E0614800EB0410807800F0010101223E
:105690002846FAF7ABF95C4800EB04108078C0F3B9
:1056A000400101222846FAF7A1F9574800EB0410FF
:1056B0008078C0F3800101222846FAF797F9524812
:1056C00000EB04108078C0F3C00101222846FAF7ED
:1056D0008DF94D4800EB04108078C0F300110122D1
:1056E0002846FAF783F9484800EB04108078C0F3A5
:1056F000401101222846FAF779F9434800EB0410DB
:105700008078C0F3801101222846FAF76FF9601CF7
:10571000C4B2082CB5DB6DE09DF80000002864DD04
:105720009DF80000082860DC697A01222846FAF713
:105730005DF99DF80000401E334A02EB00108078AE
:1057400000F0010101222846FAF750F99DF8000007
:10575000401E2D4A02EB00108078C0F34001012268
:105760002846FAF743F99DF80000401E264A02EB4E
:1057700000108078C0F3800101222846FAF736F93C
:105780009DF80000401E204A02EB00108078C0F314
:10579000C00101222846FAF729F99DF80000401EB1
:1057A000194A02EB00108078C0F30011012228464C
:1057B000FAF71CF99DF80000401E134A02EB001096
:1057C0008078C0F3401101222846FAF70FF99DF8BE
:1057D0000000401E0C4A02EB00108078C0F38011DC
:1057E00001222846FAF702F904E006212846FAF7D2
:1057F000F1F835E7E9892846F9F744FF2846FAF732
:1058000095F800BF2CE7000074230020F8B505468A
:1058100000200090694628462A68F9F7B1FE20B9B1
:1058200006212846FAF7D6F8F8BD9DF80000FF28B3
:105830002DD1012208212846FAF7D8F8002423E0C8
:10584000324901EB0411B1F90C0006F02BFC0746BC
:105850002F4906F0F5FA0646012231462846FAF7A6
:10586000E1F82A4901EB0411B1F90E0006F01AFC27
:105870000746274906F0E4FA064601223146284643
:10588000FAF7D0F8601CC4B2082CD9DB35E09DF8DB
:10589000000000282CDD9DF80000082828DC9DF879
:1058A0000010491E194A02EB0111B1F90C0006F073
:1058B000F9FB0646164906F0C3FA044601222146C2
:1058C0002846FAF7AFF89DF80010491E0F4A02EB80
:1058D0000111B1F90E0006F0E5FB06460C4906F091
:1058E000AFFA0446012221462846FAF79BF804E065
:1058F00006212846FAF76EF896E7E9892846F9F76F
:10590000C1FE2846FAF712F800BF8DE77423002085
:10591000000020413EB50446002002900190009016
:10592000694620462268F9F72BFE20B90621204659
:10593000FAF750F83EBD2068821C01A92046F9F70D
:105940001FFE20B906212046FAF744F8F2E7206846
:10595000021D02A92046F9F787FF20B9062120463B
:10596000FAF738F8E6E79DF80400802824D12C499E
:10597000029806F0F7FB054606F058FB01B29DF8C9
:105980000000401E274A22F820109DF80000401E0B
:1059900002EB800124480068F3F7D8FD0120234979
:1059A00008709DF80000401E214908709DF8000015
:1059B00009302049087029E09DF80400812825D18C
:1059C0001749029806F0CEFB054606F02FFB01B200
:1059D0009DF80000401E134A02EB800041809DF8B4
:1059E0000000401E02EB8000811C0F480068F3F7A6
:1059F000ADFD02200D4908709DF80000401E0C49C5
:105A000008709DF8000009300A490870E1892046B5
:105A1000F9F738FE2046F9F789FF00BF8AE7000052
:105A200000002041F802002040050020560E002012
:105A3000580E0020570E002010B504461D4841792D
:105A400001222046F9F7D2FF1A48017901222046A7
:105A5000F9F7CCFF17480068C0F3835101222046B4
:105A6000F9F7C4FF13480068C0F3444101222046FF
:105A7000F9F7BCFF0F480068C0F30431012220464B
:105A8000F9F7B4FF0B480088C0F3851101222046C6
:105A9000F9F7ACFF0748007800F03F0101222046EB
:105AA000F9F7A4FFE1892046F9F7ECFD2046F9F764
:105AB0003DFF10BD2005002010B588B00446002031
:105AC00007900690059004900390029002A920464A
:105AD0002268F9F789FE28B906212046F9F77AFFEE
:105AE00008B010BD2068021D07A92046F9F748FD3F
:105AF00020B906212046F9F76DFFF1E72068821DE5
:105B000006A92046F9F73CFD20B906212046F9F701
:105B100061FFE5E7206800F1080205A92046F9F7D2
:105B20002FFD20B906212046F9F754FFD8E7206859
:105B300000F10A0204A92046F9F722FD20B9062146
:105B40002046F9F747FFCBE7206800F10C0203A9D4
:105B50002046F9F715FD20B906212046F9F73AFF4E
:105B6000BEE7BDF8080040F26C7188420ADABDF861
:105B7000080040F69801884204DD06212046F9F726
:105B800029FFADE79DF81C000C2802DC9DF81C00E5
:105B900020B906212046F9F71DFFA1E79DF818005E
:105BA0001F2802DC9DF8180020B906212046F9F7CD
:105BB00011FF95E79DF81400172804DD0621204603
:105BC000F9F708FF8CE79DF810003B2804DD06215B
:105BD0002046F9F7FFFE83E79DF80C003B2804DD23
:105BE00006212046F9F7F6FE7AE79DF80C009DF8AD
:105BF0001010CDE900109DF814309DF818209DF884
:105C00001C10BDF80800DEF7CBF8E1892046F9F753
:105C100039FD2046F9F78AFE00BF61E730B58DB047
:105C20000546002004E0202105AA1154411CC8B2F9
:105C30001E28F8DB002004E020210DF80010411C94
:105C4000C8B21428F8DB2AA105A8DCF7B1FB2A4862
:105C5000807E20B929A16846DCF7AAFB03E029A1D0
:105C60006846DCF7A5FB05A8DCF7D6FC05A92022D1
:105C70000A546846DCF7D0FC20220DF800200024EE
:105C800007E005A8015D01222846F9F7AFFE601C78
:105C9000C4B21E2CF5DB002407E01C48015D012284
:105CA0002846F9F7A3FE601CC4B2072CF5DB0024DC
:105CB00006E0012220212846F9F798FE601CC4B2B4
:105CC0000D2CF6DB002407E01DF804100122284605
:105CD000F9F78CFE601CC4B2142CF5DBE989284668
:105CE000F9F7D0FC2846F9F721FE0DB030BD0000D1
:105CF0004835324330000000902200205A544B4473
:105D0000000000004D656E7465636800F6030020B6
:105D100070B588B0044600200790002607A92046E9
:105D20002268F9F72DFC28B906212046F9F752FE22
:105D300008B070BD9DF81C0010B90020208211E051
:105D40009DF81C00012803D1208A401C208209E014
:105D50009DF81C00022805D1208A002802DD208A37
:105D6000401E2082394A07CA01AB07C304F1100064
:105D700003904FF4FA6101A8EAF78EFD0646002071
:105D80008DF81000218A608A814205D101208DF8AA
:105D90001000208A401E208206EB4600800000F69C
:105DA000040081B206230DF1160229480068F3F7BA
:105DB000CBF8DDF81600C0F383508DF81100DDF844
:105DC0001600C0F344408DF81200DDF81600C0F351
:105DD00004308DF81300DDF81600C0F385108DF83F
:105DE0001400DDF8160000F03F008DF8150006EBFA
:105DF0004600800000F60A0081B202230DF116026F
:105E000013480068F3F7A0F89DF81010012220460F
:105E1000F9F7ECFDBDF81A1001222046F9F712FE41
:105E2000012507E004A8415D01222046F9F7DEFDC7
:105E3000681CC5B2082DF5DBE1892046F9F722FC84
:105E40002046F9F773FD00BF72E700007CC7020827
:105E500040050020FEB5044600200290019000900D
:105E600002A920462268F9F78BFB20B906212046BB
:105E7000F9F7B0FDFEBD2068821C01A92046F9F7A4
:105E80007FFB20B906212046F9F7A4FDF2E7206840
:105E9000021D69462046F9F7E7FC20B90621204695
:105EA000F9F798FDE6E79DF8080078B93A490098B7
:105EB00006F058F9054606F0D5F838490968088211
:105EC000374880883549096848825CE09DF80800B9
:105ED000012858D19DF80400012811D131490098BA
:105EE00006F040F9064606F0A1F805B20022294660
:105EF0002D480068F3F75CFB28490968088142E0F7
:105F00009DF80400022811D12649009806F02AF9CC
:105F1000064606F08BF805B20122294622480068A1
:105F2000F3F746FB1D49096888812CE09DF80400C1
:105F3000032828D09DF80400042824D09DF80400EC
:105F40000D2820D09DF804000E281CD09DF80400D8
:105F500015280AD11049009805F072FF054606F091
:105F600081F80E49096848810DE09DF80400162863
:105F700009D10949009805F063FF054606F072F85B
:105F800006490968C881E1892046F9F77BFB20466C
:105F9000F9F7CCFC00BF6DE70000C84230050020D7
:105FA00094160020000020414005002038B504462A
:105FB00000200090694620462268F9F7E1FA20B9EE
:105FC00006212046F9F706FD38BD9DF8000080281F
:105FD0001AD100250AE0681C236803EB40022D4813
:105FE00041192046F9F7CCFA681CC5B2102DF2DB36
:105FF00000202849087411230A464FF6024126481A
:106000000068F3F7C1FA3CE09DF8000081281AD13E
:1060100000250AE0681C236803EB40021F48411971
:106020002046F9F7ADFA681CC5B2102DF2DB00204E
:106030001A49087411230A464FF61341164800689E
:10604000F3F7A2FA1DE09DF80000822817D1002581
:106050000AE0681C236803EB4002114841192046FE
:10606000F9F78EFA681CC5B2062DF2DB06230C4A3E
:106070004FF6244108480068F3F786FA01E006204D
:10608000A071E1892046F9F7FDFA2046F9F74EFCA8
:1060900000BF99E7AA03002040050020BB030020B1
:1060A000CC0300207047704702460B46516805E05C
:1060B0000878984201D14868704789680029F7D16B
:1060C0000020F9E70170427070472DE9F041054664
:1060D0000C464FF00008BCB1012C15D00B2C13D08E
:1060E0000C2C11D00D2C0FD00E2C0DD0062C0BD05B
:1060F000072C09D00A2C07D0032C05D0022C03D082
:10610000042C01D0132C01D102271CE0022C09D051
:10611000042C07D00F2C05D0102C03D0112C01D04B
:10612000122C01D104270EE0052C0BD0082C09D02D
:10613000092C07D0142C05D0152C03D0162C01D017
:10614000172C00D10127686850B36E6800E0B6686C
:10615000B0680028FBD1102003F0D6FDB060B06815
:10616000D8B1B068047068787843B1684870B16895
:10617000487803F0C9FDB1684860B068406830B93C
:10618000B06804F0D3FC0020B060BDE8F0810020CE
:10619000B1688860B068C66001E00020F5E723E0E0
:1061A000102003F0B1FD68606868D8B168680470B9
:1061B00068787843696848706968487803F0A4FD96
:1061C000696848606868406828B9686804F0AEFC8F
:1061D00000206860D9E70020696888606868C0F8B6
:1061E0000C8001E00020D0E70120CEE72DE9F0414E
:1061F00080460F4616463D1D2C1D286820F0C050D5
:1062000000F10060286098F84610286861F39A5001
:10621000286048480178286861F39530286028682C
:1062200020F47F5000F570502860286820F03F006F
:106230002860286820F060402860206820F0F00086
:106240002060206820F00F00206076B9206820F4DC
:106250007F4020606720F0F79BF9216860F31F41C1
:10626000216035480068606061E0012E10D120682F
:1062700020F47F4000F5807020606720F0F788F9F7
:10628000216860F31F4121602B48406860604EE048
:10629000022E10D1206820F47F4000F500702060AD
:1062A0006720F0F775F9216860F31F4121602248EB
:1062B000806860603BE0032E10D1206820F47F40AE
:1062C00000F5407020606720F0F762F9216860F304
:1062D0001F4121601848C068606028E0042E12D178
:1062E000206820F47F4000F5806020606720F0F790
:1062F0004FF9216860F31F41216010480068D0F811
:106300001600606013E0052E11D1206820F47F4054
:1063100000F5A06020606720F0F73AF9216860F38B
:106320001F41216005480068D0F81A006060BDE890
:10633000F0810000360E0020DA0300206006002005
:106340002DE9F04107468846164608F104052C1D44
:10635000286820F0C05000F10060286097F84610CF
:10636000286861F39A50286046480178286861F3EC
:1063700095302860286820F47F5000F57050286020
:10638000286820F03F002860286820F060402860DE
:10639000206820F0F0002060206820F00F00801CB2
:1063A00020606EB9206820F47F4020606520F0F7FF
:1063B000EFF8216860F31F412160002060605FE01A
:1063C000012E0FD1206820F47F4000F5806020600E
:1063D0006520F0F7DDF8216860F31F41216000209F
:1063E00060604DE0022E0FD1206820F47F4000F560
:1063F000006020606520F0F7CBF8216860F31F4152
:106400002160002060603BE0032E0DD1206820F465
:106410007F4020606920F0F7BBF8216860F31F41DE
:106420002160002060602BE0042E0DD1206820F454
:106430007F4020606420F0F7ABF8216860F31F41D3
:106440002160002060601BE0052E19D1206820F437
:106450007F4020606920F0F79BF8216860F31F41BE
:106460002160206820F00F00206007480078386124
:106470003869F0F793F86060286820F47F1028608E
:10648000BDE8F081360E0020F21000200246002107
:1064900014E001EB8103506800EB8300808858B959
:1064A00001EB8103506850F8230028B901EB810308
:1064B000506800EB83007047481CC1B21E29E8DB1E
:1064C0000020F8E710B50246C86870B1D1E902347F
:1064D000A3608B6813B1D1E90243E3600846896881
:1064E00000238380036000200AE0886810608868C9
:1064F00010B100208B68D860002088800860116887
:10650000084610BD2DE9F74F82B0074690463C681B
:106510000398061D039800F108053068C0F3C160B8
:10652000012804D13068C0F38450022809D03068B3
:10653000C0F3C160012879D13068C0F384500328CA
:10654000F9D1287800F00F00072870D12868000CD6
:1065500028B9686818B90C2005B0BDE8F08FA6E02E
:10656000A0882968B0EB114F7ED120686968884205
:10657000FAD194F81090A9F10100012101FA00F07C
:10658000B9680840002853D0A9F10100012101FA9F
:1065900000F0F968084000284AD13088C0F387101D
:1065A00048451FD1A9F1010101228A40F868104332
:1065B000F860F749F868086097F82F0097F82E10F0
:1065C000884204DA97F82F00401C87F82F00142126
:1065D0004046FFF769FD82460021A9F101000AF853
:1065E00000105DE021463846FFF76CFF0821404669
:1065F000FFF75AFD82460F21A9F101000AF80010A9
:10660000A9F1010101228A40B8689043B8600122D3
:106610008A40F8689043F86097F82E00002804DD5F
:1066200097F82E00401E87F82E0039E0F4E3A0E032
:10663000A9F10100012101FA00F0B968084070B326
:10664000A9F10100012101FA00F0F968084030B316
:106650004FF4FA70E0803088C0F3871048451FD0AF
:10666000306820F47F1000E01CE03060306820F4D7
:106670007F5000F570503060306820F03F0030608F
:10668000306820F060403060286820F00F000A3049
:106690002860286869F30F20286001205CE7FFE785
:1066A0000F2059E7A06808B1A46800E002E0002CC0
:1066B0007FF456AF00BF54B93846FFF7E7FE0446F3
:1066C0000CB90F2048E73C600020E0600AE0384643
:1066D000FFF7DCFEA060A06808B90F203CE7A068C7
:1066E000C460A468F4B32868000CA08068682060C7
:1066F0000020A0604FF4FA70E080002017E0012134
:106700008140BA68114081B9411C217497F82E105C
:106710001E2904DA97F82E10491C87F82E10012242
:106720008240B9681143B96003E0411CC8B2202817
:10673000E5DB306820F47F103060306820F47F5053
:1067400000F570503060306820F03F0030603068F5
:1067500020F060403060286820F00F000A30286088
:10676000217C00E003E0286861F30F20286001200D
:10677000F2E6287800F00F0001283CD12968080CC7
:10678000EFF706FF0D2834D130888009401E81497B
:1067900008706868EFF702FF401E012101FA00F05F
:1067A000F9680843F8607A49F868086097F82F009C
:1067B00097F82E10884204DA97F82F00401C87F8CB
:1067C0002F0014214046FFF76FFC814600207149DD
:1067D000097809F8010009214046FFF765FC814668
:1067E00000206C49097809F8010005206A49087001
:1067F00000BF0020B0E6287800F00F0003286FD11A
:106800002968080CEFF7C4FEA8BB30888009401E39
:1068100060490870084600781E2801DD0E209BE6BE
:10682000B8F1000F1CD000214046FFF73DFC814627
:106830006868EFF7B3FE82460A20BAFBF0F05549CC
:10684000097829F8110008214046FFF72DFC8346FE
:106850003068C0F384504F4909780BF8010000BF3D
:106860000BE03088C0F38710217C884204D14FF4BC
:10687000FA70E08003E003E0A468002CF1D118E294
:106880002968080CEFF784FE01282ED13088800992
:10689000401E40490870084600781E2801DD0E2081
:1068A0005AE6B8F1000F10D001214046FFF7FCFB7B
:1068B00081466868EFF772FE82460A20BAFBF0F064
:1068C0003449097829F8110000BF0BE03088C0F383
:1068D0008710217C884204D14FF4FA70E08003E0F5
:1068E000FEE3A468002CF1D1C9E72968080CEFF792
:1068F0004FFE022862D130888009401E2549087069
:10690000084600781E2801DD0E2025E6B8F1000FAC
:106910003CD006214046FFF7C7FB01906868EFF7BF
:106920003DFE81460A20B9FBF0F91A4A1278019817
:1069300020F8129009214046FFF7B6FB8346082154
:106940004046FFF7B1FB0090124909780098405C7F
:1069500002281AD10F4800781BF80000002814DD27
:106960000C4800781BF80000032190FBF1F201FBBA
:10697000120000F0FF0A1FFA89F0B0F5FA5F01DAA1
:106980004FF00009054921F81A9000BF13E00000FC
:10699000E4100020F0100020F1100020FC7900200D
:1069A0003088C0F38710217C884203D14FF4FA70FD
:1069B000E08002E0A468002CF2D1D2E32968080C40
:1069C000EFF7E6FD182835D130888009401EFD49D3
:1069D0000870084600781E2801DD0E20BCE5B8F1DD
:1069E000000F18D007214046FFF75EFB824668681B
:1069F000EFF7D4FD8146F448814503DAF14909787F
:106A00002AF81190B9F1000F04DA0020ED49097855
:106A10002AF8110000BF0AE03088C0F38710217CFB
:106A2000884203D14FF4FA70E08002E0A468002CA1
:106A3000F2D196E32968080CEFF7AAFD07287CD16C
:106A400030888009401EDF490870084600781E28FB
:106A500001DD0E2080E5B8F1000F6FD06868EFF718
:106A60009DFD824605214046FFF71EFB8346D74821
:106A70000AEA000050B1D34800781BF8000040F04B
:106A80000100D04909780BF8010009E0CD480078F1
:106A90001BF8000000F0FE00CA4909780BF801005D
:106AA00014214046FFF700FB8146CAF3406070B1F5
:106AB000C448017801208840C54909680843C44991
:106AC00008600120BF49097809F801000DE0BD48C0
:106AD000017801208840BE4909688143BC480160B3
:106AE0000020B849097809F8010015214046FFF750
:106AF000DBFA8146CAF3414070B1B2480178012007
:106B00008840B44909680843B24908600020AD498B
:106B1000097809F801000DE0AA48017801208840B1
:106B2000AC4909688143AB4801600120A549097857
:106B300009F801000921404601E08AE07AE0FFF708
:106B4000B3FA8146CAF30010C8B39E48007819F81A
:106B50000000032190FBF1F201FB1200012806D195
:106B60009D48007840F001009B49087061E095481D
:106B7000007819F80000032190FBF1F201FB1200EC
:106B8000022806D19448007840F00200924908702B
:106B90004FE08C48007819F80000032190FBF1F2D7
:106BA00001FB120078BB8748007819F8000050B349
:106BB0008948007840F004008749087039E0FFE711
:106BC0008048007819F80000032190FBF1F201FBE6
:106BD0001200012806D18048007800F0FE007E49AE
:106BE000087026E07748007819F80000032190FB30
:106BF000F1F201FB1200022806D17748007800F07C
:106C0000FD007549087014E06E48007819F800001E
:106C1000032190FBF1F201FB120050B969480078A2
:106C200019F8000028B16C48007800F0FB006A49B0
:106C3000087000BF0AE03088C0F38710217C8842CA
:106C400003D14FF4FA70E08002E0A468002CF2D186
:106C500087E22968080CEFF79BFC4D282AD1308881
:106C60008009401E57490870084600781E2801DD3B
:106C70000E2071E4B8F1000F0DD009214046FFF756
:106C800013FA81466868EFF789FC82464D49097816
:106C900009F801A000BF0AE03088C0F38710217C0A
:106CA000884203D14FF4FA70E08002E0A468002C1F
:106CB000F2D156E22968080CEFF76AFC1E283CD195
:106CC00030888009401E3F490870084600781E2819
:106CD00001DD0E2040E4B8F1000F1FD00A2140462C
:106CE000FFF7E2F982466868EFF758FC81463549BC
:106CF00009782AF8119008214046FFF7D5F9834614
:106D0000304800781BF80000022806D11FFA89F0ED
:106D10000A2190FBF1F03149C88000BF0AE03088B9
:106D2000C0F38710217C884203D14FF4FA70E080D1
:106D300002E0A468002CF2D113E22968080CEFF7F6
:106D400027FC04282DD130888009401E1D49087079
:106D5000084600781E2801DD0E209FE4B8F1000FE0
:106D600010D003214046FFF79FF981466868EFF78E
:106D700015FC82460A209AFBF0F01249097829F89E
:106D8000110000BF0AE03088C0F38710217C8842E0
:106D900003D14FF4FA70E08002E0A468002CF2D135
:106DA000DFE12968080CEFF7F3FB632835D1308861
:106DB0008009401E03490870084600781E280FDD30
:106DC0000E206BE4F010002080380100FFFFF9F482
:106DD000E8100020EC10002082030020FC79002045
:106DE000B8F1000FA8D016214046FFF75DF98146A3
:106DF0006868EFF7D3FB8246CAF30740E249097897
:106E000009F8010017214046FFF74EF98146DE4997
:106E1000097809F801A0A4E1B4E12968080CEFF7AA
:106E2000B7FB612834D130888009401ED6490870EC
:106E3000084600781E2801DD0E202FE40821404678
:106E4000FFF732F98346B8F1000F11D00221404616
:106E5000FFF72AF981466868EFF7A0FB82464FF4F6
:106E60007A70BAFBF0F0C849097829F8110000BF20
:106E70000AE03088C0F38710217C884203D14FF4A8
:106E8000FA70E08002E0A468002CF2D100BF68E153
:106E90002968080CEFF77CFB602878D130888009DE
:106EA000401EB9490870084600781E2801DD0E20F2
:106EB00008E4B8F1000F6BD008214046FFF7F4F862
:106EC0008346B14800781BF80000032832D10F2117
:106ED0004046FFF7E9F881466868EFF75FFB8246B6
:106EE000A948007859F8200050451ED8A6480078D7
:106EF00059F82000C8B1A448007859F82000AAEB3E
:106F00000000A24909680844A04908609E4800782A
:106F100049F820A008460188112001F07DFB9B481C
:106F20004188122001F078FB03E09748007849F887
:106F300020A04EE0944800781BF80000022848D1B9
:106F40000F214046FFF7B0F881466868EFF726FB4F
:106F500082468D48007859F82000504534D88A4838
:106F6000007859F8200070B3002201211B20E0F7BF
:106F7000E9FD01280DD18448007859F82000AAEBDA
:106F80000000834909680844814908600CE030E04A
:106F900020E07D48007859F82000AAEB00007D49E8
:106FA000096808447B4908607748007849F820A0C0
:106FB000784801880D2001F02FFB764841880E208B
:106FC00001F02AFB04E0FFE76F48007849F820A0B1
:106FD00000BF00BF0AE03088C0F38710217C8842E0
:106FE00003D14FF4FA70E08002E0A468002CF2D1E3
:106FF000B7E02968080CEFF7CBFA64283AD130885B
:107000008009401E60490870084600781E2801DD8E
:107010000E2004E4B8F1000F1DD06868EFF7BEFA47
:10702000824605214046FFF73FF8814656480078E2
:1070300019F8000000F00F005349097809F8010021
:107040005148007819F8000040EA0A104E490978C2
:1070500009F8010000BF0AE03088C0F38710217CE6
:10706000884203D14FF4FA70E08002E0A468002C5B
:10707000F2D176E02968080CEFF78AFA65284DD13D
:1070800030888009401E40490870084600781E2854
:1070900001DD0E2004E4B8F1000F30D02888C0F3E1
:1070A0000720032808DC2888C0F307203A4901EBB1
:1070B00080006968016022E02888C0F30720032867
:1070C0000FDD2888C0F3072007280ADC2888C0F3D2
:1070D0000720001F304901EB8000696801600EE065
:1070E0004EE02888C0F30720072808DD2888C0F371
:1070F00007200838284901EB8000696801600AE030
:107100003088C0F38710217C884203D14FF4FA7095
:10711000E08002E0A468002CF2D122E02968080C8B
:10712000EFF736FA69281CD130888009401E1649CD
:107130000870084600781E2801DD0E204EE4E8792C
:10714000164908700AE03088C0F38710217C884215
:1071500003D14FF4FA70E08002E0A468002CF2D171
:1071600000BF0AE03088C0F38710217C884203D139
:107170004FF4FA70E08002E0A468002CF2D100BF66
:107180000E202BE4002029E4F0100020F81000204D
:1071900000110020FC10002086060020F2100020C4
:1071A00080F844100F2380F84530012380F84230E6
:1071B000026170472DE9F04104460F463E1D351D22
:1071C000A08D002802DDA08D401EA085E06800286B
:1071D0007DD0A08D00287AD158480078401C5749AE
:1071E00008700846007804280CD10220087014F8B2
:1071F000470F401C207014F847090F2802D10020C7
:1072000084F847000520A085306820F0C05000F1C8
:107210000060306049480178306861F39A5030600E
:10722000306820F47F103060306820F47F5000F523
:1072300070503060306820F03F003060306820F0DF
:1072400060403060286820F0F0002860286820F056
:107250000F00801C2860286820F47F40286094F884
:10726000472004F13101885CEFF792F9296860F357
:107270001F4129600020686094F84700062857D114
:10728000286820F00F00286094F8430078B92B4854
:107290000078032807D12A4A128861698818EFF715
:1072A0007DF9686003E06069EFF778F9686094F849
:1072B0004300012811D121480078032808D1204A31
:1072C0001288A1698818EFF769F9686030E032E048
:1072D000A069EFF763F968602AE094F84300022898
:1072E00004D1206AEFF75AF9686021E094F843006E
:1072F000042805D14BF68030EFF750F9686017E0AD
:1073000094F84300052813D10C480078022804D1D2
:10731000E069EFF743F968600AE00848007803285D
:1073200006D1074A128861698818EFF737F9686053
:107330000120BDE8F0810020FBE7000005110020DE
:10734000FC0000202DE9F05F054688462E6868E0C5
:10735000347C601E012101FA00F0E968084010B198
:10736000F088401EF080F088002859D1082140465E
:10737000FEF79AFE074609214046FEF795FE814634
:1073800015214046FEF790FE824600214046FEF75A
:107390008BFE8346601E385C022819D1601E19F8E6
:1073A000000000280DDD611E19F80110032291FB79
:1073B000F2F302FB1311C8B200211C4A22F810108C
:1073C00000BF00201949C8800F21601E395406E013
:1073D000601E385C032802D10E21601E3954012141
:1073E000601E0AF8001000212BF81010611E012207
:1073F0008A40E8689043E86001228A40A868904388
:10740000A86095F82E00002804DD95F82E00401E97
:1074100085F82E0031462846FFF754F8064600E06E
:10742000B668002E94D1BDE8F09F0000FC790020E2
:107430002DE9F04704460F4690463D1D2E1D0821BC
:107440004046FEF731FE814694F84400002807DDEF
:1074500094F84400401E19F8000084F8460002E049
:10746000022084F8460094F8420010B90020BDE8DC
:10747000F08794F94200002801DA0020F7E794F839
:10748000440000280ADD94F84400401E012101FA5E
:1074900000F0E168084008B90020E8E7286820F01B
:1074A000C05000F1006028604434A178286861F37E
:1074B0009A5028602178286861F395302860286800
:1074C00020F47F5000F570502860286820F03F00BD
:1074D0002860286820F060402860306820F0F000C4
:1074E0003060306820F00F003060306820F47F405A
:1074F000306094F90120443C04F13101885CEFF7DD
:1075000047F8316860F31F4131602069EFF746F8B2
:107510007060002084F84400FF2084F845000020BB
:1075200084F8420020610120A1E700002DE9F04726
:1075300081468846154608F10406341D306820F05F
:10754000C05000F10060306099F84610306861F377
:107550009A503060306820F47F103060306820F43A
:107560007F5000F570503060306820F03F00306090
:10757000306820F060403060206820F0F00020602B
:10758000206820F00F002060EDB9206820F47F40D3
:1075900020606820EEF7FCFF216860F31F41216046
:1075A000271D002038706E48007800F03F0078708A
:1075B0006B480088C0F38510B87069480068C0F354
:1075C0000430F870C9E0012D1DD1206820F47F40FF
:1075D00000F5807020606820EEF7DAFF216860F324
:1075E0001F412160271D5E480068C0F34440387089
:1075F0005B480068C0F38350787059498888EEF77B
:10760000C7FF7880A9E0022D0ED1206820F47F40CA
:1076100020606620EEF7BCFF216860F31F41216007
:1076200050480068606098E0032D10D1206820F475
:107630007F4000F5807020606620EEF7A9FF21688A
:1076400060F31F41216047484068606085E0042D79
:1076500010D1206820F47F4000F500702060662083
:10766000EEF796FF216860F31F4121603D48806876
:10767000606072E0052D10D1206820F47F4000F595
:10768000407020606620EEF783FF216860F31F41A1
:1076900021603448C06860605FE0062D10D120682A
:1076A00020F47F4000F5806020606620EEF770FFD8
:1076B000216860F31F4121602B48006860604CE046
:1076C000072D10D1206820F47F4000F5A0602060D5
:1076D0006620EEF75DFF216860F31F4121602248BC
:1076E0004068606039E0082D10D1206820F47F40A8
:1076F00000F5C06020606620EEF74AFF216860F365
:107700001F41216018488068606026E0092D10D173
:10771000206820F47F4000F5E06020606620EEF7EE
:1077200037FF216860F31F4121600F48C068606027
:1077300013E00A2D11D1206820F47F4020606420DE
:10774000EEF726FF216860F31F412160206820F0DA
:107750000F00801C2060002060600020BDE8F087E2
:1077600020050020DA030020BB03002010B50446EA
:107770000020263444F8260C2072607244F81E0C57
:1077800044F81A0CC820E08000202077A077FF2062
:10779000E0770020A072E072263C012132200155E2
:1077A00007213320015502213420015518213520AD
:1077B00001551E213620015508213720015514217D
:1077C000382001554D21392001551E213A200155FF
:1077D00004213B2001550C213C20015563213D2013
:1077E000015561213E20015560213F200155212195
:1077F000402001556221412001550020206184F87C
:1078000043004DF2FC0060614DF2E440A0614BF694
:107810008C10E06120624DF2D8606062A0620220AC
:1078200084F84600002084F847004FF4167002F0F8
:107830006BFA6060002006E0002162689180626857
:107840001160411CC8B21E28F6DB204610BD70B581
:107850000446002505E02568A8682060284603F056
:1078600065F920680028F6D1204670BD10B50446A1
:107870002178044A52F8210040F2053103F079F8EA
:1078800010BD0000F8C5020870B504460D46164646
:10789000E0684560E06846814FF48050E168888187
:1078A0000020E1680881226903CA01F04FFD2178B8
:1078B000034A52F8210040F2073103F05AF870BD34
:1078C000F8C5020810B504462178044A52F8210090
:1078D00040F2053103F040F810BD0000F8C5020881
:1078E0002DE9F84F04460F464FF00009C846C2463E
:1078F0006E48007800286FD1607D50B9A06803F011
:107900007DFC20B10020A1684881A1680881BDE804
:10791000F88F00206075A06803F064FC05462E46D1
:1079200005B9F4E72046FFF7CDFFA16808891AE002
:10793000A1684968095C4D290BD1A1684A68411CBE
:10794000515C4E2905D1A1684A68811C515C4329CC
:1079500004D0A1684968095C7E2902D1A168088128
:1079600005E0411C88B2A16849898142E0DCA06839
:107970004068A168098900EB01092FB9EAB24946BC
:10798000204600F0DFF91DE00020009069464846DF
:10799000B8478046B8F1000F13D0BDF8000020B9F9
:1079A0004046DAF739FE80B20090BDF800000028AA
:1079B00005DDBDF8002041462046FFF765FF4FF08A
:1079C000000800BF0020A1680881A1684881204606
:1079D000FFF74CFF67E0FFE734480078012862D1E9
:1079E0004FF0000BA06803F0FDFB05463049098805
:1079F0008D420CD2A06803F001FC38B10020A168D0
:107A00004881A16808814FF0010B00E07FE7204624
:107A1000FFF758FFBBF1010F03D1052089F80700DC
:107A200023E02E46A168088915E0A1684968095C31
:107A30004D290ED1A1684A68411C515C4E2908D1DC
:107A4000A1684A68811C515C432902D1A168088160
:107A500005E0411C88B2A16849898142E5DCA06843
:107A60004068A168098900EB01090020009069467F
:107A70004846B8478046B8F1000F0BD0BDF800006B
:107A8000002805DDBDF8002041462046FFF7FCFE3A
:107A90004FF000080020A1680881A16848812046B5
:107AA000FFF7E4FE00BF00BF31E700008D0F0020AC
:107AB000900F0020F8B504460D4600260027607D93
:107AC00050B9A06803F09AFB20B10020A16848815A
:107AD000A16808810020F8BD00206075A06803F04F
:107AE00081FB0090A0684668009808B90020F2E782
:107AF0002046FFF7E7FEA16808891AE0A1684968F7
:107B0000095C4D290BD1A1684A68411C515C4E2982
:107B100005D1A1684A68811C515C432904D0A16841
:107B20004968095C7E2902D1A168088105E0411CF1
:107B300088B2A16849898142E0DCA0684068A168F8
:107B40000989461815B169463046A8470020A16842
:107B50004881A168088100262046FFF787FE0120A2
:107B6000B9E72DE9F04704460F460026B246A06863
:107B700003F038FB0546A06846680DB9BDE8F087FC
:107B8000A81E36F8008000213152EAB23146204664
:107B900000F0B8F8A81E36F80090C84503D117B118
:107BA00000213046B8470020A1684881A1680881BB
:107BB000002600BFE2E7000038B5044621784D4AB0
:107BC00052F82100002102F056FE30B12178494AD6
:107BD00052F8210002F0F8FD1CE02178454A52F8E5
:107BE0002100032102F047FE30B12178414A52F8CA
:107BF000210002F0E9FD0DE021783E4A52F8210013
:107C0000012102F038FE28B121783A4A52F82100C9
:107C100002F0DAFD2178374A52F82100364902F0A5
:107C2000C2FEC8B12178334A52F8210002F0CCFDDF
:107C3000C0B20090A06800B938BD6946A06803F0E2
:107C400076FA054605B9F7E7207D9DF800108842D1
:107C50004DD1012060754AE02178264A52F8210072
:107C6000264902F0A0FE28B3E06803F0D6FA80B1FE
:107C70002178204A52F8210040F2073102F06CFED0
:107C800021781C4A52F8210040F2063102F071FEC0
:107C90002DE0E06803F046FA007800902178154A5C
:107CA00052F821009DF8001002F093FDE06803F007
:107CB00027FA1CE021780F4A52F82100104902F0FF
:107CC00072FEA0B121780B4A52F821000C4902F053
:107CD0005DFE206918B1226903CA01F035FB2178E5
:107CE000044A52F8210040F2063102F035FE00BF8E
:107CF000A2E70000F8C50208050305000703070016
:107D00000603060070B505464FF6FF70002312E02B
:107D1000CC5C604000240AE000F0010626B140106F
:107D20004AF20106704000E04010661CF4B2082CD4
:107D3000F2DB5C1CE3B2941E9C42E9DC931EC85249
:107D400070BD00002DE9F04104460D46164600279F
:107D5000E06808B9BDE8F081206918B1226903CA5A
:107D600001F0F4FA06E03A467B1C9FB25119E06834
:107D700003F0DDF93000A6F101018EB2F3D12178D4
:107D8000044A52F8210040F2073102F0F2FD00BF30
:107D9000E0E70000F8C502082DE9F04104460D4671
:107DA00016461F46DDF8188031462846DCF75EF996
:107DB000A760C4F80C80064800EBC5002061257060
:107DC000002060750D2020752046BDE8F081000080
:107DD00098C5020810B500F001F810BD10B5DAF72B
:107DE00098FD10BD490050EAC12018BF04204A0D7B
:107DF00018BF40F0010040F2FF72B2EB515F08BFC4
:107E000040F00200012808BF052070472DE9F0412D
:107E1000074690460E4600251020DAF74BFD040079
:107E20000BD0C4F80C80C4E90176DAF73FFD016895
:107E3000216004602846BDE8F0810125FAE72DE9BC
:107E4000F0410646DAF732FD804613E026B1E068DD
:107E5000B04201D025460EE020682860D4E9010137
:107E6000D8F8007088472046DAF753FDD8F80000AC
:107E7000B84200D045462C68002CE7D1BDE8F0811F
:107E80002DE9F0414F1E00EBC7010446D1E9000186
:107E900015461E4637F006020DD02A46334603F03B
:107EA0000BFD7F1E04EBC703D3E9002303F0F0F9B9
:107EB00037F00602F1D1022F25D0042F13D0062F60
:107EC00018BFBDE8F0812A46334603F0F5FCD4E93B
:107ED0000A2303F0DDF92A46334603F0EDFCD4E92A
:107EE000082303F0D5F92A46334603F0E5FCD4E92C
:107EF000062303F0CDF92A46334603F0DDFCD4E92E
:107F0000042303F0C5F92A46334603F0D5FCD4E92F
:107F1000022303F0BDF92A46334603F0CDFCD4E931
:107F20000023BDE8F04103F0B3B90000002213467E
:107F30001046014903F068BA0000F03F012204F046
:107F4000C2BA002213461046114603F05DBA000083
:107F500010B53222A0210448F1F75FFC3222A221A1
:107F60000248F1F75AFC10BD5000002054000020D8
:107F700010B5054A05490648F4F780FC0446054A51
:107F80000549FFF743FF10BD7C0500208805002050
:107F90001423002000200008CDC8010810B50549B1
:107FA0000548F1F7CCFE0446044A0549FFF72EFFC9
:107FB00010BD00002C0E00203424002000200008FA
:107FC000439D010810B50448EFF72AF90446034A17
:107FD0000349FFF71BFF10BD6824002000200008A4
:107FE0002372010810B50448F6F78CFB0446034AD7
:107FF0000349FFF70BFF10BD841700200020000885
:1080000007E7010810B50448FEF74CF80446034A98
:108010000349FFF7FBFE10BD547A00200020000842
:10802000A760020810B50448FFF7A0FB0446034A06
:108030000349FFF7EBFE10BD0C7A0020002000087A
:108040004F780208024800780249487070470000E3
:10805000ED0F0020F00F002010B5074800880749F9
:1080600008800548C0880449084405490860054857
:10807000EFF70DFD10BD0000000004081C000020FB
:10808000280000205412002038B540211E4803F07B
:1080900013F804461D4A1E49FFF7B8FE28211D4863
:1080A00003F00AF80446194A1949FFF7AFFE2021E8
:1080B000194803F001F80446144A1549FFF7A6FED3
:1080C0000521164802F0F8FF0446104A1049FFF750
:1080D0009DFE2821124802F0EFFF04460B4A0C498E
:1080E000FFF794FE0C48084B7D22002100900D48BC
:1080F000F4F7DAFD0948074BFA22012100900A48FB
:10810000F4F7D2FD38BD00002C110020002000083B
:10811000E9B002083C1100204C1100205C11002045
:108120006C1100207C1100209411002010B5072252
:1081300002490348EFF758FA10BD00005816002016
:108140006816002010B50248EFF7C2FD10BD000010
:108150001405002038B54FF4B461294803F008F83D
:108160000446284A2849FFF751FE0F21274802F00C
:10817000FFFF0446234A2449FFF748FE4FF4E1710C
:10818000234802F0F5FF04461E4A1F49FFF73EFE52
:108190001021204802F0ECFF04461A4A1A49FFF762
:1081A00035FE40211C4802F0E3FF0446154A1649FB
:1081B000FFF72CFE1021194802F0DAFF0446114A9D
:1081C0001149FFF723FE11480D4B4FF416520321BE
:1081D00000901348FFF7E0FD0E480D4B4FF4165288
:1081E000002100900F48FFF7D7FD0C480A4B4FF4D1
:1081F0001652022100900C48FFF7CEFD38BD00005A
:10820000AC110020002000089DB10208BC11002024
:10821000CC110020DC110020EC110020FC1100200A
:108220000C120020241200203C12002010B504483B
:10823000F1F72AFA0446034A0349FFF7E7FD10BDA8
:10824000D822002000200008CD96010830380A28E6
:1082500001D2012070470020704730B5012902D0BB
:1082600002291AD10CE0C36A23F47003C362C36A03
:10827000541E4FF4700505EA04542343C3620DE015
:10828000836B23F440138363836B541E4FF44015B8
:1082900005EA04542343836300E000BF00BF30BD00
:1082A00010B52C4800F064F8002000F0F9F8002226
:1082B0000221284800F067F901221102254800F048
:1082C00062F90021234800F047F8072201212148E4
:1082D000FFF7C3FF0223002211461E4800F0EEF80C
:1082E0000223012211461B4800F0E8F80223032272
:1082F0001946184800F0E2F8022309220321154824
:1083000000F0DCF802231A460421124800F0D6F8E7
:1083100002230E2205210F4800F0D0F802230F227D
:1083200006210C4800F0CAF84FF4602201210948E8
:1083300000F06BF801221146064800F047F80548A6
:1083400000F03BF8034800F033F80121014800F049
:108350000BF910BD0024014021B1826842F4006293
:10836000826003E0826822F400628260704700004D
:1083700010B504460D48204418B1B0F5806F12D1F5
:1083800008E040F2093001F0FFFE40F2093001F050
:10839000EBFE09E040F20A3001F0F6FE40F20A304E
:1083A00001F0E2FE00E000BF00BF10BD00DCFEBF38
:1083B000816841F4807181607047816801F001013A
:1083C00019B9816841F001018160704772B101F013
:1083D00001031BB1836843F48013836001F002033F
:1083E00093B1836843F4004383600DE001F001031F
:1083F0001BB1836823F48013836001F002031BB177
:10840000836823F4004383607047012902D0022966
:1084100010D107E0836823F46023836083681343EB
:10842000836008E0836823F4E04383608368134338
:10843000836000E000BF00BF7047000010B540F24D
:10844000096001F081FE40F2026001F07DFE40F221
:10845000036001F079FE40F2046001F075FE0F2325
:10846000032200210B4800F073FF022303220021A6
:10847000094800F06DFF302303220021074800F077
:1084800067FF4FF4A06001F05FFE022001F0B4FC32
:1084900010BD000000080140000C01400010014028
:1084A0000549096821F47021034A116011460968E1
:1084B000014311607047000004240140F0B51D46DF
:1084C00006290CDA436B01EB81071F26BE40B3433C
:1084D00001EB810602FA06F63343436322E00C29DE
:1084E0000EDA036B8E1F06EB86071F26BE40B343D2
:1084F0008E1F06EB860602FA06F63343036311E08D
:1085000010290FDAC36AA1F10C0606EB86071F26B5
:10851000BE40B343A1F10C0606EB860602FA06F64E
:108520003343C3620A2A0CDA046902EB42070726C6
:10853000BE40B44302EB420605FA06F6344304613A
:1085400011E0122A0FDAC468A2F10A0606EB460708
:108550000726BE40B443A2F10A0606EB460605FA1A
:1085600006F63443C460F0BD01F001021AB182681E
:1085700042F48002826001F002021AB1826842F481
:10858000001282607047AAB101F480731BB1436886
:1085900043F48073436001F480631BB1436843F488
:1085A0008063436001F00203CBB1836843F00203B0
:1085B000836014E001F480731BB1436823F480737B
:1085C000436001F480631BB1436823F4806343601C
:1085D00001F002031BB1836823F00203836070473C
:1085E000014600200B2909DB2A2907DCA1F10B0237
:1085F000084B03EB8202B2F8400C09E0012907DBCB
:108600000A2905DC4A1E034B03EB8202B2F8040C74
:1086100070470000006000400B2809DB2A2807DCB7
:10862000A0F10B02084B03EB8202A2F8401C09E008
:10863000012807DB0A2805DC421E034B03EB8202FC
:10864000A2F8041C704700000060004010B501F063
:1086500001FC01F0F5FB10BD30B589B004460D46B4
:1086600006A9002000F0D4FA01A9002000F0D0FAF9
:10867000274951F8240000F04FF800208DF81C0025
:1086800001208DF81D0000208DF81E008DF81F00C0
:108690008DF820008DF821008DF818008DF8190054
:1086A00008208DF81A0007208DF81B004FF4FA609F
:1086B00090FBF5F080B2ADF82200154951F8240086
:1086C00006A900F0F1F80020ADF80E00104850F8AF
:1086D00024001049884202D10F20ADF80E0000207E
:1086E000ADF810000120ADF812000020ADF8040034
:1086F000ADF80600ADF80800ADF80A00ADF80C00C2
:1087000001208DF8140001A800F016F809B030BD62
:1087100074C502080068004010B50446054884424C
:1087200007D140F2194001F02FFD40F2194001F04D
:108730001BFD10BD0064004010B50021837A0122AA
:1087400002FA03F13E4A126842F001023C4B1A6001
:108750003B4A1C3212688A43394B1C331A60C28967
:10876000DAB9374A0C3212688A43354B0C331A6037
:10877000C288344B03EA024243881A434389304C8F
:10878000403444F8332082882E4B03EA02420388A7
:108790001A43438904EBC3035A60C289012A1BD1DF
:1087A000274A0C3212680A43254B0C331A600288A0
:1087B000244B03EA024243881A434389204C403445
:1087C00044F8332082881F4B03EA0242C3881A43CD
:1087D000438904EBC3035A6082893AB9184A121DCF
:1087E00012688A43164B1B1D1A6006E0144A121DBC
:1087F00012680A43124B1B1D1A6002893AB9104ACB
:10880000143212688A430E4B14331A6006E00C4A85
:10881000143212680A430A4B14331A60027C012A8C
:1088200006D1074A1C3212680A43054B1C331A60F2
:10883000034A126822F00102014B1A6010BD0000C9
:10884000006600400000FFFF10B504464FF4C06012
:1088500001F07AFC104931F8140001F075FC0F4961
:1088600031F8140001F070FC0D4901EBC4014B68B4
:108870000B4951F834000322482100F069FD0949F1
:1088800001EBC4014B68074951F834000322182159
:1088900000F05EFD10BD00007CC5020880C5020826
:1088A00064C5020854C5020870B502464FF6FF734E
:1088B0000020146824F002041460146844F00104D9
:1088C000146000E05B1E546804F001040CB9002B36
:1088D000F8D1546804F001040CB9002074E00C785D
:1088E0004FF0404505EA84744D784FF0407606EA33
:1088F00005652C438D784FF4702606EA05452C4318
:10890000CD784FF4E00606EA05552C434D896D1EDF
:10891000C5F309052C43D4610C79012C04D11468EA
:1089200044F08004146003E0146824F080041460B0
:108930004C79012C04D1146844F04004146003E025
:10894000146824F0400414608C79012C04D114685C
:1089500044F02004146003E0146824F02004146040
:10896000CC79012C04D1146844F01004146003E0A5
:10897000146824F0100414600C7A012C04D11468DB
:1089800044F00804146003E0146824F00804146040
:108990004C7A012C04D1146844F00404146003E000
:1089A000146824F004041460146824F001041460B2
:1089B0004FF6FF7300E05B1E546804F001040CB135
:1089C000002BF8D103B1012070BD42698A43426196
:1089D000704742690A434261704710B500F5D87389
:1089E00003EB01131B6803F004031372137A3BB902
:1089F00000F5D87303EB01131B685B0D136006E0F1
:108A000000F5D87303EB01131B68DB08536000F516
:108A1000D87303EB01131B6803F00203537200F5D4
:108A2000DA7303EB01131B681B0AD37400F5DA73C6
:108A300003EB01131B6803F00F03937200F5DC7363
:108A400003EB01131B68D37200F5DC7303EB011316
:108A50001B681C0A147300F5DC7303EB01131B681D
:108A60001C0C547300F5DC7303EB01131B681C0E24
:108A7000947300F5DE7303EB01131B68D37300F5E9
:108A8000DE7303EB01131B681C0A147400F5DE731C
:108A900003EB01131B681C0C547400F5DE7303EB2D
:108AA00001131B681C0E947421B9C36843F02003A2
:108AB000C36003E0036943F02003036110BD0000BD
:108AC00030B502460B460021906800F08060B0F19E
:108AD000806F00D110E0906800F00060B0F1006F8E
:108AE00001D1012108E0906800F08050B0F1805F72
:108AF00001D1022100E00321032901D1032030BD6F
:108B000002F5C07000EB0110006800F0010402F5EE
:108B1000C07000EB01100460187A88B918883B4CCB
:108B200004EA40505C7A204302F5C07404EB01145F
:108B30002468204302F5C07404EB0114206013E0A4
:108B40006FF00704586804EAC0001C7A20435C7A7E
:108B5000204302F5C07404EB01142468204302F59D
:108B6000C07404EB0114206002F5C27000EB011028
:108B7000006820F00F0402F5C27000EB01100460E1
:108B800002F5C27000EB011000689C7A204302F5E8
:108B9000C27404EB01142060987B4FF07F4404EA18
:108BA00000605C7B4FF47F0505EA044420431C7B96
:108BB0002D1205EA04242043DC7A204302F5C47414
:108BC00004EB01142060987C2C0404EA00605C7CB7
:108BD0002D0205EA044420431C7C2D1205EA0424DE
:108BE0002043DC7B204302F5C67404EB01142060B3
:108BF00002F5C07000EB0110006840F0010402F5BE
:108C0000C07000EB01100460084678E70000E0FF48
:108C100010B5024632B1012A16D0022A20D0032A0A
:108C200041D12EE000234B71CB718B7140F2FF33A9
:108C30004B8100230B724B7002238B700023CB708F
:108C40000B714B720B7030E00123CB8100230B744E
:108C50000B810B804B808B80CB808B814B8124E000
:108C6000002005E0002401F10B031C54431CD8B282
:108C70000828F7D300238B724B600B724B720B608A
:108C800013E0002005E0002401F10B031C54431CF9
:108C9000D8B20828F7D300238B724B600B72CB74C9
:108CA0004B720B6001E000BFFEE700BF10BD00008B
:108CB000024949680143014A51607047002004E0BD
:108CC00070B505460C462146284600F02BF908B938
:108CD00000BFFEE704EB8400810005F10800405866
:108CE00040F0010104EB8400820005F1080081508E
:108CF00070BD70B505460C462146284600F012F9B5
:108D000008B900BFFEE704EB8400810005F108000C
:108D1000405840F0200104EB8400820005F1080077
:108D2000815070BD30B587B005460C460021134810
:108D300000F028F81248009000208DF818000295E5
:108D400001208DF81900000201908000039000209E
:108D50008DF81A0004944FF4005005906A460021E3
:108D6000064800F047F800210448FFF7C2FF002141
:108D70000248FFF7A5FF07B030BD00000000024029
:108D80004C24014070B504460D462946204600F0AB
:108D9000C9F808B900BFFEE705EB8500810004F1C2
:108DA0000800405820F0010105EB8500820004F125
:108DB00008008150002105EB8500820004F10800C5
:108DC000815005EB8500820004F10C00815005EB19
:108DD0008500820004F11000815005EB85008200BF
:108DE00004F1140081506068AA000F2191400843EB
:108DF000606070BD2DE9F04104460D4616462946D7
:108E0000204600F08FF808B900BFFEE705EB8500AB
:108E1000820004F110003168815005EB850082006A
:108E200004F11400B1688150308A81B205EB8500ED
:108E3000820004F10C00815005EB8500810004F1F3
:108E40000800475827F47C57F16870680843716937
:108E50000843074305EB8500810004F108004750F3
:108E6000307E01280ED105EB8500810004F1080059
:108E7000405840F0400105EB8500820004F10800F5
:108E800081500DE005EB8500810004F10800405899
:108E900020F0400105EB8500820004F108008150BC
:108EA000707E01280ED105EB8500810004F10800D9
:108EB000405840F0800105EB8500820004F1080075
:108EC00081500DE005EB8500810004F10800405859
:108ED00020F0800105EB8500820004F1080081503C
:108EE000B07E70B905EB8500810004F108004058A0
:108EF00020F0100105EB8500820004F1080081508C
:108F00000DE005EB8500810004F10800405840F0B9
:108F1000100105EB8500820004F108008150BDE8D6
:108F2000F081000002460120034B9A4202D104293D
:108F300000DD0020704700000004024000B5034639
:108F4000012200BF00F00CF802465B1E012A01D18D
:108F5000002BF7D1012A00D10422104600BD0000E9
:108F600000200A49C96801F0010109B101200CE0A3
:108F70000649C96801F0100109B1032005E0034961
:108F8000C96801F0040101B10220704700200240CD
:108F900000B50346012200BF00F00CF802465B1E3C
:108FA000012A01D1002BF7D1012A00D10422104659
:108FB00000BD000000200A49C96C01F0010109B19F
:108FC00001200CE00649C96C01F0100109B1032031
:108FD00005E00349C96C01F0040101B102207047AA
:108FE0000020024070B504460D4600262A4800883D
:108FF000B0F5007F35D22948844219D24FF4702051
:10900000FFF79CFF0646002E43D12548006940F03B
:1090100001002349086125804FF47020FFF78EFF7F
:1090200006461F48006920F001001D49086130E034
:109030004FF47020FFF7ACFF064656BB1848006D92
:1090400040F001001649086525804FF47020FFF7B5
:109050009FFF06461248006D20F001001049086588
:1090600017E04FF47020FFF769FF06468EB90C48F1
:10907000006940F001000A49086125804FF4702022
:10908000FFF75CFF06460648006920F0010004492E
:109090000861304670BD0000E0F7FF1FFFFF0708C2
:1090A000002002400848006940F08000064908613D
:1090B00006480088B0F5007F04D90846006D40F0EE
:1090C000800008657047000000200240E0F7FF1FA5
:1090D00030B5054636480088B0F5007F48D9354898
:1090E00085421ED24FF47020FFF728FF0446002C63
:1090F0005BD13148006940F002002F490861084601
:109100004561006940F0400008614FF47020FFF7AE
:1091100015FF04462848006920F00200264908612E
:1091200043E04FF47020FFF733FF0446002C3CD19E
:109130002148006D40F002001F490865084645655A
:10914000C06900F0020008B1084645611A48006D88
:1091500040F04000184908654FF47020FFF718FFF1
:1091600004461548006D20F00200134908651CE014
:109170004FF47020FFF7E2FE0446B4B90E480069D0
:1091800040F002000C49086108464561006940F062
:10919000400008614FF47020FFF7D0FE04460648F7
:1091A000006920F0020004490861204630BD00003B
:1091B000E0F7FF1FFFFF0708002002400C4800698E
:1091C00000F0800020B10B48094948600A48486017
:1091D0000A480088B0F5007F09D90548006D00F005
:1091E000800020B10348024948640348486470473E
:1091F0000020024023016745AB89EFCDE0F7FF1F58
:1092000070B504460D4600262A480088B0F5007F58
:1092100035D92948844219D24FF47020FFF78EFEC9
:109220000646002E43D12548006940F0010023493D
:10923000086125604FF47020FFF780FE06461F4846
:10924000006920F001001D49086130E04FF47020F2
:10925000FFF79EFE064656BB1848006D40F0010021
:109260001649086525604FF47020FFF791FE064609
:109270001248006D20F001001049086517E04FF416
:109280007020FFF75BFE06468EB90C48006940F07F
:1092900001000A49086125604FF47020FFF74EFE77
:1092A00006460648006920F001000449086130467E
:1092B00070BD0000E0F7FF1FFFFF0708002002401D
:1092C00030B502460B46164C002145F25550154D5F
:1092D000286000BF1348C06800F00101601E040050
:1092E00001D00029F6D109B1002030BD0D484360FE
:1092F0000B4C00BF0B48C06800F00201601E040068
:1093000001D00029F6D109B10020EEE7C2F30B002D
:10931000044DA8604AF6AA2028600120E5E7000075
:10932000FFFF0F00003000404AF6AA200149086004
:1093300070470000003000404CF6CC400149086006
:109340007047000000300040416170470161704784
:10935000F0B5044616460025002201F00F0501F085
:10936000100707B1354300201EE0012787401F404A
:10937000C7B122684FEA800C0F2707FA0CF7BA43EF
:10938000870005FA07F73A43282904D101278740C7
:109390001F40676105E0482903D1012787401F402E
:1093A00027612260471CB8B20828DED3082022E0DB
:1093B000012787401F40E7B16268A0F108074FEA24
:1093C000870C0F2707FA0CF7BA43A0F10807BF0074
:1093D00005FA07F73A43282904D1012787401F409F
:1093E000676105E0482903D1012787401F402761B5
:1093F0006260471CB8B21028DAD3F0BD024690680C
:10940000084008B1012070470020FCE7F0B50A468B
:10941000002300240021002500F00046B6F1004F93
:1094200002D11D4EF16901E01B4E7168C0F3034586
:1094300083B200F44016B6F5401F08D121F07061E8
:10944000154E766826F07066134F7E6012E000F4C9
:109450008016B6F5801F06D1032606FA05F4A1434F
:1094600041F0706106E0460D360103FA06F6B1439D
:1094700041F0706122B1460D360103FA06F6314320
:1094800000F00046B6F1004F02D1034EF16101E059
:10949000014E7160F0BD0000000001402DE9F04D6B
:1094A000C84A002490B0914205DA21F0004393426B
:1094B00001D805D120B110B0BDE8F04DFEF73EBD9A
:1094C000B1F5801F1BDA53EA000209D0002911DA36
:1094D0000120D9F7C1FA10B0BDE8F04DFEF731BD5B
:1094E0000220D9F7B9FAFEF721FD10B081F0004152
:1094F000BDE8F08D6FF03504362202F0E4FF04EB96
:109500002152C1F31308B049A2F2FF33414401F4E0
:10951000801282F07F6103EB225281F04051009271
:1095200041EA08010022A94B02F006FB044608F1BB
:109530000200A74EC0F313000D467E44032867D2F5
:10954000D6E90023204602F0B7F81ED10098002883
:1095500002BFD6E9000110B0BDE8F08D02F045F978
:1095600007460C469B4A9C4B02F0A6F906460D4660
:109570009A4A9B4B3846214602F09EF910B032467B
:109580002B46BDE8F04D01F083BE4FF05532954BB0
:109590002046294602F090F90022934B02F0C0FACF
:1095A00006460F4622462B461046194602F084F91D
:1095B00032463B4602F080F9064600980F46F0B16D
:1095C00002F013F980468A46824A834B02F074F90E
:1095D00032463B4602F0A4FA22462B4602F0ACFA91
:1095E00005460C467D4A7E4B4046514602F064F9E2
:1095F00010B02A462346BDE8F04D02F09DBA0B4656
:1096000010B0324620462946BDE8F04D02F094BA2B
:1096100000224FF08043204601F03AFE02460B46FE
:109620002046294601F0F0FE06460F46009802F05B
:10963000DCF8CDE9040132463B461046394602F0DB
:109640003BF90C9069480C9A4044019009910B46F3
:10965000104602F031F98246024665488B46C8F151
:1096600051080B4608F5D72803217844FEF708FC7B
:1096700052465B4602F020F90A905E480D91524630
:109680005B4604217844FEF7FBFB099B0C9A02F031
:1096900013F9844601980D9B40EA080860460A9A2F
:1096A00001F0F6FD83460891B8F1000F4EDD4FF052
:1096B000FF322046294602F006FF22462B4602F0E2
:1096C000FBF8804600988A4660B3DDE90401414A10
:1096D000414B02F0F1F8099100905A46404651463C
:1096E000089B01F0D5FD32463B4602F0E5F8099BA8
:1096F000009A01F0CDFD4246534602F011FA22468F
:109700002B4602F019FA04460D46DDE90401334AFE
:10971000334B02F0D1F810B022462B46BDE8F04D95
:1097200002F00ABA5A464046089B01F0B1FD3246A3
:109730003B4602F0C1F84246534602F0F1F910B040
:1097400022462B46BDE8F04D02F0EAB9009840B33E
:10975000DDE904011F4A204B02F0AEF880468A463C
:109760005A4620462946089B02F0E6F932463B4617
:1097700002F0A2F84246534602F0DEF922462B469A
:1097800002F0DAF904460D46DDE90401134A144BF0
:1097900002F092F810B022462B46BDE8F04D02F0E0
:1097A000CBB90B465A462046294602F0C5F9324647
:1097B0003B4602F081F810B022462B46BDE8F04D42
:1097C00002F0AEB90000F07F645F09000000F03FD6
:1097D000AA320000763C7935EF39EA3D0000E0FE20
:1097E000422EE63F5555D53F0000E03F86EBF9FF9E
:1097F00042310000403100001FB54FF4A06000F07E
:10980000E9F8DAF72FFBECF769FC4FF48070FFF70B
:109810004FFA032140F6FF70FFF752FDFFF78CFD72
:1098200000200623CDE90030029003464FF48072F9
:109830001DA103901E4801F069FA00200523CDE91F
:1098400000300290034680221AA103901A4801F0CA
:109850005DFA00200323CDE9003002900346802208
:1098600016A10390174801F051FA00200123CDE919
:10987000003002900346802213A10390144801F0A7
:1098800045FA00200423CDE90030029003464FF44E
:10989000807210A10390114801F038FA01F0AAF982
:1098A000002004B010BD00004F4C454400000000F3
:1098B000C168000843414E00AD5E01084D4F4E495E
:1098C000544F5200617C0008504F52540000000079
:1098D000456801085561727400000000556C01086C
:1098E00070B5044604EB44030D4D2B449A7804EB09
:1098F00044032B44597804EB4403E85C00F014F86B
:1099000004EB4403074D2B449A7804EB44032B44A7
:10991000597804EB4403E85C00F006F870BD0000E1
:1099200084C502088AC502082DE9F04103460D46A8
:10993000164600240027A0462448006800F4E06092
:10994000B0F5A06F15D006DCB0F5407F18D0B0F5AB
:10995000806F19D110E0B0F5C06F06D0B0F5E06FA0
:1099600012D100274FF0040815E001274FF003083B
:1099700011E00227B8460EE003274FF001080AE085
:1099800004274FF0000806E04FF4A06000F022F832
:109990000227B84600BF00BFC7F1040005FA00F473
:1099A000C8F104010F20C840304004432401084896
:1099B000C45403F01F01012088405911890001F1AE
:1099C000E021C1F80001BDE8F08100000CED00E0ED
:1099D00000E400E002490143024A116070470000C0
:1099E0000000FA050CED00E00348006840F48070C8
:1099F00001490860704700000070004010B504463F
:109A00000E48006844600E480068844207D20B4844
:109A10000168091D0B48006801F042F80CE0074896
:109A20000168091D0848006801F03AF80748006815
:109A3000844201D20548046010BD000028100020B7
:109A40003C100020301000202C1000205810002066
:109A50002DE9F04105460F461FB9A80000F054F962
:109A600000E03846064656B1542000F04DF9044651
:109A70000CB1266304E0304601F058F800E0002401
:109A800024B1A900A522206BD8F768FE2046BDE8C6
:109A9000F081000070B523E001F0D6F813480068AB
:109AA00008B9012000E00020054601F045FABDB9E3
:109AB00001F01CF80D48C068C468201D00F0CCFF00
:109AC0000B480068401E0A4908600A480068401EAA
:109AD0000849086001F01AF8204600F00DF800BFB0
:109AE000044800680028D7D170BD0000202700205E
:109AF000381000203410002010B50446206B01F00F
:109B000015F8204601F012F810BD000030B54FF4F2
:109B1000A043174800F007042CB1C01D20F0070037
:109B2000134C041B1B1B0246124C22600024114DD7
:109B30006C60D018083820F007000F4C206000241B
:109B40000D4D2D686C600C4D2D682C601146441A2B
:109B50004C60094C24680C60084D4C682C60084D22
:109B60004C682C604FF00044064D2C6030BD000066
:109B700048270020641000206C1000207410002082
:109B8000701000207810002000BFFFF783FF03480B
:109B900000680128F9D900F0F7FFF6E75826002001
:109BA0002DE9F04704460F4616469946DDF8208019
:109BB000002507E0795D04F134004155785D00B976
:109BC00002E06D1C102DF5D300BF0021432001558C
:109BD000072E00D30626E662201D00F05EFF04F18A
:109BE000180000F05AFF2461C6F10700A06164620A
:109BF0000020E06484F85000BDE8F08710B5002430
:109C000007E004EB84010F4A02EB810000F038FF0B
:109C1000641C072CF5D30C4800F032FF0B4800F011
:109C20002FFF0B4800F02CFF0A4800F029FF0A48DC
:109C300000F026FF04480949086004480849086004
:109C400010BD000058260020E4260020F826002041
:109C50000C27002020270020342700202C10002073
:109C60003010002010B50146164800E00068036877
:109C70008B42FBD30246436813448B4204D14368B2
:109C80004C682344436001460A464B681344046809
:109C9000A34211D10C4C03682468A34208D04B683E
:109CA0000468646823444B6003681B680B6005E02C
:109CB000054B1B680B6001E003680B60884200D015
:109CC000016010BD641000206C1000200A49096872
:109CD000096809B9012100E0002121B14FF0FF31ED
:109CE000064A116006E004490968C968C868034A61
:109CF00041681160704700002C10002058100020AF
:109D0000D8F7F0FA00BFFEE72DE9F04105464FF025
:109D1000000800F099FF2B48006808B9FFF7F6FE2D
:109D2000294800682840002847D145B1083505F08A
:109D3000070020B105F00700C0F108000544002D20
:109D40003BD022480068854237D8214E304604680F
:109D500001E0264624686068A84202D220680028F4
:109D6000F7D118480068844227D0306800F108080D
:109D7000206830606068401B102807D96719606848
:109D8000401B786065603846FFF76CFF0F496068DC
:109D90000968081A0D490860084600680D490968F5
:109DA000884203D2094800680A4908600649606889
:109DB0000968084360600020206001F0BDF840465B
:109DC000BDE8F0816C100020781000207010002099
:109DD0006410002074100020001F4FF08073036097
:109DE000001F0160001F034B03601438026020381D
:109DF00070470000019D02080F4A51680F4A114048
:109E0000082814D2DFE800F004050607130A130B34
:109E100000BF00BF00BF41EA803109E000BF20F071
:109E200004004FF0805242EA8032114300E000BF4C
:109E300000BF014A5160704700100240FF3FFFEF32
:109E40000348006A20F4803001490862704700002E
:109E5000001002400348006A40F480300149086263
:109E600070470000001002402DE9F14F8DB0002036
:109E70000B9051A090E8004CC068CDE905BECDF82C
:109E800010A007900FF2341ADAE9000ACDE9020AAD
:109E90000FF2281ADAE9000ACDE9000A4A484068B8
:109EA000C0F381000C900C9820B1012804D0022846
:109EB0004DD103E045494CE045494AE042484068FD
:109EC00000F48039B9F5803F26D1414B3E48C06A45
:109ED00000F480300A900A98B0F5803F12D13A48D9
:109EE000C06AC0F30310401C08903748C06AC0F332
:109EF0000320871C112F00D114270898B3FBF0F022
:109F000000FB07F33048C06A00F00F00401C0990C6
:109F10000998B3FBF0F300E02E4B2B484068C0F3E8
:109F200083422948406800F0005008B142F0100216
:109F30000F2A01D2921C00E0521C03FB02F10F2AEF
:109F400004D103EB4300400000EB530101E01F4943
:109F500000BF00BF1C484068C0F3031504A8465D5D
:109F600021FA06F418484068C0F3022502A8465DAD
:109F700024FA06FC14484068C0F3C2251DF80560A9
:109F800024FA06F80D9830B1012806D0022806D030
:109F900003280AD106E00B9108E00B9406E0CDF807
:109FA0002CC003E0CDF82C8000E000BF00BF0B9870
:109FB0000EB0BDE8F08F00000000000000000000BF
:109FC00001020304060708090010024000127A008B
:109FD000001BB70000093D000146074A02EB911043
:109FE000006801F01F0301229A40104008B10120CF
:109FF00070470020FCE7000000100240064A02EB18
:10A000009011096800F01F0301229A401143024B8E
:10A0100003EB90121160704700100240F0B5064645
:10A020000024002700251A2E66D005DC8EB3102EE2
:10A030000BD0182E70D14FE01C2E6FD0B6F5006FEC
:10A0400014D0B6F5106F79D134E004E01120FFF799
:10A05000C3FF0546641C1DB94FF6FF708442F5D15D
:10A060001120FFF7B9FF00B1012768E005E040F6D5
:10A070000100FFF7B1FF0546641C1DB96FF07C407D
:10A080008442F4D140F60100FFF7A6FF00B101279A
:10A0900055E0FFE704E00120FFF79EFF0546641C42
:10A0A00015B9B4F5A06FF6D10120FFF795FF00B107
:10A0B000012744E005E040F60110FFF78DFF05465B
:10A0C000641C15B91F488442F5D140F60110FFF712
:10A0D00083FF00B1012732E004E01920FFF77CFF85
:10A0E0000546641C15B917488442F6D11920FFF7BC
:10A0F00073FF00B1012722E004E01B20FFF76CFF93
:10A100000546641C15B90F488442F6D11B20FFF7A1
:10A1100063FF00B1012712E010E0FFE704E01D201B
:10A12000FFF75AFF0546641C15B906488442F6D16C
:10A130001D20FFF751FF00B1012700E000BF00BF65
:10A140003846F0BDFFFF0F00064A02EB9011096888
:10A1500000F01F0301229A401143024B03EB9012BF
:10A160001160704700100240064A02EB9011096826
:10A1700000F01F0301229A409143024B03EB90121F
:10A180001160704700100240064A02EB9011096806
:10A1900000F01F0301229A401143024B03EB90127F
:10A1A0001160704700100240044A116A21F44071A6
:10A1B00041EA0002014B1A627047000000100240A1
:10A1C0000348006840F01000014908607047000033
:10A1D000042800400348006820F01000014908608E
:10A1E0007047000004280040002003490868091F48
:10A1F000096840EA014070471C28004000B502464B
:10A20000FFF7DEFF100C0449086090B2091D0860DA
:10A21000FFF7E0FF00BD0000182800400249096870
:10A220000143014A116070470028004000BF034805
:10A23000006800F020000028F9D070470428004092
:10A2400000B50246FFF7BCFFC2F3034003490860B4
:10A2500090B2091D0860FFF7BDFF00BD082800404F
:10A260000648006820F008000449086000BF034861
:10A27000006800F008000028F9D07047042800406A
:10A2800000B587B00F4800F047F8684600F091F835
:10A29000002001904FF48270009000200290032073
:10A2A00005904FF400700390082006900020049061
:10A2B0006946044800F064F8024800F00AF807B064
:10A2C00000BD000000300140016821F04001016044
:10A2D0007047016841F040010160704710B54FF4CC
:10A2E000C060FFF731FF40F20C60FFF72DFF40F236
:10A2F0000260FFF729FFA023032218210448FFF77B
:10A3000027F85023012210210148FFF721F810BD42
:10A3100000080140C160704710B50446134820444E
:10A3200070B1B0F5806F14D0B0F5784F1AD14FF4FA
:10A330004370FFF729FF4FF44370FFF715FF12E05A
:10A3400040F20E40FFF720FF40F20E40FFF70CFFF7
:10A3500009E040F20F40FFF717FF40F20F40FFF710
:10A3600003FF00E000BF00BF10BD000000C8FFBF3A
:10A3700002469068084008B1012070470020FCE7C1
:10A3800002460020106800F441500B6818434B68E7
:10A3900018438B681843CB6818430B6918434B6903
:10A3A00018438B6918431060D36923F40063D361A9
:10A3B00070470021016041608160C160416181613D
:10A3C0007047000000200021334A126842F48032B6
:10A3D000314B1A6000BF401C2F4A126802F4003152
:10A3E00019B94FF6FF729042F5D12B4A126802F468
:10A3F00000320AB900BFFEE7274A5268264B5A606E
:10A400001A4652685A601A46526842F480625A608C
:10A410001A465268214B1A401F4B5A601A4652681E
:10A420001F4B1A431C4B5A601A46D26A1D4B1A40E6
:10A43000194BDA621A46D26A1B4B1A43164BDA6280
:10A440001A46126842F080621A6000BF124A12680F
:10A4500002F00062002AF9D00F4A126842F08072BE
:10A460000D4B1A6000BF0C4A126802F00072002AFD
:10A47000F9D0094A526822F00302074B5A601A4683
:10A48000526842F002025A6000BF034A526802F06A
:10A490000802002AF9D0704700100240FFFFC3DF16
:10A4A0000000052000F0FEFF2908010010B5FFF7AD
:10A4B00089FF10BD10B504463349601A8C4244D060
:10A4C0000CDCB4F1804F1CD03048204410B3B0F500
:10A4D000806F28D0B0F5006F52D12DE0B0F5806FBD
:10A4E0003CD0B0F58E3F03D0B0F5923F48D13EE06E
:10A4F00040F20B30FFF748FE40F20B30FFF734FE1E
:10A500003FE04FF48060FFF73FFE4FF48060FFF7BD
:10A510002BFE36E040F20140FFF736FE40F20140EC
:10A52000FFF722FE2DE040F20240FFF72DFE40F241
:10A530000240FFF719FE24E040F20340FFF724FE3B
:10A5400040F20340FFF710FE1BE040F20440FFF72B
:10A550001BFE40F20440FFF707FE12E040F2054008
:10A56000FFF712FE40F20540FFF7FEFD09E040F262
:10A570000D30FFF709FE40F20D30FFF7F5FD00E06A
:10A5800000BF00BF10BD00000010004000FCFFBF76
:10A59000016841F001010160704700000A88826291
:10A5A000294A904220D0B0F1804F1DD0274A9042D6
:10A5B0001AD0274A904217D0264A904214D0264AF1
:10A5C000904211D0254A90420ED0254A90420BD09D
:10A5D000244A904208D0244A904205D0234A90420F
:10A5E00002D0234A90420FD1026822F0700202602A
:10A5F00002688B7803F060031A43026002680B79EB
:10A6000003F010031A4302608A68C262194A90423A
:10A610000CD0194A904209D0026822F440720260BC
:10A6200002688B8903F440731A430260064A904221
:10A6300002D0094A904201D18A7B0263426942F00A
:10A640000102426170470000002C014000040040FC
:10A6500000080040000C004000340140004C014064
:10A66000005001400054014000180040001C004010
:10A67000002000400010004000140040C2680A435F
:10A68000C2607047CA43026170470246D06800EA60
:10A6900001031069084010B10BB101207047002080
:10A6A000FCE700210180418081804FF6FF718160CD
:10A6B00000218181817370472DE9F04704460D46E2
:10A6C0000027B846B94600261D49601A8C421CD0A6
:10A6D00006DC1C48204470B1B0F5806F1FD10FE03C
:10A6E000B0F5806F16D0B0F56C4F18D10320FFF78E
:10A6F000BBFB074614E00220FFF7B6FB07460FE05E
:10A700000220FFF7B1FB07460AE00220FFF7ACFB8F
:10A71000074605E00220FFF7A7FB074600E000BF61
:10A7200000BF07EB5500B0FBF5F64FF6F07006EAF8
:10A73000000806F00F0948EA0900A060BDE8F087AC
:10A74000004C004000BCFFBF70B504460D461D49DB
:10A7500051F8240000F042F81A4951F82400294623
:10A76000FFF7AAFF174951F82400002100F06CF907
:10A77000144951F82400002100F056F9114951F80C
:10A780002400002100F040F90E4951F82400002176
:10A7900000F0DAF80B4951F82400002100F0CCF861
:10A7A000084951F82400042100F036F9054951F810
:10A7B0002400082100F040F9024951F8240000F07B
:10A7C00055F870BDF8C5020801464868C0F3080096
:10A7D0007047C1F3080242607047000010B504469C
:10A7E0002049601A8C4228D006DC1F48204490B1D2
:10A7F000B0F5806F33D117E0B0F5806F26D0B0F59B
:10A800006C4F2CD140F20E30FFF7BEFC40F20E3000
:10A81000FFF7AAFC24E040F21140FFF7B5FC40F23C
:10A820001140FFF7A1FC1BE040F21240FFF7ACFC27
:10A8300040F21240FFF798FC12E040F21340FFF79D
:10A84000A3FC40F21340FFF78FFC09E040F21440F4
:10A85000FFF79AFC40F21440FFF786FC00E000BFCF
:10A8600000BF10BD004C004000BCFFBFC16841F4F8
:10A870000051C160704710B5024602EB91100068AC
:10A8800001F01F040123A340184008B1012010BDAE
:10A890000020FCE710B504464FF4C060FFF754FCFD
:10A8A0001E4931F81400FFF74FFC1D4931F8140020
:10A8B000FFF74AFC1B4931F81400FFF745FC012162
:10A8C0001948FEF7A3FD194901EBC4014B6817496C
:10A8D00051F8340003220421FEF73AFD144901EB3C
:10A8E000C4014B68124951F8340003221821FEF7C5
:10A8F0002FFD104901EBC4014B680E4951F834009B
:10A9000003221021FEF724FD0A4A02EBC40251681B
:10A91000084A52F83400FEF717FD10BD08C60208B9
:10A9200010C6020818C6020800023000D8C5020886
:10A93000B8C5020898C502080A460021416921F4F9
:10A9400000711143416170470A460021416921F4B9
:10A95000807111434161704710B5C1F3891282586B
:10A9600001F01F040123A3409A43C1F38913C2508D
:10A9700010BD10B5C1F38912825801F01F040123E4
:10A98000A3401A43C1F38913C25010BD10B500EBA8
:10A9900091521268C1F304440123A3409A4300EB8F
:10A9A00091531A6010BD70B5024600230024C1F314
:10A9B0008910105801F01F060125B54000EA050373
:10A9C00002EB91500068C1F304460125B54000EA4E
:10A9D000050414B10BB1012070BD0020FCE700009C
:10A9E00070B5044604EB4403064D2B449A7804EBFF
:10A9F00044032B44597804EB4403E85CFEF794FFCE
:10AA000070BD000020C60208C26822F4C062C260A5
:10AA1000C2680A43C26070470A460021C16821F03B
:10AA200004011143C1607047026922F4405202617F
:10AA300002690A43026170470A460021C16821F099
:10AA400008011143C1607047C26822F48052C2609D
:10AA5000C2680A43C260704701460A69D1E9013001
:10AA60009860D1E9010358605068884201D1886834
:10AA70005060002008611068401E10601068704728
:10AA800000F1080141604FF0FF31816000F10801E1
:10AA9000C1600161002101607047002101617047C0
:10AAA00010B502460B685C1C0CB9106907E002F196
:10AAB000080000E04068446824689C42FAD9446871
:10AAC0004C604C68A160886041600A611468641C35
:10AAD000146010BD42684A6093688B609368596047
:10AAE0009160086103685B1C0360704710B5D7F77D
:10AAF000F9FB05480068401C03490860BFF34F8F0D
:10AB0000BFF36F8F10BD00006010002010B5064825
:10AB10000068401E044908600846006810B900201B
:10AB2000D7F7E7FB10BD00006010002070B50646A7
:10AB30003546D6B1083D2C460C4960680968084086
:10AB400098B1206888B909496068096888436060DD
:10AB500000F07AF80649606809680844044908600A
:10AB60002046FFF77FF800F0E7F970BD781000206D
:10AB70007010002003484FF0E02148610720086171
:10AB8000704700003F1901004FF0805003490860F2
:10AB9000BFF34F8FBFF36F8F7047000004ED00E0ED
:10ABA00070B504460026DCB100F04EF80E4800688F
:10ABB00005190E480068001DFFF74EFF50B90B48FD
:10ABC000006890F82C1001208840094909688143E9
:10ABD000074801602846FEF711FF00F0ADF9064670
:10ABE0000EB9FFF7D1FF70BD3C10002028100020E7
:10ABF000401000201FB500200090019002900346F5
:10AC000080220BA103900C4800F080F80446012C30
:10AC10000CD1D7F767FBA01E08490860012008493E
:10AC2000086000200749086000F046F81FBD0000DA
:10AC300049444C4500000000899B02085810002040
:10AC4000441000203C10002002480068401C0149CC
:10AC5000086070475C1000201248006818B101209D
:10AC6000114908601DE000200F4908600F48006886
:10AC7000B0FA80F0C0F11F0101EB81020C4B03EB35
:10AC8000820042685268426000F1080243689342C1
:10AC900002D14268526842604268D268054B1A602D
:10ACA00000BF70475C1000204C10002040100020B6
:10ACB000582600202810002010B50A48006840F4EB
:10ACC0007F00084908600846006840F07F4008603F
:10ACD000FFF750FF002004490860D7F7D1FA0020A1
:10ACE00010BD000020ED00E06010002010B5D7F787
:10ACF000F9FA00F091F818B14FF08050024908605D
:10AD00000020D7F7F6FA10BD04ED00E02DE9FF4F63
:10AD100081B0804615469946DDE90E7A284610999D
:10AD2000FEF796FE0446002C52D0681E216B01EB04
:10AD3000800B2BF0070B00953A462046119B029999
:10AD4000FEF72EFF4A4641465846FFF745F8206079
:10AD5000BAF1000F01D0CAF80040FFF7C7FE25483E
:10AD60000068401C234908602348006840B9224815
:10AD700004600846006801280CD1FEF73FFF09E097
:10AD80001E48006830B91C480068C06AB84201D843
:10AD9000194804601A480068401C194908600846B0
:10ADA0000068606494F82C100120884015490968F7
:10ADB000084314490860E16A01EB8101124A02EB81
:10ADC0008100211DFFF786FE0126FFF79FFE01E0AF
:10ADD0004FF0FF36012E09D10848006830B106480F
:10ADE0000068C06AB84201D2FFF7CEFE304605B017
:10ADF000BDE8F08F381000202810002044100020FB
:10AE000054100020401000205826002001490868F6
:10AE1000704700003C1000202DE9F04100273B481E
:10AE20000068002865D13A480068401C384908602D
:10AE3000084606688EB93748D0F800803648006862
:10AE4000344908603448C0F8008034480068401C29
:10AE500032490860FEF73AFF00BF31480068864279
:10AE60003BD300BF2B480068006808B9012000E010
:10AE7000002020B14FF0FF30294908602CE0254820
:10AE80000068C068C4686568AE4202D224480560A4
:10AE900022E0201DFFF7E0FDA06A18B104F11800C0
:10AEA000FFF7DAFD94F82C10012088401D4909684D
:10AEB00008431C490860E16A01EB81011A4A02EB70
:10AEC0008100211DFFF706FE1849E06A0968C96A7A
:10AED0008842C7D30127C5E700BF14480068C06A8D
:10AEE00000EB8000104951F82000012806D9012705
:10AEF00004E00F480068401C0D4908600D480068D8
:10AF000000B101273846BDE8F08100005C10002048
:10AF10003C1000202C100020301000205010002089
:10AF20005810002040100020582600202810002033
:10AF3000481000204C10002070B50025FFF7D6FD0A
:10AF40002C480068401E2B4908600846006800280D
:10AF50004BD129480068002847D024E02748C06822
:10AF6000C46804F11800FFF777FD201DFFF774FD9A
:10AF700094F82C1001208840214909680843204991
:10AF80000860E16A01EB81011E4A02EB8100211D8C
:10AF9000FFF7A0FD1C49E06A0968C96A884202D32C
:10AFA00001201A4908601548006808B9012000E02E
:10AFB00000200028D2D01648006878B10AE0FFF7D8
:10AFC0002BFF10B101201149086011480068401E94
:10AFD0000F4908600E4800680028F0D10B4800684F
:10AFE000012802D10125FFF7CFFDFFF78FFD28468D
:10AFF00070BD00005C100020381000200C270020DD
:10B000004010002058260020281000204C1000205E
:10B010004810002010B500290AD00878002807D071
:10B0200005487844D7F7ECFB002801D0002010BD7C
:10B030000248784410BD0000BA210000B22100008F
:10B0400010B50446204600F0C4F808B1002010BD39
:10B050002089401CA18990FBF1F201FB12002081A4
:10B060000120F4E701460A89486800EB02107047A6
:10B0700070B504460D46204600F09CF808B100204B
:10B0800070BD6189606800EB011095E84E004EC00C
:10B090006089401CA18990FBF1F201FB12006081E4
:10B0A0000120EDE710B50446606820B16068FCF748
:10B0B00091FE0020606010BD70B504460D46094841
:10B0C00020602801FEF720FE06466660A581A28961
:10B0D00011016068D7F76CFB002020816081204659
:10B0E00070BD00008CC8020810B5044603482060FB
:10B0F0002046FFF7D7FF204610BD00008CC802088D
:10B1000010B50446204600F088F808B1002010BDB4
:10B110002089401CA18990FBF1F201FB12002081E3
:10B120000120F4E701460A8948681044704770B569
:10B1300004460D46204600F061F808B1002070BDBD
:10B1400028786289616888546089401CA18990FBD5
:10B15000F1F201FB120060810120F0E710B5044616
:10B16000606820B16068FCF735FE0020606010BDAB
:10B1700070B504460D46084820602846FEF7C4FD19
:10B1800006466660A581A1896068D7F7EFFA0020BE
:10B1900020816081204670BD9CC8020810B504461D
:10B1A000034820602046FFF7D9FF204610BD00006D
:10B1B0009CC8020801464889401C8A8990FBF2F32A
:10B1C00002FB13000A89904201D101207047002040
:10B1D000FCE7014608894A89904201D10120704765
:10B1E0000020FCE7014648890A89801A8A891044B0
:10B1F00090FBF2F302FB130080B2704701464889CE
:10B20000401C8A8990FBF2F302FB13000A899042EA
:10B2100001D1012070470020FCE7014608894A89D6
:10B22000904201D1012070470020FCE721F000424C
:10B23000A2F16052B2F5801F01F0004328BFD2F1A5
:10B240007F6C0BD95FEA001C43EAC20242EB5070EC
:10B2500018BF704728BF20F001007047B2F5801F6B
:10B26000BCBF184670474FEA410C1CF5001F02D2C4
:10B27000084601F03EB870B500F0C8FB0000008938
:10B28000FFF7F6BF4FF00040A0F5800070470000C8
:10B2900010B591EA030F48BF83F0004300F15484D6
:10B2A000841A71EB030C05D2121943EB0C03001B3B
:10B2B00061EB0C01DFF824E14FEA1154A4EB135CBD
:10B2C0001EEA430F18BF9EEA445F73D023EA0E03C1
:10B2D000DCF1200E21EA045143F4801332D322FA28
:10B2E0000CFE10EB0E0023FA0CFE41EB0E01CCF12C
:10B2F000200E03FA0EFE10EB0E0051F10001B1F525
:10B30000801FCCF1200E32D201EB045112FA0EF262
:10B31000BDE8104058BF7047401C38BF5FEA42028A
:10B3200018BF7047002814BF20F0010041F1000150
:10B330004FEA410313F5001F38BF7047A1F1C04128
:10B3400000F0B2BB012A43EB0302ACF1200CDCF1AC
:10B350001F0E32BF4FF0000E23FA0CF310EB030068
:10B3600041EB0451B4EB115FD0D0A1EB045101F5D6
:10B37000801149085FEA300001EB04510ED350F10F
:10B38000000038BF12FA0EFE08D1BDE81040C9E730
:10B39000401C38BF5FEA4202CAD1C3E7BDE8104093
:10B3A0004FEA410313F5001F38BF7047A1F1C041B8
:10B3B00000F07ABB9EEA445F08D011EA5E0FBDE858
:10B3C000104004BF01F0004100207047BDE810406C
:10B3D00070B500F01BFB00BF64FBBE3E0000E0FF49
:10B3E00002494FF0000001F03CB800BF0000F87FB8
:10B3F000491058BFC1F140415B1058BFC3F14043F1
:10B400008B42EFF3008070472DE9C04130B4DFF884
:10B41000A0C23CEA111418BF3CEA131400F0EC80FF
:10B4200081EA03051CEA111444EAD57418BF1CEA2A
:10B43000131500F0C780A4EB05044FF0004545EA62
:10B44000C12145EAC32341EA505143EA525304F172
:10B450007F74994204F500344FEAC0204FEAC222BB
:10B4600008BF904200F09C804FEA13650FF240162F
:10B47000765D4FEA134506FB05F7C7F1807706FBBB
:10B4800007F74FEAD737A7FB03687642C8F580383D
:10B49000A7FB06CE38BFA8F1010807FB08E64FF06E
:10B4A000000EA6FB028CE6FB03CEDCF1000CCEF115
:10B4B000004E38BFAEF1010EA6FB0C584FF000074E
:10B4C0004FF00005E6FB0E87A1FB08C6A0FB07CEE8
:10B4D00016EB0E0645F10005E1FB076515F1E04EA0
:10B4E0007EBFA4F580345FEA46066D4116F1800701
:10B4F00045F100054FEA17274FEA066647EA056758
:10B50000A6F1DE46B6F1805F4FEA15251FD9384611
:10B5100024F0010C05EBC471BCF1FE6F01EB0C11C2
:10B5200002D8F0BCBDE8008124425CBF01F5801E5A
:10B530009EEAC47F02D4F0BCBDE80081244238D426
:10B54000F0BCA1F1C041BDE8004100F0ADBA4FEA46
:10B55000D22242EA43524FEAD323A7FB02864FEAA4
:10B56000D02040EA415007FB03661EEA0E0F4FEA67
:10B57000D12105FB026658BFA6EB0056B6EB00567C
:10B580004FEA520E4EEAC37E18EB0E0E56EB530EE8
:10B59000BDD518EB02085E417F1C55F10005B6E7EA
:10B5A0004FF480154FF000074FF000064FF00008F1
:10B5B000ADE7F0BC4FF0000001F1C04101F00041E7
:10B5C000BDE8008111EA0C1F0CEA131500D00CE055
:10B5D00013EA0C1F00F025804FF00000F0BC81EA58
:10B5E000030101F00041BDE80081F0BCBDE800416D
:10B5F00081EA030100F058BAF0BCBDE8004170B523
:10B6000000F004FA097EFC3E00F007B881EA03016D
:10B610004FF0000001F00041704781EA030100F0A3
:10B6200043BAF0BCBDE800414FF00000214970472B
:10B63000FFFDFBF9F7F5F4F2F0EEEDEBE9E8E6E4F7
:10B64000E3E1E0DEDDDBDAD8D7D5D4D3D1D0CFCD7E
:10B65000CCCBCAC8C7C6C5C4C2C1C0BFBEBDBCBBB7
:10B66000BAB9B8B7B6B5B4B3B2B1B0AFAEADACABB2
:10B67000AAA9A8A8A7A6A5A4A3A3A2A1A09F9F9E8C
:10B680009D9C9C9B9A99999897979695959493933E
:10B69000929191908F8F8E8E8D8C8C8B8B8A8989D5
:10B6A0008888878786858584848383828281818058
:10B6B0000000FF070000F87F51EA030C17D41CF5C7
:10B6C000801F58BFBCF5801F00F10680994218BF4B
:10B6D000704708BF9042704707D711F5801F58BFC9
:10B6E00013F5801F19D499427047894270471CF5A1
:10B6F000801F08D5BCF5801FF7D58B4218BF704757
:10B7000008BF824270474FF4001C1CEB410F38BF4A
:10B710001CEB430F01D28B42704770B500F076F9F5
:10B72000922449004FF000514FF08053FFF760BE64
:10B730004FEA41034FEA5353A3F58063D3F11E034D
:10B74000C8BFD3F1210C0CDD4FF0004242EAC12208
:10B7500042EA505232FA03FC8CEAE17CACEBE17035
:10B760007047102BC4BF0020704703F5787CBCF1F4
:10B77000FF3F04D06FF0004282EA2100704770B5AD
:10B7800000F044F94992248000207047F2E700005D
:10B790004FEA1153A3F58063D3F11E03A8BFD3F181
:10B7A000200C08DB4FF0004242EAC12252EA50521C
:10B7B00032FA03F0704709420BD4102BC4BF0020AB
:10B7C000704703F5787CBCF1FF3F05D04FF0FF30A8
:10B7D00070474FF00000704770B500F017F900BFD8
:10B7E0004992248000207047F0E710F0004248BFE3
:10B7F0004042B0FA80F310FA03F10AD0C3F11D03FE
:10B8000003F580634FEA415002EB035202EBD12172
:10B8100070474FF000007047B0FA80F310FA03F160
:10B820000AD0C3F11D0303F580634FEA41504FEA8C
:10B83000035202EBD12170474FF000007047000027
:10B8400051EA030C17D41CF5801F58BFBCF5801FAC
:10B8500000F10680994218BF704708BF90427047B8
:10B8600007D711F5801F58BF13F5801F19D49942CF
:10B870007047894270471CF5801F08D5BCF5801FB2
:10B88000F7D58B4218BF704708BF824270474FF40C
:10B89000001C1CEB410F38BF1CEB430F01D28B4245
:10B8A000704770B500F0B2F8922449004FF0005193
:10B8B0004FF08053FFF79CBDDFF848C170B51CEA1C
:10B8C000111E1EBF1CEA13159EEA0C0F95EA0C0F01
:10B8D00000F06F8081EA030423EA4C134EEAD47E21
:10B8E00021EA4C1141F4801143F48013AE44A1FBD2
:10B8F000024CA0FB0365AEF17F7E361955EB0C05BB
:10B90000A1FB034C4CF10003A0FB021C16EB0C0640
:10B91000654153F10003094218BF46F0010613F4D4
:10B92000007F0BD14FEA03314FEA0530340341EA7F
:10B93000155140EA16506FF003020AE04FEAC321A6
:10B940004FEAC520F40241EA555140EA56506FF0E3
:10B95000020202EB2E4201EB025585EACE710AD0BB
:10B960005FEA440C18BF24F0004450F1000041F19C
:10B97000000120EAD47040F2FE7C624500D270BD26
:10B98000A84214BF4FF080444FF04044002E08BF3F
:10B990000024BEF1806FA8BFA1F1C041BDE8704096
:10B9A00080F282804FF0000001F1C04101F00041BF
:10B9B00070479EEA0C0F0CEA131518BF95EA0C0F9E
:10B9C00006D04FF0000081EA030E0EF0004170BD7A
:10B9D00000F01CF88900013E00F007B800F009B83B
:10B9E0004FEA430C5FEA5C5C08D081EA030100F097
:10B9F0005BB84FEA410C5FEA5C5CF6D14FF00000A7
:10BA0000014970470000FF070000F87F0EF1020EA9
:10BA10002EF0030E5EF8046B364205D4012A43EB88
:10BA2000030515F5001F12D8012841EB010C1CF588
:10BA3000001F0CD80ED14FEAD17C15F5001F0CEB7E
:10BA40004C0C0CF1020C08BF4CEBD37C04E04FF023
:10BA5000080C01E04FEAD37C0CEB4C0526FA05F606
:10BA600006F00706B6F1040C06D20EEB860CBDE814
:10BA700070404CF0010C6047DFE80CF0090B02024B
:10BA80004FF000414FF00000A1F5002170BD1946B4
:10BA90001046012851EB010418BFD4F5001484BFEF
:10BAA000002001F0004170BD0808A0F500114FEA28
:10BAB0003101704753EA010C17D41CF5801F58BFA1
:10BAC000BCF5801F00F106808B4218BF704708BF8D
:10BAD0008242704707D713F5801F58BF11F5801FAA
:10BAE00019D48B4270479B4270471CF5801F08D5C4
:10BAF000BCF5801FF7D5994218BF704708BF904228
:10BB000070474FF4001C1CEB430F38BF1CEB410F78
:10BB100001D2994270470FB40CBC03BCFFF7C1BE01
:10BB200091EA030F10B581F000413FF5B9AB83F006
:10BB3000004300F009B8000010B591EA030F48BFB8
:10BB400083F000433FF5ACAB841A71EB030C07D2D2
:10BB500012198CF0004C43EB0C03001B61EB0C0141
:10BB6000DFF8A4E14FEA1154A4EB135C1EEA430F83
:10BB700018BF9EEA445F00F0B08023EA6E03524291
:10BB800021EA0451C3EB6E0338BF5B1EDCF1200ECB
:10BB900025D322FA0CFE10EB0E0043FA0CFE41EB0B
:10BBA0000E01CCF1200E03FA0EFE10EB0E0051F147
:10BBB0000001CCF1200E29D412FA0EF201EB04514F
:10BBC000BDE8104058BF7047401C1CBFB2F1004F89
:10BBD000704700280CBF491C20F00100704712EB91
:10BBE000020E43EB030218BF4FF0010E4EEA420271
:10BBF000ACF1200CDCF11E0E54D943FA0CFE10EB14
:10BC00000E0051F1FF31CCF11E0ED5D50EF1010E13
:10BC100012FA0EFE404141EB010101EB445C5FEA88
:10BC20005C5C10D910EBDE7001EB045138BFBEF143
:10BC3000004FBDE8104018BF704700280CBF491CDA
:10BC400020F00100704730D24FEAD42C11F50011DA
:10BC500024F400641BD0B1FA81F20B3AA41AA41E9A
:10BC6000D2F12003914030FA03F31943904001EBE5
:10BC7000CC71002C01EB0451BDE81040A8BF704707
:10BC800001F1C0414FF0000001F000417047B0FAEF
:10BC900080F310FA03F100D110BDE41A173C4805F7
:10BCA000C90AE4E701EB045110BD491001EB04514E
:10BCB000BDE810404FEA300002E04FF0000170474D
:10BCC0004A0008BF0042F8D0B2F5001F28BF7047F5
:10BCD00001F000414FF0000070479EEA445F07D03A
:10BCE00011EA5E0FBDE8104004BF0021002070473C
:10BCF000BDE8104070B5FFF789FE00BF40DFF63E9B
:10BD000083F00041104670470000E0FF43004FEA17
:10BD1000D30C4FEA3C0C43401FBF40070CF160516D
:10BD200013F0FE4F70471CF0006F03D100200CF0A1
:10BD3000004170470CF0004343EA507010B540EAF0
:10BD4000CC0000F090FA00BF000000924FEA000122
:10BD5000FFF7AABE4FF000414FF00000A1F500210F
:10BD60007047000090EA010F48BF81F0004100F1E8
:10BD70000883421A3CBF801A89184FEAD0524FF00C
:10BD80007F4C1CEA410FA2EBD15318BF9CEA026F13
:10BD900000F03B804FF0004C4CEA00204CEA0121BF
:10BDA00021FA03FC10EB0C0C1ED202F1FF325FEA09
:10BDB0001C2040EBC25038BF70471CF07F0F4FEA89
:10BDC000400C18BFBCF17F4F38BF7047C3F1200350
:10BDD000994008BF20F00100BCF17F4F38BF704789
:10BDE000A0F1C04000F085BA4FEA3C00000A40EBE9
:10BDF000C25028BF1CF0FF0F4FEA400CE6D018BF1E
:10BE0000BCF17F4F38BF7047EAE79CEA026F05D06C
:10BE100010EA5C0F08BF00F00040704710B500F05A
:10BE200022FA00BF64FBBE3E401058BFC0F1404044
:10BE3000491058BFC1F140418142EFF30080704783
:10BE40004FF47F0C1CEAD0121EBF1CEAD11392EAF9
:10BE50000C0F93EA0C0F00F0858090EA010F48BFA9
:10BE600042F4807240F4000C41F400002CF07F4159
:10BE700020F07F4000B58142A2EB03020FF2081CC4
:10BE8000ACEB504EC0F100009EF800E04FEA4E0EC1
:10BE900000FB0EFC38BF49004FEA2C1C02F5FA02E9
:10BEA0000CFB0EF34FEACE1E4FEA112C4FEAC121D4
:10BEB0000EEB635E42EB22420EFB0CFC4FEA1C537E
:10BEC00000FB03114FEA112C4FEA01310EFB0CFC71
:10BED0004FEADC4C00FB0C11C14228BF09184CEBA7
:10BEE00003335DF804EB10EB410143EBC250B2F5B4
:10BEF0007C0F38BF704729D512F0F00F1CBF00F13E
:10BF0000C04000F0004070470081828384858687AE
:10BF100088898B8C8D8E8F919293959697999A9C08
:10BF20009D9FA0A2A3A5A7A8AAACAEB0B2B3B5B777
:10BF3000B9BCBEC0C2C5C7C9CCCED1D4D7D9DCDF4D
:10BF4000E2E6E9ECF0F3F7FAFE0000004FEA400CFD
:10BF50000CF1807CBCF17E4F28BF7047B0F1C0402F
:10BF600000F0C7B990EA010F0CEAD11348BF42F4C0
:10BF70008072624538BF634507D213F47F0F16D035
:10BF800080EA010000F00040704710B500F06BF946
:10BF9000097EFC3E00F005B880EA010000F0004098
:10BFA000704780EA010000F0004000F0A2B912F4EE
:10BFB0007F0F04BF0248704780EA010000F099B982
:10BFC0000000C07F50EA010C00F113801CF5000F47
:10BFD00058BFBCF5000F01D48842704707D710F551
:10BFE000000F58BF11F5000F15D4884270478942E1
:10BFF00070471CF5000F04D5BCF5000FF7D5814242
:10C0000070474FF0807C1CEB400F38BF1CEB410F9A
:10C0100001D28142704710B500F025F99224490001
:10C020004FF000504FF08051FFF7FEBE41000B0E65
:10C03000D3F19E0208D950F400034FEA032323FAF8
:10C0400002F048BF4042704710B500F00CF900BF45
:10C0500049922480002070476FF0004282EA20005D
:10C0600070470000C10DD1F19E0206DB4FEA0023AC
:10C0700043F0004323FA02F07047004207D54FEA2D
:10C080004001B1F1FE4F02D24FF00000704710B5F1
:10C0900000F0E9F849922480002070476FEA200000
:10C0A0007047000010F0004148BF4042B0FA80F3F2
:10C0B00010FA03F2C3F19D030BD051EAC35101EB17
:10C0C0001220530638BF704700F1010008BF20F06E
:10C0D00001007047B0FA80F310FA03F2C3F19D0338
:10C0E0000AD0D90501EB1220530638BF704700F182
:10C0F000010008BF20F001007047000050EA010C69
:10C1000000F113801CF5000F58BFBCF5000F01D4DF
:10C110008842704707D710F5000F58BF11F5000F80
:10C1200015D488427047894270471CF5000F04D52A
:10C13000BCF5000FF7D5814270474FF0807C1CEBB7
:10C14000400F38BF1CEB410F01D28142704710B540
:10C1500000F089F8922449004FF000504FF08051D0
:10C16000FFF762BE4FF47F0C1CEAD0121EBF1CEA20
:10C17000D11392EA0C0F93EA0C0F00F0478090EA7B
:10C18000010F48BF42F480724FF0004C4CEA00208F
:10C190004CEA012102EB0302A0FB0113A2F500020D
:10C1A000002918BF43F001035B0028BF4FEA3303A7
:10C1B00042EB22425FEA132C4CEBC2502EBFBCEB89
:10C1C000436FB2F57C0F70474FEA036CBCF1004F30
:10C1D00008BF20F00100B2F57C0F38BF70470BD5C7
:10C1E00082F0FF0212F5803FC8BF704700F1C040E7
:10C1F000D8BF00F00040704700F5000C5FEA4C0C1F
:10C2000048BF7047B0F1C04000F073B890EA010F2A
:10C210000CEAD11348BF42F48072624538BF6345CF
:10C2200004D280EA010000F00040704710B500F031
:10C230001AF800BF8900013E00F007B800F009B805
:10C240005FEA410C5FEA1C6C08D080EA010000F054
:10C2500050B85FEA400C5FEA1C6CF6D14FF000402A
:10C26000A0F5800070470EF1020E2EF0030E5EF86E
:10C27000044B244204D44FEA4102B2F17F4F11D85B
:10C280004FEA4003B3F17F4F0CD80ED14FEAD07C78
:10C29000B2F17F4F0CEB4C0C0CF1020C08BF4CEBD5
:10C2A000D17C04E04FF0080C01E04FEAD17C0CEBAC
:10C2B0004C0324FA03F404F00704B4F1040C06D28E
:10C2C0000EEB840CBDE810404CF0010C6047DFE839
:10C2D0000CF0070802024FF00040A0F5800010BDEE
:10C2E0000846420018BFD2F1807288BF00F00040BB
:10C2F00010BDFF2141EAD050C005704751EA000C43
:10C3000000F113801CF5000F58BFBCF5000F01D4DD
:10C310008142704707D711F5000F58BF10F5000F85
:10C3200015D481427047894270471CF5000F04D52F
:10C33000BCF5000FF7D5884270474FF0807C1CEBAE
:10C34000410F38BF1CEB400F01D28842704780EA92
:10C35000010081EA000180EA0100FFF7F8BE80F0E9
:10C36000004090EA010F7FF504AD81F0004100F03C
:10C3700008B8000090EA010F48BF81F000413FF586
:10C38000F8AC421A04D882F00042A0EB020011443B
:10C390004FEAD0524FF07F4C1CEA410FA2EBD15331
:10C3A00018BF9CEA026F4AD04FF0004C4CEA0020C4
:10C3B0004CEA012121FA03FCB0EB0C0C0FD412F073
:10C3C000FE0F36D05FEA4C001DD5001240EBC25084
:10C3D00038BF70471CF03F0F18BF70470BE0A2F149
:10C3E00001025FEA1C2040EBC25038BF70471CF0CE
:10C3F0007F0F18BF7047C3F12003994014BF401E40
:10C4000020F00100704780084FEA122308BF7047F0
:10C41000B0FA80FCA2EB0C02CCF1280C60FA0CF014
:10C4200093EA122F04BF00EBC25070474FEAC3706B
:10C430007047130A5FEADC1008BF7047F6E79CEA12
:10C44000026F04D010EA5C0F08BF0020704710B5DF
:10C45000FFF709FF40DFF63E81F000407047D6F756
:10C4600031BC0CF00F03092B08BF082000F05980E5
:10C470000A2B0BD0082B18BF704708BF1CF0400FC9
:10C480000AD04FF000004FF0000170471CF0400F41
:10C4900018BF4FF0004070471CF0100F08D020F07C
:10C4A000704300F07F4242EAD3014FEA4370704785
:10C4B00000F0604021F07F4242EA000201F07F403C
:10C4C00040EA727070474FF0FF0C4CF4E06C1CEACD
:10C4D00011531CBF9CEA030C9445C2BFDA4201EB26
:10C4E00002517047002B0DD0BCF1000F0FD0002A75
:10C4F00001F00041A4BF41F0E04141F07F614FF005
:10C500000000704701F000414FF00000704750EA12
:10C5100001334FF09B0C18BF4CF0806C7EF460AF81
:10C5200070471CF4801F11D01CF4E02F03D06FEA79
:10C53000CC31490070474FF04050EFF3008222F0B9
:10C54000704242EA000282F3008870474FF0000018
:10C55000704700000008014000100000000C01407E
:10C56000002000000008014000080000000C01400D
:10C5700000100000006400400068004019071A071E
:10C58000020603061300013F0101140000400100F0
:10C5900015000041010000000008014000010000FA
:10C5A00000140140800000000018014000800000DD
:10C5B0000008014000800000000801400002000067
:10C5C0000014014020000000000C014000040000A5
:10C5D00000100140000400000008014000040000B9
:10C5E0000014014040000000000C01400008000061
:10C5F00000100140000800000038014000440040E5
:10C6000000480040004C00400E06110712071307B7
:10C6100002060506030604060206050606060206CD
:10C620002500022600032701023401031F1C1F1EE0
:10C630001F1E1F1F1E1F1E1FA003002040020020E0
:10C64000000000009A0300203E02002000000000CD
:10C650009C0300205402002000000000C80E0020AF
:10C660003C020020000000009A0300203E0200204F
:10C67000000000009A0300203E020020000000009D
:10C680009C0300205402002000000000A0030020B2
:10C690004002002000000000C80E00203C020020E4
:10C6A00000000000C80E00203C0200200000000036
:10C6B0004D4E432D454E00302E30007B227265706A
:10C6C0006C79223A224F4B227D007B227265706C7E
:10C6D00079223A224552524F52222C2274797065A7
:10C6E000223A0022436865636B53756D2045727270
:10C6F0006F72227D00224C656E67746820457272ED
:10C700006F72227D002243757272656E74205061D3
:10C71000636B6574204572726F72227D0022436FD5
:10C720006D6D616E64204572726F72227D00000033
:10C730001111080813131212120212000201020151
:10C7400002010C0D0E010F000001000201000200A9
:10C750000400080000802000100000080010000005
:10C760000000170100040402060208020A020C027B
:10C770000E0210021202140216010000C80E002060
:10C780003C020020000000003031323334353637AF
:10C790003839414243444546403058003031323305
:10C7A0003435363738396162636465664030780005
:10C7B00004FA97999999D93FAF788E1DC571CC3FEE
:10C7C0009FC678D0099AC33F935555555555E53FB7
:10C7D000599322942449D23FDE03CB966446C73F47
:10C7E00044523EDF12F1C23F000000000000000092
:10C7F00002400000000000A0000000000540000012
:10C80000000000C8000000000C4000000000409C38
:10C8100000000000194000000020BCBE0000000025
:10C8200034400000BFC91B8E00000004B54000006A
:10C83000504BCFD06607E2CF010000006C410000F2
:10C840003E8251AADFEEA73401000000D942000069
:10C85000DCB5A0E23A301F97FFFFFFFFB4450000B0
:10C86000FD25A0C8E9A3C14FFFFFFFFFFF3F000068
:10C870000000008000000000FF3F0000000000807A
:10C88000000000000000000000000000E9B0020805
:10C890000000000000000000000000009DB1020840
:10C8A00000000000202020200000000020200000C8
:10C8B00020000000C8DBCBBF28312900C8DBCBBF7C
:10C8C00028322900B5E7C1F73128412900000000CE
:10C8D000B5E7C1F73228412900000000B5E7D1B91A
:10C8E000285629002A0000002D2D0000313030305C
:10C8F00000000000313130300000000031303000E5
:10C90000313230300000000032303000333030003F
:10C9100034303000353030003630300037303000C1
:10C920003830300039303000313000003000000045
:10C93000C0A9D5B9B7D6C2B731000000B1BEB5D8CD
:10C94000B7D6C2B731000000D3C3BBA7B5E7C1F764
:10C9500031000000B5E7B3D8B5E7C1F731000000FA
:10C96000C0A9D5B9B7D6C2B732000000B1BEB5D89C
:10C97000B7D6C2B732000000D3C3BBA7B5E7C1F733
:10C9800032000000B5E7B3D8B5E7C1F732000000C8
:10C99000C0A9D5B9B7D6C2B733000000C0A9D5B970
:10C9A000B7D6C2B7340000003500000036000000E2
:10C9B000370000003800000039000000410000008E
:10C9C00042000000B5E7B3D8534F430043000000D6
:10C9D000440000004500000046000000C1AACDA8A8
:10C9E00035470000D2C6B6AF35470000B5E7D0C521
:10C9F00035470000B9E3B5E7354700004A47000076
:10CA0000304B0000434C0000534C00004E4A500095
:10CA10004A50000054590000CEB4B4A5B7A200009B
:10CA2000D2D1B4A5B7A20000D2ECB3A3000000009D
:10CA3000D5FDB3A300000000CEB4B6A800000000EE
:10CA4000CEB4B0F3B6A80000D2D1B0F3B6A80000BF
:10CA5000CBF8B6A800000000C1AACDA800000000D5
:10CA6000C6D5CDA800000000B3A3BFAA00000000F7
:10CA7000D2D1B6CFBFAA0000B6CFBFAA0000000037
:10CA8000D6C7C4DCBFD5BFAA00000000C0A9D5B975
:10CA9000B5A5D4AA00000000D2C6B6AF00000000C1
:10CAA000D7D4B6AF00000000B9ABB9B2B8E6BEAF9C
:10CAB00000000000BBB7BEB3B8E6BEAF0000000088
:10CAC000CAE4B3F6B5E7D1B9B8E6BEAF00000000DE
:10CAD000C8DBCBBFB8E6BEAF00000000C4A3BFE90F
:10CAE000B9CAD5CFB8E6BEAF00000000CAE4C8EBB3
:10CAF000B9CAD5CFB8E6BEAF00000000C8BCC1CFF0
:10CB0000B2BBD7E3B8E6BEAF00000000B8E6BEAFE8
:10CB1000BBD6B8B40000000020B6CCC2B7000000FD
:10CB2000B5E7B3D8B7D6C2B700000000B5CDD1B9CC
:10CB300000000000BAE3D1B90000000041CFE0B529
:10CB4000E7D1B90042CFE0B5E7D1B90043CFE0B5B6
:10CB5000E7D1B900B5E7B3D8B5A5CCE5B5E7D1B90C
:10CB600000000000CAE4B3F6B5E7D1B90000000048
:10CB7000CEACBBA4C4A3CABD00000000B2E2CAD4BC
:10CB8000C4A3CABD00000000C8ABB2BF00000000D3
:10CB9000B5E7B3D8C8DBCBBF00000000C6F4B6AF22
:10CBA000BDB5CEC200000000BDFBD3C30000000035
:10CBB000B2BBB3E4B2BBB7C50000000020B9FDB7FB
:10CBC000C50000003130BAC5000000003230BAC5DF
:10CBD000000000003330BAC5000000003430BAC590
:10CBE000000000003530BAC5000000003630BAC57C
:10CBF000000000003730BAC5000000003830BAC568
:10CC0000000000003930BAC5000000003131BAC55B
:10CC1000000000003231BAC5000000003331BAC54F
:10CC2000000000003431BAC5000000003531BAC53B
:10CC3000000000003631BAC5000000003731BAC527
:10CC4000000000003831BAC5000000003931BAC513
:10CC50000000000031BAC5003132BAC50000000042
:10CC60003232BAC5000000003332BAC500000000FD
:10CC70003432BAC5000000003532BAC500000000E9
:10CC80003632BAC5000000003732BAC500000000D5
:10CC90003832BAC5000000003932BAC500000000C1
:10CCA00032BAC5003133BAC5000000003233BAC50C
:10CCB000000000003333BAC5000000003433BAC5A9
:10CCC000000000003533BAC5000000003633BAC595
:10CCD000000000003733BAC5000000003833BAC581
:10CCE000000000003933BAC50000000033BAC500A7
:10CCF0003134BAC5000000003234BAC5000000006B
:10CD00003334BAC5000000003434BAC50000000056
:10CD10003534BAC5000000003634BAC50000000042
:10CD20003734BAC5000000003834BAC5000000002E
:10CD30003934BAC50000000034BAC5003135BAC56F
:10CD4000000000003235BAC5000000003335BAC516
:10CD5000000000003435BAC5000000003535BAC502
:10CD6000000000003635BAC5000000003735BAC5EE
:10CD7000000000003835BAC50000000035BAC50013
:10CD80003136BAC5000000003236BAC500000000D6
:10CD90003336BAC5000000003436BAC500000000C2
:10CDA0003536BAC5000000003636BAC500000000AE
:10CDB0003736BAC5000000003836BAC5000000009A
:10CDC00036BAC5003137BAC5000000003237BAC5DF
:10CDD000000000003337BAC5000000003437BAC580
:10CDE000000000003537BAC5000000003637BAC56C
:10CDF000000000003737BAC5000000003837BAC558
:10CE00000000000037BAC5003138BAC50000000084
:10CE10003238BAC5000000003338BAC5000000003F
:10CE20003438BAC5000000003538BAC5000000002B
:10CE30003638BAC5000000003738BAC50000000017
:10CE40003838BAC50000000038BAC5003139BAC553
:10CE5000000000003239BAC5000000003339BAC5FD
:10CE6000000000003439BAC5000000003539BAC5E9
:10CE7000000000003639BAC5000000003739BAC5D5
:10CE8000000000003839BAC50000000039BAC500FA
:10CE9000B5E7D0C500000000CAC70000BBB7BEB3ED
:10CEA000CEC2B6C800000000B5E7B3D8CEC2B6C83F
:10CEB00000000000B5CDB9C800000000C6F4B6AF50
:10CEC000BCD3C8C800000000BDBBC1F7C6B5C2CA0C
:10CED00000000000B9FDB5CD00000000C6BDB6CE13
:10CEE0000000000020464C415348B9CAD5CF00008D
:10CEF000CDA8D0C5B9CAD5CF00000000D4CBD0D0C2
:10CF000000000000B2E2CAD400000000B3A3B1D513
:10CF100000000000B7C0C0D700000000B5E7B3D8DC
:10CF200000000000B1BEB5D800000000B7C0C0D7F7
:10CF3000BFAAB9D800000000B9FDD4D80000000095
:10CF4000D6C7C4DC00000000CEDE0000B9FDB8DFAB
:10CF500000000000D0DDC3DF00000000C8B141CFF9
:10CF6000E000000041CFE0004142CFE000000000BF
:10CF7000C8B142CFE000000042CFE0004143CFE023
:10CF800000000000414243CFE00000004243CFE0F8
:10CF900000000000C8B143CFE000000043CFE00034
:10CFA000B5A5CFE000000000C8FDCFE00000000004
:10CFB000D0D0D2B5CDE20000B5CDB5E30000000081
:10CFC000B8DFB5E300000000B8A1B3E40000000042
:10CFD000D4A4B3E400000000BEF9B3E400000000F4
:10CFE00020B9FDB3E4000000B8DFB7E500000000A1
:10CFF000BCE2B7E500000000CFF7B7E50000000095
:10D00000CEB4B6A8D2E50000CDA3B5E7000000007D
:10D01000B5E7B3D8B9A9B5E700000000CAD6B6AFE6
:10D02000CFC2B5E700000000B5E7D1B9CFC2B5E780
:10D0300000000000C8DDC1BFCFC2B5E7000000009E
:10D04000B5E7B3D8CFC2B5E700000000B8BAD4D86E
:10D05000CFC2B5E700000000CAB1BCE4CFC2B5E75B
:10D06000000000004255434BB7C5B5E70000000083
:10D07000424F4F5354B7C5B5E7000000D6B1B7C50E
:10D08000B5E70000B7C5B5E700000000CAD6B6AFE7
:10D09000C9CFB5E700000000B9E3B5E70000000024
:10D0A0004255434BB3E4B5E700000000424F4F53F5
:10D0B00054B3E4B5E7000000D6B1B3E4B5E700002F
:10D0C000B3E4B5E700000000C4A3BFE9000000001E
:10D0D000CAD0B5E7CAE4C8EB00000000D3CDBBFA64
:10D0E000CAE4C8EB00000000D1CCCEED0000000087
:10D0F000B7F10000B5A5CFF200000000CBABCFF236
:10D100000000000020B5A5CCE5D1B9B2EEB4F30023
:10D11000BFD5B5F700000000CFDEC1F7000000006A
:10D12000C4A3BFE9CAE4C8EBB5E7C1F7000000003B
:10D13000BFAABBFA00000000B1A3BBA4B9D8BBFAD8
:10D1400000000000B9CAD5CFB9D8BBFA0000000072
:10D15000C6F4B6AFB7A2B5E7BBFA0000B7E7BBFAB3
:10D1600000000000B4FDBBFA00000000C3C5BDFB19
:10D1700000000000C1AACDA8C6E4CBFC000000005E
:10D18000D2C6B6AFC6E4CBFC00000000B5E7D0C500
:10D19000C6E4CBFC00000000B9E3B5E7C6E4CBFC75
:10D1A00000000000C7E5B3FD00000000CBAEBDFEEF
:10D1B00000000000CCFACBFE0000000030D20208D4
:10D1C000000000202C1100008C210008FCD902086E
:10D1D0002C110020A4A90000E82100081C00000078
:10D1E00043000000F8FFFFFF0C0000000E000000ED
:10D1F0000F0000002E00000091AEFFFF59AFFFFFAF
:10D2000059AEFFFF29AFFFFF49ADFFFFD9ADFFFFCB
:10D2100035AFFFFF19B0FFFF59ADFFFF81ADFFFF35
:10D22000A5ADFFFF21AEFFFFFDADFFFFD9ADFFFFB5
:10D23000137C111B209404130C121B203C041A2491
:10D2400004C112084704085F030408136816280A7B
:10D25000202687F437FE5FB73804290C21800F8021
:10D260003F2BF637C07F6A304033C461BF32016361
:10D27000100E2B841754032226022936011E100893
:10D280009015081624130A1C5802052E1201127854
:10D290002815504690657017C012A8165014F21247
:10D2A0007017E803E0101A1408076E281194117023
:10D2B00017CEFFE2FFC0124416D0072C010212C89D
:10D2C000490226D007F40134181762016002608316
:10D2D000600460056006600760086009640A600B0E
:10D2E00002121F1A3C5E12B412F00812172C0168C9
:10D2F00001A401E0011C0258029402D0025A1A0A49
:10D3000017B41A0B160E011A0A172C1A120114154B
:10D31000037B2F30110201BA02085B011010DA11F1
:10D3200010B9202DE614022110EB4C1508180C0141
:10D3300043921F0807E80302848E080B22D00710CF
:10D34000121E4910121EEBD007086112C88B5C1226
:10D3500002258813C0126B701702CB2C01026116D4
:10D360001815DC050119020B7501FF010D1A5E018C
:10D370002602045D24138813AD29A817285A010238
:10D38000B6B60E1B073A0C0C33011401FF012B1E1D
:10D3900002011B03030374FF01FFF20A395D12FF50
:10D3A000031C2602B21E08101131323334353637D1
:10D3B000383941424344454611180B422B40414005
:10D3C00043C0A8017004FA011F291519FA120112AD
:10D3D000644A200101205D10014008085A04083900
:10D3E000AF190839BF1908112945451801404019DE
:10D3F00008395419085A10083940190839401908D1
:10D400003940190839401A1440292129082931299D
:10D410000829418A0C20690839381908394819083F
:10D420003958190839681930112929195811292929
:10D43000290829292908292929082929290859B029
:10D440001129B129702908294029382908A2800208
:10D4500013053B90224291DAD81001201A0B0139B2
:10D46000BB0A2C233801CC52E11A010281CA2001E7
:10D47000191D540801044009F0D0020898CE020892
:10D4800013A00648082040CF020860CA101AB01046
:10D490001E48D1020864041AFC245AF4281AC01841
:10D4A0001E34CB02081C2C1AA02C2904411AD818AF
:10D4B0001A04181A0C04395C294019241A64101E25
:10D4C000C4C902083C081A44041A4C041A20541A0D
:10D4D0008C381A540C1AC8581A5C281A70041A94FA
:10D4E000041A24141A801C1AC89C1AA81C1A9C041A
:10D4F000296C1A10101A6C381AAC041AE80C1A1499
:10D50000141A5C0C1A10041AD0101ADC041A2C1409
:10D510001A90401EB4C80208BC04298039CC190CEA
:10D520001B54CCAC19041AEC041E38CD02087C0440
:10D530001AC0041A04601A48041A8C042AC4C019B8
:10D54000201A58041AA4041AF0041A3C241A80045D
:10D550001AC4041A08241A4C041ACC281A141C1AC7
:10D5600060041AAC041AF8041A44201A88041ACC6D
:10D57000041A10241A54041AD4281A1C1C1A6804F9
:10D580001AB40411191C1A4C041A90041AD4042A4F
:10D5900018FC19041ADC281A24201A70041ABC0476
:10D5A0001A081C1A54041A98041ADC041A20241AA3
:10D5B00064041AE4281A2C201A78041AC4041A10D5
:10D5C0001C1A5C041AA0041AE4041A28241A6C0415
:10D5D0001AEC281A34201A80041ACC041A181C1ABF
:10D5E00064041AA8041AEC041A30241A74041AF4F5
:10D5F000281A3C201A88041AD4041A201C1A6C0415
:10D600001AB0041AF4041A38241A7C041AFC281AD2
:10D6100044201A90041ADC041A281C1A74041AB83C
:10D62000041AFC041A40241A84041A041C1A4C0418
:10D630001A98041AE4041A301C411BB0C86019205F
:10D640001B4CCF3C1ACAC019041B5CD06419141AB5
:10D65000F0041A080C1A381C1A2C681AE4101A184C
:10D66000081ABC041AE0144B04D144138807122092
:10D6700019041308092A20502AA4181948411A58D5
:10D68000145EFCC9020814101A6C101A0C0C5A1003
:10D69000101A7C101AA4341AF0501AE8041ADC6428
:10D6A0001AB404411AC8102AD86819041A8488299F
:10D6B0008C4129301AF814411AAC0C5A044C290C2C
:10D6C0005A080C1AA4581A8C041ABC041AC8042A42
:10D6D000D40899505A48401AF4181A540C1A30B405
:10D6E0001A48041AE844411A180C1A304C1AF48CDF
:10D6F00069141B200ABC19041A10041A381C0912D8
:10D70000B41A401C1AC0A84BB0CBB4412A5C1419FF
:10D71000285AB8741A70101AA8202AFCB01DC90221
:10D72000080C041A1004411A801C299C1A9C041A23
:10D7300078041A8C041A64041A7C041A68045A8443
:10D74000445A9C441A28645A58681AC4141A8C0CF7
:10D7500069145A1C181AD8181A3C601A6C041A302A
:10D76000041A60041A90045A9C74DAF0385A343857
:10D7700013100B1B2088641A98EC1A58041A90E4B2
:10D780002A98DC19841EB4D10208201C411A2828CA
:10D790001119181AE4501A80181ADC081A74081A99
:10D7A000EC081A8C081AF4081A98082934293C5AEB
:10D7B0001CC41A50381A70581AF43C5AFC741A884F
:10D7C000141AA01429BC299439EC19141A68141AD3
:10D7D0000C3829F4411A18101A2004411AB0201BE1
:10D7E0005007AC19044B08090829041AC0181A4834
:10D7F000341AEC281AC0041ADC041AD0041AB4042F
:10D800001AA8041AFC041A9C501ABCD81A509C1A64
:10D810004C705A40741AE83C1AA83C5AA0AC132425
:10D820000C1B20240C2A5CD429D019041AA404410E
:10D830001A48085A780C1A4C281A540C5A84101A90
:10D840005C101BC4C87819041ADC04411A6C142932
:10D85000981AFC101A08281A0C041A10041A140436
:10D860001A18041A1C041A20041A24041AEC242A74
:10D87000F43859501A803C1A2C0CE9881AA8041A5A
:10D88000AC041AB0041AB4041AB8041AE43829040F
:10D89000411ABC38A9040926441ABC041AC0041A47
:10D8A000CC041AD0041AD4045AD88C11120D0A1AB6
:10D8B00020041E40CA020848045A5004411A641841
:10D8C00009267C5A28C4411A7C381B48CF84190485
:10D8D0001EB8D002087C041AA0041AAC041A64040E
:10D8E0002A70081809D1020804CB020838081A4423
:10D8F000041A700C1A7C041A54345A28801AB4483A
:10D900001BAA03A0311AFC0C5ABB0C13080E4C20A6
:10D9100086060C1A140C2165D204F2035A01041174
:10D92000A2FF3B34242C1B010119450AFB2C7B036D
:10D930005644161A88A47AFF011987990C012617F4
:10D940000303060606041A0401800D1C1A1B141694
:10D95000171516131D1E1F100C01052004020304C9
:10D9600002080110E2081A68E83205091204300DB5
:10D97000141414191E231E1E1E23282D1A8C49123E
:10D98000017955011002210102190A150710300E04
:10D9900013121010152210010F01101004107D0237
:10D9A000010102104202040506140102085C01088C
:10D9B000036563D6064AD6115104180501046310A5
:10D9C0002733B41465424445471A3CCA0921B201C1
:10D9D0001A1AAA010119A2517A010101283AFF017C
:10D9E000794009273721130C7AD220340280032E84
:0CD9F000119BD701B448B21F223C825AA0
:04000005080021517D
:00000001FF
