:020000040800F2
:1020000020360120E1220008E9220008EB22000826
:10201000ED220008EF220008F12200080000000075
:102020000000000000000000000000003D22000849
:10203000F52200080000000081220008D5BA01083E
:10204000FB220008FB220008FB220008FB220008FC
:10205000FB220008FB220008FB220008FB220008EC
:10206000FB220008FB220008FB220008FB220008DC
:10207000FB220008FB220008FB220008FB220008CC
:10208000FB220008FB220008FB220008452900086B
:102090002529000835290008FB220008FB2200083A
:1020A000FB220008FB220008FB220008FB2200089C
:1020B000FB220008FB220008FB220008FB2200088C
:1020C000FB220008FB220008FB220008FB2200087C
:1020D000FB220008FB220008FB220008FB2200086C
:1020E000FB220008FB220008FB220008FB2200085C
:1020F000FB220008FB220008FB2200080000000071
:10210000FB22000800000000FB220008FB22000860
:10211000E52C0008FB220008FB220008FB22000837
:10212000FB220008FB220008FB220008FB2200081B
:10213000FB220008FB220008FB220008752900088A
:102140005529000865290008FB220008FB22000829
:1021500000F002F800F063F80AA090E8000C824456
:102160008344AAF10107DA4501D100F058F8AFF233
:10217000090EBAE80F0013F0010F18BFFB1A43F065
:102180000103184750BB010070BB01000A444FF027
:10219000000C10F8013B13F0070408BF10F8014BC6
:1021A0001D1108BF10F8015B641E05D010F8016B0B
:1021B000641E01F8016BF9D113F0080F1EBF10F86F
:1021C000014BAD1C0C1B09D16D1E58BF01F801CB92
:1021D000FAD505E014F8016B01F8016B6D1EF9D515
:1021E0009142D6D37047000000230024002500262A
:1021F000103A28BF78C1FBD8520728BF30C148BF6A
:102200000B6070471FB59DE8030000F097FA00F0DF
:10221000A5F91FBD10B5002016F03FFC10BD00F061
:10222000E1FA1146FFF7EEFF17F0F2FF00F019FB9D
:1022300003B4FFF7EFFF03BC00F020FB204B19684D
:102240000868B0E8F00F80F30988BFF36F8F4FF094
:10225000000080F311884EF00D0E70470000000062
:1022600006480068006880F3088862B661B6BFF36C
:102270004F8FBFF36F8F00DF00BF00BF08ED00E09E
:10228000EFF30980BFF36F8F0D4B1A6820E9F00F51
:10229000106008B54FF0BF0080F3118819F0D0FB33
:1022A0004FF0000080F31188BDE808401968086805
:1022B000B0E8F00F80F30988BFF36F8F704700BF5D
:1022C00050080020EFF311804FF0BF0181F3118817
:1022D000704780F311887047EFF305807047000066
:1022E0000948804709480047FEE7FEE7FEE7FEE7AA
:1022F000FEE7FEE7FEE7FEE7FEE7FEE704480549E6
:10230000054A064B70470000652C00085121000863
:1023100020F6002020360120201601202016012062
:10232000014A00F093B900004809002030B5054685
:102330000B462A4613F8014B12F8010B08B1A042D4
:10234000F8D01CB1002802D06D1CF1E7284630BD42
:1023500010B5431C02E010F8011B71B18107FAD1DE
:102360004FF0013202C88C1A8C4314EAC211F9D022
:10237000C01A0A0603D0C01E10BDC01A10BD0A0440
:1023800001D0801E10BD0902FCD0401E10BD421EAF
:1023900012F8013F002BFBD111F8013B002B02F892
:1023A000013BF9D17047032A40F2308010F0030C52
:1023B00000F0158011F8013BBCF1020F624498BF98
:1023C00011F801CB00F8013B38BF11F8013BA2F135
:1023D000040298BF00F801CB38BF00F8013B11F0B0
:1023E000030300F05581083AC0F0088051F8043B1F
:1023F000083A51F804CBA0E80810F5E7121D5CBFBD
:1024000051F8043B40F8043BAFF30080D20724BFEF
:1024100011F8013B11F801CB48BF11F8012B24BF83
:1024200000F8013B00F801CB48BF00F8012B7047D2
:1024300002F0FF0343EA032242EA024200F002B83C
:102440004FF000020429C0F0128010F0030C00F0DD
:102450001B80CCF1040CBCF1020F18BF00F8012B5B
:10246000A8BF20F8022BA1EB0C0100F00DB85FEA29
:10247000C17C24BF00F8012B00F8012B48BF00F8F5
:10248000012B70474FF0000200B513469446964664
:10249000203922BFA0E80C50A0E80C50B1F1200177
:1024A000BFF4F7AF090728BFA0E80C5048BF0CC025
:1024B0005DF804EB890028BF40F8042B08BF704783
:1024C00048BF20F8022B11F0804F18BF00F8012BF5
:1024D000704700004FF0013C50F8042B51F8043BCA
:1024E0009A4221D1A2EB0C03934313EACC1317D1E8
:1024F00050F8042B51F8043B9A4215D1A2EB0C037F
:10250000934313EACC130BD150F8042B51F8043B3E
:102510009A4209D1A2EB0C03934313EACC13DBD00C
:102520004FF00000704700BFD01A01BAB1FA81F134
:1025300001F0180122FA01F0CB40C1F12001DBB219
:10254000C0B2C01A2CFA01F3D11A914311EAC31197
:10255000E6D17047704770477047000070B5064C71
:102560007C44064D7D4403E0206820448047241DC0
:10257000AC42F9D170BD000090B70100C0B70100B6
:1025800000487047F8F5002070B5064600F0B6F830
:10259000056806F10B0020F00704B4429CBF002040
:1025A00070BD2B466A68BAB11068A04210D304F11E
:1025B000080188423CBF5068586007D35168101921
:1025C00041601168091B016058601460101D70BDE6
:1025D00013465268002AE7D12146284600F09AF8AF
:1025E0000028DED170BD70B50446051F00F086F8E6
:1025F0000068002C14BF446870BD002C18BFAC42AA
:102600003CBF20466468F8D301680A18AA4218BF84
:10261000456003D12A6805461144016028684119C4
:10262000A1421CBF6C6070BD61686960216808448C
:10263000286070BD10B500F065F8006810BD10B5D9
:10264000044600F05FF8046010BD00002DE9F04181
:1026500015460E46040002D12C6804B90BA420468E
:1026600000F0B2F80444207870B12746314638466D
:1026700000F09AF80444207810B1002004F8010B0F
:1026800038462C60BDE8F0810027F9E70000000023
:1026900010B5203AC0F00B80B1E81850203AA0E8FD
:1026A0001850B1E81850A0E81850BFF4F5AF5FEA31
:1026B000027C24BFB1E81850A0E8185044BF18C9E4
:1026C00018C0BDE810405FEA827C24BF51F8043B8B
:1026D00040F8043B08BF7047D20728BF31F8023BDF
:1026E00048BF11F8012B28BF20F8023B48BF00F873
:1026F000012B704700487047C0F500200048704724
:10270000C8F5002000487047C0F5002070477047AA
:102710007047704738B504460A4600206946AFF353
:102720000080002808BF38BD02460099204600F00E
:102730007EF8012038BD012000F099B8F8B5AFF35C
:102740000080054600200C46102000BF0646A81950
:10275000A0420DD9324669460020AFF30080070041
:1027600008BF00F084F80098A04218BF0546C419BD
:10277000FFF7C4FF05600746F01D20F0070046196B
:10278000284600F00AF8B44208BFF8BDA21B314643
:102790003868BDE8F84000F04AB800210160C0E99F
:1027A000011070471020704730B503461D781DB1E9
:1027B0000A4603E0AC4201D1181A30BD12F8014BB1
:1027C000002CF7D15B1CF1E730B503461D783DB115
:1027D0000A4612F8014B1CB1AC42FAD15B1CF5E77A
:1027E000181A30BD7546FFF785FFAE4605006946ED
:1027F000534620F00700854618B020B5FFF77EFD50
:10280000BDE820404FF000064FF000074FF00008F1
:102810004FF0000B21F00701AC46ACE8C009ACE872
:10282000C009ACE8C009ACE8C0098D467047034652
:1028300040688C46002818BF88423CBF0346406869
:10284000F8D318681844884207D00CF1030020F030
:102850000700001D411A521A0146081D0A60FFF7C1
:10286000C2BE0446AFF300802046FFF7E1FC10B57E
:1028700000F010F8BDE8104000F007B8014918203A
:10288000ABBEFEE7260002007047002801D0FFF72C
:10289000F5BF704710B5012805D0002103A000F056
:1028A00021F8012010BD09A1F8E700005349475263
:1028B000544D454D3A204F7574206F662068656110
:1028C00070206D656D6F7279000000003A204865D8
:1028D0006170206D656D6F727920636F72727570B3
:1028E0007465640070B505460C460A2000E06D1C56
:1028F00000F011F835B128780028F8D102E0641C06
:1029000000F009F814B120780028F8D1BDE8704033
:102910000A20AFF3008008B569468DF80000032057
:10292000ABBE08BD10B50021014812F001FD10BD7D
:102930008C09002010B50121014812F0F9FC10BDEE
:102940008C09002010B5024812F022FD10BD0000D5
:102950008C09002010B50021014812F0E9FC10BDDF
:10296000A409002010B50121014812F0E1FC10BDBE
:10297000A409002010B5024812F00AFD10BD0000A5
:10298000A409002070B504460D46204616F00EFD41
:10299000204617F0E7FC2946204616F00FFC0649B2
:1029A00051F82400022116F0C6FD034951F8240015
:1029B000012116F0C0FD70BD50D701080146CA17AD
:1029C00001EB92729210A1EB820292B9642091FB0A
:1029D000F0F200FB121050B94FF4C87091FBF0F206
:1029E00000FB121008B9012070470020FCE701200D
:1029F000FAE70020F8E7000070B500260024002563
:102A000018F04CFB06463F48B6FBF0F43E48008801
:102A1000A04246D03C490C8040F2B2750EE02846F8
:102A2000FFF7CCFF30B1B4F5B77F02D3A4F5B7748C
:102A300002E006E0A4F26D14681C85B2B4F5B67F1E
:102A4000EDD800BF314805800088314988800025D5
:102A500016E02E480088FFF7B1FF30B1012D04D1F8
:102A60001D2C01D31D3C09E00CE02A48405DA0422A
:102A700003D82848405D241A00E003E0681C85B2B2
:102A80001C2CE6D200BF681C2149096860F39951EB
:102A90001F480160601C1E49096860F355411C48CD
:102AA00001601848B6FBF0F100FB11644FF461605F
:102AB000B4FBF0F11648006861F310301449086067
:102AC0004FF46160B4FBF0F100FB11403C21B0FB1E
:102AD000F1F10F48006861F38B100D4908604FF465
:102AE0006160B4FBF0F100FB11403C21B0FBF1F25E
:102AF00001FB12010648006861F305000449086003
:102B0000002070BD80510100FE030020FC03002066
:102B1000F403002000D801082DE9F05F06460F46B7
:102B200090469946DDE90AAB002440F2B270864235
:102B300003DB40F63300864202DD0120BDE8F09F52
:102B400040F2B2750AE02846FFF738FF10B11F487F
:102B5000044401E01E480444681C85B2B542F2DB1F
:102B6000781EC7B2002510E01A48405D40F2A3214C
:102B7000484304EBC0143046FFF720FF18B1012D85
:102B800001D115480444681C85B2BD42ECDBA8F1B4
:102B9000010040F2A321484304EBC014C9EB4910E3
:102BA000C0EB092004EB0014CAEB0A1004EB80040C
:102BB0005C4417F05BFC18F093FA204618F078FAA2
:102BC000204618F075FA0020B8E700000085E20101
:102BD0008033E10100D80108805101001CB540F2AA
:102BE0001B7018F00BFA40F21C7018F007FA17F07F
:102BF0003DFC0B2016F0A6FA45F65A2188422FD04C
:102C000016F0D6FA4FF4006018F052F94FF4006055
:102C100018F05EF94FF4807018F020FA40F60F00BB
:102C200018F0ECF918F076FA18F05AFA012018F0BA
:102C30004FFA18F055FA47F6FF7018F05BFA18F0E3
:102C40004FFA0B20009003461B220521019040F211
:102C5000E570FFF761FF45F65A210B2016F08EFA5A
:102C60001CBD000010B51848006840F0010016496E
:102C700008600846406815490840134948600846FE
:102C8000006813490840104908600846006820F4AD
:102C900080200860084640680E4908400A4948609C
:102CA0000020C862084600680B49084006490860D1
:102CB0004FF47F00886018F04FFB084CA4F25114C9
:102CC0000748046010BD0000001002400C00FFE047
:102CD000FFFFF6FEFFFF00DFFFFFF6EA51210008CD
:102CE00008ED00E010B5024815F0C8FD10BD000069
:102CF000DC09002070B504460D46204618F01EFC85
:102D00002946204618F074FB204618F0BDFC044903
:102D100051F8240040F2053118F07FFC70BD00002E
:102D2000CCD7010810B504464021094817F012F825
:102D30002146084818F044FA00BF8021054818F0E1
:102D40006DFA0028F9D14021014817F005F810BDAF
:102D5000000801400030014010B5044640210948F8
:102D600016F0FAFF2146084818F02AFA00BF802121
:102D7000054818F053FA0028F9D14021014816F00F
:102D8000EBFF10BD000801400030014030B50246A5
:102D900002230878302802DB0878462801DD00206D
:102DA00030BD4878302802DB4878462801DD002015
:102DB000F6E70020107012E00878402802DA087860
:102DC0003038C4B20878402802DD08783738C4B2F9
:102DD000491C10789D0004FA05F52843107018006E
:102DE000A3F10105EBB2E7D10120D9E770B50346A5
:102DF0000C464FF6FF7111E013F8010B414000251E
:102E00000AE001F0010020B149104AF201004140FE
:102E100000E04910681CC5B2082DF2DB2000A4F1C7
:102E20000104E9D11088884201D1002070BD1180D1
:102E30004FF0FF30FAE7000030B50446A4480088A0
:102E4000C0F38510A2490968C1F30431C1EB011137
:102E500000EB810504EB840000EBC4009D4901EB0D
:102E60004000B0F90200A8420EDC04EB840000EB45
:102E7000C40001EB4000B0F90400A84204DD0021C9
:102E8000204608F011FE30BD04EB840000EBC400C6
:102E9000904901EB4000B0F90400A8420EDC04EBBD
:102EA000840000EBC40001EB4000B0F90600A8422A
:102EB00004DD0121204608F0F7FDE4E704EB84007F
:102EC00000EBC400834901EB4000B0F90600A842C2
:102ED0000EDC04EB840000EBC40001EB4000B0F911
:102EE0000800A84204DD0221204608F0DDFDCAE703
:102EF00004EB840000EBC400764901EB4000B0F91C
:102F00000800A8420EDC04EB840000EBC40001EBD7
:102F10004000B0F90A00A84204DD0321204608F071
:102F2000C3FDB0E704EB840000EBC400694901EB8A
:102F30004000B0F90A00A8420EDC04EB840000EB6C
:102F4000C40001EB4000B0F90C00A84204DD0421EC
:102F5000204608F0A9FD96E704EB840000EBC400CE
:102F60005C4901EB4000B0F90C00A8420EDC04EB18
:102F7000840000EBC40001EB4000B0F90E00A84251
:102F800004DD0521204608F08FFD7CE704EB84007A
:102F900000EBC4004F4901EB4000B0F90E00A8421D
:102FA0000EDC04EB840000EBC40001EB4000B0F940
:102FB0001000A84204DD0621204608F075FD62E7F6
:102FC00004EB840000EBC400424901EB4000B0F97F
:102FD0001000A8420EDC04EB840000EBC40001EBFF
:102FE0004000B0F91200A84204DD0721204608F095
:102FF0005BFD48E704EB840000EBC400354901EBBE
:103000004000B0F91200A8420EDC04EB840000EB93
:10301000C40001EB4000B0F91400A84204DD08210F
:10302000204608F041FD2EE704EB840000EBC400CD
:10303000284901EB4000B0F91400A8420EDC04EB73
:10304000840000EBC40001EB4000B0F91600A84278
:1030500004DD0921204608F027FD14E704EB840075
:1030600000EBC4001B4901EB4000B0F91600A84278
:103070000EDC04EB840000EBC40001EB4000B0F96F
:103080001800A84204DD0A21204608F00DFDFAE6EA
:1030900004EB840000EBC4000E4901EB4000B0F9E2
:1030A0001800A84202DCB5F5B46F0ADB04EB84001B
:1030B00000EBC400074901EB4000B0F90200A84250
:1030C00004DD0B21204608F0EFFCDCE60020DAE608
:1030D000F4030020C80100202DE9F74F81B0054618
:1030E000174600244FF00108029E50E005EBC40093
:1030F000407800F03F0915F8340000F0070ABAF1F3
:10310000030F02D0BAF1040F02D14FF0040807E018
:10311000BAF1020F02D14FF0020801E04FF00108AE
:1031200015F8340000F0080008281BD105EBC40096
:1031300040680090009818B9002004B0BDE8F08FF6
:103140004FF0000B09E0002231460098FFF7C4FF62
:1031500006460BF1010000F0FF0BCB45F3DBB01C82
:1031600086B211E0B9F1010F0BDD05EBC400406838
:1031700038B14FEA480000FB09F0801C304486B2A9
:1031800002E006EB480086B2601CC4B200BF15F82E
:1031900034000028AAD107B13C803046CDE730B5D5
:1031A00002460B4602240EE01878A500284100F0E4
:1031B0000F010A2903DA01F13000107002E001F179
:1031C00037001070521C2000A4F10105ECB2EBD1C5
:1031D00030BD000012490978124A12681170124974
:1031E0000978012905D1114909780E4A12685170F0
:1031F00006E00D49097819B900210A4A1268517090
:103200000B490978074A126891700A490978054AFA
:103210001268D17008490978024A12681171704722
:10322000A0030020A8040020EE020020B603002026
:10323000EF020020B4030020B703002030B508B12E
:10324000094C2060084C246844B1074C2468217064
:10325000054C24686260044C24686370024C246846
:103260000834014D2C6030BD4409002038B50546B6
:103270000C4604F1090168460AF0F8F804F10A0165
:103280000DF101000AF0F2F804F10B010DF102005A
:103290000AF0ECF804F10C010DF103000AF0E6F875
:1032A0009DF800009DF8011008449DF802100844A4
:1032B0009DF80310084400F00F0008B1002038BD4D
:1032C00004F1090008F0FAF9C0F30B00288001208E
:1032D000F5E70000F0B587B005460E461746BDF885
:1032E000180065F304000690BDF8180020F02000D7
:1032F0000690BDF8180066F38B100690BDF8180014
:1033000067F30F30069000240AE05748006830F851
:103310001400BDF81810884200D105E0601CC4B24A
:1033200052480078A042F0DC00BF50480078A0422C
:1033300001D107B0F0BD0AE04B480168601C31F8CC
:1033400010004949096821F81400601CC4B24748BC
:103350000078A042F0DC45488078401E43498870E0
:1033600008460078401E08700846807848700020A3
:1033700005900490BDF8180020F020002030069041
:10338000022304AA99023A4800680FF093FDBDF8A1
:1033900010004AF2A551884209D008460490022341
:1033A00004AA9902324800680FF020FF07E00223C8
:1033B00005AA40F602012E4800680FF07BFD2D495A
:1033C00003C9CDE90101BDF81800ADF80A00BDF848
:1033D0001410284609F01AFF0390BDF8140000EB02
:1033E0004000800000F6040081B20C2301AA2048AE
:1033F00000680FF0FBFEBDF81400401C80B2059081
:10340000BDF814001C494880BDF814000880BDF8C0
:103410001400B0F5FA6F01D100200590BDF814003A
:1034200016494881164840894989884211D1144972
:10343000488908F0BDFF12484089401C1049488166
:10344000022301F10A0246F2CE51094800680FF04A
:10345000CDFE022305AA40F60201054800680FF0E0
:10346000C5FE00BF65E70000D0030020DF07002095
:1034700000040020F4030020D8070020C00700202B
:10348000CC0700200A7802F01F02032A09D00A782C
:1034900002F01F02042A04D00A7802F01F02042A54
:1034A00018D10A88120B12B90022827106E00A882C
:1034B0000123B3EB123F01D1012282710A7802F09D
:1034C0001F020E32C2710A78C2F34012C2F1010229
:1034D000027266E10A7802F01F02062A09D00A7811
:1034E00002F01F02072A04D00A7802F01F02082AFD
:1034F00012D10A880123B3EB123F01D1022282715B
:103500000A7802F01F020B32C2710A78C2F340122D
:10351000C2F10102027244E10A7802F01F02092A94
:1035200015D10A88120B12B90422827106E00A88AA
:103530000123B3EB123F01D1032282711022C27129
:103540000A78C2F34012C2F10102027229E10A783C
:1035500002F01F021A2A04D00A7802F01F021C2A65
:103560000AD1052282711022C2710A78C2F3401278
:10357000C2F10102027214E10A7802F01F021B2A52
:103580000AD1052282712022C2710A78C2F3401248
:10359000C2F10102027204E10A7802F01F02172A46
:1035A0000AD1062282711022C2710A78C2F3401237
:1035B000C2F101020272F4E00A7802F01F020F2A3F
:1035C00019D10A880723B3EB123F02D1042282717A
:1035D00006E00A880623B3EB123F01D1062282716E
:1035E0000A88C2F38512C2710A78C2F34012C2F18E
:1035F00001020272D5E00A7802F01F02012A15D1F9
:103600000A88120B12B90022827106E00A8801238F
:10361000B3EB123F01D1012282710022C2710A78FC
:10362000C2F34012C2F101020272BAE00A7802F05B
:103630001F021D2A0AD1022282711022C2710A7849
:10364000C2F34012C2F101020272AAE00A7802F04B
:103650001F021E2A04D00A7802F01F021F2A0DD171
:10366000032282710A7802F01F02921CC2710A784A
:10367000C2F34012C2F10102027292E00A7802F033
:103680001F02122A0AD1052282711022C2710A7801
:10369000C2F34012C2F10102027282E00A7802F023
:1036A0001F02112A0DD1062282710A88C2F38512E7
:1036B0002032C2710A78C2F34012C2F101020272D2
:1036C0006FE00A7802F01F02102A15D10A88012340
:1036D000B3EB123F02D10022827104E00A88120B80
:1036E0000AB9012282710022C2710A78C2F3401223
:1036F000C2F10102027254E00A7802F01F02142A99
:103700000AD1042282710022C2710A78C2F34012E7
:10371000C2F10102027244E00A7802F01F02162A86
:103720000AD1052282710022C2710A78C2F34012C6
:10373000C2F10102027234E00A7802F01F02152A77
:103740000AD1062282710022C2710A78C2F34012A5
:10375000C2F10102027224E00A7802F01F020E2A6E
:103760000DD1002282710A88C2F385122032C27103
:103770000A78C2F34012C2F10102027211E00A7823
:1037800002F01F020D2A0CD1012282710A88C2F3B5
:1037900085122032C2710A78C2F34012C2F10102CE
:1037A0000272704701B5694648780A7800EB02203A
:1037B00080B208BD2DE9F041FB48007808B9BDE8AA
:1037C000F081002498E0012600270521F7480068D1
:1037D00014F003F90546F6480068408A06FA04F139
:1037E000084000B101270C2C06D1F24800782028AF
:1037F00001D1002700E00127EF4830F81400C0F3A2
:103800000020B8423CD106FA04F0EC49098808408F
:1038100000286FD1E84A32F81420C2F34222511C2A
:10382000E54A12F814201432D0B200220DF060FBE9
:10383000E14810F814001430012101FA00F0E049C9
:1038400009680843DE49086006FA04F0DB49098884
:103850000843DA490880D84810F8140014301E28AC
:1038600003D1287840F080002870D34810F8140065
:1038700014301F283ED1687840F08000687039E02D
:1038800006FA04F0CD490988084098B3CA4A32F8CC
:103890001420C2F34222511CC74A12F814201432D9
:1038A000D0B20022FFF716FDC34810F81400143000
:1038B00001218140C24800688843C149086006FA76
:1038C00004F0BE4909888143BC480180BA4810F819
:1038D000140014301E2803D1287800F07F002870CF
:1038E000B54810F8140014301F2803D1687800F090
:1038F0007F006870601CC4B20D2CFFF664AF00201E
:10390000B0490870B04800680088B049098888420A
:1039100017DDAF480068007800F0010020B90222EE
:10392000002101200DF0E4FAA9480068006820F0A9
:103930000100401CA649096808600220A1490870DE
:1039400012E0A3480068007800F0010020B10222D4
:1039500000210120FFF7BEFC9D480068006820F0B0
:1039600001009B49096808609748006800889949E8
:103970000988884217DA964800680078C0F340004A
:1039800020B90122002110460DF0B2FA90480068DB
:10399000006820F00200801C8D4909680860012041
:1039A0008849087012E08A4800680078C0F3400037
:1039B00020B1012200211046FFF78CFC84480068EA
:1039C000006820F0020082490968086000208249EE
:1039D00008704870887081480068008880490988AC
:1039E000884217DD7A4800680078C0F3800020B96B
:1039F0000222002103200DF07BFA75480068006860
:103A000020F00400001D7249096808600220724914
:103A1000087012E06E4800680078C0F3800020B1A2
:103A2000022200210320FFF755FC69480068006866
:103A300020F004006649096808606848006800884A
:103A400068490988884217DA614800680078C0F33D
:103A5000401020B90122002103200DF049FA5C48F2
:103A60000068006820F0200020305949096808608B
:103A700001205949087012E0554800680078C0F3E9
:103A8000401020B1012200210320FFF723FC504801
:103A90000068006820F020004D49096808604F4820
:103AA0000068808A50490988884215DD48480068C6
:103AB0000088C0F3002020B90222002106200DF06A
:103AC00017FA43480068006820F4807000F58070A1
:103AD0003F490968086012E03D4800680088C0F36B
:103AE000002020B1022200210620FFF7F3FB384816
:103AF0000068006820F480703549096808603B4818
:103B00000078002874D13548006840883449098815
:103B1000884217DD2E4800680078C0F3C00020B945
:103B20000222002104200DF0E3F929480068006812
:103B300020F008000830264909680860022026495C
:103B4000487012E0224800680078C0F3C00020B13D
:103B5000022200210420FFF7BDFB1D480068006819
:103B600020F008001A49096808601C48006880882D
:103B70001B49098888423CDD154800680078C0F37D
:103B8000001020B90222002105200DF0B1F91048E3
:103B90000068006820F0100010300D4909680860C6
:103BA00002200D49887037E0B8030020AC030020E4
:103BB00000040020BA030020AE010020B807002056
:103BC000BC030020F0070020A40300207A0100209D
:103BD000BC07002078010020E8070020C003002077
:103BE000740100207201002076010020F002002004
:103BF000A5E1FE4800680078C0F3001020B1022261
:103C000000210520FFF766FBF8480068006820F0F7
:103C10001000F64909680860F54800684088F549D1
:103C20000988884217DAF14800680078C0F38010EC
:103C300020B90122002104200DF05AF9EB48006858
:103C4000006820F040004030E84909680860012021
:103C5000E949487012E0E54800680078C0F3801038
:103C600020B1012200210420FFF734FBDF48006867
:103C7000006820F04000DD4909680860DC48006801
:103C80008088DC490988884217DAD84800680078BB
:103C9000C0F3C01020B90122002105200DF028F941
:103CA000D2480068006820F080008030CF49096861
:103CB00008600120D049887012E0CC480068007884
:103CC000C0F3C01020B1012200210520FFF702FB44
:103CD000C6480068006820F08000C4490968086090
:103CE000C3480068008841F28831884218DABF482A
:103CF00000680088C0F3403020B9002211460A2035
:103D00000DF0F6F8B9480068006820F4005000F59E
:103D10000050B649096808600320B749087012E0EE
:103D2000B24800680088C0F3403020B1002211463C
:103D30000A20FFF7CFFAAD480068006820F4005071
:103D4000AA4909680860AA480068408841F2883199
:103D5000884218DAA54800680088C0F3803020B98E
:103D6000002211460B200DF0C3F8A048006800683F
:103D700020F4804000F580409C49096808600320D9
:103D80009D49487012E0994800680088C0F380306F
:103D900020B1002211460B20FFF79CFA93480068DF
:103DA000006820F4804091490968086090480068E4
:103DB000808841F28831884218DA8C48006800888F
:103DC000C0F3C03020B9002211460C200DF090F84D
:103DD00086480068006820F4004000F500408349F0
:103DE0000968086003208449887012E07F480068F1
:103DF0000088C0F3C03020B1002211460C20FFF72C
:103E000069FA7A480068006820F400407749096838
:103E10000860764800680088C0F34030E8B1734815
:103E200000680088C0F38030B8B17048006800882E
:103E3000C0F3C03088B171480078F8B901206F49EB
:103E40000870E0206C49C87102206D490870082292
:103E500000211A200DF04CF810E068480078012885
:103E60000CD1002065490870082200211A20FFF7B4
:103E700031FA00206049C871614908705C480068E7
:103E8000C08A60490988884215DD58480068008862
:103E9000C0F3402020B90222002107200DF028F8AD
:103EA00052480068006820F4007000F500704F4927
:103EB0000968086012E04D4800680088C0F340209F
:103EC00020B1022200210720FFF704FA47480068CA
:103ED000006820F40070454909680860444800689B
:103EE000008B48490988884215DD404800680088F1
:103EF000C0F3802020B90222002108200CF0F8FF36
:103F00003A480068006820F4806000F58060374916
:103F1000096808604EE0354800680088C0F38020DA
:103F200020B1022200210820FFF7D4F92F480068B1
:103F3000006820F480602D49096808603AE02C4848
:103F40000068008841F2883188421BDA27480068FF
:103F50000088C0F3403068BB24480068006820F443
:103F6000005000F50050214909680860E02022490E
:103F7000C871022022490870082200211A200CF082
:103F8000B7FF17E0194800680088C0F3403088B1D7
:103F900016480068006820F4005014490968086059
:103FA000082200211A20FFF795F900201249C87154
:103FB0001349087000201049C870134800880A216E
:103FC00090FBF1F00A490968C988884229DA074854
:103FD00000680088C0F3C02020B902220021092017
:103FE0000CF086FF0148006800680FE0BC07002065
:103FF000C003002072010020E8070020F107002024
:10400000F2070020760100207C01002020F40060EF
:1040100000F50060FB49096808600220FA49C87091
:1040200015E0F84800680088C0F3C02020B10222E3
:1040300000210920FFF74EF9F2480068006820F4DB
:104040000060F049096808600020EF49C870EF4837
:1040500000880A2190FBF1F0ED490968C98888427F
:1040600018DDE84800680088C0F3003020B901225C
:10407000002109200CF03CFFE2480068006820F4B1
:10408000805000F58050DF49096808600120DE4952
:10409000C87015E0DB4800680088C0F3003020B12C
:1040A000012200210920FFF715F9D64800680068B1
:1040B00020F48050D349096808600020D249C870B4
:1040C0000521D448006813F088FC06460124002529
:1040D00048E0705D01280FD1CF480068204028B922
:1040E000681CC1B206220F200CF002FFCA4800680B
:1040F0002043C94908600EE0C7480068204028B145
:10410000681CC1B206220F20FFF7E4F8C24800681D
:10411000A043C1490860C14800684069204078B99F
:10412000BF480068204028B9681CC1B207220F2090
:104130000CF0DEFEBA4800682043B94908600EE082
:10414000B7480068204028B1681CC1B207220F2080
:10415000FFF7C0F8B2480068A043B14908606400A6
:10416000681CC5B2AF488078A842B2DCAE4800688F
:10417000B0F92600AD490988884218DDA1480068D9
:104180000068C0F3004038B90222002110200CF072
:10419000AFFE0220A64908709A480068006820F423
:1041A000803000F5803097490968086015E095482F
:1041B00000680068C0F3004038B1022200211020DE
:1041C000FFF788F800209A4908708E480068006858
:1041D00020F480308B490968086093480068B0F982
:1041E00026009449098809B288421FDA8E4800687F
:1041F000B0F926009049884218DD824800680068BE
:10420000C0F3404038B90122002110200CF070FEAC
:104210000120874908707B480068006820F400305E
:1042200000F5003077490968086015E075480068B6
:104230000068C0F3404038B1012200211020FFF790
:1042400049F800207A4908706E480068006820F438
:1042500000306C490968086073480068B0F90400D0
:1042600010F10F0F02DB6F484078A8B9654800686D
:104270000068C0F3C04020B90022114613200CF0A2
:1042800037FE60480068006820F4002000F5002038
:104290005C490968086012E05A4800680068C0F389
:1042A000C04020B1002211461320FFF713F85548F3
:1042B0000068006820F400205249096808605F48DF
:1042C0000078012856D15848006800885C49098860
:1042D000884224DA80205B4908704A4800680068F8
:1042E000C0F3804070B90022114612200CF000FE8D
:1042F00044480068006820F4802000F5802041498F
:10430000096808605048007898BB50480068007CF5
:1043100020F0200020304D4909680874B9E0424877
:10432000006801884648008800F5FA70814220DD67
:1043300046480068007C20F0200044490968087461
:104340000020404908702F4800680068C0F3804092
:1043500038B1002211461220FEF7BCFF1E203A4958
:10436000087028480068006820F480202549096802
:1043700008608EE03148007802286CD1344800880B
:1043800008BB32480068007C20F0200020302F4914
:104390000968087480202B4908701A480068006872
:1043A000C0F3804020B90022114612200CF0A0FD7D
:1043B00014480068006820F4802000F5802011492E
:1043C0000968086065E021480068007C20F0200052
:1043D0001E490968087400201A49087009480068D5
:1043E0000068C0F3804020B1002211461220FEF781
:1043F00071FF04480068006820F4802001490968C2
:10440000086046E0BC070020E80700207E0100208D
:10441000C0030020A8030020F8070020A407002004
:10442000000800209C070020A40300208001002039
:10443000F307002082010020ACF4FFFFF30200200C
:1044400084010020F4070020D7030020000400208E
:10445000D4030020FFE76E480068007C20F02000B5
:104460006B490968087400206A4908706A48006846
:104470000068C0F3804020B1002211461220FEF7F0
:1044800029FF65480068006820F4802062490968B7
:1044900008606248007858B961480078A0B90622DF
:1044A000002113200CF024FD01205D4908700BE071
:1044B0005B480078012807D1062200211320FEF76F
:1044C00009FF00205649087056480068B8B9564898
:1044D000006856490968084088B95548006853493A
:1044E0000968084058B95348008840B952480078D4
:1044F00028B95248007810B94948007818B103200B
:104500000CF0C8FD02E000200CF0C4FD4548006836
:104510004B49084018B101204A49087002E00020C8
:10452000484908703F48007800F0030018B10120A6
:104530004449487002E00020424948703A48006807
:104540003A49096808403A490968384A12681140EE
:10455000084318B101203B49887002E00020394926
:1045600088703048006800F0604018B1012035497B
:10457000C87002E000203349C8702A4800683249F8
:10458000084018B101202F49087102E000202D4990
:1045900008712C4800782B494978084429498978C2
:1045A00008442849C978084426490979084400285C
:1045B00003DD01202349487102E0002021494871B0
:1045C00000241FE0214830F81400000B002817DDFC
:1045D0001E4830F814000121C1EB10301949085C65
:1045E00038B1C4F10D00C1B2094800680EF0D2FB29
:1045F00006E0C4F10D00C1B2054800680EF0C2FB30
:10460000601CC4B2052CDDDB00BFFFF7D8B800008A
:1046100000040020F4070020BC0700202C0000202C
:10462000F5070020BC030020F8070020B408002094
:1046300000080020B8070020F1070020F60700203E
:10464000FCFF000CE207002000007303AE01002015
:104650002DE9F0470746884691460024A2460020EF
:10466000A9F80000B8F1000F22D1012F01D0032FCB
:1046700047D12E48FDF76CFEC6B206F11600C5B252
:10468000284616F09BFA044614B90020BDE8F087CE
:1046900029462046FDF7D4FE254801682160808820
:1046A000A0803246214904F11300FDF77CFE28E08A
:1046B0002048FDF74DFEC6B24046FDF749FE00F02A
:1046C000FF0A06F113005044C01CC5B2284616F07C
:1046D00075FA04460CB90020D8E729462046FDF7B4
:1046E000AFFE1348016821608088A08032461149DE
:1046F00004F11300FDF757FE414604F11300FDF7E6
:1047000046FE0120E0802772A4F8095006F113004C
:1047100050440219E91E2046FEF768FB0D21681E71
:104720002152A9F800502046B0E7000017D8010830
:104730000CD8010826D8010830E0FEF75DF91848CA
:10474000026818480168184800680EF049FE1748CA
:1047500000680FF02AFF1648007870B91348006807
:104760000FF004F81348007860B90120114908706F
:104770000D2111480DF0ECFE04E000220D210E4841
:104780000DF018FE0948006810F0FCFC07480068AE
:1047900007F0B4FC4FF4FA7017F078F8CDE700009A
:1047A000A8030020BC080020A40700202C0400203F
:1047B00015090020160900205801002010B50446F4
:1047C000207E617E0844C0EBC000616801EB4000C0
:1047D00081685F4800680930814210D15D480078E7
:1047E00001280CD15A480068407A5B4908705B4840
:1047F00000680EF0CDFC002056490870A7E0207E2E
:10480000617E0844C0EBC000616801EB4000406875
:104810004F490968884213D14E48007801280FD1CA
:104820004F4800784F4948434F49096808634C494D
:104830004A4800680EF0ACFC00204649087086E04B
:10484000207E617E0844C0EBC000616801EB40003F
:1048500041683F480068C01D814219D13D48007839
:10486000012815D13A480068C079122803DD1220CA
:1048700037490968C87136480068C0793B490870F3
:10488000364800680EF084FC0020324908705EE073
:10489000207E617E0844C0EBC000616801EB4000EF
:1048A0008068334988420BD12A480078012807D113
:1048B0002A4800680EF06CFC00202649087046E08B
:1048C000207E617E0844C0EBC000616801EB4000BF
:1048D0008068284988420BD11E480078012807D1FA
:1048E0001E4800680EF054FC00201A4908702EE0A3
:1048F000207E617E0844C0EBC000616801EB40008F
:1049000080681D4988420BD112480078012807D1E0
:10491000124800680EF03CFC00200E49087016E0BA
:10492000207E617E0844C0EBC000616801EB40005E
:104930008068124988420AD106480078012806D1C9
:10494000064800680EF024FC00200249087010BDE3
:10495000A804002028040020EA020020000400200F
:10496000F90200208051010034000020FE020020E6
:104970006A0100206C0100206E01002070010020FF
:104980007CB504462448007858BB207C032841D0DD
:104990002248808822490968088020480068C0F3BE
:1049A00083501F49096848801C480068C0F3444090
:1049B0001B490968888019480068C0F30430184909
:1049C0000968C88015480088C0F385101449096833
:1049D00008811248007800F03F00114909684881B9
:1049E00018E00F480068807A0D490968097A0C4D73
:1049F000CDE900102D68AB79094D2D682A79084D55
:104A00002D68A978064D2D682888FEF785F80020C6
:104A1000014908707CBD000028040020F403002038
:104A2000A804002070B50446AD4800680078052849
:104A300003DD0120AA4909680870A9480068407888
:104A40000C2803DD0120A64909684870A4480068C5
:104A5000007818B90520A24909680870A0480068C4
:104A6000407818B90C209E49096848709C48006835
:104A700000789C4908709A48006840789A49087004
:104A8000207E617E0844C0EBC000616801EB4000FD
:104A9000416893480068801C814222D19348007885
:104AA00001281ED10020914908708D4B1B68DA78CF
:104AB0008B4B1B6899788A4B1B681B785B1ED8B29E
:104AC00007F02EF9864800680078401E00EB80024F
:104AD00002EBC000864A02EB4001864800680EF0F7
:104AE00057FB207E617E0844C0EBC000616801EB8B
:104AF000400041687A480068801D81422ED17B4881
:104B0000007801282AD1002078490870744D2D685A
:104B1000EB79734D2D68AA79714D2D686D786D1EF6
:104B2000E9B26F4D2D682D786D1EE8B207F0C8FC14
:104B30006B4800680078401E00EB800202EBC0006A
:104B40006B4A02EB4000801C654A12685278521E84
:104B500000EB4201674800680EF01AFB207E617E80
:104B60000844C0EBC000616801EB400081685C480C
:104B700000680A3081422BD15C480078012827D197
:104B800000205A490870564B1B689A7A544B1B6890
:104B90005B785B1ED9B2524B1B681B785B1ED8B288
:104BA00007F0EAF94E4800684078451E05EBD570DD
:104BB00042104B4800680078401E00EB400002EBBA
:104BC00040004D4A81184B4800680EF0E1FA86E03B
:104BD000207C032805D1207C0328F8D1607E0028A2
:104BE0007DD13F4800680578681E00EB800101EB2D
:104BF000C0003F4931F8100086B2002238480168F1
:104C0000891C304607F08AFB052D00D1002505EBF5
:104C1000850000EBC500364931F81060701E86B281
:104C200000222F480168091D304607F077FB012854
:104C300007D00C202A49096808711F2028490968F3
:104C40004871274800684578254800680078401E6C
:104C500000EB800101EBC000254901EB4000801C06
:104C6000691E30F8110086B200221D480168891DB6
:104C7000304606F033FF0C2D00D10025184800689F
:104C80000078401E00EB800101EBC000184901EBE9
:104C90004000801C30F81560701E86B2002210485B
:104CA00001680831304606F019FF012807D01720A7
:104CB0000B49096808723B20094909684872084A8B
:104CC00012685278521ED1B2054A12681278521EEA
:104CD000D0B206F0E9FE02490968887200BF70BDD3
:104CE000A8040020AA070020AB0700202804002009
:104CF000C801002000040020000300202DE9F0413D
:104D000005460E461746012F0FD100240AE006EB98
:104D1000440006F0D3FC05EB8401134A126850549A
:104D2000601CC4B2142CF2DB1CE0002007E0202140
:104D300005EB80020C4B1B689954411CC8B2142827
:104D4000F5DB00200CE0315C0A2901D1BDE8F081DF
:104D5000315C05EB8002044B1B689954411CC8B2BE
:104D60001428F0DB00BFF1E79C03002010B53648A3
:104D7000007800B910BD354A1268C2F34441334A85
:104D80001268C2F3835007F089F984B23048B0F951
:104D90000000A0420ADC2E48B0F91A00A04205DD4E
:104DA0000020FEF749F82B4908704AE02848B0F97E
:104DB0001A00A0420ADC2648B0F93400A04205DD02
:104DC0000120FEF739F8234908703AE02048B0F98D
:104DD0003400A0420ADC1E48B0F94E00A04205DDB6
:104DE0000220FEF729F81B4908702AE01848B0F99C
:104DF0004E00A0420ADC1648B0F96800A04205DD6A
:104E00000320FEF719F8134908701AE01048B0F9AA
:104E10006800A04205DCB4F5B77F09DBB4F5B77FC5
:104E200006DD0B48B0F90000A04207DD012C05DBD0
:104E30000420FEF701F80749087002E00020054948
:104E4000087000BF96E70000EE020020F403002087
:104E5000C8010020B60300202DE9F04105460E46AA
:104E60000027EC1D0A20884908706078012864D169
:104E700005F11308404606F0A5FB401C10B90020C0
:104E8000BDE8F0818148006808B90020F8E780A1FA
:104E90007E480068FDF71EFB18B97F487F4908600F
:104EA00015E07FA179480068FDF714FB18B97E482A
:104EB0007A4908600BE07DA174480068FDF70AFBA1
:104EC00018B97C487549086001E00020D8E77A48A5
:104ED000006808B90020D3E7784977480068FDF7F3
:104EE000F9FA002801DC0020CAE77548006808B913
:104EF0000020C5E773A172480068FDF7EBFAA8B976
:104F000001207249087040F216407149088032460B
:104F100000210120FFF79CFB074600206D49087027
:104F200001206D49088014F093FE05E032466B497C
:104F30000120FFF78DFB0746A4E06078022803D12B
:104F4000624800780128F7D06078032857D15F487D
:104F50000078012853D105F21342810205F11300B4
:104F6000FDF744FF80BB20895B49098888421FD137
:104F700005F113015848008807F0E2FA012058496A
:104F80000870324600210320FFF762FB074600202D
:104F900050490870A08850490988884202D11620DB
:104FA0004B4908804C480088401C4B49088069E008
:104FB00048480078401C47490870084600780A288D
:104FC00003DD06F061FD5DE006E032464549032061
:104FD000FFF73EFB074655E03E480078401C3D4940
:104FE0000870084600780A2802DD06F04DFD49E009
:104FF00032463D490120FFF72BFB074642E060782F
:1050000004282AD131480078012826D13248008866
:10501000401EA188884235D12F480088401E810259
:1050200005F113021D480068FDF7E0FE18BB14F0FF
:1050300083FD0020254908701848006816498842F9
:1050400020D145F65A21152014F098F8A188162091
:1050500014F094F80CF046F914E06078052811D1AA
:105060001C480078401C1B490870084600780A2834
:1050700002DD06F009FD05E032461C490120FFF77C
:10508000E7FA07463846FBE64C08002034080020C3
:10509000436F64650000000000000808400800201D
:1050A00048544D4C0000000000500408466F6E74D8
:1050B00000000000000004083808002013D8010890
:1050C0003C08002055706772616465004508002047
:1050D000480800204A0800204608002079D8010826
:1050E0004B08002061D801083FD8010851D80108B9
:1050F00003B59DB000201C901D984078412841F0D8
:1051000047811D98007840287ED1FE4800681B909A
:105110001B9800880E9018F0CDF8FB490F9017F0FF
:10512000B3FF10901B9840880E9018F0C3F8F64912
:105130000F9017F0A9FF11901B9880880E9018F01F
:10514000B9F8F1490F9017F09FFF12901B98C08893
:105150000E9018F0AFF8ED490F9017F095FF1390EF
:105160001B9880680E9018F0A5F8E7490F9017F08B
:105170008BFF14901B98408A0E9018F09BF8E24920
:105180000F9017F081FF15901B98808A0E9018F0F1
:1051900091F8DD490F9017F077FF16901B98C08AA1
:1051A0000E9018F087F8D8490F9017F06DFF179000
:1051B0001B98C08B0E9018F07DF8D3490F9017F014
:1051C00063FF18901B98C0680E9018F073F8CE49D2
:1051D0000F9017F059FF199000201A90CC480078D2
:1051E00001287DD10020CA49087013200F900020AB
:1051F0000E900EA81E99FDF7C9FD9DF83800FF28F6
:1052000005D10F98401C00E018E1C0B20F900F9834
:10521000C0000C9015F0D2FC0D900D98002866D0BF
:105220000D9830300C900123BA4A19460D98FEF7BC
:1052300005F89DF83800FF2808D1012300221946FF
:105240001046FDF7FBFF0D9838300C900123092123
:1052500000200C9AFDF7F2FF012315AA042100207B
:10526000FDF7ECFF012316AA04210020FDF7E6FF5D
:10527000012317AA04210020FDF7E0FF00231A46AE
:1052800019461846FDF7DAFF012310AA0421002071
:10529000FDF7D4FF012311AA04210020FDF7CEFF62
:1052A000012312AA04210020FDF7C8FF012313AA3D
:1052B00004210020FDF7C2FF0123002219461046F9
:1052C000FDF7BCFF012314AA04210020FDF7B6FF5F
:1052D00000231A4601211846FDF7B0FF002300E025
:1052E00012E01A4619461846FDF7A8FF00BF002332
:1052F0001A4619460D9809F039F81C900D9816F0C9
:1053000069FA00200D9098E0802015F057FC0F906E
:105310000F9830300E900F9800287DD001237D4AE1
:1053200019460F98FDF78AFF0123092100200E9AE4
:10533000FDF784FF012315AA04210020FDF77EFF5D
:105340007548007860B9012316AA04210020FDF7F2
:1053500075FF012317AA04210020FDF76FFF0BE062
:105360008123002204211046FDF768FF81230022DB
:1053700004211046FDF762FF00231A46194618461D
:10538000FDF75CFF012310AA04210020FDF756FF62
:105390006148007860B9012311AA04210020FDF7BB
:1053A0004DFF012312AA04210020FDF747FF0BE067
:1053B0008123002204211046FDF740FF81230022B3
:1053C00004211046FDF73AFF012313AA042100200F
:1053D000FDF734FF0523002201211046FDF72EFFC3
:1053E000012314AA04210020FDF728FF012319AA94
:1053F00004210020FDF722FF012318AA0421002028
:10540000FDF71CFF01231AAA04210020FDF716FF57
:1054100000231A46194600E002E01846FDF70EFF89
:1054200000231A4619460F9808F0A0FF1C900F9809
:1054300016F0D0F900200F9000BF00BF1D98007833
:10544000412871D101213548006812F0C6FA1B903D
:1054500003213248006812F0C0FA1A9006212F4842
:10546000006812F0BAFA199008212C48006812F06E
:10547000B4FA18902A488078800000EB400015901C
:1054800015F09CFB179027480068B0F900001490B5
:1054900017F0F8FE1C49159017F0F6FD1690002045
:1054A000159068E015991898405C022849D1159923
:1054B0001B9830F81100139017F0FCFE124914905D
:1054C00017F0E2FD159A179941F8220015991A98DC
:1054D00030F81100139017F0EDFE0B49149017F0FF
:1054E000D3FD0F498A7815990A44179941F822008B
:1054F0001599199830F81100139017F0DBFE024946
:10550000149012E0C00300200000C84200002041B7
:105510004408002031090020F0020020A8030020E8
:105520009C070020A4030020E6E017F0ADFDFE4933
:105530008A780223159903FB0212179941F8220079
:1055400015E000221599179840F821200021F6480F
:10555000827815980244179840F82210F248827811
:105560000223159803FB0202179840F822101598A1
:10557000401CC0B21590EC4881781598814291DCAE
:10558000EA480078012857D1482015F017FB1590FC
:105590001598E8B30123E64A19461598FDF74EFE23
:1055A000012316AA04210020FDF748FEDE4880787A
:1055B00003461490159A203209210020FDF73EFE83
:1055C00000231A4619461846FDF738FE0123042128
:1055D0000020179AFDF732FE0123002219461046DB
:1055E000FDF72CFED0488178179800EB810001234D
:1055F0000246042114900020FDF720FE00231A46E5
:1056000001211846FDF71AFE00231A46194600E04C
:1056100002E01846FDF712FE00231A4619461598B7
:1056200008F0A4FE1C90159816F0D4F8179816F000
:10563000D1F8002015905EE0482015F0BFFA1590D3
:105640001598E8B30123BA4A19461598FDF7F6FDF7
:10565000012316AA04210020FDF7F0FDB24880784E
:1056600003461490159A203209210020FDF7E6FD2B
:1056700000231A4619461846FDF7E0FD01230421D0
:105680000020179AFDF7DAFD0223002201211046BF
:10569000FDF7D4FDA4488178179800EB8100012321
:1056A0000246042114900020FDF7C8FD9E48807832
:1056B0004100179800EB810001230246042100E01D
:1056C00009E014900020FDF7B9FD00231A461946A1
:1056D0001846FDF7B3FD00231A461946159808F041
:1056E00045FE1C90159816F075F8179816F072F88C
:1056F0000020159000BF00BF1D98007842287DD182
:105700001A20109000200F900FA81E99FDF73EFB65
:105710009DF83C00FF2803D11098401CC0B21090A7
:105720001098C0000D9015F049FA0E900E980028C0
:1057300065D080480068B0F90000079017F0A2FD1E
:105740007D49089017F0A0FC11907A480068B0F9E4
:105750000A00079017F096FD7849089017F094FC1E
:10576000129074480068B0F90400079017F08AFDA1
:105770007249089017F088FC13906E480068B0F9E1
:105780000000079017F07EFD6B49089017F07CFC35
:1057900014906B48008817F08DFD079065480068ED
:1057A000007B039017F086FD6649049017F0CAFD50
:1057B0006549059017F068FC0690079917F0C2FD3F
:1057C0000890129801460790089817F05DFC159014
:1057D00015985E49089017F081FE01D25B4815903C
:1057E0005748008817F066FD089052480068007B13
:1057F000059017F05FFD5449069001E029E11BE197
:1058000017F042FC0790089917F09CFD1690494844
:105810000068B0F92600079017F034FD464908905B
:1058200017F032FC17904A48006800680A21B0FB64
:10583000F1F0089017F03EFD19904FF07E5018904F
:1058400000201A903B480068B0F90200079017F05A
:1058500019FD3A49089017F017FC1B900B213D48A1
:10586000006812F0BAF80D900D980088079017F0B4
:1058700021FD3249089017F007FC09900D984088E7
:10588000079017F017FD2D49089017F0FDFB0A90BF
:105890000D988088079017F00DFD2849089017F0A3
:1058A000F3FB0B900D98C088079017F003FD234978
:1058B000089017F0E9FB0C9001231D4A19460E9839
:1058C000FDF7BCFC9DF83C00FF2805D10123002218
:1058D00019461046FDF7B2FC012311AA042100204D
:1058E000FDF7ACFC012312AA04210020FDF7A6FC61
:1058F0000123002219461046FDF7A0FC012313AA3C
:1059000004210020FDF79AFC042300220121104607
:10591000FDF794FC012309AA04210020FDF78EFC69
:1059200001230AAA042117E09C0700204408002054
:1059300031090020A40300200000C84200002041DB
:10594000680100200000704200401C460000B44482
:10595000C4030020AC0300200020FDF76FFC0123EE
:105960000BAA04210020FDF769FC01230CAA0421E5
:105970000020FDF763FC0E23002201211046FDF7F5
:105980005DFC012314AA04210020FDF757FC01232C
:1059900015AA04210020FDF751FC012316AA0421B9
:1059A0000020FDF74BFC012318AA04210020FDF77D
:1059B00045FC012317AA04210020FDF73FFC012329
:1059C00018AA04210020FDF739FC012319AA04219B
:1059D0000020FDF733FC01231BAA04210020FDF762
:1059E0002DFC01231AAA04210020FDF727FC012326
:1059F0001AAA04210020FDF721FC01231AAA042180
:105A00000020FDF71BFC01231AAA04210020FDF74A
:105A100015FC01231AAA04210020FDF70FFC012325
:105A20001AAA04210020FDF709FC00231A46194692
:105A30001846FDF703FC00BF00231A4619460E98CE
:105A400008F094FC1C900E9815F0C4FE00200E90F7
:105A500000BF1D980078E22875D10B21FE48006830
:105A600011F0BBFF1B90FD480021016041600181E6
:105A70000020119015E0FA491198085C00280CDD0F
:105A80001198085C401EF549085C401CC1B2F44AFC
:105A90001198105C401EF14A11541198401CC0B27C
:105AA000119011980A28E6DB00201A9011900CE062
:105AB000EA491198085C002803DD1A98401CC0B21E
:105AC0001A901198401CC0B2119011980A28EFDB6F
:105AD0000020199018901A988000119015F06EF817
:105AE0001990199810B900201FB000BD1A988000B5
:105AF000014611901998FCF7C5FC1A988000119086
:105B000015F05CF81890189808B90020ECE71A987E
:105B10008000014611901898FCF7B4FC1A98119077
:105B200015F04CF81790179808B90020DCE71A997F
:105B30001798FCF785FC0020169001201590149012
:105B40000020119030E0EDE11498159022E0002043
:105B5000109010E0C2491098095C1598814206D156
:105B6000119A1799159888540120169006E01098FC
:105B7000401CC0B2109010980A28EBDB1698012840
:105B800004D11598401CC0B2149006E01598401C32
:105B9000C0B2159015980A28D9DD00BF00201690D4
:105BA0001198401CC0B211901A9911988842CBDB11
:105BB0000020119048E0002010903EE011991798C5
:105BC000415CA74A1098105C814232D110991B9811
:105BD00030F811000D9017F06DFBA2490E9017F0F0
:105BE00053FA0F901199199850F8210001460E9020
:105BF0000F9817F0DBF9119A199941F822009A4889
:105C00000168109851F820000D9017F053FB95494A
:105C10000E9017F039FA0F901199189850F821004A
:105C200001460E900F9817F0C1F9119A189941F892
:105C300022001098401CC0B2109010980A28BDDBBA
:105C40001198401CC0B211901A9911988842B2DB89
:105C50000020139013A81E99FDF798F88348007848
:105C600001287DD19DF84C00FF283FD1402014F041
:105C7000A5FF12901298002837D001237C4A1946BC
:105C80001298FDF7DBFA129A1832092100201A9BAC
:105C9000FDF7D4FA00231A4619461846FDF7CEFA46
:105CA000012304210020199AFDF7C8FA01230022DC
:105CB00019461046FDF7C2FA012304210020189A64
:105CC000FDF7BCFA00231A4601211846FDF7B6FA83
:105CD00000231A4619461846FDF7B0FA00231A4663
:105CE0001946129808F042FB1C900CE1002011901C
:105CF00010901B980088069017F0DCFA594907901D
:105D000017F0C2F90C901B984088069017F0D2FA51
:105D10005449079017F0B8F90D901B9880880690A9
:105D200017F0C8FA4F49079017F0AEF90E901B987C
:105D3000C088069017F0BEFA4A49079017F0A4F9F8
:105D40000F90494800680068069017F0B3FA45497B
:105D5000079017F099F9089043480068406800E000
:105D600099E0069017F0A6FA3E49079017F08CF9D3
:105D700009903D4800688068069017F09BFA394901
:105D8000079017F081F90A9037480068C0680690BC
:105D900017F090FA3349079017F076F90B9000202E
:105DA00007902BE02E490798085C9DF84C1088421C
:105DB00020D1BDF8440017F07DFA0CA90590079892
:105DC00051F8200001460490059817F0EFF806906E
:105DD00017F038FA80B21190109817F06BFA05900E
:105DE000089801460490059817F0E0F8069017F01F
:105DF00029FA10900798401CC0B2079007980A280B
:105E0000D0DB302014F0DAFE1290129890B39DF897
:105E10004C0005283EDA9DF84C0000283ADD0123AD
:105E2000134A19461298FDF709FA012311AA042111
:105E30000020FDF703FA0123002219461046FDF762
:105E4000FDF9012310AA04210020FDF7F7F9002332
:105E50001A46012118460EE0AC03002034F500205C
:105E60002709002000002041C4030020440800202E
:105E7000310900200EE0FDF7E1F900231A4619462A
:105E80001846FDF7DBF900231A461946129808F068
:105E90006DFA1C9037E0402014F090FE129012989A
:105EA00088B30123FE4A19461298FDF7C7F9129AE2
:105EB0001832092100201A9BFDF7C0F900231A4669
:105EC00019461846FDF7BAF9012304210020199A52
:105ED000FDF7B4F90123002219461046FDF7AEF98B
:105EE000012304210020189AFDF7A8F900231A467F
:105EF00019461846FDF7A2F900231A4619461298CA
:105F000008F034FA1C90179815F064FC199815F0F5
:105F100061FC189815F05EFC129815F05BFC0020EF
:105F2000129000BF1D980078432876D10021DD48EB
:105F3000006811F052FD1B900121DA48006811F051
:105F40004CFD1A900321D748006811F046FD1990C6
:105F50000621D448006811F040FD18900821D1486E
:105F6000006811F03AFD1790CF4880780001159035
:105F700014F024FE16900020159072E015991798E1
:105F8000405C03284AD115991B9830F811001390F2
:105F900017F090F9C549149017F076F8DDE915214E
:105FA00041F8220015991A9830F81100139017F053
:105FB00081F9BE49149017F067F8BB498A781599A2
:105FC0000A44169941F822001599199830F81100E1
:105FD000139017F06FF9B549149017F055F8B249BE
:105FE0008A780223159903FB0212169941F82200C0
:105FF0001599189830F81100139017F05BF9AB4918
:10600000149017F041F8A8498A780323159903FBE7
:106010000212169941F822001FE0E3E00022DDE9B8
:10602000151040F8212000219F48827815980244DD
:10603000169840F822109C4882780223159803FB9A
:106040000202169840F82210974882780323159888
:1060500003FB0202169840F822101598401CC0B2AB
:106060001590914881781598814287DC9048007896
:1060700001284FD1402014F0A1FD15901598C8B308
:106080000123874A19461598FDF7D8F88648807885
:1060900003461490159A183209210020FDF7CEF816
:1060A00000231A4619461846FDF7C8F801230421B3
:1060B0000020169AFDF7C2F87B488178169800EB0D
:1060C000810001230246042114900020FDF7B6F858
:1060D00000231A4601211846FDF7B0F800231A469E
:1060E00001211846FDF7AAF800231A46194618465A
:1060F000FDF7A4F800231A461946159808F036F95A
:106100001C90159815F066FB00201590169815F058
:1061100061FB66E0482014F051FD15901598E8B336
:1061200001235F4A19461598FDF788F85E48807884
:1061300003461490159A183209210020FDF77EF8C5
:1061400000231A4619461846FDF778F80123042162
:106150000020169AFDF772F853488178169800EBE4
:10616000810001230246042114900020FDF766F807
:106170000223002201211046FDF760F84A4880788A
:106180004100169800EB810001230246042114907F
:106190000020FDF753F84448807800E011E000EB60
:1061A0004001169800EB810001230246042114905F
:1061B0000020FDF743F800231A4619461846FDF75C
:1061C0003DF800231A461946159808F0CFF81C90A0
:1061D000159815F0FFFA00201590169815F0FAFAA8
:1061E00000BF00BF1D980078E12845F0E6817020CF
:1061F00014F0E4FC1B901B98002867D02D48006821
:1062000090F826000D9017F055F828490E9016F0DA
:106210003BFF0F902748006890F828000E9017F079
:1062200049F810902448008817F044F80D9023484E
:106230000068007E0B9017F03DF80C900D9917F058
:1062400081F81F490E9016F01FFF11901A48008820
:1062500017F030F80D9019480068007E0B9017F089
:1062600029F80C900D9917F06DF815490E9016F05D
:106270000BFF12901348008817F01CF813900D487C
:106280000068007B0D9017F015F808490E9016F085
:10629000FBFE149005481590094817900A4816E02F
:1062A00031090020A80300209C0700200000C842FC
:1062B00044080020A40300208C010020A407002033
:1062C00000002041680100200000C04152E0189009
:1062D000002019901A900123FC4A19461B98FCF7DC
:1062E000ADFF01230FAA04210020FCF7A7FF012323
:1062F00010AA04210020FCF7A1FF012311AA042108
:106300000020FCF79BFF012312AA04210020FCF7C8
:1063100095FF012313AA04210020FCF78FFF01231E
:1063200014AA04210020FCF789FF012315AA0421E7
:106330000020FCF783FF012317AA04210020FCF7AB
:106340007DFF012318AA04210020FCF777FF012319
:1063500019AA04210020FCF771FF01231AAA0421C5
:106360000020FCF76BFF00231A4619461846FCF77D
:1063700065FF00BF00231A4619461B9807F0F6FF79
:106380001C901B9815F026FA00201B9005F015B9FB
:106390001D98407843287DD11D980078402859D118
:1063A00007201B9000201A9019901AA81E99FCF73C
:1063B000EDFC9DF86800FF2803D11B98401CC0B27B
:1063C0001B901B98C000179014F0F8FB18901898B9
:1063D00098B30123BD4A19461898FCF72FFF9DF882
:1063E0006800FF2805D10123002219461046FCF75A
:1063F00025FF0123002219461046FCF71FFF012349
:1064000019AA19460020FCF719FF0123002219469A
:106410001046FCF713FF0123AD4A19460020FCF794
:106420000DFF00231A4601211846FCF707FF002341
:106430001A4619461846FCF701FF00231A4619466A
:10644000189807F093FF1C90189815F0C3F90020D6
:1064500018909BE71D98007841287DD1482014F0C2
:10646000ADFB1B9014219B48006811F0B6FA1A90FE
:1064700015219848006811F0B0FA19900921954843
:10648000006811F0AAFA189000201790082191488E
:10649000006800E0A7E211F0A0FA16900020159025
:1064A0002FE0DDE91510405C02281CD115991A98DF
:1064B000415C894A1598115415991998415C874A8D
:1064C0001598115415991898405C032190FBF1F22E
:1064D00001FB1200C1B2824A159811541798401C52
:1064E000C0B2179009E020217B4A159811547B4ACD
:1064F000159811547A4A159811541598401CC0B239
:1065000015907848817815988142CADC1B98E0B3D1
:1065100001236E4A19461B98FCF790FE714880785B
:10652000034615901B9A183209210020FCF786FEBD
:1065300000231A4619461846FCF780FE0123664AD6
:1065400019460020FCF77AFE0123644A1946002010
:10655000FCF774FE012300E037E0634A194600208F
:10656000FCF76CFE1D98807810280FD11E9868B13A
:1065700000231A4601211846FCF760FE00231A4644
:1065800001211846FCF75AFE0CE011E0012300221D
:1065900019461046FCF752FE0123514A19460020C5
:1065A000FCF74CFE00231A4619461846FCF746FE37
:1065B00000231A4619461B9807F0D8FE1C901B981A
:1065C00015F008F900201B90E0E61D98007842289D
:1065D0005DD1302014F0F2FA1B9000201A9043484D
:1065E0000078012820D14248007810B900201A9084
:1065F0001AE03F480078042802D101201A9013E0E5
:106600003B480078032802D102201A900CE0384859
:106610000078022802D103201A9005E0344800785F
:10662000012801D104201A901B9818B30123274A8E
:1066300019461B98FCF702FE01232E4A194600203A
:10664000FCF7FCFD01232C4A19460020FCF7F6FD5F
:1066500001232A4A19460020FCF7F0FD01231AAA5B
:1066600019460020FCF7EAFD00231A461946184691
:10667000FCF7E4FD00231A4619461B9807F076FE46
:106680001C901B9815F0A6F800201B907EE61D9824
:10669000007843287ED114210E48006811F09DF93E
:1066A0001A9005210B48006811F097F919901521EF
:1066B0000848006811F091F9189008210548006811
:1066C00011F08BF917900020169037E03109002067
:1066D000F2070020A80300203EF500205CF5002012
:1066E0007AF500209C07002098F50020EE0200209B
:1066F000B6030020A0030020ED020020EF020020DE
:10670000DDE91610405C03280CD116991A98415CFB
:10671000FE4A1698115416991998415CFC4A16982D
:10672000115407E00121F94A169811540021F84A42
:10673000169811541698401CC0B21690F5488178EE
:1067400016988142DCDC1D98807810283FD11E9875
:10675000E0B3402014F032FA1B901B98A8B3012339
:10676000ED4A19461B98FCF769FDEA488078034614
:1067700016901B9A183209210020FCF75FFD0023B8
:106780001A4619461846FCF759FD0123E04A1946F6
:10679000002000E056E0FCF751FD0123DB4A1946DA
:1067A0000020FCF74BFD00231A4601211846FCF798
:1067B00045FD00231A4601211846FCF73FFD002342
:1067C0001A4619461846FCF739FD2EE0FFE730203F
:1067D00014F0F4F91B901B9838B30123CE4A1946E4
:1067E0001B98FCF72BFDCB488078034616901B9A2C
:1067F000183209210020FCF721FD00231A46194612
:106800001846FCF71BFD0123C04A19460020FCF77F
:1068100015FD00231A4601211846FCF70FFD002341
:106820001A4619461846FCF709FD00231A46194670
:106830001B9807F09BFD1C901B9814F0CBFF0020C9
:106840001B90A3E51D9800784428FAD01D98007885
:106850004A2832D1282014F0B1F91B901B98F8B1C6
:106860000123AD4A19461B98FCF7E8FC01230022DE
:1068700019461046FCF7E2FC0123A8480268521CA6
:1068800019460020FCF7DAFC00231A4601211846BD
:10689000FCF7D4FC00231A4619461846FCF7CEFC38
:1068A00000231A4619461B9807F060FD1C901B98A0
:1068B00014F090FF00201B9068E51D980078E128F7
:1068C00024D1182014F07AF91B901B9888B1012369
:1068D000914A19461B98FCF7B1FC00231A46012186
:1068E0001846FCF7ABFC00231A4619461846FCF77D
:1068F000A5FC00231A4619461B9807F037FD1C908B
:106900001B9814F067FF00201B903FE51D9800784E
:10691000E22896D100201B9081480021016041604F
:1069200001810020189015E07E491898085C002825
:106930000CDD1898085C401E7949085C401CC1B207
:10694000784A1898105C401E754A11541898401CDB
:10695000C0B2189018980A28E6DB00201A90189008
:106960000CE06F491898085C002803DD1A98401C59
:10697000C0B21A901898401CC0B2189018980A28F3
:10698000EFDB282014F01AF919901998F0B10123BF
:10699000614A19461998FCF751FCDDE919231832B0
:1069A00009210020FCF74AFC00231A461946184624
:1069B000FCF744FC01231BAA19460020FCF73EFC0F
:1069C00000231A4619461846FCF738FC00231A46DD
:1069D0001946199807F0CAFC1C90199814F0FAFE91
:1069E00000201990D2E41D984078442867D11D9862
:1069F000007840287ED114201B9000201A901AA8FD
:106A00001E99FCF7C3F99DF86800FF2803D11B9875
:106A1000401CC0B21B904448006800F4000018B14C
:106A2000E1204249487102E00020404948711B982A
:106A3000C000189014F0C2F819901998F0B301230F
:106A4000354A19461998FCF7F9FB9DF86800FF28AC
:106A500005D10123002219461046FCF7EFFB012364
:106A6000002219461046FCF7E9FB01232F4A19467C
:106A70000020FCF7E3FB2E48007870B901232B4A75
:106A8000521C19460020FCF7D9FB0123274A921C0F
:106A900019460020FCF7D2FB0BE0812300220121E4
:106AA0001046FCF7CBFB8123002201211046FCF7A6
:106AB000C5FB01231D4AD21C194601E060E0EEE34C
:106AC0000020FCF7BBFB0123002219461046FCF70F
:106AD000B5FB0123154A121D19460020FCF7AEFB39
:106AE0000123124A521D19460020FCF7A7FB03237D
:106AF000002200E051E001211046FCF79FFB01233A
:106B00000A4A921D1946002014E000003EF50020BC
:106B10005CF500209C070020310900203400002093
:106B200034F5002027090020BC030020E8070020DE
:106B3000F0020020FCF782FB0123FE4A19460020E8
:106B4000FCF77CFB00231A4601211846FCF776FB74
:106B500000231A4601211846FCF770FB00231A4651
:106B600001211846FCF76AFB00231A46012118464A
:106B7000FCF764FB00231A4619461846FCF75EFB37
:106B800000231A461946199807F0F0FB1C90199833
:106B900014F020FE002019905BE41D980078412835
:106BA0007ED10521E448006810F017FF1B900821F2
:106BB000E148006810F011FF1A90402013F0FEFF2A
:106BC00018900020199007E0002114AA1998115478
:106BD0001998401CC0B2199019980C28F4DB0020B9
:106BE000199020E0DDE91910405C022806D11999BE
:106BF0001B98415CD14A1998115403E00022CF49F7
:106C000019980A540121199801FA00F0CC49096831
:106C10008968084018B9012114AA199811541998C3
:106C2000401CC0B21990C748817819988142D9DCBC
:106C30001898B0B30123C44A19461898FCF7FEFA15
:106C4000C048807803461390189A18320921002012
:106C5000FCF7F4FA00231A4619461846FCF7EEFA38
:106C60000123B64A19460020FCF7E8FA0123002266
:106C700019461046FCF7E2FA012314AA194600202F
:106C8000FCF7DCFA1D988078102807D11E9828B1EF
:106C900000231A4601211846FCF7D0FA002301E030
:106CA00012E004E01A4619461846FCF7C7FA00231A
:106CB0001A461946189807F059FB1C90189814F0BA
:106CC00089FD002018907FE41D98007842287DD12E
:106CD00000201A909D48006800F0005010B1032079
:106CE0001A9001E000201A9000201990974800683F
:106CF00000F4802010B18020199001E0002019904C
:106D0000002018909148006800F4403010B18020B5
:106D1000189001E00020189000201790169008208D
:106D200013F04CFF1790179810B90020FEF7DCBE47
:106D300000211798016041601798001D16900521E9
:106D40008348006810F049FE15900020149014E06C
:106D5000DDE91410405C00F0800018B103221499A2
:106D600017984254DDE91410405C00F007021698B1
:106D700042541498401CC0B2149014980428E7DBC5
:106D80001D98807810283FD11E98E8B311201490E8
:106D90000020139013A81E99FBF7F8FF9DF84C00F4
:106DA000FF2803D11498401CC0B214901498C0005E
:106DB000129013F003FF1B900123634A19461B989E
:106DC000FCF73CFA9DF84C00FF2800E011E105D1EA
:106DD0000123002219461046FCF730FA01235D4AD0
:106DE00019460020FCF72AFA012300221946104612
:106DF000FCF724FA01231AAA19460020FCF71EFA10
:106E000004230022012100E048E01046FCF716FAB6
:106E1000012319460020179AFCF710FA0123179A4C
:106E2000521C19460020FCF709FA0123179A921CFC
:106E300019460020FCF702FA0123179AD21C1946C2
:106E40000020FCF7FBF90123434A19460020FCF718
:106E5000F5F90323002201211046FCF7EFF9012385
:106E600019AA19460020FCF7E9F901230022194666
:106E70001046FCF7E3F9012318AA19460020FCF795
:106E8000DDF900231A4601211846FCF7D7F9002343
:106E90001A4619461846FCF7D1F99AE0A02013F0DB
:106EA0008DFE1B901B98E8B30123274A19461B98B7
:106EB000FCF7C4F90123274A19460020FCF7BEF964
:106EC0000123002219461046FCF7B8F901231AAA3B
:106ED00019460020FCF7B2F90423002201211046D4
:106EE000FCF7ACF9012319460020179AFCF7A6F924
:106EF0000123179A521C19460020FCF79FF9012321
:106F0000179A921C19460020FCF798F90123179A4A
:106F1000D21C19460020FCF791F901230E4A1946AC
:106F2000002000E055E0FCF789F908230022012148
:106F3000104613E0EF070020A80300203EF50020D4
:106F4000BC0800209C07002031090020BC03002061
:106F5000AC030020F007002032090020FCF76EF996
:106F6000012319AA19460020FCF768F90123002221
:106F700019461046FCF762F90123FE4A1946002023
:106F8000FCF75CF90423002201211046FCF756F9B6
:106F9000012319460020169AFCF750F90123169A8E
:106FA000521C19460020FCF749F90123169A921C3D
:106FB00019460020FCF742F90123169AD21C194603
:106FC0000020FCF73BF900231A4619461846FCF747
:106FD00035F900231A4619461B9807F0C7F91C908B
:106FE000179814F0F7FB1B9814F0F4FB00201B908B
:106FF00027E41D98007843287ED1402013F0DEFD61
:107000001B900521DC48006810F0E7FC1A9008216D
:10701000D948006810F0E1FC19900020159007E0B5
:10702000002116AA159811541598401CC0B215904D
:1070300015980C28F4DB0020159020E0159919987C
:10704000405C032806D115991A98415CCB4A1598E3
:10705000115403E00021C94A1598115401211598D3
:1070600001FA00F0C64909688968084018B9012189
:1070700016AA159811541598401CC0B21590C14815
:10708000817815988142D9DC1B98B0B30123BE4AA0
:1070900019461B98FCF7D2F8BA4880780346159039
:1070A0001B9A183209210020FCF7C8F800231A4661
:1070B00019461846FCF7C2F80123B04A19460020C9
:1070C000FCF7BCF800231A4601211846FCF7B6F875
:1070D000012316AA19460020FCF7B0F81D98807805
:1070E000102807D11E9828B100231A4601211846FE
:1070F000FCF7A4F8002301E012E004E01A46194668
:107100001846FCF79BF800231A4619461B9807F00F
:107110002DF91C901B9814F05DFB00201B9061E47E
:107120001D9800784428FAD01D9800784A2870D11C
:10713000782013F043FD1B901B98E8B30123924A7B
:1071400019461B98FCF77AF80123904A194600204B
:10715000FCF774F801238D4A19460020FCF76EF8FD
:1071600001238A4A19460020FCF768F80123874A60
:1071700019460020FCF762F80123844A19460020D2
:10718000FCF75CF80123814A19460020FCF756F809
:1071900001237E4A19460020FCF750F801237B4A60
:1071A00019460020FCF74AF804231B9A6032092193
:1071B0000020FCF743F800E01DE00423744A01219D
:1071C0000020FCF73BF800231A4619461846FCF746
:1071D00035F801236F4A19460020FCF72FF80123E8
:1071E0006D4A19460020FCF729F800231A46194673
:1071F0001846FCF723F800231A4619461B9807F097
:10720000B5F81C901B9814F0E5FA00201B90C3E41D
:10721000FFE71D980078E12876D100201B905F4899
:10722000007801283CD1282013F0C8FC1B900020D6
:1072300018900FE05A480068807C80F0FF00189991
:10724000084100F0010119AA189811541898401C1F
:10725000C0B2189018980828ECDB1B98F0B10123F5
:10726000494A19461B98FBF7E9FF08231B9A183275
:1072700009210020FBF7E2FF00231A4619461846B1
:10728000FBF7DCFF012319AA19460020FBF7D6FF04
:1072900000231A4619461846FBF7D0FF68E0FAE1CA
:1072A000382013F08BFC1B903E48006800F44030FF
:1072B00018B101208DF8640002E000208DF8640010
:1072C00000208DF865003748006800F4801018B180
:1072D00001208DF8660002E000208DF8660031483C
:1072E000006800F4800018B101208DF8670002E00A
:1072F00000208DF867002B48006800F4001020B1D2
:1073000001208DF8680003E05AE000208DF8680045
:107310001B9860B301231C4A19461B98FBF78EFF8C
:10732000012319AA19460020FBF788FF01230DF15C
:10733000650219460020FBF781FF01230DF166026B
:1073400019460020FBF77AFF01230DF16702194669
:107350000020FBF773FF01231AAA19460020FBF750
:107360006DFF00231A4619461846FBF767FF00BF5A
:10737000002319E0F3070020A80300203EF50020B9
:10738000BC0800209C0700203109002032090020A1
:107390003E090020360900203A0900204408002058
:1073A00000040020BC0300201A4619461B9806F072
:1073B000DDFF1C901B9814F00DFA00201B9082E456
:1073C0001D980078E228FAD1FA4800210160416056
:1073D00001810020119015E0F7491198085C002800
:1073E0000CDD1198085C401EF249085C401CC1B2DB
:1073F000F14A1198105C401EEE4A11541198401C3D
:10740000C0B2119011980A28E6DB00201B90119061
:107410000CE0E8491198085C002803DD1B98401C2B
:10742000C0B21B901198401CC0B2119011980A284C
:10743000EFDB00201A9019901B98119013F0BEFBFF
:107440001A901A9808B9002070E4DDE91A01FAF7D9
:10745000F7FF1B98119013F0B1FB1990199808B918
:10746000002063E41B991998FAF7EAFF1B98119022
:1074700013F0A4FB1890189808B9002056E41B9943
:107480001898FAF7DDFF002017900120169015904C
:10749000002011902FE01598169022E00020109007
:1074A00010E0C5491098095C1698814206D1119ADE
:1074B0001899169888540120179006E01098401CDF
:1074C000C0B2109010980A28EBDB1798012804D15D
:1074D0001698401CC0B2159006E01698401CC0B229
:1074E000169016980A28D9DD00BF00201790119831
:1074F000401CC0B211901B9911988842CBDB05212A
:10750000AE48006810F069FA1490002011902AE04B
:107510000020109020E011991898415CA64A10981C
:10752000105C814214D110991498405C00F007005F
:1075300018B1802211991A98425410991498405CFD
:1075400000F08000802803D1032211991998425439
:107550001098401CC0B2109010980A28DBDB1198DC
:10756000401CC0B211901B9911988842D0DB0020BA
:10757000139013A81E99FBF709FC91480078012885
:1075800042D19DF84C00FF2876D1402013F016FB25
:1075900012901298B8B301238A4A19461298FBF741
:1075A0004DFE129A1832092100201B9BFBF746FE64
:1075B00000231A4619461846FBF740FE01231946D8
:1075C00000201A9AFBF73AFE012319460020199A67
:1075D000FBF734FE00231A4601211846FBF72EFE66
:1075E00000231A4601211846FBF728FE00231A46FD
:1075F00019461846FBF722FE00231A461946129830
:1076000006F0B4FE1C9037E0402013F0D7FA129039
:10761000129888B301236B4A19461298FBF70EFEA5
:10762000129A1832092100201B9BFBF707FE00234A
:107630001A4619461846FBF701FE01231946002099
:107640001A9AFBF7FBFD012319460020199AFBF754
:10765000F5FD00231A4601211846FBF7EFFD002334
:107660001A4619461846FBF7E9FD00231A46194643
:10767000129806F07BFE1C90189814F0ABF819983D
:1076800014F0A8F81A9814F0A5F8129814F0A2F8BB
:1076900000201290ACE41D984078452879D11E98BE
:1076A000B0BB1D9880781F2804D100204649096886
:1076B00008709DE41D988078102804D1012042496B
:1076C0000968087094E41D988078112804D102207C
:1076D0003D49096808708BE41D988078202809D1FD
:1076E0001D98C078002201461B903848006810F0B1
:1076F000B3FD7DE41D9880782F28CBD11D98C078EC
:10770000012201461B903148006810F0A5FD6FE48E
:10771000FFE71BA81E99FBF739FB1E99891C1AA8C5
:10772000FBF734FB1D980078412833D19DF86C009D
:10773000102804D1012024490968087053E09DF8FD
:107740006C001F2804D100201F49096808704AE016
:107750009DF86C00112804D102201B4909680870AB
:1077600041E09DF86C00202807D100229DF86810A8
:107770001648006810F070FD35E09DF86C002F2869
:1077800031D101229DF868101048006810F064FDA6
:1077900029E029E01D980078432824D19DF86C0049
:1077A000202815D100229DF868100848006810F0C4
:1077B00053FD18E034F5002027090020AC03002019
:1077C000440800203109002034000020BC080020BB
:1077D0009DF86C002F2806D101229DF86810FE4804
:1077E000006810F039FD9AE41D98407846287DD154
:1077F0001D98007840287DD1F848008815F05AFD82
:10780000F749149015F040FC1690F648008815F0E2
:1078100051FDF349149015F037FC1790F248008899
:1078200015F048FDEE49149015F02EFC1890EF4825
:10783000008815F03FFDEA49149015F025FC1990D9
:10784000EB48008815F036FDE549149015F01CFC56
:107850001A90E848008815F02DFD1B90482013F081
:10786000ADF915901598A8B3012316AA042115980F
:10787000FBF7E4FC012317AA04210020FBF7DEFC40
:10788000012318AA04210020FBF7D8FC012319AA20
:1078900004210020FBF7D2FC01231AAA04210020B6
:1078A000FBF7CCFC0123002219461046FBF7C6FC6F
:1078B00001231BAA04210020FBF7C0FC00231A4669
:1078C00001211846FBF7BAFC00231A461946184650
:1078D000FBF7B4FC00231A461946159806F046FD3E
:1078E0001C90159813F076FF002001E012E301E0F0
:1078F000159014E41D980078412852D1302013F0DF
:107900005DF915901598E0B3BB48008815F0D2FCDE
:10791000BA49149015F0B8FB1690B948007815F0E4
:10792000C9FC1790B748007815F0C4FC1890B64809
:107930001990B648008815F0BDFC1A90012316AACC
:1079400004211598FBF77AFC012317AA04210020D3
:10795000FBF774FC012318AA04210020FBF76EFC3E
:10796000012319AA04210020FBF768FC01231AAAAD
:1079700004210020FBF762FC00231A461946184632
:1079800000E001E0FBF75AFC00231A46194615985F
:1079900006F0ECFC1C90159813F01CFF00201590CD
:1079A00035E41D98007842287ED19948008815F06A
:1079B00081FC8B49019015F067FB03909548008886
:1079C00015F078FC8649019015F05EFB04904FF0AD
:1079D0007E5005909048008815F06CFC06908F480A
:1079E000008815F067FC7E49019015F04DFB07906B
:1079F0008B48008815F05EFC7949019015F044FB36
:107A000008908848008815F055FC7549019015F0DC
:107A10003BFB09908448008800B215F033FC7049A4
:107A2000019015F031FB0A908048007815F042FC77
:107A30000B907F48007815F03DFC0C907D48007855
:107A400015F038FC0D907C48007815F033FC0E9052
:107A50007A48007815F02EFC0F907848007810B91D
:107A60000020109002E04FF07E5010907448008883
:107A700015F020FC5A49019015F006FB1190714851
:107A8000008815F017FC12906F48007815F012FC72
:107A900013906E48008815F00DFC5149019015F0C7
:107AA000F3FA14906A4800E01CE1007815F002FC3B
:107AB00015906848007815F0FDFB16906648008820
:107AC00015F0F8FB4649019015F0DEFA179063486F
:107AD000007815F0EFFB18906148007815F0EAFB8C
:107AE000199000201A901B90D82013F067F802908C
:107AF0000298E8B3012303AA04210298FBF79EFB36
:107B0000012304AA04210020FBF798FB162300227E
:107B100001211046FBF792FB012305AA0421002056
:107B2000FBF78CFB012306AA04210020FBF786FB50
:107B3000012307AA04210020FBF780FB012308AAE8
:107B400004210020FBF77AFB012309AA042100206D
:107B5000FBF774FB01230AAA04210020FBF76EFB4C
:107B600001230BAA04210020FBF768FB012300E09E
:107B7000ABE00CAA04210020FBF760FB01230DAA57
:107B800004210020FBF75AFB01230EAA0421002048
:107B9000FBF754FB01230FAA04210020FBF74EFB47
:107BA000012310AA04210020FBF748FB012311AA9E
:107BB00004210020FBF742FB012312AA042100202C
:107BC000FBF73CFB012313AA04210020FBF736FB43
:107BD000012314AA042145E0BC0800207401002000
:107BE0000000C84272010020760100207C010020C4
:107BF0007E010020340900208C010020000020417B
:107C0000F5020020F602002000003C42880100201E
:107C10007A01002078010020680100206001002026
:107C2000660100208001002082010020ED0200207A
:107C3000F4020020F8020020F7020020F3020020E6
:107C40008401002086010020EA0200206201002059
:107C5000F9020020EB02002064010020FA0200205B
:107C6000FF0200200020FBF7E9FA012315AA0421F6
:107C70000020FBF7E3FA012316AA04210020FBF7FA
:107C8000DDFA012317AA04210020FBF7D7FA01230C
:107C900018AA04210020FBF7D1FA012319AA042114
:107CA0000020FBF7CBFA01231BAA04210020FBF7DD
:107CB000C5FA00231A4601211846FBF7BFFA002334
:107CC0001A4619461846FBF7B9FA00231A46194610
:107CD000029806F04BFB1C90029813F07BFD0020ED
:107CE0000290D7E41D980078E128FAD01D9800781A
:107CF000E228F6D100201B901BA81E99FBF746F83E
:107D000000201990FE4B0FCBCDE91723CDE91501CB
:107D1000FB4B1033D3E90020D3E90213CDE9131351
:107D2000CDE91120F64B20330FCBCDE90F23CDE960
:107D30000D0100200C9030E0F2490C9801EBC000DE
:107D4000407800090B9015F0B5FA15AA0C9942F885
:107D50002100EC490C9801EBC000C0880A9015F096
:107D6000A9FAE9490B9015F08FF90DAA0C9942F880
:107D70002100E6490C9801EBC00080880A9015F0BC
:107D800099FAE3490B9015F07FF911AA0C9942F882
:107D900021000C98401CC0B20C900C980428CBDB3E
:107DA000DC48007801285BD19DF86C00FF2843D1A6
:107DB000E82012F003FF1A901A98E8B304231A9AE5
:107DC000103209211A98FBF739FA00231A4619468E
:107DD0001846FBF733FA012315AA04210020FBF70C
:107DE0002DFA012311AA04210020FBF727FA012311
:107DF0000DAA04210020FBF721FA012300221946D5
:107E00001046FBF71BFA00200C9010E0C2480168F6
:107E100004220C9802FB00100123024619460B9025
:107E20000020FBF70BFA0C98401CC0B20C900C9889
:107E30001428EBDB002300E056E01A460121184627
:107E4000FBF7FCF900231A4619461846FBF7F6F92A
:107E500000231A4619461A9806F088FA1C9050E03A
:107E6000E82012F0ABFE1A901A98E8B304231A9A8D
:107E7000103209211A98FBF7E1F900231A46194636
:107E80001846FBF7DBF9012315AA04210020FBF7B4
:107E9000D5F9012311AA04210020FBF7CFF9012312
:107EA0000DAA04210020FBF7C9F90123002219467D
:107EB0001046FBF7C3F900200C9010E096480168CB
:107EC00004220C9802FB00100123024619460B9075
:107ED0000020FBF7B3F90C98401CC0B20C900C9832
:107EE0001428EBDB002300E00BE01A461946184685
:107EF000FBF7A4F900231A4619461A9806F036FA39
:107F00001C90199813F066FC1A9813F063FC00207B
:107F10001A9068E41D984078482873D11D9800781D
:107F2000402873D11E9860B11AA81E99FAF72EFF47
:107F30001E98801C03F000FC199009F09DF81B901E
:107F400006E01D9880781A901D98D0F803001B90C9
:107F50009DF8680080280DD16B491B9815F0F2F947
:107F6000199015F06FF96D4908806D4800680BF0A5
:107F70000FF94AE09DF8680081280DD162491B98ED
:107F800015F0E0F9199015F05DF96649088064482C
:107F900000680BF0FDF838E09DF8680082280DD1EC
:107FA00059491B9815F0CEF9199015F04BF95E4917
:107FB00008805B4800680BF0EBF826E09DF868004D
:107FC00083280DD150491B9815F0BCF9199015F074
:107FD00039F956490880524800680BF0D9F814E086
:107FE0009DF8680084280FD147491B9815F0AAF91D
:107FF000199015F027F94E490880494800680BF0A0
:10800000C7F802E0E7E201E000BF72E41D980078E3
:10801000412852D11E9860B11AA81E99FAF7B6FEEF
:108020001E98801C03F088FB199009F025F81B901E
:1080300006E01D9880781A901D98D0F803001B90D8
:108040009DF8680080280DD131491B9815F07AF908
:10805000199015F0F7F837490880314800680BF09F
:1080600097F829E09DF86800812809D11B9815F040
:10807000E9F8314908702A4800680BF089F81BE0DC
:108080009DF8680082280AD11B9815F0DBF82B496F
:1080900008702949224800680BF07AF80CE09DF836
:1080A0006800832808D09DF86800842804D11B98B4
:1080B00015F0C8F8224908801BE41D980078422872
:1080C0007CD11E9860B11AA81E99FAF75FFE1E981F
:1080D000801C03F031FB199008F0CEFF1B9006E0E6
:1080E0001D9880781A901D98D0F803001B909DF879
:1080F0006800802830D104491B9815F023F921E04D
:10810000A8D801084A0200200000C8429A020020B4
:1081100000002041440800209C030020740100203E
:108120000004002072010020760100207C01002064
:108130007E0100208C010020F5020020F6020020C4
:1081400088010020199015F07DF8FE490880FE484E
:1081500000680BF01DF859E19DF86800A02809D1CE
:108160001B9815F06FF8F9490880F74800680BF084
:108170000FF84BE19DF8680081280DD1F4491B9858
:1081800015F0E0F8199015F05DF8F2490880EE4816
:1081900000680AF0FDFF39E19DF86800A8280ED1BB
:1081A000EB491B9815F0CEF8199015F04BF8EA49F9
:1081B0000880E54800680AF0EBFF27E127E19DF819
:1081C0006800A9280DD1E2491B9815F0BBF8199059
:1081D00015F038F8E1490880DB4800680AF0D8FF5C
:1081E00014E19DF86800AA280DD1D9491B9815F013
:1081F000A9F8199015F026F8D9490880D2480068E6
:108200000AF0C6FF02E19DF86800AB280ED1D04904
:108210001B9815F097F8199014F0F8FF00B2D149A7
:108220000880C94800680AF0B3FFEFE09DF86800D5
:10823000AE2809D11B9815F005F8CB490870C24843
:1082400000680AF0A5FFE1E09DF86800AF2809D1B9
:108250001B9814F0F7FFC5490870BB4800680AF086
:1082600097FFD3E09DF86800B0281ED11B9814F04A
:10827000E9FFBF49087008460078002807DD084676
:108280000078BC494843BC490968886307E0B8489E
:10829000007820B94FF46160B74909688863B44930
:1082A000A94800680AF074FFB0E09DF86800B128A2
:1082B00009D11B9814F0C6FFB0490870A2480068A5
:1082C0000AF066FFA2E09DF86800B22809D11B9869
:1082D00014F0B8FFAA4908709B4800680AF058FFDC
:1082E00094E09DF86800B32810D09DF86800B42889
:1082F0000DD197491B9815F025F8199014F0A2FF9D
:10830000A0490880904800680AF042FF7EE09DF88E
:108310006800B52809D11B9814F094FF9A49088089
:10832000894800680AF034FF70E09DF86800B628BC
:1083300009D11B9814F086FF9449087082480068A0
:108340000AF026FF62E09DF86800B7280DD1804949
:108350001B9814F0F7FF199014F074FF8C490880F3
:10836000794800680AF014FF50E09DF86800B828CA
:1083700011D11B9814F066FF8649087008460078F2
:108380007C4948437C490968086382496E48006813
:108390000AF0FEFE3AE09DF86800B92809D11B9862
:1083A00014F050FF7C490870674800680AF0F0FE3E
:1083B0002CE09DF86800BA280DD165491B9814F08F
:1083C000C1FF199014F03EFF744908805E480068B0
:1083D0000AF0DEFE1AE09DF86800BB2809D11B9860
:1083E00014F030FF6E490870574800680AF0D0FE5C
:1083F0000CE09DF86800BC2808D11B9814F022FFFF
:1084000068490870504800680AF0C2FE69E41D9887
:108410000078E228FAD11E9888B119A81E99FAF7B7
:10842000B5FC1E99891C1AA8FAF7B0FC1E98001D0D
:1084300003F082F9179008F01FFE1B9008E01D98CA
:10844000807819901D98C0781A901D9840681B90EC
:108450009DF8640018B19DF864000A2802DD002030
:10846000FDF742BB00201890B0E04F491898085C17
:108470009DF86410884264D19DF8680080281BD163
:108480001B9814F0DFFE494A189902EBC1014978A4
:1084900060F30711189802EBC0004170444800686F
:1084A0000078401E114601EBC00001461790264897
:1084B00000680AF06DFE44E09DF8680081281ED136
:1084C0003C491B9814F03EFF179014F0BBFE3A494C
:1084D000088008460188394A189802EBC00081805C
:1084E000334800680078401E114601EBC000001DB3
:1084F00001461790144800680AF04AFE21E09DF8F2
:10850000680082281DD112491B9814F01BFF179098
:1085100014F098FE2A49088008460188234A1898D2
:1085200002EBC000C180224800680078401E11465E
:1085300001EBC000801D01461790034800680AF057
:1085400027FE3FE07A01002000040020680100209F
:108550000000C84278010020600100206601002070
:108560008001002082010020ED020020F4020020A2
:10857000F80200208051010034000020F7020020A2
:10858000F30200208401002086010020EA0200207E
:1085900062010020F9020020EB02002064010020AB
:1085A000FA020020FF020020270900204A020020D2
:1085B000A804002000002041B40400209A020020FA
:1085C000B20400201898401CC0B2189018980A28CD
:1085D000FFF64BAF9DE41D9840784D2858D1FE48DA
:1085E00080881B90FC480068C0F383501A90FA48BA
:1085F0000068C0F344401990F7480068C0F30430A5
:108600001890F5480088C0F385101790F24800785C
:1086100000F03F001690382012F0D0FA159015980F
:1086200048B301231BAA02211598FAF707FE01237C
:108630001AAA19460020FAF701FE012319AA1946C1
:108640000020FAF7FBFD012318AA19460020FAF7CB
:10865000F5FD012317AA19460020FAF7EFFD0123C3
:1086600016AA19460020FAF7E9FD00231A46194612
:108670001846FAF7E3FD00231A461946159805F047
:1086800075FE1C90159813F0A5F80020159040E495
:108690001D9840784E285AD100201B901A901990AE
:1086A0001890179016901E9860B31E9803F006F865
:1086B00016901E99091D1BA8FAF768FB1E99891DC3
:1086C0001AA8FAF763FB1E99083119A8FAF75EFB9E
:1086D0001E990A3118A8FAF759FB1E990C3117A8F0
:1086E000FAF754FB9DF85C009DF86010CDE900108E
:1086F0009DF864309DF868209DF86C101698FAF784
:108700000BFA23E01D98C178807841EA002016908A
:108710001D9800791B901D9840791A901D988079BA
:1087200019901D98C07918901D98007A17909DF89F
:108730005C009DF86010CDE900109DF864309DF854
:1087400068209DF86C101698FAF7E6F95DE41D981C
:1087500040784F289BD01D984078502897D01D987E
:10876000407851287ED11D98807810283ED11E98DF
:10877000E0B34FF40E7012F021FA1B9097A103C9D9
:10878000CDE9190197A30FCBCDE91723CDE9150149
:1087900098A30FCBCDE91323CDE911012020109030
:1087A0001B98E8B3012319AA19461B98FAF746FD4E
:1087B00001230DF1650219460020FAF73FFD012360
:1087C0000DF1660219460020FAF738FD01230DF17C
:1087D000670219460020FAF731FD01231AAA19464B
:1087E0000020FAF72BFD00200F900AE00FE1012393
:1087F00010AA19460020FAF721FD0F98401CC0B2BC
:108800000F900F981928F2DB012315AA19460020B2
:10881000FAF714FD01230DF155021946002000E07E
:10882000D1E0FAF70BFD01230DF1560219460020A5
:10883000FAF704FD01230DF1570219460020FAF75B
:10884000FDFC012316AA19460020FAF7F7FC0123C4
:108850000DF1590219460020FAF7F0FC01230DF141
:108860005A0200E0A5E119460020FAF7E7FC0123CF
:108870000DF15B0219460020FAF7E0FC012317AA6C
:1088800019460020FAF7DAFC01230DF15D021946C2
:108890000020FAF7D3FC01230DF15E0219460020F7
:1088A000FAF7CCFC01230DF15F0219460020FAF71C
:1088B000C5FC012318AA19460020FAF7BFFC0123C2
:1088C0000DF1610219460020FAF7B8FC00200F9064
:1088D00009E0012310AA19460020FAF7AFFC0F980F
:1088E000401CC0B20F900F980628F2DB012311AA9A
:1088F00019460020FAF7A2FC01230DF145021946A2
:108900000020FAF79BFC01230DF1460219460020D6
:10891000FAF794FC01230DF1470219460020FAF7FB
:108920008DFC012312AA19460020FAF787FC0123C7
:108930000DF1490219460020FAF780FC01230DF1E0
:108940004A0219460020FAF779FC01230DF14B0287
:1089500019460020FAF772FC012313AA19460020D9
:10896000FAF76CFC01230DF14D0219460020FAF7CD
:1089700065FC01230DF14E0219460020FAF75EFC5A
:1089800001230DF14F0219460020FAF757FC01238D
:1089900014AA19460020FAF751FC00200F9009E0B4
:1089A000012310AA19460020FAF748FC0F98401C32
:1089B000C0B20F900F980728F2DB00231A46194621
:1089C0001846FAF73BFC00231A4619461B9805F097
:1089D000CDFC1C901B9815E0F40300204835324371
:1089E0003000000056312E303A323032302D342DE6
:1089F000313700004D656E7465636820506F776590
:108A00007200000012F0E6FE00201B90FEE44FF41E
:108A10000E7012F0D3F81B90AFF2400103C9CDE9FC
:108A20001901FEA000681890AFF238030FCBCDE912
:108A30001623CDE91401202013901B98F0B30123D5
:108A400019AA19461B98FAF7F9FB01230DF16502E3
:108A500019460020FAF7F2FB01230DF166021946D0
:108A60000020FAF7EBFB01230DF167021946002005
:108A7000FAF7E4FB01231AAA19460020FAF7DEFBF5
:108A80000020129009E0012313AA19460020FAF7EA
:108A9000D5FB1298401CC0B2129012980528F2DB48
:108AA000012318AA19460020FAF7C8FB01230DF18B
:108AB000610219460020FAF7C1FB00E06CE00123D7
:108AC00014AA19460020FAF7B9FB01230DF151024F
:108AD00019460020FAF7B2FB01230DF152021946A4
:108AE0000020FAF7ABFB01230DF1530219460020D9
:108AF000FAF7A4FB012315AA19460020FAF79EFBFA
:108B000001230DF1550219460020FAF797FB0123C6
:108B10000DF1560219460020FAF790FB01230DF1E2
:108B2000570219460020FAF789FB012316AA1946B5
:108B30000020FAF783FB01230DF1590219460020AA
:108B4000FAF77CFB01230DF15A0219460020FAF7CF
:108B500075FB01230DF15B0219460020FAF76EFB4D
:108B6000012317AA19460020FAF768FB002012908B
:108B700009E0012313AA19460020FAF75FFB1298B7
:108B8000401CC0B2129012980728F2DB00231A464C
:108B900019461846FAF752FB00231A4619461B9845
:108BA00005F0E4FB1C901B9812F014FE00201B90B3
:108BB0002CE41D984078802864D11D9800784228C4
:108BC000F6D107201B9000201A901AA81E99FAF7D8
:108BD000DDF8002019909248007810B9914800788B
:108BE00019909DF86800FF2803D11B98401CC0B263
:108BF0001B901B98C000179011F0E0FF1890189878
:108C000098B30123884A19461898FAF717FB9DF87C
:108C10006800FF2805D10123002219461046FAF703
:108C20000DFB0123814A19460020FAF707FB0123B7
:108C30007F4A19460020FAF701FB0123002219465A
:108C40001046FAF7FBFA012319AA19460020FAF791
:108C5000F5FA00231A4601211846FAF7EFFA002325
:108C60001A4619461846FAF7E9FA00231A46194631
:108C7000189805F07BFB1C90189812F0ABFD0020B3
:108C80001890A7E41D984078A0280ED11D98007870
:108C9000E1288DD11BA81E99FAF778F89DF86C0091
:108CA000802801D108F01EFB94E41D984078A1288B
:108CB0006CD11D980078E128E3D14FF48C7011F04D
:108CC0007DFF1B901B9890B3AFF2F02103C9CDE953
:108CD00019012020189057484078322148431690B7
:108CE00014F0D0FA1790012319AA19461B98FAF725
:108CF000A5FA01230DF1650219460020FAF79EFA44
:108D000001230DF1660219460020FAF797FA0123B4
:108D10000DF1670219460020FAF790FA01231AAA0A
:108D200019460020FAF78AFA002016900AE020E09F
:108D3000012318AA19460020FAF780FA1698401C59
:108D4000C0B2169016981B28F2DB012317AA042143
:108D50000020FAF773FA0123364A521C1946002004
:108D6000FAF76CFA00231A4619461846FAF766FA1B
:108D700000BF00231A4619461B9805F0F7FA1C900D
:108D80001B9812F027FD00201B9023E41D984078CB
:108D9000A3287DD11D980078E22885D10B21264893
:108DA00000680EF01AFE1B901B9800880F9014F0BC
:108DB00081FA2249109014F067F917901B984088A7
:108DC0000F9014F077FA1D49109014F05DF9189087
:108DD0001B9880880F9014F06DFA1849109014F0C9
:108DE00053F919901B98C0880F9014F063FA134937
:108DF000109014F049F91A901148006800680F901B
:108E000014F058FA0D49109014F03EF913900C48E4
:108E1000006840680F9014F04DFA13E00100000064
:108E2000EE020020EF02002031090020A003002004
:108E3000ED0200209C070020AC0300200000204130
:108E4000C4030020FE49109014F01EF91490FD4850
:108E5000006880680F9014F02DFAF949109014F012
:108E600013F91590F7480068C0680F9014F022FAC3
:108E7000F349109014F008F916900020129012A8EF
:108E80001E99F9F783FF9DF84800FF2840D100E0C4
:108E90008DE0402011F092FE11901198B8B301239B
:108EA000E94A19461198FAF7C9F90423119A1832B8
:108EB00009210020FAF7C2F900231A46194618467C
:108EC000FAF7BCF9012317AA04210020FAF7B6F932
:108ED0000123002219461046FAF7B0F9012313AA1C
:108EE00004210020FAF7AAF900231A4601211846A6
:108EF000FAF7A4F900231A4619461846FAF79EF91C
:108F000000231A461946119805F030FA1C9048E0E3
:108F1000302011F053FE11901198E8B39DF84800ED
:108F200005283EDA9DF8480000283ADD0123C64AAC
:108F300019461198FAF782F99DF84800401E17A9C2
:108F400001EB800001230246042110900020FAF773
:108F500075F90123002219461046FAF76FF99DF8BA
:108F60004800401E13A901EB8000012302460421A2
:108F700010900020FAF762F900231A4601211846E2
:108F8000FAF75CF900231A4619461846FAF756F91B
:108F900000231A46194600E003E0119805F0E6F9AF
:108FA0001C90119812F016FC002011902EE51D98CF
:108FB0004078A4287ED11D980078E228F6D10020C0
:108FC0001B901BA81E99F9F7E1FE0020199018903C
:108FD000042011F0F3FD1990199810B90020FCF746
:108FE00083BD002119980160042011F0E7FD18905D
:108FF000189808B90020F2E70021189801600521AF
:10900000924800680EF0E9FC17900020169018E0D6
:10901000DDE91610405C00F0070018B180221699B7
:1090200019984254DDE91610405C00F08000802859
:1090300003D103221699189842541698401CC0B2C6
:10904000169016980428E3DB9DF86C00FF2841D1A8
:10905000402011F0B3FD1A901A9860B301237A4AA8
:1090600019461A98FAF7EAF804231A9A18320921CD
:109070000020FAF7E3F800231A4619461846FAF7D3
:10908000DDF8012319460020199AFAF7D7F80123D1
:1090900019460020189AFAF7D1F800231A46012140
:1090A0001846FAF7CBF800231A4601211846FAF7BA
:1090B000C5F801E05BE04DE000231A46194618466A
:1090C000FAF7BCF800231A4619461A9805F04EF92B
:1090D0001C9046E01A98E8B39DF86C00002840DD2B
:1090E0009DF86C0005283CDA302011F067FD1A90DD
:1090F0000123554A19461A98FAF7A0F89DF86C0012
:10910000401E199908440123024619461690002072
:10911000FAF794F89DF86C00401E18990844012352
:109120000246194616900020FAF788F800231A46DE
:1091300001211846FAF782F800231A460121184641
:10914000FAF77CF800231A4619461846FAF776F81B
:10915000002300E005E01A4619461A9805F006F9C2
:109160001C901A9812F036FB00201A904EE41D98BD
:109170004078A5287ED11D980078E228F6D10020FD
:109180001B901BA81E99F9F701FE314B0FCBCDE9BF
:109190001823CDE916012E4B1033D3E901021968CB
:1091A000DB68CDE91423CDE91210294B20330FCB16
:1091B000CDE91023CDE90E012549303103C9CDE9B0
:1091C0000C0124A000680B9023A000680A9023A043
:1091D0000068099022A00068089022A0006807900B
:1091E0001B4B38330FCBCDE90523CDE9030100201C
:1091F000029080E01C49029801EBC0004078000911
:10920000019014F057F816AA029942F82100164965
:10921000029801EBC000C088009014F04BF813498D
:10922000019013F031FF0EAA029942F82100104973
:10923000029801EBC0008088009014F03BF81AE01F
:1092400000002041C403002031090020AC030020AD
:10925000D8D80108050505051F1F1F1F1111111181
:10926000323232321E1E1E1E4A0200200000C84248
:109270009A02002067E1F949019013F005FF12AA54
:10928000029942F82100F649029801EBC00040889B
:1092900081080CAA029822F81010F149029801EBFB
:1092A000C000B0F80100C0F383110BAA029811545A
:1092B000EB49029801EBC000407800F03F010AAA98
:1092C00002981154172109AA029811543B2108AAA7
:1092D0000298115407AA02981154E2490298085CB6
:1092E000019013F0E7FF03AA029942F821000298C7
:1092F000401CC0B2029002980428FFF67BAF9DF894
:109300006C00FF287ED14FF48C7011F057FC1A903E
:109310001A98E8B304231A9A103209211A98F9F717
:109320008DFF00231A4619461846F9F787FF0123D7
:1093300016AA04210020F9F781FF012312AA0421B3
:109340000020F9F77BFF01230EAA04210020F9F782
:1093500075FF0323002201211046F9F76FFF00205B
:10936000029010E0C04801680422029802FB00103D
:1093700001230246194601900020F9F75FFF029889
:10938000401CC0B2029002981428EBDB012300E0DD
:109390007DE00CAA02210020F9F750FF01230BAA5F
:1093A00019460020F9F74AFF01230AAA19460020AE
:1093B000F9F744FF012309AA19460020F9F73EFFF7
:1093C000012308AA19460020F9F738FF012307AA4C
:1093D00019460020F9F732FF012303AA04210020D7
:1093E000F9F72CFF00231A4601211846F9F726FF4A
:1093F00000231A4619461846F9F720FF00231A469B
:10940000194600E004E01A9804F0B0FF1C9094E0C4
:109410004FF48C7011F0D2FB1A901A98B8B39DF8E3
:109420006C00002833DD9DF86C0005282FDA9DF8CC
:109430006C00401E16A901EB8000012302460421A6
:1094400002901A98F9F7FAFE9DF86C00401E12A9D6
:1094500001EB800001230246042102900020F9F76D
:10946000EDFE9DF86C00401E0EA901EB800001236B
:109470000246042102900020F9F7E0FE03230022B7
:1094800001211046F9F7DAFE0020029015E054E0C1
:109490009DF86C00401E0422029902FB01007249F3
:1094A0000968084401230246194601900020F9F793
:1094B000C5FE0298401CC0B2029002981428E7DB57
:1094C00001230CAA02210020F9F7B8FE01230BAA00
:1094D00019460020F9F7B2FE01230AAA1946002016
:1094E000F9F7ACFE012309AA19460020F9F7A6FEF8
:1094F000012308AA19460020F9F7A0FE012307AAB4
:1095000019460020F9F79AFE012303AA042100203E
:10951000F9F794FE00231A4601211846F9F78EFE4A
:1095200000231A4619461846F9F788FE00231A4602
:1095300019461A9804F01AFF1C901A9812F04AF96A
:1095400000201A9021E41D984078A6287ED11D980D
:109550000078E228F6D119A81E99F9F717FC1E9990
:10956000891C1AA8F9F712FC1E98001D02F0E4F8F5
:10957000179007F081FD1B909DF86400FF2866D0CE
:109580009DF8640018B19DF864000A2801DD0020F0
:1095900025E59DF86400401EC0B218909DF8680053
:1095A000802818D11B9813F04DFE304A189902EB11
:1095B000C101497860F30711189802EBC0004170AF
:1095C0001146189801EBC000014617902848006822
:1095D00009F0DEFDEDE09DF8680081281BD11F49F0
:1095E0001B9813F0AFFE179013F02CFE2149088052
:1095F000084601881A4A189802EBC000818011467B
:10960000189801EBC000001D01461790184800682B
:1096100009F0BEFDCDE09DF86800822830D11649E2
:109620001B9813F08FFE179013F00CFE134908805F
:10963000084601880D4A189802EBC000C180114607
:10964000189801EBC000801D014601E0B2E032E055
:1096500017900748006809F09BFDAAE00000204130
:109660009A020020270900209C0300204A020020C3
:1096700000040020B40400200000C842B20400200E
:109680009DF86800A02806D101221E99091D18988E
:10969000FBF734FB8DE09DF86800A1280AD09DF807
:1096A0006800A22806D11B9813F0CCFDC1B2F94A7C
:1096B000189811547DE09DF86400FF2879D19DF839
:1096C0006800802820D10020179019E0F24A1799ED
:1096D00002EBC10149781B9860F30711179802EB60
:1096E000C00041701146179801EBC000014616906A
:1096F000EA48006809F04CFD1798401CC0B217906A
:1097000017980A28E2DB54E09DF86800812825D1EB
:10971000E3491B9813F016FE179013F093FDE149EF
:1097200008800020179015E0DE480188DE4A17986F
:1097300002EBC00081801146179801EBC000001DAC
:1097400001461690D548006809F022FD1798401C84
:10975000C0B2179017980A28E6DB2AE09DF8680047
:10976000822825D1D1491B9813F0ECFD179013F0F6
:1097700069FDCF4908800020179015E0CC4801888A
:10978000C54A179802EBC000C1801146189801EB3A
:10979000C000801D01461690C048006809F0F8FC22
:1097A0001798401CC0B2179017980A28E6DB00E013
:1097B00000BFDBE41D984078A7287CD11D98007875
:1097C0004228F6D167201B90800011F0F7F91A901B
:1097D0000020169007E0002216991A984254169815
:1097E000401C80B216901698B0F5CE7FF3DB1A9825
:1097F0001990B048008813F05DFDAC49169013F045
:1098000043FC014619980160AB48008813F052FDF3
:10981000A649169013F038FC014619984160A748F4
:10982000008813F047FDA149169013F02DFC014666
:1098300019988160A248008813F03CFD9B4916905E
:1098400013F022FC01461998C1609E4919980162E3
:109850004FF4527011F0B2F9189001231BAA194667
:109860001898F9F7EBFC012304210020199AF9F765
:10987000E5FC0123199A121D04210020F9F7DEFCF2
:109880000123199A083204210020F9F7D7FC01239B
:10989000199A0C3204210020F9F7D0FC0123199AFF
:1098A000103204210020F9F7C9FC0123199A14325F
:1098B0000421002000E058E1F9F7C0FC0123199AC7
:1098C000183204210020F9F7B9FC0123199A1C323F
:1098D00004210020F9F7B2FC0123199A2032042157
:1098E0000020F9F7ABFC1A9824301790002016904E
:1098F00023E016988000801C17990844159016984C
:1099000000EB800101EBC0006F4931F8100080B21C
:1099100000221490159902F001FD0422DDE91610D1
:1099200002FB010001230246042115900020F9F7F3
:1099300085FC1698401CC0B2169016980528D8DBF6
:109940001A98383017900020169025E0169880005D
:10995000801C1799084415901698401C00EB800154
:1099600001EBC000584931F81000401E80B20022BF
:109970001490159902F0D2FC0422DDE9161002FBC6
:10998000010001230246042115900020F9F756FC3E
:109990001698401CC0B2169016980428D6DB1A9868
:1099A0004830179048480088401E80B20022169028
:1099B0001799891C02F0B2FC012304210020179A98
:1099C000F9F73CFC1A984C301990002016902CE0C6
:1099D0000020159022E0DDE9151002F065F81490E2
:1099E000149813F067FC0C23DDE9151203FB021237
:1099F000199941F822000C22DDE9150102FB010151
:109A0000199800EB810001230246042113900020E5
:109A1000F9F714FC1598401CC0B2159015980C2845
:109A2000D9DB1698401CC0B2169016980528CFDBDB
:109A30001A9800F59E701790002016901FE0169857
:109A40008000801C1799084415901F48801C1699A7
:109A500030F8110080B200221490159902F03EF8FF
:109A6000DDE9160101EB8000012302460421159077
:109A70000020F9F7E3FB1698401CC0B21690169828
:109A80000C28DCDB1A9800F5B670179000201690B1
:109A90003DE00000270900204A02002000040020C9
:109AA00000002041B40400209A0200200000C842B7
:109AB000B2040020980100209401002096010020AB
:109AC0009201002000004040C8010020169880004C
:109AD000801C17990844FE4915901698401C31F8CF
:109AE0001000401E80B200221490159901F0F6FF7C
:109AF000DDE9160101EB80000123024604211590E7
:109B00000020F9F79BFB1698401CC0B216901698DF
:109B10000B28DBDB1A9800F5CC701790EC48801E00
:109B20004088401E80B2002216901799891C01F0CF
:109B3000D5FF012304210020179AF9F77FFB0023AA
:109B40001A4619461846F9F779FB00231A461946B2
:109B5000189804F00BFC1C90189811F03BFE1A9812
:109B600011F038FE00201890ECE41D984078A828E9
:109B70007ED11D9800784228F6D162201B9080008B
:109B800011F01CF81A900020189007E00022189994
:109B90001A9842541898401C80B218901898B0F542
:109BA000C47FF3DB4FF4487011F008F819900123DB
:109BB0001BAA19461998F9F741FB00201890A7E055
:109BC0000020179034E0189800EB40004101042277
:109BD000179802FB0010801C1A99084416901898D8
:109BE000401C00EB800101EBC000B949891E01EB6C
:109BF0004000801C179930F8110080B200221590A7
:109C0000169901F06BFF189800EB40004101042207
:109C1000179802FB00111A980844012302460421F8
:109C200016900020F9F70AFB1798401CC0B2179055
:109C300017980C28C7DB002017903AE0189800EB23
:109C40004000400130300422179902FB0100801CC3
:109C50001A99084416901898401C00EB800101EBFB
:109C6000C0009B49891E01EB4001891C179800E048
:109C700078E0401C31F81000401E80B200221590A0
:109C8000169901F02BFF189800EB4000400130308E
:109C90000422179902FB01011A9808440123024685
:109CA000042116900020F9F7C9FA1798401CC0B299
:109CB000179017980B28C1DB189800EB4000400163
:109CC0005E301A99084417901898401C00EB8001E8
:109CD00001EBC0007E49891E01EB40004088401E18
:109CE00080B200221690179901F0F8FE189800EB48
:109CF000400040015C301A990844012302460421C7
:109D000017900020F9F79AFA1898401CC0B21890E2
:109D100018980428FFF654AF01231A9A02F5C0726E
:109D200004210020F9F78AFA01231A9A02F5C27277
:109D300004210020F9F782FA00231A461946184632
:109D4000F9F77CFA00231A461946199804F00EFB1D
:109D50001C90199811F03EFD1A9811F03BFD00205F
:109D6000199026E51D984078A9287DD11D98007886
:109D70004228F6D10F201B904FF4C47010F01EFF44
:109D80001A9054491A9801601A984160882010F07E
:109D900015FF199001231BAA19461998F9F74EFAD5
:109DA0000123042100201A9AF9F748FA01231A9A8C
:109DB000121D04210020F9F741FA01231A9A0832F2
:109DC00004210020F9F73AFA01231A9A0C320421EF
:109DD0000020F9F733FA01231A9A103204210020E7
:109DE000F9F72CFA01231A9A143204210020F9F70A
:109DF00025FA01231A9A183204210020F9F71EFAD5
:109E000001231A9A1C3204210020F9F717FA0123C2
:109E10001A9A203204210020F9F710FA01231A9A25
:109E2000243204210020F9F709FA01231A9A283272
:109E300004210020F9F702FA01231A9A2C32042196
:109E40000020F9F7FBF901231A9A3032042100208F
:109E5000F9F7F4F901231A9A343204210020F9F7B2
:109E6000EDF901231A9A00E01FE0383204210020A6
:109E7000F9F7E4F900231A4619461846F9F7DEF90E
:109E800000231A461946199804F070FA1C90002312
:109E90001A461946199804F069FA1C90199811F09D
:109EA00099FC1A9811F096FC83E41D984078D0280C
:109EB000FAD01D984078D128F6D01D984078D22845
:109EC0007ED11D98007840287BD10348008805E0AA
:109ED000CA01002000D0114598010020ADF84400CF
:109EE000FE480088ADF84600FD480088ADF84800FF
:109EF000FC480088ADF84A003C20ADF84C00ADF8B5
:109F00004E00ADF85000ADF85200F7480088ADF8AB
:109F10005400F6480088ADF85600F5480088ADF8C2
:109F20005800F4480088ADF85A003C20ADF85C00B9
:109F3000ADF85E00ADF86000ADF86200EE48008854
:109F4000ADF86400ED480088ADF86600EC48007894
:109F5000ADF86800EB480088ADF86A00EA48008870
:109F6000ADF86C00B02010F029FE1090109848B3A6
:109F7000012311AA02211098F9F760F901230DF1CC
:109F8000460202210020F9F759F9012312AA022101
:109F90000020F9F753F901230DF14A0202210020B4
:109FA000F9F74CF9012313AA02210020F9F746F929
:109FB00001230DF14E0202210020F9F73FF902E0E2
:109FC0009EE37BE066E0012314AA02210020F9F75A
:109FD00035F901230DF1520202210020F9F72EF983
:109FE000012315AA02210020F9F728F901230DF118
:109FF000560202210020F9F721F9012316AA0221B5
:10A000000020F9F71BF901230DF15A02022100206B
:10A01000F9F714F9012317AA02210020F9F70EF924
:10A0200001230DF15E0202210020F9F707F9012357
:10A0300018AA02210020F9F701F901230DF16202AB
:10A0400002210020F9F7FAF8012319AA02210020C1
:10A05000F9F7F4F801230DF1660202210020F9F767
:10A06000EDF801231AAA02210020F9F7E7F80123ED
:10A070000DF16A0202210020F9F7E0F801231BAA82
:10A0800002210020F9F7DAF800231A46194618468B
:10A09000F9F7D4F800231A461946109804F066F927
:10A0A0001C9000231A461946109804F05FF91C9082
:10A0B000109811F08FFB0020109000BF1D980078C1
:10A0C000412820D102201B90102010F077FD1A901B
:10A0D0001A9858B101231BAA19461A98F9F7AEF835
:10A0E00000231A4619461846F9F7A8F800231A461D
:10A0F00019461A9804F03AF91C901A9811F06AFB64
:10A1000000201A9000BF1D98007842286DD141F2BE
:10A11000F220ADF858007D480088ADF85A007C4820
:10A120000088ADF85C004FF4AF50ADF85E007948A0
:10A130000088ADF8600078480088ADF862000A2019
:10A14000ADF864000020ADF86600ADF8680041F29B
:10A15000E640ADF86A0071480088ADF86C006020F8
:10A1600010F02CFD15901598F0B3012316AA0221CA
:10A170001598F9F763F801230DF15A020221002026
:10A18000F9F75CF8012317AA02210020F9F756F825
:10A1900001230DF15E0202210020F9F74FF801239F
:10A1A00018AA02210020F9F749F801230DF16202F3
:10A1B00002210020F9F742F8012319AA0221002008
:10A1C000F9F73CF801230DF1660202210020F9F7AE
:10A1D00035F801231AAA02210020F9F72FF80123EC
:10A1E0000DF16A02022101E00FE01BE00020F9F707
:10A1F00025F801231BAA02210020F9F71FF80023EC
:10A200001A4619461846F9F719F800231A4619464E
:10A21000159804F0ABF81C90159811F0DBFA0020AB
:10A22000159000BF1D980078E1287DD101208DF8A0
:10A2300050008DF8510003208DF8520001208DF858
:10A24000530002208DF854008DF855000C208DF835
:10A250005600334800783349085C31490988C1F316
:10A26000002140EAC1108DF857002D4880782D4913
:10A27000085C2B494988C1F3002140EAC1108DF8E0
:10A280005800274800792749085C25498988C1F387
:10A29000002140EAC1108DF85900214880792149F8
:10A2A000085C1F49C988C1F3002140EAC1108DF83C
:10A2B0005A001B48007A1B49085C19490989C1F3F7
:10A2C000002140EAC1108DF85B001548807A1549DD
:10A2D000085C13494989C1F3002126E0940100205C
:10A2E00096010020920100209A0100209C0100208C
:10A2F0009E010020A0010020AC010020AA01002046
:10A30000FC0200208E010020900100206A01002044
:10A310006E0100206C010020700100208C010020E3
:10A32000AE0100208CD80108AFE040EAC1108DF8E2
:10A330005C00FE48007BFE49085CFC498989C1F34A
:10A34000002140EAC1108DF85D00F848807BF84993
:10A35000085CF649C989C1F3002140EAC1108DF8B3
:10A360005E00F248007CF249085CF049098AC1F3BA
:10A37000002140EAC1108DF85F00EC48807CEC4978
:10A38000085CEA49498AC1F3002140EAC1108DF80E
:10A390006000E648007DE649085CE449898AC1F32B
:10A3A000002140EAC1108DF86100E048807DE0495D
:10A3B000085CDE49C98AC1F3002140EAC1108DF86A
:10A3C000620006208DF86300D8480088000B8DF8E5
:10A3D0006400D6484088000B8DF86500D34880881B
:10A3E000000B8DF86600D148C088000B8DF867001F
:10A3F000CE480089000B8DF86800CC484089000BDE
:10A400008DF8690001208DF86A008DF86B0003203B
:10A410008DF86C008DF86D0000208DF86E008DF8C1
:10A420006F004FF4847010F0C9FB13901398F8B1CB
:10A43000012314AA19461398F8F700FF012012907F
:10A440000DE014A912980844012302461946119000
:10A450000020F8F7F3FE1298401CC0B21290129838
:10A460002028EEDB00231A4619461846F8F7E6FEC8
:10A4700000231A461946139803F078FF1C9013988E
:10A4800011F0A8F90020139000BF1D980078E22871
:10A490007ED1612010F092FB1A901A9810B900201A
:10A4A000FBF722BB4FF4B46010F088FB19901998A9
:10A4B000E8B304211A9801701A98401C1B900123DC
:10A4C0001946DDE91902F8F7B9FE00201890FDE001
:10A4D000189800EB4000C000401C1A9908441B90DB
:10A4E0009449189801EBC000407801091B9801704D
:10A4F0009049189801EBC000C0881790F9F752F9FD
:10A5000001461B98A0F801108B49189801EBC00078
:10A5100080880A2190FBF1F080B21790F9F742F998
:10A5200001461B98A0F803108349189800E0E3E067
:10A5300001EBC000C0881790F9F734F901461B9869
:10A54000A0F805107C49189801EBC00040888008ED
:10A550001790F9F727F901461B98A0F807107649DC
:10A56000189801EBC000B0F80100C0F383111B98EC
:10A5700041727149189801EBC000407800F03F012A
:10A580001B98817200211B98C1721B98017300E017
:10A59000CCE21B9841731898401CC1B21B98817380
:10A5A000189800EB4000654901EB4000C1781B980A
:10A5B000C173189800EB4001604800EB41008178BE
:10A5C0001B980174189800EB40005C4901EB4000B7
:10A5D00041791B984174189800EB4000574901EBF2
:10A5E000400001791B988174189800EB4000544991
:10A5F00001EB4000C1781B98C174189800EB400033
:10A600004F4901EB400081781B980175189800EBC9
:10A6100040004B4901EB400041791B984175189867
:10A6200000EB4000464901EB400001791B98817521
:10A63000189800EB4000424901EB400041781B981C
:10A64000C175002017900DE017991B98084401234D
:10A650000246194616900020F8F7F0FD1798401CA6
:10A66000C0B2179017980728EEDB0020179012E071
:10A670000422DDE9171002FB01013248006808449A
:10A6800001230246194616900020F8F7D7FD1798C7
:10A69000401CC0B2179017981428E9DB07201790C8
:10A6A0000DE017991B98084401230246194616909D
:10A6B0000020F8F7C3FD1798401CC0B217901798F8
:10A6C0001828EEDB1898401CC0B21890189804287F
:10A6D000FFF6FEAE00231A4619461846F8F7AEFDFF
:10A6E00000231A461946199803F040FE1C90199849
:10A6F00011F070F8002019901A9811F06BF815E21B
:10A700001D984078D3287DD11D98007840287AD1B3
:10A710000D480078022876D01E984178007801EB29
:10A7200000200A4908800A48006813E0AE010020B2
:10A730008CD801084A0200209A0200201E03002043
:10A740005A0300209C0300204408002098010020A8
:10A750000004002008F01CFD1E98C178807801EBF1
:10A760000020FE490880FE48006808F011FD1E9890
:10A770004179007901EB0020FA490880F848006827
:10A7800008F006FD1E98C179807901EB0020F6499A
:10A790000880F348006808F0FBFC1E98417C007CB0
:10A7A00001EB0020F1490880ED48006808F0F0FC5A
:10A7B0001E98C17C807C01EB0020ED490880E848B0
:10A7C000006808F0E5FC1E98417D007D01EB00204B
:10A7D000E8490880E248006808F0DAFC1E98C17D6C
:10A7E000807D01EB0020E4490880DD48006808F026
:10A7F000CFFC1E9890F8211090F8200001EB00206B
:10A80000DE4901E0EAE227E00880D548006808F068
:10A81000BFFC1E9890F82500D9490870D048006800
:10A8200008F0B6FC1E9890F8271090F8260001EB6F
:10A830000020D4490880CA48006808F0A9FC1E9886
:10A8400090F8291090F8280001EB0020CE490880EC
:10A85000C348006808F09CFC1D980078422831D15C
:10A860001E98001D00F02AFFC8490880BC480068F7
:10A8700008F08EFC1E98083000F020FFC4490880C4
:10A88000B748006808F084FC1E98103000F016FFEE
:10A89000C0490880B248006808F07AFC1E9814305D
:10A8A00000F00CFFBC490880AD48006808F070FC5F
:10A8B0001E98283000F002FFB8490880A8480068B8
:10A8C00008F066FC1D980078E1287DD1B448007836
:10A8D000022879D000201A909DE01A98C01D1E9978
:10A8E000085C00F07F00AF49085C1B90AE491B98E4
:10A8F000085CFF2869D01B980C2866DAAB491A98C7
:10A9000031F81000C0F34220C117189000EB5170CD
:10A91000C1101898A0EBC10101208840A34A1A99E0
:10A9200012F81110A04A515C8143A04A1A9812F8FB
:10A9300010009D4A1154002019900DE00121199832
:10A9400001FA00F0984A1B99515C084000B906E0F2
:10A950001998401CC0B2199019980828EEDB00BF66
:10A96000924ADDE9191032F8100061F34B201A9970
:10A9700022F81100DDE91A1032F8111060F3070116
:10A980001A9822F810101A98C01D1E99085CC10967
:10A990001A9832F8100061F308201A9922F8110071
:10A9A00011461A9831F81000C0F34220C1171890D0
:10A9B00000EB5170C1101898A0EBC1010120884034
:10A9C0001A9912F8111001E02DE020E0764A515C4E
:10A9D0000843C1B2754A1A9812F81000724A11540D
:10A9E0001A98062812DA1A9814301E99085C07285B
:10A9F0000CDA1A9814301E99095C6C4A1A9832F8CD
:10AA0000100061F30F301A9922F8110000BF1A9854
:10AA1000401CC0B21A901A980C28FFF65EAF0120B5
:10AA20006349087000BF1D980078E2287ED15C4819
:10AA3000007802287BD000201B90EDE02C211B9891
:10AA40004843401C1E9908441A901A980178594AA4
:10AA50001B9802EBC000407861F307101B9902EBD2
:10AA6000C10148701A98B0F801001990F8F79AFEE1
:10AA7000504A1B9902EBC101C8801A98B0F8030034
:10AA80001990F8F78FFE4C4A1B9902EBC1018880A0
:10AA90001A98B0F805001990F8F784FE464A1B99F9
:10AAA00002EBC101C8801A98B0F81B001990F8F7A2
:10AAB00079FE0146404A1B9802EBC000408861F3D2
:10AAC0008F001B9902EBC10148801A98417F1B98A7
:10AAD00002EBC000B0F8010061F389101B9902EB92
:10AAE000C101A1F801001A98817F1B9802EBC000F8
:10AAF000407861F305001B9902EBC10148701A9878
:10AB000090F823101B9800EB40002C4A02EB400009
:10AB1000C1701A9890F824101B9800EB400002EBCB
:10AB2000400081701A9890F8251001E0BDE27BE0AA
:10AB30001B9800EB400002EB400041711A9890F81E
:10AB400026101B9800EB400002EB400001711A98A0
:10AB500090F827101B9800EB400031E09401002092
:10AB60000004002096010020920100209A0100209C
:10AB70009C0100209E010020A0010020AC010020CB
:10AB8000FC0200208E010020900100206A010020BC
:10AB90006E0100206C010020700100208C0100205B
:10ABA0004408002099D8010860130020AE0100205D
:10ABB000240900204A0200209A0200201E030020DF
:10ABC000FE4A02EB4000C1701A9890F828101B98BA
:10ABD00000EB400002EB400081701A9890F82910B9
:10ABE0001B9800EB400002EB400041711A9890F86E
:10ABF0002A101B9800EB400002EB400001711A98EC
:10AC000090F82B101B9800EB400002EB40004170C5
:10AC10001B98401CC0B21B901B980428FFF60EAF77
:10AC20000120E749087040E2E64800780228FAD19E
:10AC30000021E448017019A81E99F8F7A7F81E989A
:10AC4000801C18909DF8640005287DDA002017907C
:10AC5000BAE05821179848431899084401461690BD
:10AC60001AA8F8F793F89DF86810D74A179802EBDE
:10AC7000C000407861F30710179902EBC1014870DA
:10AC8000582117984843801C18990844169000F0E2
:10AC900015FD1B90CC4A179902EBC1011B98C88087
:10ACA000582117984843801D18990844169000F0C1
:10ACB00005FD1B90C54A179902EBC1011B988880BE
:10ACC0005821179848434630189908440146169071
:10ACD0001AA8F8F75BF89DF86810179800EB400089
:10ACE000BB4A02EB4000C1705821179848434830D6
:10ACF00018990844014616901AA8F8F747F89DF8E5
:10AD00006810179800EB4000B14A02EB40008170D8
:10AD10005821179848434A3018990844014616901C
:10AD20001AA8F8F733F89DF86810179800EB400060
:10AD3000A74A02EB400041715821179848434C3014
:10AD400018990844014600E047E016901AA8F8F761
:10AD50001DF89DF86810179800EB40009C4A02EB24
:10AD600040000171179800EB4001104600EB4100D4
:10AD7000C178179800EB400002EB40004079814217
:10AD800016D1179800EB4000114601EB4000817886
:10AD9000179800EB400002EB40000079814207D198
:10ADA0000021179800EB400002EB4000417007E0E3
:10ADB0000121179800EB4000854A02EB40004170EA
:10ADC0001798401CC0B217909DF8641017988842DD
:10ADD000FFF63FAF01207A490870EEE31D984078F6
:10ADE000D4287DD100201B901D980078402802D1E6
:10ADF00000201B901EE01D980078412803D01D986C
:10AE00000078432802D103201B9013E01D9800789E
:10AE1000422802D101201B900CE01D980078E12807
:10AE200002D102201B9005E01D980078E22801D194
:10AE300004201B9000208DF8600001208DF8610037
:10AE40001E208DF862000F208DF8630014208DF80D
:10AE5000640021208DF8650003208DF86600102025
:10AE60008DF8670001208DF8680040F2E5701790BA
:10AE70001D98807888B957491B9831F81010564AA8
:10AE800022F8101011461B9831F810004FF6FF7190
:10AE9000884202D10020FAF727BE4F491B9831F8AB
:10AEA00010004FF6FF71884201D10020F3E74A49B4
:10AEB0001B9831F8100000EB4000800000F6040001
:10AEC00080B204230DF166020146159043480068E4
:10AED00007F0F0FF18A840891790DDF8660000E041
:10AEE000E4E0C0F383508DF86100DDF86600C0F344
:10AEF00044408DF86200DDF86600C0F304308DF840
:10AF00006300DDF86600C0F385108DF86400DDF89D
:10AF1000660000F03F008DF865002F491B9831F85E
:10AF2000100000EB4000800000F60A0080B202230F
:10AF30000DF16902014615902848006807F0BAFF34
:10AF40000DF1690118A8F8F79DFA1D98807802287C
:10AF500016DA21491B9801EB400015901B9831F837
:10AF6000100000EB4000800000F60C0080B20223CD
:10AF7000149001461948159A006807F09BFF19E0E4
:10AF80001D988078022815D113491B9801EB4000C9
:10AF900015901B9831F8100000EB4000800000F67F
:10AFA0000E0080B20223149001460C48159A0068E6
:10AFB00007F080FF08491B9812E000005A030020A8
:10AFC00025090020440800204A0200209A0200209F
:10AFD0001E030020CC070020B6F50020000400204E
:10AFE00031F810004FF6FF71884202D101208DF830
:10AFF000600058200FF0E2FD16901698F0B3012380
:10B0000018AA19461698F8F719F9012317AA022168
:10B010000020F8F713F901230DF161021946002011
:10B02000F8F70CF901230DF1620219460020F8F738
:10B0300005F901230DF1630219460020F8F7FEF827
:10B04000012319AA19460020F8F7F8F801230DF199
:10B05000650219460020F8F7F1F801230DF16602A8
:10B0600019460020F8F7EAF801230DF167021946A6
:10B070000020F8F7E3F801231AAA00E010E01946CF
:10B080000020F8F7DBF800231A4619461846F8F7AF
:10B09000D5F800231A461946169803F067F91C9054
:10B0A000169810F097FB0020169086E21D984078C5
:10B0B000D52879D11D980078E12876D136200FF077
:10B0C0007DFD1A901A9808B90020E4E61A981B90A2
:10B0D0004FF4DC700FF072FD19901998C8B341F26B
:10B0E000E640F8F75FFB1B990880F8480088F8F7FE
:10B0F00059FB1B99488001211B98017100211B9865
:10B100004171012319461B9A1998F8F797F8012005
:10B1100018900DE018991B9808440123024619461F
:10B1200017900020F8F78AF81898401CC0B21890C1
:10B1300018980628EEDB1B98801D1B90E4A11B9835
:10B140000A6802604A684260098901810A201890F1
:10B1500008E04EE020221B9918980A541898401CC9
:10B16000C0B2189018981028F4DB002018900DE059
:10B1700018991B980844012302461946179000208D
:10B18000F8F75CF81898401CC0B21890189810286E
:10B19000EEDB1B9810301B901022D0A11B98F7F704
:10B1A00002F9002018900FE027E0AAE018991B98F8
:10B1B000084401230246194617900020F8F73EF88C
:10B1C0001898401CC0B2189018981028EEDB002385
:10B1D0001A4619461846F8F731F800231A46194658
:10B1E000199803F0C3F81C90199810F0F3FA002096
:10B1F00019901A9810F0EEFADFE11D984078D628E1
:10B200007ED11D98007840287BD1B4200FF0D6FC69
:10B210001B904FF474700FF0D1FC1A90052300229C
:10B2200001211A98F8F70AF8002019906BE0199894
:10B2300000EBC0011B9800EB8100189018981830A3
:10B240001790199800EB800101EBC000A84931F874
:10B25000100080B201221690189901F05FF80123C6
:10B2600002210020189AF7F7E9FF0120169025E047
:10B27000199800EB800101EBC0019D4800EB4100F3
:10B28000801C169930F8110080B21490189800EBC9
:10B290004100012201461590149800F01FFC1699F8
:10B2A000189800EB4100012302460221159000206E
:10B2B000F7F7C4FF1698401CC0B2169016980C28D9
:10B2C000D6DB0020169014E01699199800F0ECFBDC
:10B2D000DDE916218854DDE91610084401230246F1
:10B2E000194615900020F7F7A9FF1698401CC0B228
:10B2F000169016980C28E7DB1998401CC0B201E0A4
:10B300001AE076E019901998052890DB00231A4678
:10B3100019461846F7F792FF00231A4619461A985D
:10B3200003F024F81C901A9810F054FA1B9810F0AF
:10B3300051FA00201B9040E11D984078D72859D140
:10B340001D980078402854D11E98007805284DD1CA
:10B3500000201B9047E01B9800EBC000012101EB8F
:10B3600080011E9808441A901A98407819901A98EB
:10B37000007818900146199A1B9800F0D1FC012022
:10B38000199014E019984000401C1A99085C189014
:10B39000199841001A98405C17900246DDE918316F
:10B3A0001B9801F08DF81998401CC0B2199019989B
:10B3B0000C28E7DB1A9818301A90002019900BE03F
:10B3C000DDE91910405C024618901B9800F0D4FD8E
:10B3D0001998401CC0B2199019980C28F0DB1B98E2
:10B3E000401CC0B21B901B980528B4DB01204149CA
:10B3F0000870E2E01D984078DA287DD11D98007829
:10B40000E12879D100201B901A90199012E0199927
:10B410001E98405C302809DD19991E98405C303830
:10B420000F2121EA0000199A1E9988541998401C8E
:10B43000C0B2199019980828E9DB1E9800780228F4
:10B440001AD11E984078012816D11E9880780428B9
:10B4500012D11E98C07803280ED11E9800790628B4
:10B460000AD11E984079052806D11E9880792F2888
:10B4700002D101201B9083E01E98007805281AD184
:10B480001E984078062816D11E988078032812D17D
:10B490001E98C07804280ED11E98007901280AD180
:10B4A0001E984079022806D11E9880792F2802D153
:10B4B00002201B9064E01E9880792F2803D01E98EC
:10B4C000C0792F2819D100201B9059E08C01002051
:10B4D0004D45523034382D36303000003230323164
:10B4E000303232322D303030303030300000000019
:10B4F000C8010020260900205FE01E9801784078EE
:10B5000000EB800001EB4000C0B219901E988178DA
:10B51000C07800EB800001EB4000C0B218901E988C
:10B520000179407900EB800001EB4000C0B2179038
:10B530001E988179C07900EB800001EB4000C0B219
:10B5400016901F480068C0F383511998814216D1A4
:10B550001B480068C0F34441189881420FD1184835
:10B560000068C0F304311798814208D1144800885C
:10B57000C0F385111698814201D103201B9000BFB2
:10B5800010200FF01BFB1A901A98A8B101231BAAD8
:10B5900019461A98F7F752FE00231A46194618461C
:10B5A000F7F74CFE00231A4619461A9802F0DEFE01
:10B5B0001C901A9810F00EF900BF1C986BE4000064
:10B5C000F403002070B50546002417A12846F6F7BD
:10B5D000ADFE044614B94FF0FF3070BD14A12846EB
:10B5E000F6F7A4FE044615A12046F6F799FE14A12D
:10B5F0000020F6F795FE1449086011A10020F6F727
:10B600008FFE0FA10020F6F78BFE104908600CA1F9
:10B610000020F6F785FE0AA10020F6F781FE0C490E
:10B6200008600020D9E700004835324330000000B0
:10B63000446174615F547970650000003A22000033
:10B640003A222C2000000000340800203808002096
:10B650003C080020017E427E1144C1EBC1014268DA
:10B6600002EB41014A6812498A4206D11149097820
:10B67000012902D100210F4A1170017E427E11443E
:10B68000C1EBC101426802EB41018A680A490968BD
:10B690000C318A420AD107490978012906D10021D3
:10B6A000044A11700121044A126851737047000066
:10B6B000A007002028040020A804002030B501467F
:10B6C00004230878302802DB0878462801DD0020B2
:10B6D00030BD4878302802DB4878462801DD00205C
:10B6E000F6E78878302802DB8878462801DD0020DC
:10B6F000EEE7C878302802DBC878462801DD002054
:10B70000E6E7002211E00878402802DA08783038AD
:10B71000C4B20878402802DD08783738C4B2491C22
:10B720009D0004FA05F0104382B21800A3F1010550
:10B73000EBB2E8D11046CBE730B5014608230878D4
:10B74000302802DB0878462801DD002030BD48782B
:10B75000302802DB4878462801DD0020F6E78878AB
:10B76000302802DB8878462801DD0020EEE7C87823
:10B77000302802DBC878462801DD0020E6E708789B
:10B78000001D302803DB0878001D462801DD00205D
:10B79000DCE74879302802DB4879462801DD0020C3
:10B7A000D4E78879302802DB8879462801DD00203B
:10B7B000CCE7C879302802DBC879462801DD0020B3
:10B7C000C4E7002210E00878402802DA0878303810
:10B7D000C4B20878402802DD08783738C4B2491C62
:10B7E0009D0004FA05F002431800A3F10105EBB235
:10B7F000E9D11046AAE700002DE9FF41044688463A
:10B800009E480078012808D141462046F9F724FBDC
:10B810000546284604B0BDE8F081607832287DD125
:10B82000A07832287ED1022095490870002003902C
:10B83000E11C02A8F7F7AAFA00269DF80800914932
:10B84000097888425CD1611D03A8F7F79FFAE11DD2
:10B850000DF10D00F7F79AFA611C0DF10E00F7F7E4
:10B8600095FA214601A8F7F701FD012844D10027E8
:10B87000BDF804100D316018FFF720FF07460020C7
:10B8800005E0411C615C39448FB2411C88B2BDF8AF
:10B8900004100C318842F4DB57BB04F10D0103A8FE
:10B8A000F9F726FC0646FEB99DF80D00482813D08E
:10B8B0009DF80D0045280FD09DF80D004E280BD0A7
:10B8C0009DF80D00A62807D09DF80D00502803D044
:10B8D0009DF80D00D32803D100208DF80D000AE05B
:10B8E00004208DF80D0006E000208DF80D0002E028
:10B8F00002208DF80D0002E003208DF80D0000BF3E
:10B900009DF80D00CDE900069DF80C309DF80E1055
:10B910009DF80820222002F0EDF900E002E0054643
:10B92000284677E76078312802D1A07830280BD0FC
:10B93000E079342802D1207A462805D0E0793528EC
:10B940007ED1207A30287ED101204D490870002018
:10B950000390E11C02A8F7F719FA00269DF80800E9
:10B960004849097888425CD1611D03A8F7F70EFAAF
:10B97000E11D0DF10D00F7F709FA611C0DF10E0044
:10B98000F7F704FA214601A8F7F770FC012844D123
:10B990000027BDF804100D316018FFF78FFE074631
:10B9A000002005E0411C615C39448FB2411C88B223
:10B9B000BDF804100C318842F4DB57BB04F10D01D3
:10B9C00003A8F9F795FB0646FEB99DF80D00482837
:10B9D00013D09DF80D0045280FD09DF80D004E287E
:10B9E0000BD09DF80D00A62807D09DF80D0050281B
:10B9F00003D09DF80D00D32803D100208DF80D0051
:10BA00000AE004208DF80D0006E000208DF80D00FE
:10BA100002E002208DF80D0002E003208DF80D00F9
:10BA200000BF9DF80D00CDE900069DF80C309DF893
:10BA30000E109DF80820102002F05CF9054600E089
:10BA400001E02846E6E620784D2815D160784E289A
:10BA500012D1A07843280FD1E0782D280CD120797D
:10BA6000452809D160794E2806D141462046F9F78C
:10BA7000F3F905462846CDE60020CBE64508002030
:10BA8000440800209803002010B5054800780128DC
:10BA900001D10EF051F800200249087010BD0000DD
:10BAA0004B0800204508002030B5024600240A4813
:10BAB000062303FB0205084601EBD0735B10EC5C28
:10BAC0000B4601EBD3704010A1EB4000800044FA1C
:10BAD00000F000F00F0030BD0003002030B5034639
:10BAE000B3F5B46F06DB17240C703B244C704FF099
:10BAF000FF300AE03C2493FBF4F40C703C2493FBED
:10BB0000F4F504FB15344C700120012A04D10C78A3
:10BB10004D780D704C7000BF012030BD0AE0064822
:10BB200001680648006809F093FCF9F71FF96420E2
:10BB30000FF0ACFEF3E70000BC080020340000204A
:10BB400010B50446207E617E0844C0EBC0006168E9
:10BB500001EB40008068674988420BD16648007855
:10BB6000012807D16548006807F012FB00206249F0
:10BB70000870BEE0207E617E0844C0EBC0006168B2
:10BB800001EB400080685E4988420BD15A4800783A
:10BB9000012807D15948006807F0FAFA00205649F1
:10BBA0000870A6E0207E617E0844C0EBC00061689A
:10BBB00001EB40008068534988420BD14E48007821
:10BBC000012807D14D48006807F0E2FA00204A49F1
:10BBD00008708EE0207E617E0844C0EBC000616882
:10BBE00001EB40008068484988420BD14248007808
:10BBF000012807D14148006807F0CAFA00203E49F1
:10BC0000087076E0207E617E0844C0EBC000616869
:10BC100001EB400080683D4988420BD136480078EE
:10BC2000012807D13548006807F0B2FA00203249F0
:10BC300008705EE0207E617E0844C0EBC000616851
:10BC400001EB40008068324988420BD12A480078D5
:10BC5000012807D12948006807F09AFA00202649F0
:10BC6000087046E0207E617E0844C0EBC000616839
:10BC700001EB40008068274988420BD11E480078BC
:10BC8000012807D11D48006807F082FA00201A49F0
:10BC900008702EE0207E617E0844C0EBC000616821
:10BCA00001EB400080681C4988420BD112480078A3
:10BCB000012807D11148006807F06AFA00200E49F0
:10BCC000087016E0207E617E0844C0EBC000616809
:10BCD00001EB40008068114988420AD1064800788B
:10BCE000012806D10548006807F052FA00200249F1
:10BCF000087010BD720100202804002000040020FC
:10BD00007401002076010020780100207A010020D3
:10BD10007C0100207E0100208001002082010020A3
:10BD20002DE9F04104460E461746002539463046B7
:10BD300000F0B4F90546002D03DC4FF0FF30BDE8FC
:10BD4000F081002C0CDD601E00EB800101EBC000D7
:10BD5000084931F91000A84202DB4FF0FF30EEE74E
:10BD600004EB840000EBC400024921F810500120CC
:10BD7000E5E70000C801002010B50446207E617E82
:10BD80000844C0EBC000616801EB400080686D4969
:10BD90000968884210D16C48007801280CD1002035
:10BDA0006949087067480068007868490870684801
:10BDB000006807F0EDF9C3E0207E617E0844C0EB27
:10BDC000C000616801EB400081685E480068401C6B
:10BDD00081420CD15C480078012808D100205A49E2
:10BDE00008705848006840785A490870A8E0207EDA
:10BDF000617E0844C0EBC000616801EB40008068D0
:10BE0000554988420CD150480078012808D10020BB
:10BE10004D49087050494E48006807F0B9F98FE065
:10BE2000207E617E0844C0EBC000616801EB4000E9
:10BE300080684A4988420CD143480078012808D1DB
:10BE400000204149087045494148006807F0A0F9C1
:10BE500076E0207E617E0844C0EBC000616801EBA3
:10BE6000400080683E4988420CD13748007801285C
:10BE700008D100203449087039493548006807F076
:10BE800087F95DE0207E617E0844C0EBC0006168F8
:10BE900001EB400080683349884220D12A4800786D
:10BEA00001281CD10020284908702E48007800285D
:10BEB00007DD2C4800782C4948432C4909688863E1
:10BEC00007E02848007820B94FF4616027490968E5
:10BED000886324491E48006807F05AF930E0207E44
:10BEE000617E0844C0EBC000616801EB40008068DF
:10BEF0001F4988420CD114480078012808D100203D
:10BF0000114908701A491248006807F041F917E012
:10BF1000207E617E0844C0EBC000616801EB4000F8
:10BF20008068144988420BD107480078012807D15E
:10BF30000020054908700F490548006807F028F9F6
:10BF400010BD0000A804002028040020ED020020FD
:10BF500000040020B9030020F4020020F5020020B4
:10BF6000F6020020F8020020805101003400002079
:10BF7000F70200208A010020F0B503461446002095
:10BF80000B2900DDF0BD114D062606FB03520D46C0
:10BF900001EBD5767610905D01EBD5767610A1EBAE
:10BFA0004606B7000F26BE40B04301EBD5767610AB
:10BFB000A1EB4606B60004FA06F60643F0B201EB22
:10BFC000D5767610905500BFDCE700000003002016
:10BFD0001CB501462DA21268019200224BE0BDF86B
:10BFE000003023F01F030F330093BDF8003023F01F
:10BFF00020030093BDF8003061F38B13009301AB75
:10C000009C5CBDF8003064F30F330093002000BF48
:10C010000AE01F4B1B6833F81030BDF80040A34204
:10C0200000D105E0431CD8B21A4B1B788342F0DCE8
:10C0300000BF184B1B7883421BD00AE0144B1C68CE
:10C04000431C34F81330124C246824F81030431C7D
:10C05000D8B2104B1B788342F0DC0E4B9B785B1EF2
:10C060000C4CA37023461B785B1E237023469B78E1
:10C070006370531CDAB2022AB1DB4A1E01239340DB
:10C08000054A12689A43044B1A601CBD070600005B
:10C09000D0030020DF070020B40800202DE9F04184
:10C0A00004460F46012C01DB0C2C03DD4FF0FF3062
:10C0B000BDE8F081012F01DB1F2C02DD4FF0FF30C6
:10C0C000F6E7002500260EE00A48805D284405B208
:10C0D00009498888F6F772FC18B1012E01D1681C55
:10C0E00005B2701CC6B2601EB042EDDCE81905B2A4
:10C0F0002846DDE700D80108F403002070B50546A6
:10C10000A87E00EB800105F11C0000EB41004468B3
:10C110005848844203D12846F7F75CF894E0564823
:10C12000844203D1284600F031FE8DE0534884421A
:10C1300006D12846FFF78EFA11205149087083E096
:10C140005048844203D12846F8F738FB7CE04E483B
:10C15000844203D1284600F08BFA75E04B488442B4
:10C1600003D1284600F028FA6EE04948844203D102
:10C170002846FFF701FE67E04648844203D128467F
:10C1800000F07AFF60E04448844203D12846F8F783
:10C1900049FC59E04148844203D1284600F0A0FE02
:10C1A00052E03F48844203D1284601F0D1FB4BE0E6
:10C1B0003C48844203D1284601F008FD44E03A4857
:10C1C000844203D1284605F019F83DE037488442FF
:10C1D00003D1284605F0AEF836E03548844203D155
:10C1E000284600F0D9FA2FE03248844203D128468D
:10C1F000F8F7C6FB28E03048844203D12846FFF711
:10C200009FFC21E02D48844203D1284602F01AFB0E
:10C210001AE02B48844203D1284601F045FB13E085
:10C220002848844203D1284601F0A0FA0CE02648B1
:10C23000844203D1284601F03DFE05E023488442B4
:10C2400002D1284601F048FF21480078012802D198
:10C2500004F0F8FD0CE01F480078012802D104F03A
:10C260000BFE05E01C480078012801D104F0BEFD5A
:10C2700070BD00003C040020800400204004002029
:10C28000AC0400204C040020500400205404002082
:10C290006404002068040020840400206C04002052
:10C2A0007404002078040020340400205C04002082
:10C2B000580400208C040020880400207004002012
:10C2C000480400209404002098040020A0040020CA
:10C2D00024090020250900202609002070B5044605
:10C2E000049D0CB10C4804600B48006808B900209C
:10C2F00070BD094800680160074800684260064850
:10C3000000688360044800680573034800680E30C5
:10C31000014E30600120EBE7980700202DE9F04145
:10C3200005460C46164600202070B5F5B77F00DCA8
:10C3300035B90C2020701F2060704FF0FF3727E0C8
:10C34000681E85B21CE018498888F6F737FB48B1AB
:10C350002078012806D11D2D03DBA5F11D0085B233
:10C360000BE00FE020781149085CA84204DC20783B
:10C37000085C281A85B200E004E02078401C207098
:10C380001C2DE0DA00BF2078401C2070681C607013
:10C39000012E04D1207861782170607000BF0127E0
:10C3A0003846BDE8F0810000F403002000D8010801
:10C3B0007CB5054605EB4500800000F60A0081B219
:10C3C00006236A463C48006806F074FDBDF800008C
:10C3D00000F01F04032C13D0042C11D0052C0FD017
:10C3E000062C0DD0072C0BD0082C09D01B2C07D005
:10C3F000092C05D01A2C03D01C2C01D0172C0CD1E1
:10C40000BDF804002D49088002230A4646F2C451B3
:10C410002948006806F0EAFE4DE0012C09D01D2CE9
:10C4200007D01E2C05D01F2C03D0122C01D0112CAC
:10C430000CD1BDF804002149488002238A1C46F231
:10C44000C6511D48006806F0D1FE34E0102C05D01E
:10C45000142C03D0162C01D0152C0CD1BDF80400DF
:10C460001649888002230A1D46F2C8511248006806
:10C4700006F0BCFE1FE00F2C0CD1BDF804000F49E4
:10C48000C88002238A1D46F2CA510B48006806F094
:10C49000ADFE10E00D2C01D00E2C0CD1BDF8040027
:10C4A00006490881022301F1080246F2CC510248F4
:10C4B000006806F09BFE7CBD00040020CC07002035
:10C4C000F0B504461D46172A02DD4FF0FF30F0BDDF
:10C4D0003B2A02DD4FF0FF30F9E7C2EB021005EB1B
:10C4E000800300290FDD04EB840000EBC4000C4E38
:10C4F00006EB4000801C4E1E30F91600984202DB0D
:10C500004FF0FF30E3E71EB204EB840000EBC40001
:10C51000034F07EB4000801C20F811600120D6E794
:10C52000C801002010B540F203600EF067FDC02383
:10C530000322142101480DF016FC10BD000C01402F
:10C5400070B504460E461A4800681A4988420FD34F
:10C55000601EC11700EB91718910A0EB8101A9B990
:10C56000611E134A126802EB81200DF0FBFA0DE008
:10C57000601E00EBD0714910A0EB410131B9611E82
:10C580000B4A126802EB81200DF0ECFA00250CE05A
:10C59000621E074B1B6803EB822202EB850056F8F4
:10C5A00025100DF077FB681C85B2FF2DF0DD70BD06
:10C5B000400800200000080810B50446207E617E77
:10C5C0000844C0EBC000616801EB4000806822496C
:10C5D0000968884210D12148007801280CD11E48F2
:10C5E000006800781E4908701E48006806F0D0FDFB
:10C5F00000201A4908702EE0207E617E0844C0EBBE
:10C60000C000616801EB40008068174988420BD187
:10C6100012480078012807D11248006806F0B8FDDA
:10C6200000200E49087016E0207E617E0844C0EBB1
:10C63000C000616801EB400080680C4988420AD163
:10C6400006480078012806D10648006806F0A0FDDB
:10C6500000200249087010BDA80400202804002012
:10C66000F302002000040020840100208601002045
:10C6700010B50446207E617E0844C0EBC0006168AE
:10C6800001EB400080683B490968884210D13A4874
:10C69000007801280CD137480068007837490870C5
:10C6A0003748006806F074FD0020334908705FE0E9
:10C6B000207E617E0844C0EBC000616801EB400051
:10C6C00041682C480068401C814218D12A480078F3
:10C6D000012814D12748006840782A490870084684
:10C6E000007829494843294909684863254924486D
:10C6F000006806F04DFD00201F49087038E0207EDC
:10C70000617E0844C0EBC000616801EB40004168F5
:10C7100018480068801C814210D117480078012811
:10C720000CD11448006880781949087014480068D2
:10C7300006F02EFD00201049087019E0207E617E71
:10C740000844C0EBC000616801EB40004168094843
:10C750000068C01C81420BD107480078012807D12E
:10C760000C490748006806F013FD002002490870D4
:10C7700010BD0000A804002028040020EB020020C7
:10C7800000040020FA020020805101003400002043
:10C79000FF0200206401002010B50446207E617E67
:10C7A0000844C0EBC000616801EB40008168FE48AE
:10C7B0000068401C814225D1FC480078012821D125
:10C7C000F94800684178F84800680078401EF84A47
:10C7D00002EBC000407861F30710F349096809785B
:10C7E000491E02EBC1014870EF4800680078401E06
:10C7F00002EBC001EF48006806F0CAFC0020EB49DC
:10C800000870EBE1207E617E0844C0EBC0006168E7
:10C8100001EB40004168E4480068801C81421DD162
:10C82000E2480078012819D1DF4800684188DE48D5
:10C8300000680078401EDE4A02EBC000C180DA4882
:10C8400000680078401E02EBC000811DD9480068D6
:10C8500006F09EFC0020D5490870BFE1207E617E75
:10C860000844C0EBC000616801EB40004168CE485D
:10C870000068001D81421DD1CC480078012819D1E3
:10C88000C94800688188C84800680078401ECA4AC4
:10C8900002EBC0008180C44800680078401E02EBB3
:10C8A000C000011DC348006806F072FC0020BF49AB
:10C8B000087093E1207E617E0844C0EBC00061688F
:10C8C00001EB40004168B8480068801D81421DD1DD
:10C8D000B6480078012819D1B3480068C188B24829
:10C8E00000680078401EB44A02EBC000C180AE4828
:10C8F00000680078401E02EBC000811DAD48006852
:10C9000006F046FC0020A949087067E1207E617EA0
:10C910000844C0EBC000616801EB40008168A24898
:10C9200000680830814221D1A048007801281DD13B
:10C930009D480068017A9C4800680078401E00EB22
:10C9400040009E4A02EB4000417097480068007822
:10C95000401E00EB400002EB4000411C954800687F
:10C9600006F016FC00209149087037E1207E617EB8
:10C970000844C0EBC000616801EB400041688A4890
:10C980000068093081423BD188480078012837D1BE
:10C9900085480068417A844800680078401E00EBB2
:10C9A0004000864A02EB4000C1707F480068817AEF
:10C9B0007D4800680078401E00EB400002EB40001C
:10C9C0008170794800680078401E00EB400002EB5F
:10C9D0004000C11C7748006806F0DAFB7248006826
:10C9E0000078401E00EB4000744A02EB4000811CBE
:10C9F0007048006806F0CCFB00206C490870EDE040
:10CA0000207E617E0844C0EBC000616801EB4000FD
:10CA10004168654800680B3081423BD1634800782B
:10CA2000012837D160480068C17A5F480068007803
:10CA3000401E00EB4000614A02EB400041715A4841
:10CA40000068017B584800680078401E00EB4000F9
:10CA500002EB40000171544800680078401E00EB72
:10CA6000400002EB4000411D5248006806F090FB78
:10CA70004D4800680078401E00EB40004F4A02EB32
:10CA80004000011D4B48006806F082FB002047492A
:10CA90000870A3E0207C03280FD1207E617E08442B
:10CAA000C0EBC000616801EB400040683E49096886
:10CAB000884277D1207C032874D13B4800680078F5
:10CAC000062803DB012038490968087036480068E9
:10CAD000007818B9052034490968087032480068A0
:10CAE0000078401E324901EBC000407800092E4911
:10CAF000096848702C4800680078401E2C4901EBFA
:10CB0000C000C08828490968488027480068007824
:10CB1000401E294901EBC0008088234909688880AC
:10CB2000214800680078401E234901EBC000C088FE
:10CB30001D490968C8801C4800680078401E00EB49
:10CB400040001E4901EB400040781749096808720F
:10CB5000154800680078401E00EB4000174901EBC3
:10CB60004000C0781049096848720F480068007892
:10CB7000401E00EB4000114901EB400080780A495B
:10CB800009688872084800680078401E00EB400081
:10CB90000A4901EB4000407903490968C87202481C
:10CBA00000680DE01AE00000A8040020280400201E
:10CBB0004A020020000400209A0200201E030020E8
:10CBC0000078401E00EB4000054901EB4000007971
:10CBD00004490968087300200349087010BD00006B
:10CBE0001E030020A80400202804002010B50446DD
:10CBF0004B480078002804DD49480078401E484929
:10CC000008704748007810B9012046490870464826
:10CC10000078002804DD44480078401E424908702E
:10CC20004248007802280CD14148407848B9414830
:10CC3000008800280FDD3F480088401E3D490880DD
:10CC400009E03D480088C0EB00104FF6FF7101EA93
:10CC50008000384908803548007801280ED13748CF
:10CC600000680068C0F3804040B135480078002873
:10CC700004DD33480078401E3149087031480068AF
:10CC800008F044FFF8F772F82F480078012803D124
:10CC900000202D49087002E001202B4908702B4824
:10CCA0000078012808D12A480078002804DD2848A7
:10CCB0000078401E2649087026480088002804DDB8
:10CCC00024480088401E2349088023480078002813
:10CCD00004DD21480078401E1F4908701E48007876
:10CCE00028B91E480078012801D1FEF7CDFE1C4866
:10CCF0000078002804DD1A480078401E18490870A2
:10CD000018480078002804DD16480078401E1549B0
:10CD1000087001F099F81448006805F09BFF10BDF9
:10CD20001D090020B8030020A1030020F302002009
:10CD30009C070020D403002086010020BC070020AF
:10CD4000D703002034000020040800202E0000201B
:10CD50002F000020300000204C0800204508002053
:10CD600015090020160900200004002010B5044613
:10CD70000448006806F016F803480068401C0249A1
:10CD8000086010BD000400202009002070B5044692
:10CD90004A480668351D207E617E0844C0EBC0000D
:10CDA000616801EB40008068A8420BD144480078DC
:10CDB000012807D1287843490968087000204049B4
:10CDC000087079E0207E617E0844C0EBC000616895
:10CDD00001EB400080683C4988420BD1384800781C
:10CDE000012807D13948006806F0D2F900203449FB
:10CDF000087061E0207E617E0844C0EBC00061687D
:10CE000001EB40008068324988420BD12C48007801
:10CE1000012807D12D48006806F0BAF900202849FA
:10CE2000087049E0207E617E0844C0EBC000616864
:10CE300001EB40008168681C81420ED120480078D7
:10CE400001280AD16878234908702048006806F054
:10CE50009FF900201A4908702EE0207E617E084468
:10CE6000C0EBC000616801EB400040681A4988428D
:10CE70000BD113480078012807D11448006806F048
:10CE800087F900200E49087016E0207E617E084474
:10CE9000C0EBC000616801EB400040680F49884268
:10CEA0000AD107480078012806D10848006806F032
:10CEB0006FF900200249087070BD0000A80400202E
:10CEC000280400203400002060010020000400201D
:10CED00062010020F1020020FD0200208C010020F0
:10CEE00010B50446207E617E0844C0EBC000616836
:10CEF00001EB4000806856490968884210D15548C6
:10CF0000007801280CD15248006800785249087016
:10CF10005248006806F03CF900204E49087095E040
:10CF2000207E617E0844C0EBC000616801EB4000D8
:10CF300080684B4988420BD146480078012807D1C8
:10CF40004648006806F024F90020424908707DE058
:10CF5000207E617E0844C0EBC000616801EB4000A8
:10CF60008068404988420BD13A480078012807D1AF
:10CF70003A48006806F00CF900203649087065E070
:10CF8000207E617E0844C0EBC000616801EB400078
:10CF90008068354988420BD12E480078012807D196
:10CFA0002E48006806F0F4F800202A4908704DE089
:10CFB000207E617E0844C0EBC000616801EB400048
:10CFC00080682A4988420BD122480078012807D17D
:10CFD0002248006806F0DCF800201E49087035E0A1
:10CFE000207E617E0844C0EBC000616801EB400018
:10CFF0008168174800680B30814210D115480078CD
:10D0000001280CD112480068C07A194908701348E9
:10D01000006806F0BDF800200E49087016E0207E7A
:10D02000617E0844C0EBC000616801EB400080688D
:10D03000104988420AD107480078012806D10748DC
:10D04000006806F0A5F800200249087010BD000035
:10D05000A804002028040020EF0200200004002083
:10D060009A0100209C0100209E010020A0010020C8
:10D07000FC020020AC01002010B50446207E617E39
:10D080000844C0EBC000616801EB4000806855496E
:10D090000968884210D15448007801280CD100203A
:10D0A000514908704F48006800785049087050484E
:10D0B000006806F06DF894E0207E617E0844C0EBC5
:10D0C000C000616801EB400080684A4988420CD189
:10D0D00045480078012808D1002043490870454997
:10D0E0004348006806F054F87BE0207E617E0844E7
:10D0F000C0EBC000616801EB400080683E49884297
:10D100000CD139480078012808D100203649087030
:10D1100039493748006806F03BF862E0207E617EBE
:10D120000844C0EBC000616801EB400080683349EF
:10D1300088420CD12C480078012808D100202A49C7
:10D1400008702E492A48006806F022F849E0207E3F
:10D15000617E0844C0EBC000616801EB400080685C
:10D16000274988420CD120480078012808D10020A6
:10D170001D49087022491E48006806F009F830E091
:10D18000207E617E0844C0EBC000616801EB400076
:10D1900080681C4988420CD113480078012808D1C6
:10D1A00000201149087017491148006805F0F0FF88
:10D1B00017E0207E617E0844C0EBC000616801EB8F
:10D1C00040008068104988420BD107480078012848
:10D1D00007D10020044908700B490548006805F094
:10D1E000D7FF10BDA804002028040020EE02002074
:10D1F000000400208E0100209001002092010020F8
:10D2000094010020980100209601002033B581B0E0
:10D2100004464FF0FF3000906D46032C13D0042CD1
:10D2200011D0052C0FD0062C0DD0072C0BD0082CBC
:10D2300009D01B2C07D0092C05D01A2C03D01C2C8C
:10D2400001D0172C2FD18648008828808448008878
:10D2500000EB4000800000F60E0081B2022302AA1B
:10D260008048006805F0C2FFBDF808007C490880CE
:10D2700002230A4646F2D0517A48006805F0B6FF0C
:10D28000794800884FF6FF7188420BD174480088B6
:10D290007549088002230A4646F2C4517148006865
:10D2A00005F0A4FFDAE0012C09D01D2C07D01E2CBC
:10D2B00005D01F2C03D0122C01D0112C2FD168487F
:10D2C000408828806648408800EB4000800000F6D7
:10D2D0000E0081B2022302AA6248006805F086FFB0
:10D2E000BDF808005E49488002238A1C46F2D251EC
:10D2F0005C48006805F07AFF5B4840884FF6FF7194
:10D300008842CFD1564840885749488002238A1C1A
:10D3100046F2C6515348006805F068FF9EE0102CA5
:10D3200005D0142C03D0162C01D0152C2FD14C482D
:10D33000808828804A48808800EB4000800000F602
:10D340000E0081B2022302AA4648006805F04EFF93
:10D35000BDF808004249888002230A1D46F2D451D4
:10D360004048006805F042FF3F4880884FF6FF7153
:10D37000884273D13A4880883B49888002230A1D3D
:10D3800046F2C8513748006805F030FF66E00F2CC0
:10D390002FD13348C08828803148C08800EB400036
:10D3A000800000F60E0081B2022302AA2D48006818
:10D3B00005F01CFFBDF808002949C88002238A1D1A
:10D3C00046F2D6512748006805F010FF2648C0886D
:10D3D0004FF6FF71884241D12148C0882249C88058
:10D3E00002238A1D46F2CA511E48006805F0FEFE5F
:10D3F00034E00D2C01D00E2C30D119480089288042
:10D400001748008900EB4000800000F60E0081B252
:10D41000022302AA1348006805F0E8FEBDF80800E0
:10D420000F490881022301F1080246F2D8510D4844
:10D43000006805F0DBFE0C4800894FF6FF7188425A
:10D440000CD10748008908490881022301F108022C
:10D4500046F2CC510348006805F0C8FE00983EBD76
:10D46000C007002000040020CC07002002460878F6
:10D47000302802DB0878462801DD00207047087854
:10D48000402802DA0878303810700878402802DD29
:10D490000878373810700120F0E700002DE9F047D8
:10D4A0000521A74800680AF098FA0646A5480078C2
:10D4B00008B9BDE8F087012500243BE1A24800EB54
:10D4C000C4004078000930B1012820D002281FD0C4
:10D4D00003287CD10FE19D480078284070B1611C81
:10D4E000C8B2002103F020FE601CC1B20522112049
:10D4F000F5F7F0FE305D00F0F80030559348007805
:10D50000A843924908700020914908550DE100BFD9
:10D510000027B846B94604EB44008E4901EB4000B1
:10D52000407801282AD18C480088C0F385108A49A8
:10D530000968C1F30431C1EB011100EB810704EB71
:10D540004400844901EB4000807804EB4401814AA7
:10D5500002EB4101C978C1EB011100EB810804EB3A
:10D560004400114601EB4000007904EB440102EB5A
:10D5700041014979C1EB011100EB8109C84506D190
:10D58000002004EB4401734A02EB410148707348E8
:10D59000007858B9724850F8240038B96A4800EB4E
:10D5A000C40040780221B1EB101F27D06D480068FD
:10D5B0000088654901EBC401C988884202DA6A48DB
:10D5C000005DD8B147450BDB4F4509DA00E0ABE021
:10D5D00004EB44005F4901EB4000407801280DD086
:10D5E000474501DA4F4522DA04EB4400594901EB83
:10D5F0004000407801281AD1C84518DD534800780A
:10D60000284070B9611CC8B2012103F08DFD601C77
:10D61000C1B20522112003F06BFC305D40F0010027
:10D6200030554A48007828434849087062E04B4822
:10D630000078012810D14B4800680188424800EB6F
:10D64000C400C088FA30814206DD04EB4400414941
:10D6500001EB40004078A8B340480078012817D17A
:10D66000404800680188384800EBC400C088FA30A0
:10D6700081420DDD04EB4400364901EB4000407867
:10D68000012805D1474501DB4F4501DBC84519DBC2
:10D690003248007801282DD13248006801882A4894
:10D6A00000EBC400C088FA30814223DD04EB440063
:10D6B000284901EB4000407801281BD14F4519DB78
:10D6C000474517DA21480078284070B1611CC8B27C
:10D6D000002103F029FD601CC1B205221120F5F7DD
:10D6E000F9FD305D00F0F800305518480078A84387
:10D6F0001649087019E015480078284070B9611C77
:10D70000C8B2012103F010FD601CC1B20522112036
:10D7100003F0EEFB305D00F0060030550B4800785A
:10D7200028430A49087000E000BF00BF6806050EE4
:10D73000601CC4B2052CFFF6C1AE00BFB9E6000004
:10D74000AC030020B80300204A020020F6070020A6
:10D750002E0800201E030020F4030020B503002043
:10D7600008080020A40300201C080020FEB507467E
:10D7700049480668351D05F10C044848408870800A
:10D7800030884649088008460088B0F5FA6F05DD04
:10D790004FF4FA6008800846008830803F4840888F
:10D7A00028B9002020706070A070E070FEBD3B487A
:10D7B000008828B90120394908800846008830804F
:10D7C0003648008836490988884262D03348008844
:10D7D000401E00EB4000800000F6040081B20623EA
:10D7E00001AA3048006805F065FBBDF808002880F4
:10D7F0000198C0F3835068800198C0F34440A8802A
:10D800000198C0F30430E8800198C0F385102881A6
:10D81000019800F03F006881002000901F480088B8
:10D82000401E00EB4000800000F60A0081B2022397
:10D830006A461C48006805F03DFB184800881849F6
:10D840000880BDF8000000F01F002070BDF8000047
:10D85000C0F385106070BDF80000000BA070BDF82B
:10D860000000C0F34010E0702078202801DB002089
:10D87000207060780E2801DB00206070A0780A28F4
:10D8800001DB0020A070E078012801DD0020E070BD
:10D8900000BF00BF8AE70000A8040020D8070020CE
:10D8A000AC0700200004002010B50446207E617EF5
:10D8B0000844C0EBC000616801EB400080681F496C
:10D8C00088420BD11E480078012807D11D48006806
:10D8D00005F05EFC00201A4908702EE0207E617E73
:10D8E0000844C0EBC000616801EB40008068164945
:10D8F00088420BD112480078012807D111480068EE
:10D9000005F046FC00200E49087016E0207E617E7E
:10D910000844C0EBC000616801EB400080680B491F
:10D9200088420AD106480078012806D105480068D7
:10D9300005F02EFC00200249087010BD680100208F
:10D940002804002000040020660100209603002027
:10D9500038B5054693480068C479287E697E084436
:10D96000C0EBC000696801EB400080688D49096820
:10D97000884206D18C480078012802D100208A49CB
:10D98000087088480068C078A04227D085480068A1
:10D99000C07840B900248548007800F00100814932
:10D9A000096888711AE07F480068C078012808D1AA
:10D9B00001247E480078C0F340007A4909688871E4
:10D9C0000CE078480068C078022807D10224774824
:10D9D0000078C0F380007349096888717148006855
:10D9E000C47134B972480068C0886E49096888807B
:10D9F00010E0012C06D16E48006800896949096869
:10DA0000888007E0022C05D1694800688088654954
:10DA100009688880287E697E0844C0EBC000696878
:10DA200001EB400041685F480068401C81427FD1A3
:10DA30005D48007801287BD100205B490870009088
:10DA400002236A46D9015B48006805F033FABDF845
:10DA500000004AF2A55188420BD0A5208DF80000A5
:10DA60008DF8010002236A46D9015248006805F08A
:10DA7000BDFB4C4800680078012829D1494800685E
:10DA8000B0F801004C4921F814004C4850F824002B
:10DA90004B4941F82400484800EB440204EB4400A1
:10DAA0004FF4817303EB800102234248006805F0C4
:10DAB0009DFB434800EB840204EB44004FF4827367
:10DAC00003EB800104233B48006805F08FFB2CE04A
:10DAD00034480068007840BB32480068B0F8010064
:10DAE000384921F81400354850F82400364941F8E7
:10DAF0002400344800EB440204EB44004FF48473E8
:10DB000003EB800102232B48006805F06FFB2E48D1
:10DB100000EB840204EB44004FF4857303EB8001B7
:10DB200004232448006805F061FB00E000E000BF2A
:10DB3000287E697E0844C0EBC000696801EB4000A4
:10DB4000816818480068801D81422AD116480078F3
:10DB5000012826D14CB91348006881791348007810
:10DB600061F300001149087016E0012C09D10D483D
:10DB7000006881790D48007861F341000B49087015
:10DB80000AE0022C08D1074800688179074800782C
:10DB900061F382000549087004490648006805F0F1
:10DBA000F7FA38BDA80400202804002097030020BD
:10DBB000A40300200004002078120020F8110020A7
:10DBC0009012002084120020A812002038B50446CC
:10DBD000207E617E0844C0EBC000616801EB40001C
:10DBE00080683C490968884206D13B480078012892
:10DBF00002D1002038490870207E617E0844C0EBC5
:10DC0000C000616801EB4000416832480068401C78
:10DC100081425ED13048007801285AD100202E4937
:10DC20000870009002236A46D9012C48006805F06C
:10DC300041F9BDF800004AF2A55188420BD0A52059
:10DC40008DF800008DF8010002236A46D9012348AF
:10DC5000006805F0CBFA1F480068007801281CD145
:10DC60001C480068B0F801001D49C8801D48C06804
:10DC70001D49C86002231A4A921D4FF49371174838
:10DC8000006805F0B3FA0423174A0C324FF494717C
:10DC90001248006805F0AAFA1AE00E4800680078F9
:10DCA000B0B900201149C8801149C86002230F4A49
:10DCB000921D4FF496710948006805F097FA042305
:10DCC0000B4A0C324FF497710448006805F08EFA45
:10DCD00000BF38BDA8040020280400200004002054
:10DCE00078120020F81100209012002084120020E9
:10DCF000A81200202DE9FF4F85B0139F002003904C
:10DD0000029001909DF848004F2803D09DF84800EC
:10DD1000502806D10025002012904A48007807902C
:10DD200016E067B13846F4F713FB85B2002D03DC2B
:10DD3000002009B0BDE8F08F0020129000E000251F
:10DD40009DF81C003F490978884201D00020F0E787
:10DD500005F112001FFA80F808F101000CF02EFF07
:10DD600004460CB90020E4E77E20207005A9601C61
:10DD7000F5F715FA07A9E01CF5F711FA08A9601DD7
:10DD8000F5F70DFA12A9E01DF5F709FAC5F303201E
:10DD90000390C5F30310029005F00F000190DDE938
:10DDA00002210A4401995018C11700EB11710911A1
:10DDB000A0EB0111C943491C01F0FF0B4FEA0B70A6
:10DDC0004FEA106B45EA0B294FEA1920049004A989
:10DDD00004F10900F5F7E3F909F0FF00049004A944
:10DDE00004F10B00F5F7DBF90D263FB1A0192A4627
:10DDF0003946F4F7D8FA38460DF0ECFCA8F10600E5
:10DE000081B2204603F0CAF98246A8F1050086B225
:10DE10004FEA1A200490A01904A9F5F7C0F9B01C24
:10DE200086B20AF0FF000490A01904A9F5F7B7F92B
:10DE3000B01C86B20D20A0550021701C2154204634
:10DE400077E7000098030020002025E014490978B6
:10DE500051B9144951F8201031B1124951F820102C
:10DE6000491E104A42F820100F49096809880F4AD4
:10DE700002EBC002D288914209DA0D49095C0029FF
:10DE800008DD0B49095C491E094A115402E01421BE
:10DE9000074A1154411CC8B20528D7DB704700005F
:10DEA000B503002008080020A40300204A02002037
:10DEB0001C0800201CB50446824800680078302801
:10DEC00003DD01207F49096808707E4800680078FA
:10DED00020B97D4800787B49096808707A48007845
:10DEE0007849096848707848007850B9022005E000
:10DEF0000021744A12681170411CC8B21E28F7DB59
:10DF0000DFE0704800680078704909788842F7D0EF
:10DF10006C4800680078401E46F2E052322303FB52
:10DF2000002081B206236A466948006804F0C2FFF7
:10DF3000BDF804006349096848800098C0F3835025
:10DF40006049096808710098C0F344405D49096858
:10DF500048710098C0F304305A49096888710098E4
:10DF6000C0F3851057490968C871009800F03F0058
:10DF7000544909680872534800680078401E46F208
:10DF8000E652322303FB002081B204234D4802688D
:10DF900009324F48006804F08DFF4A480068007855
:10DFA000401E46F2EA52322303FB002081B20423D2
:10DFB000444802680D324648006804F07BFF41483F
:10DFC00000680078401E46F2EE52322303FB002028
:10DFD00081B204233B48026815323D48006804F0D2
:10DFE00069FF38480068D0F80D003A49884217D9CF
:10DFF00034480068D0F80D0032490968D1F815108E
:10E0000008444FF47A71B0FBF1F02E490968D1F859
:10E010000D10B1FBF0F02B490968C1F8110015E0B3
:10E0200028480068D0F80D0026490968D1F8151075
:10E03000014424480068D0F80D004FF47A72504330
:10E04000B0FBF1F01F490968C1F811001D480068D4
:10E05000D0F815001F49884217D91A480068D0F82F
:10E060000D0018490968D1F8151008444FF47A7169
:10E07000B0FBF1F013490968D1F81510B1FBF0F0CD
:10E0800010490968C1F8190015E00E480068D0F879
:10E090000D000C490968D1F81510014409480068C1
:10E0A000D0F815004FF47A725043B0FBF1F00549F7
:10E0B0000968C1F81900034800680078034908702E
:10E0C00000BF1CBDA8040020D6030020AE0700201E
:10E0D0000004002000093D003EB504465C4800688D
:10E0E00000780A2803DD012059490968087058485A
:10E0F0000068007820B957480078554909680870C9
:10E10000544800785249096848705148006840787E
:10E1100000B93EBD4E48006800784F4909888842E2
:10E120007ED00020009002236A4646F640714B489C
:10E13000006804F0BFFEBDF8000045F65A21884291
:10E1400000D0E6E7424800680078401EC0EBC000FF
:10E1500046F6447202EB400081B2062301AA3F4812
:10E16000006804F0A7FEBDF8080039490968488036
:10E170000198C0F383503649096808710198C0F3CB
:10E1800044403349096848710198C0F3043030496C
:10E19000096888710198C0F385102D490968C87114
:10E1A000019800F03F002A49096808722848006871
:10E1B0000078401EC0EBC00046F64A7202EB4000F9
:10E1C00081B2062301AA2548006804F073FEBDF859
:10E1D00008001F490968A1F809000198C0F383509D
:10E1E0001B490968C8720198C0F34440184909687E
:10E1F00008730198C0F30430154909684873019801
:10E20000C0F38510124909688873019800F03F0037
:10E210000F490968C8730E4800680078401E00E086
:10E2200014E0C0EBC00046F6507202EB400081B231
:10E2300002230748026810320848006804F03AFEDA
:10E240000348006800780449088000BF00BF60E709
:10E25000A8040020D9030020B007002000040020FB
:10E260003A48007878BB3A48007860BBFF203949CB
:10E2700008703948408839490968088036488088DC
:10E2800036490968488034480088344909688880DC
:10E290003148C08831490968C8802F4800892F4912
:10E2A000096888822C4840892C490968C8822A4814
:10E2B00080892A4909680883002028490968488319
:10E2C00026490968086225480068008841F28831BB
:10E2D000884234DA21480068408888422FDA1F4893
:10E2E0000068808888422ADA1D48007801281ED1FB
:10E2F0001C48808800EB400040001B49086019481A
:10E30000808900EB4000400048601648808A00EB9E
:10E310004000400088601348808B00EB40004000C4
:10E32000C8601048808C00EB4000400008610C4839
:10E330000078012809D100200949087005E0084843
:10E34000007810B90120064908707047FF080020C6
:10E3500026080020BA030020E4F40020C0030020B7
:10E36000B50300209A020020080800202DE9FF4F85
:10E3700087B004468946DDF8248000200690059089
:10E380000490002714B90BB0BDE8F08F04AA002157
:10E390002046F4F7A1FE06900A9810B10A99069853
:10E3A0000880099870B90698401C0CF007FC80465C
:10E3B000B8F1000F01D10020E5E70699491C40465D
:10E3C000F4F73EF8002530E204EBC500407800F099
:10E3D0003F00039004EBC5004068002842D104EBE5
:10E3E000C500407800F0800038B908EB070003A9A9
:10E3F000F4F7D5FEB81C87B233E014F8351001F0FD
:10E400000700012808D1202108F807102022791CD4
:10E4100008F80120B91C8FB202280ED100210AE0B1
:10E42000202208F8072020237A1C08F80230BA1CA2
:10E4300097B24A1CD1B20229F2DB032801D004288A
:10E440000ED100210AE0202208F8072020237A1CA0
:10E4500008F80230BA1C97B24A1CD1B20429F2DB88
:10E4600000BFE0E19DF80C00012808DC9DF80C00DD
:10E4700028B114F8350000F00800082806D108EB90
:10E48000070003A9F4F78BFEB81C87B214F8350017
:10E4900000F0080000287BD10026A0E114F8350028
:10E4A00000F0070BBBF1030F02D0BBF1040F02D148
:10E4B0004FF0040A07E0BBF1020F02D14FF0020A4D
:10E4C00001E04FF0010ABAF1010F71D114F83530B3
:10E4D00003F00701002004EBC5035B7803F0C002E2
:10E4E00014F8353003F08003802B7DD19DF80C307B
:10E4F000012B79DDC02A0CD104EBC50CDCF804300B
:10E500009DF80CC009FB0CFC53F82CC0CDF808C0DA
:10E5100033E0802A0CD104EBC50CDCF804309DF804
:10E520000CC009FB0CFC33F81CC0CDF808C024E07B
:10E53000402A15D104EBC5035B68019333464FEACB
:10E54000E67C06EB5C7C4FEAEC0C9DF80CE009FBEA
:10E550000ECEDDF804C01CF80EC0CDF808C00CE0EB
:10E5600004EBC50CDCF804309DF80CC009FB0CFC76
:10E5700013F80CC0CDF808C000BF052909D101204F
:10E58000B040029B03400293029BF3400293AAE037
:10E590002BE106290DD1032073009840029B034014
:10E5A00002934FEA460C029B23FA0CF302939AE083
:10E5B0009AE007291AD1402A19D1012033464FEA9F
:10E5C000E67C06EB5C7C4FEAEC0CA6EBCC0C00FA8C
:10E5D0000CF0029B03400293029B002B06D014F820
:10E5E0003530C3F3021300E00FE002937BE0072015
:10E5F00006EB46039840029B0340029306EB460C51
:10E60000029B23FA0CF302936DE014F835C04FEA35
:10E610001C13C02A10D104EBC50CDCF804C0CDF8E3
:10E6200004C09DF80CC009FB0C6EDDF804C05CF85A
:10E630002EC0CDF808C023E0802A10D104EBC50C11
:10E64000DCF804C0CDF804C09DF80CC009FB0C6ECA
:10E65000DDF804C03CF81EC0CDF808C010E004EBA3
:10E66000C50CDCF804C0CDF804C09DF80CC009FB53
:10E670000C6EDDF804C01CF80EC0CDF808C000BF59
:10E6800005290ED101209840DDF808C000EA0C0CE5
:10E69000CDF808C0DDF808C02CFA03FCCDF808C09E
:10E6A00020E006290ED103209840DDF808C000EADA
:10E6B0000C0CCDF808C0DDF808C02CFA03FCCDF82E
:10E6C00008C00FE007290DD107209840DDF808C0E9
:10E6D00000EA0C0CCDF808C0DDF808C02CFA03FCE9
:10E6E000CDF808C000BF4BE0BAF1020F22D114F8F8
:10E6F000350000F0800050B904EBC50148689DF872
:10E700000C1009FB016130F81110029138E004EBA4
:10E71000C500406801909DF80C1009FB0162019949
:10E7200051F8220046490EF00DFE00900EF08AFDD1
:10E73000029025E0BAF1040F22D114F8350000F060
:10E74000800050B904EBC50148689DF80C1009FB26
:10E75000016150F82110029112E004EBC5004068FD
:10E7600001909DF80C1009FB0162019951F82200FB
:10E7700033490EF0E7FD00900EF064FD029000BFFB
:10E78000BBF1040F16D0002001900FE0AAF10102A6
:10E7900002AB1344019A991A08EB0700F4F7FFFC47
:10E7A000B81C87B20198401CC0B201900198504536
:10E7B000ECDB12E0002001900CE002AB019A99180A
:10E7C00008EB0700F4F7EBFCB81C87B20198401C7B
:10E7D000C0B2019001985045EFDB701CC6B29DF8A5
:10E7E0000C008642FFF65AAE1CE03E464FF0000A8F
:10E7F00012E004EBC500D0F804B008EB060205AB4C
:10E8000051465846FFF7B2FDBDF81400304486B2B9
:10E810000AF1010000F0FF0A9DF80C008245E8DBD8
:10E82000374600BF00BF681C85B2BDF810008542A6
:10E83000FFF6CAAD002008F807004046A3E5000037
:10E840000000C84210B50446207E617E0844C0EB3B
:10E85000C000616801EB400040682B4988420BD141
:10E860002A480078012807D12948006804F090FC64
:10E8700000202649087046E0207E617E0844C0EBF7
:10E88000C000616801EB40008068224988420BD1DA
:10E890001E480078012807D11D48006804F078FC64
:10E8A00000201A4908702EE0207E617E0844C0EBEB
:10E8B000C000616801EB40008068174988420BD1B5
:10E8C00012480078012807D11148006804F060FC64
:10E8D00000200E49087016E0207E617E0844C0EBDF
:10E8E000C000616801EB400040680C4988420AD1D1
:10E8F00006480078012806D10548006804F048FC65
:10E9000000200249087010BDF202002028040020F7
:10E9100000040020EC020020F002002098030020F8
:10E9200001B584B0FB490498884243D1FA48006895
:10E9300008600846006800283AD00120F74B002202
:10E94000F7A10090F3480068FDF7C8FC0120F64BE2
:10E950000022F6A100901046FDF7C0FC0120F64B06
:10E960000022F6A100901046FDF7B8FC0120F64BFE
:10E970000022F6A100901046FDF7B0FC0120F64BF6
:10E980000022F6A100901046FDF7A8FC0120F54BEF
:10E990000022F5A100901046FDF7A0FC00200346E0
:10E9A000024601460090FDF799FC012005B000BD2C
:10E9B0000020FBE7DC49049888425AD1D648006819
:10E9C000086008460068002851D00120EA4B002268
:10E9D000EAA10090D4480068FDF780FC0120EA4BD2
:10E9E0000022EAA100901046FDF778FC0120EB4BD5
:10E9F0000022EBA100901046FDF770FC0120EC4BCB
:10EA00000022ECA100901046FDF768FC0120ED4BC0
:10EA10000022EDA100901046FDF760FC0120EE4BB6
:10EA20000022EEA100901046FDF758FC0120EF4BAC
:10EA30000022EFA100901046FDF750FC0120F04BA2
:10EA40000022F0A100901046FDF748FC0120F14B98
:10EA50000022F1A100901046FDF740FC0020034683
:10EA6000024601460090FDF739FC01209EE7002098
:10EA70009CE7BC49049888424AD1A74800680860CE
:10EA800008460068002841D002200023E74AE8A198
:10EA90000090B4480068FDF721FC0120E94B0022FA
:10EAA000E9A100901046FDF719FC0120EA4B002275
:10EAB000EAA100901046FDF711FC0220EB4BEC4A56
:10EAC000ECA100900020FDF709FC0120EE4B002294
:10EAD000EEA100901046FDF701FC02200023F04A51
:10EAE000F0A100901846FDF7F9FB0220F24BF34A23
:10EAF000F3A100900020FDF7F1FB00200346024641
:10EB000001460090FDF7EAFB01204FE700204DE7AA
:10EB1000AC490498884229D17F48006808600846BB
:10EB2000006808B30120E74B0022E7A10090A54848
:10EB30000068FDF7D3FB0120E74B0022E7A100901E
:10EB40001046FDF7CBFB0120E84B0022E8A1009026
:10EB50001046FDF7C3FB0020034602460146009025
:10EB6000FDF7BCFB012021E700201FE76B4904985B
:10EB7000884233D10020E24909680870E1480078F2
:10EB8000E0494870644800686449086008460068C5
:10EB900010B302200023DB4A521CDBA100905F4827
:10EBA0000068FDF79BFB0020DB4BDC4ADCA10090FA
:10EBB000FDF794FB02200090D148DB4AB1A1036825
:10EBC0000020FDF78BFB0020034602460146009023
:10EBD000FDF784FB0120E9E60020E7E6664904989A
:10EBE000884261D1C648006803900398001D0290D6
:10EBF000CE48018803980180CD4801880398418060
:10EC0000CC480068017802980170CB4801780298DE
:10EC10004170CA480178029881703F48006856499F
:10EC200008600846006800283CD002200090C44AD2
:10EC3000C4A15148029B0068FDF750FB2220BB4B4A
:10EC40000090C2A10020039AFDF748FB2220B84B98
:10EC50000090039A921CC2A10020FDF73FFB2220E6
:10EC60000090029B5B1C824AC2A10020FDF736FB8C
:10EC70002220B24B0090029A921CC3A10020FDF703
:10EC80002DFB22200023C64AC6A100901846FDF79E
:10EC900025FB00200346024601460090FDF71EFBBF
:10ECA000012083E6002081E6C349049888422FD1E1
:10ECB000C2480078924909680870C14800789049B4
:10ECC00009684870BF4800788D4909688870BE4857
:10ECD00000788B490968C870BC4800788849096881
:10ECE00008710D480068B4490860084600680028AB
:10ECF0000FD0002000908248B54AB6A10368AE4804
:10ED00000068FDF7EBFA202000230090B5486BE186
:10ED1000B6E1B3E130040020A40400203404002054
:10ED2000B8E6BEAF2000000038040020B2CECAFD15
:10ED3000C9E8D6C30000000044040020BDBBC1F7F1
:10ED4000C5E4B5E70000000040040020D5FBC1F792
:10ED5000C4A3BFE90000000090040020BCC7C2BCEF
:10ED60000000000070040020B1BEB5D8B2CECAFDCC
:10ED7000C9E8D6C32000000080040020D2A3BFD879
:10ED8000202020202000000048040020B5E7B3D850
:10ED9000B2CECAFDC9E8D6C3200000004C04002052
:10EDA000B5E7B3D8BEF9B3E4C9E8D6C32000000084
:10EDB00050040020B5E7B3D8B2E2CAD4C9E8D6C33C
:10EDC0002000000060040020BDDAC4DCB2CECAFD21
:10EDD000C9E8D6C32000000088040020B8E6BEAF12
:10EDE000B2CECAFDC9E8D6C32000000054040020FA
:10EDF000B5E7B3D8CFC2B5E7C9E8D6C32000000055
:10EE000058040020D3C3BBA7CFC2B5E7C9E8D6C317
:10EE1000200000005C040020CAE4C8EBB8E6BEAFE6
:10EE2000C9E8D6C32020202020000000F2020020E4
:10EE3000B3ADB1EDC8D520202020202020202544CE
:10EE4000C8D5000074040020B5E7C1F7D0A3D7BC33
:10EE5000202020202000000078040020B5E7D1B950
:10EE6000D0A3D7BC2020202020000000EC020020EE
:10EE7000C8040020BDFBD3C3B7E4C3F9C6F7202004
:10EE800020202020256C00008C040020CAB1BCE4A6
:10EE9000C9E8D6C320202020202020200000000028
:10EEA00098030020CDA8D0C5B5D8D6B72020202003
:10EEB0002020202025440000F002002068070020C8
:10EEC000256C200064040020D0DDC3DF202020203A
:10EED000202020202000000068040020B4EDB7E5C9
:10EEE000D3C3B5E720202020200000006C040020C0
:10EEF000CAD0B5E7CFF7B7E52020202020000000DA
:10EF0000A8040020DF070020B8E6BEAFCAFD203A03
:10EF100025442F2544000000DC070020CC050020FC
:10EF200020256C256C256C00E80500206001002080
:10EF30006201002034000020F1020020FD020020C8
:10EF400064060020D7AA256C20000000B8A1B3E415
:10EF5000B5E7D1B920202025462E325620000000EA
:10EF6000BEF9B3E4B5E7D1B920202025462E3256AC
:10EF700020000000CEC2B6C8B2B9B3A5CAB9C4DC7D
:10EF80002020256C00000000CEC2B6C8B2B9B3A5DF
:10EF9000CFB5CAFD202025446D562FA1E600000004
:10EFA0008C010020C4A3BFE9D7EEB4F3CAE4B3F6E2
:10EFB0002025462E314120003C040020A0030020E3
:10EFC000B6030020EF020020B4030020B7030020A6
:10EFD0003C060020256C2020256C20256C20256C0B
:10EFE00020256C00A4030020FCA102681846FDF750
:10EFF00075F9202000230090FD480268921CFDA1B5
:10F000001846FDF76BF9202000230090F8480268AD
:10F010000A32FDA11846FDF761F920200023009077
:10F02000F3480268121DFDA11846FDF757F920208C
:10F0300000230090EE4802680C32FDA11846FDF74F
:10F040004DF9202000230090FE480268921DFEA189
:10F050001846FDF743F9202000230090E448026899
:10F060002632FEA11846FDF739F900200346024674
:10F0700001460090FDF732F9012097E4002095E465
:10F08000FB490498884250D1FA4800680860002083
:10F09000F94909684873F6480068002843D00220FF
:10F0A0000023F64AF6A10090F1480068FDF716F932
:10F0B00002200090F048F84AF8A103680020FDF70C
:10F0C0000DF9202000230090EB480268921CF7A164
:10F0D0001846FDF703F9202000230090E648026857
:10F0E000921DF7A11846FDF7F9F8202000230090A3
:10F0F000E14802680A32DAA11846FDF7EFF802206B
:10F100000090DD4803680C33F24AAFF22C11002066
:10F11000FDF7E4F800200346024601460090FDF7A3
:10F12000DDF8012042E4002040E4EB4904988842E5
:10F130007ED1D0480068086008460068002878D072
:10F14000E648007800285AD1202000230090E448A7
:10F15000E4A10268E0480068FDF7C0F82020002321
:10F160000090DF480268921CE2A11846FDF7B6F84D
:10F17000202000230090DA480268121DE1A1184601
:10F18000FDF7ACF8202000230090D5480268143227
:10F19000E0A11846FDF7A2F8202000230090D048F7
:10F1A00002681632DFA11846FDF798F820200023E8
:10F1B0000090CB4802681832DEA11846FDF78EF8A1
:10F1C000202000230090C64802681A32DDA11846AC
:10F1D000FDF784F8202000230090C14802681C320B
:10F1E000DDA11846FDF77AF8202000230090BC48E6
:10F1F00002681E32DDA11846FDF770F820E02020DD
:10F2000000230090B648DEA10268B3480068FDF70D
:10F2100065F8202000230090B14802681432DDA177
:10F220001846FDF75BF8202000230090AC4801E071
:10F2300025E022E002681A32DBA11846FDF74EF8FD
:10F24000302000230090A64802682032DBA1184637
:10F25000FDF744F8202000230090A1480268921D89
:10F26000DAA11846FDF73AF80020034602460146A7
:10F270000090FDF733F8012047E4002045E4D7492A
:10F28000049888423ED1D64800887B4909680880A6
:10F29000D4480088784909684880D348007876497E
:10F2A0000968087173480068CC490860084600681E
:10F2B00030B30220CA4B00906F48CCA10268C74807
:10F2C0000068FDF70BF82220C64B00906A480268E0
:10F2D000921CCBA10020FDF701F80220C24B009048
:10F2E00065480268121DCBA10020FCF7F7FF002043
:10F2F0000346024601460090FCF7F0FF012004E4BB
:10F30000002004E4C749049888424FD1C6480078D9
:10F31000594909680870C548007857490968487014
:10F32000C3480078544909688870C2480088524927
:10F330000968A1F803004F480068BA490860084608
:10F34000006880B3022000904B48BB4ABBA1036811
:10F35000B4480068FCF7C2FF022000230090464832
:10F360000268521CBAA11846FCF7B8FF022000231D
:10F37000009041480268921CBAA11846FCF7AEFF03
:10F380002220AC4B00903C480268D21CBAA100205D
:10F39000FCF7A4FF00200346024601460090FCF75C
:10F3A0009DFF012017E4FFE7002014E4B74904980B
:10F3B000884211D1B64800782F4909680870B548CD
:10F3C00000782D4909684870B34800782A490968CF
:10F3D0008870B248008863E1CFE10000D6B1C1F780
:10F3E000B5E7D1B920202020202025462E32560016
:10F3F000A4030020C4A3BFE9B5E7C1F72020202063
:10F40000202025462E314100B8BAD4D8B5E7C1F73F
:10F4100020202020202025462E314100B5E7B3D8FA
:10F42000B5E7C1F720202020202025462E314100BD
:10F43000B5E7B3D8534F4320202020202025462E67
:10F440003225000034000020B7C5B5E7B5E7C1BFDD
:10F45000202020202025462E31416800B5E7B3D872
:10F46000CEC2B6C8202020202025462E32A1E6009C
:10F4700040040020A4040020A8040020A0070020CD
:10F48000B5B1C7B0C4A3BFE9202020202020202090
:10F4900025442F254400000084060020B9A4D7F796
:10F4A000D7B4CCAC2020256C2F256C00CAE4B3F671
:10F4B0002025462E3256202025462E3241000000BF
:10F4C000CAE4C8EB2025462E3156202025462E3290
:10F4D000410000008C06002044040020F0020020BF
:10F4E000C003002041CFE0B5E7D1B9202020254658
:10F4F0002E32560042CFE0B5E7D1B9202020254674
:10F500002E32560043CFE0B5E7D1B9202020254662
:10F510002E32560041CFE0B5E7C1F7202020254626
:10F520002E32410042CFE0B5E7C1F720202025462A
:10F530002E32410043CFE0B5E7C1F7202020254619
:10F540002E32410041CFE0B9A6C2CA202020254674
:10F550002E324B570000000042CFE0B9A6C2CA20AD
:10F56000202025462E324B570000000043CFE0B943
:10F57000A6C2CA20202025462E324B57000000008C
:10F58000BDBBC1F7B5E7D1B920202025462E3256A4
:10F5900000000000BDBBC1F7B5E7C1F72020202562
:10F5A000462E324100000000BDBBC1F7B9A6C2CA59
:10F5B00020202025462E324B57000000B5E7C4DC42
:10F5C000202025462E314B5748000000C6B5C2CA40
:10F5D00020202025462E31487A00000048040020D3
:10F5E000680100206601002096030020B5E7B3D82B
:10F5F000C8DDC1BF20202020202564416800000014
:10F60000B5E7B3D8CFDEC1F7202020202025462E35
:10F6100032430000B5E7B3D8D7E9CAFD2020202047
:10F620002025440050040020EB020020FA020020B4
:10F63000FF02002064010020C8040020D6DCC6DAE6
:10F64000B7C5B5E7B2E2CAD4202020256C2000005F
:10F65000B2E2CAD4D6DCC6DA2020202020202544FD
:10F66000CCEC0000B2E2CAD4CAB1B3A4202020205E
:10F670002544D0A1CAB10000B2E2CAD4BDE1CAF8A3
:10F68000B5E7D1B92025462E325600004C040020A3
:10F69000F90200206E010020700100206A010020A4
:10F6A000FE490968A1F80300FD480088FB49096884
:10F6B000A1F80500FB480078F8490968C871FA48C4
:10F6C0000078F64909684872F8480068F849086007
:10F6D0000846006800284ED002200090EF480368DA
:10F6E0000933F44AF4A1F2480068FCF7F7FD022060
:10F6F000F64B0090E948F6A102680020FCF7EEFD09
:10F70000022000230090E5480268D21DF5A11846AA
:10F71000FCF7E4FD2220F84B0090E0480268D21C80
:10F72000F6A10020FCF7DAFD2220DD4B0090DB483B
:10F730000268521DF6A10020FCF7D0FD0220F94B13
:10F740000090D6480268521CF7A10020FCF7C6FDC5
:10F750000220FA4B0090D1480268921CF8A10020C8
:10F76000FCF7BCFD00200346024601460090FCF772
:10F77000B5FD012081E400207FE4F6490498884229
:10F7800077D1F5480088C54909680880F3480088A2
:10F79000C24909684880F2480088C04909688880E1
:10F7A000F0480088BD490968C880EF480088BB4917
:10F7B00009680881ED480088B84909684881EC4823
:10F7C0000088B64909688881EA480088B349096811
:10F7D000C881E9480088B14909680882B3480068CF
:10F7E000DC49086008460068002864D02220DA4B13
:10F7F0000090AA48E1A10268D6480068FCF76EFDB7
:10F800002220D64B0090A5480268921CE0A100205F
:10F81000FCF764FD2220D24B0090A0480268121D24
:10F82000E0A10020FCF75AFD2220CE4B00909B481F
:10F830000268921DE0A10020FCF750FD2220CA4B77
:10F840000090964802680832E0A10020FCF746FDCF
:10F850002220C64B0090914802680A32E0A10020A5
:10F86000FCF73CFD2220C24B00908C4802680C3211
:10F8700000E022E0E0A10020FCF730FD2220BD4B9B
:10F880000090864802680E32E1A10020FCF726FDB8
:10F890002220B94B0090814802681032E2A100207A
:10F8A000FCF71CFD00200346024601460090FCF7D1
:10F8B00015FD012036E4002034E4E1490498884233
:10F8C0004AD1E0480078754909680870DE48008828
:10F8D00072490968A1F80100DC4800886F4909688D
:10F8E000A1F8030071480068D5490860084600681F
:10F8F00078B3022000906948D54AAFF678210368B2
:10F90000CF480068FCF7EAFC2220CF4B0090634808
:10F910000268521CCFA10020FCF7E0FC0220CB4B78
:10F9200000905E480268D21CCEA10020FCF7D6FCF5
:10F9300020200023D04AD1A100901846FCF7CEFC2D
:10F9400000200346024601460090FCF7C7FC012058
:10F9500092E4FFE700208FE4CD49049888427DD1EE
:10F9600001204E49096808704C4800680078401E24
:10F97000C84901EBC000407800094849096848704F
:10F98000464800680078401EC24901EBC000C088AC
:10F99000424909684880414800680078401EBE49D5
:10F9A00001EBC00080883D49096888803B480068B9
:10F9B0000078401EB84901EBC000C088374909688B
:10F9C000C880364800680078401E00EB4000B3490C
:10F9D00001EB400040783149096808722F480068FF
:10F9E0000078401E00EB4000AC4901EB4000C078BD
:10F9F0002A4909684872294800680078401E00EBCF
:10FA00004000A64901EB40008078244909688872CB
:10FA1000224800680078401E00EB40009F4901EB3F
:10FA2000400040791D490968C8721C480068007888
:10FA3000401E00EB4000994901EB40000079174956
:10FA40000968087319480068914908600846006809
:10FA5000002821D002200023009000E05FE10F4841
:10FA60008FA102688A480068FCF738FC02200090E9
:10FA70000A4803685B1C8F4AAFF6F8310020FCF798
:10FA80002DFC22200023009004480268921C71A1E2
:10FA90001846FCF723FC0FE13FE10000A80400201A
:10FAA0006C010020FE020020EA020020A4040020D5
:10FAB0004C040020C8040020D7D4B6AFBEF9B3E48C
:10FAC0002020202020256C2000000000F9020020CA
:10FAD000BEF9B3E4D6DCC6DA20202020202544CCB1
:10FAE000EC000000BEF9B3E4CAB1B3A4202020208A
:10FAF000202544D0A1CAB1006A010020BEF9B3E4B8
:10FB0000C6F4B6AFCFB5CAFD2025462E3149000058
:10FB1000BEF9B3E4BDE1CAF8CFB5CAFD2025462E33
:10FB2000314900006E010020BEF9B3E4C6F4B6AF5F
:10FB3000D1D3CAB1202544C3EB00000070010020DE
:10FB4000BEF9B3E4BDE1CAF8D1D3CAB1202544C39C
:10FB5000EB000000880400207201002074010020E6
:10FB600076010020780100207A0100207C0100202D
:10FB70007E0100208001002082010020CAE4C8EB41
:10FB8000C7B7B5E7D1B92020202025462E32560030
:10FB9000CAE4C8EBB9FDB5E7D1B92020202025463D
:10FBA0002E325600CAE4C8EBB9FDC1F72020202050
:10FBB000202025462E324100CAE4B3F6C7B7B5E788
:10FBC000D1B92020202025462E325600CAE4B3F6B3
:10FBD000B9FDB5E7D1B92020202025462E325600A8
:10FBE000C6B5C2CAB9FDB8DF202020202020254696
:10FBF0002E32487A00000000C6B5C2CAB9FDB5CDA4
:10FC000020202020202025462E32487A00000000A7
:10FC1000B5E7B3D8CEC2B6C8B9FDB8DF20202546B7
:10FC20002E32A1E600000000B5E7B3D8CEC2B6C8B8
:10FC3000B9FDB5CD202025462E32A1E600000000FA
:10FC400054040020F30200208401002086010020DB
:10FC5000E8060020CFC2B5E7B5E7D1B92020254698
:10FC60002E325600CFC2B5E7D1D3B3D920202564B8
:10FC7000B7D6D6D300000000D4030020CFC2B5E72A
:10FC8000BCC6CAB120202564B7D6D6D30000000078
:10FC9000580400204A0200209A0200201E0300207F
:10FCA000C5E4B5E7B7D6C2B72020202020202544E0
:10FCB0000000000000070020222000230090FC48E4
:10FCC0000268121DFBA11846FCF708FB02200090F9
:10FCD000F74803680833FC4AFCA10020FCF7FEFA51
:10FCE000022000230090F24802680932FCA1184665
:10FCF000FCF7F4FA022000230090ED4802680B3272
:10FD0000FCA11846FCF7EAFA002003460246014629
:10FD10000090FCF7E3FA01202CE500202AE5FA49DF
:10FD2000049888427DD1F9480078401EF84911F8BE
:10FD30001000DF4909680870F4480078401EF44953
:10FD400031F81000C0F30020D94909684870EF4825
:10FD50000078401EEE4931F81000C0F34220401CEC
:10FD6000D34909688870E9480078401EE84931F8AD
:10FD70001000000B062190FBF1F201FB1200CC49B0
:10FD80000968C87001200390E0480178491E039873
:10FD90008840E0490988084018B90020DB494870CC
:10FDA00002E00120D9494870DB480068D649086064
:10FDB00008460068B0B30220D44BD84AD8A10090BE
:10FDC000D1480068FCF78AFA02200090B848D84A67
:10FDD000D8A103680020FCF781FA02200090B44803
:10FDE00003685B1CD74AD8A10020FCF777FA0220F1
:10FDF0000090AF4803689B1CD74AD8A10020FCF7AD
:10FE00006DFA02200090AA480368DB1CD64AD7A1ED
:10FE10000020FCF763FA00200346024601460090EA
:10FE200001E006E003E0FCF759FA0120A2E400201B
:10FE3000A0E4D149049888427DD1D04800789C49FB
:10FE400009680870CE480078994909684870CD481B
:10FE50000078974909688870CB4800789449096808
:10FE6000C870CA480078924909680871C848007883
:10FE70008F4909684871C74800788D4909688871B9
:10FE8000C54800888A490968A1F80700A2480068A7
:10FE9000B94908600846006800285AD0022000903E
:10FEA0008348894ABDA10368B3480068FCF716FA85
:10FEB000022000907E4803685B1C834ABBA100209F
:10FEC000FCF70CFA0220AF4B009079480268921CB4
:10FED000BAA10020FCF702FA0220AB4B0090744854
:10FEE0000268D21CB9A10020FCF7F8F90220A74B48
:10FEF00000906F480268121DB9A10020FCF7EEF9CE
:10FF00000220A34B00906A480268521DB9A100204C
:10FF1000FCF7E4F902209F4B009065480268921DAF
:10FF2000B8A10020FCF7DAF902209B4B0090604852
:10FF30000268D21D00E00EE0B7A10020FCF7CEF968
:10FF400000200346024601460090FCF7C7F9012055
:10FF500010E400200EE4B449049888427BD1B348F1
:10FF60000078534909680870B14800885049096809
:10FF7000A1F80100AF4800884D490968A1F80300C5
:10FF8000AD4800884A490968A1F80500AB480088D7
:10FF900047490968A1F80700A94800884449096849
:10FFA000A1F80900A748008841490968A1F80B0099
:10FFB000594800689C49086008460068002858D0E5
:10FFC000022000903A48404A9FA103689648006882
:10FFD000FCF784F92220964B009035480268521CA9
:10FFE0009DA10020FCF77AF92220924B0090304826
:10FFF0000268D21C9DA10020FCF770F90120A04BE3
:020000040801F1
:100000000022A0A100901046FCF768F922208A4B3C
:10001000009027480268521D9DA10020FCF75EF960
:100020002220864B009022480268D21D9DA100200C
:10003000FCF754F92220824B00901D4802680932D7
:100040009DA10020FCF74AF922207E4B0090184821
:1000500002680B3200E00EE09CA10020FCF73EF9A4
:1000600000200346024601460090FCF737F90120C4
:1000700020E400201EE482490498884216D1984862
:1000800000780B49096808709648007808490968A3
:100090004870214800687A4908600846006820B125
:1000A00002200023009002481EE14AE14BE10000DB
:1000B000A8040020CFC2B5E7D1D3CAB1202025467D
:1000C0002E31B7D6D6D30000C8040020B6A8CAB1D6
:1000D000CFC2B5E7CAB9C4DC2020202020256C009F
:1000E000BFAACABCB6A8CAB1202020202544483ADD
:1000F00025444D00BDE1CAF8B6A8CAB12020202091
:100100002544483A25444D005C040020BA040020F0
:10011000AE010020B8070020A40400203007002012
:1001200044493A256C20B8E6BEAF3A256C00000081
:1001300020070020B8E6BEAFC0E0D0CD20202020B0
:10014000256C00001C070020B4A5B7A2D0CDCABD05
:1001500020202020256C00002C070020B8E6BEAF30
:10016000BAC52020256C000058070020BCCCB5E79C
:10017000C6F720256C00000064040020ED0200207A
:10018000B9030020F4020020F5020020F60200204E
:10019000F8020020F70200208A010020CAB9C4DC5E
:1001A000202020202020256C00000000D0DDC3DFAF
:1001B000D4DDCDA32020256C00000000BBF9CAFDD2
:1001C000202020202020254400000000D0DDC3DFB7
:1001D000B4F8D4D8C2CA202020202544250000002D
:1001E000BBBDD0D1B4F8D4D8C2CA20202020254429
:1001F00025000000C2D6BBBBD6DCC6DA20202544D1
:10020000CCEC0000B2E2CAD4CAB1B3A42020254489
:10021000B7D6D6D300000000B2E2CAD4D6DCC6DA24
:1002200020202564C3EB000068040020EE020020BB
:100230008E010020900100209201002094010020F6
:100240009801002096010020B4EDB7E5CAB9C4DCDE
:10025000202020256C000000B0B2C8ABB7C5B5E7C0
:10026000B5E7D1B9202025462E325600B5E7B3D8E0
:10027000B7C5B5E7C9EEB6C8202025462E32250001
:1002800084040020CAB1B6CEC9E8D6C3000000007D
:10029000B5CDB9C8CFDEC1F7CFB5CAFD2025462EF2
:1002A00032430000B8DFB7E5CFDEC1F7CFB5CAFDF6
:1002B0002025462E32430000BCE2B7E5CFDEC1F771
:1002C000CFB5CAFD2025462E32430000D5FDB3A38D
:1002D000CFDEC1F7CFB5CAFD2025462E3243000040
:1002E000AA070020AB070020F9A10268FE480068B9
:1002F000FBF7F4FF022000230090FC480268921CE8
:10030000FBA11846FBF7EAFF022000230090F74804
:100310000268921DFBA11846FBF7E0FF0220009047
:10032000F24803680A33FC4AFCA10020FBF7D6FF21
:1003300000200346024601460090FBF7CFFF012054
:10034000EAE40020E8E4F849049888427ED1F748BE
:100350000078E64909680870F5480088E3490968AB
:10036000A1F80100F3480088E0490968A1F80300FA
:10037000F1480088DD490968A1F80500EF480088C8
:10038000DA490968A1F80700ED480088D7490968EB
:10039000A1F80900EB480078D4490968C872EA4816
:1003A0000068E14908600846006800284FD0022034
:1003B0000090CE48E54AE6A10368DB480068FBF7F9
:1003C0008DFF2220DA4B0090C8480268521CE5A13C
:1003D0000020FBF783FF2220D64B0090C348026821
:1003E000D21CE5A10020FBF779FF2220D24B009020
:1003F000BE480268521DE5A10020FBF76FFF2220D6
:10040000CE4B0090B9480268D21DE5A10020FBF751
:1004100065FF2220CA4B0090B44802680932E5A16A
:100420000020FBF75BFF02200090B04803680B330D
:10043000E54AE6A10020FBF751FF002003460246F3
:1004400001460090FBF74AFF012065E401E000202F
:1004500062E4E2490498884264D10020A349096813
:10046000C870A24909680870A0490968A1F801008C
:100470009E49096888809D4909688871FF209B49C9
:100480000968C871B0480068D44908600846006827
:10049000F0B30220009095480368DB1CD04ACEA13F
:1004A000CE480068FBF71AFF2020002300908F48F9
:1004B0000268121DCBA11846FBF710FF2020002375
:1004C0000090CC480268921CCB491846FBF706FF07
:1004D000022000908548C94AC9A103680020FBF7A3
:1004E000FDFE22200023009080480268521CC7A114
:1004F0001846FBF7F3FE222000907C4803689B1D02
:10050000924AC6A10020FBF7E9FE0020034600E066
:1005100006E0024601460090FBF7E0FE012085E47C
:10052000002083E4C0490498884236D100206F49F6
:10053000096808706D490968A1F8010082480068DF
:10054000B94908600846006828B3202000230090BD
:10055000A848B6A10268B4480068FBF7BFFE0220B5
:1005600000906248A54AA6A103680020FBF7B6FEEA
:100570002220002300905D480268521CAFA118465B
:10058000FBF7ACFE00200346024601460090FBF755
:10059000A5FE01204AE4002048E4AC4904988842C2
:1005A00024D169480068086008460068E0B102206C
:1005B000002300904D48A6A10268A4480068FBF7FC
:1005C0008DFE02200023009048480268921DA4A1DD
:1005D0001846FBF783FE00200346024601460090C2
:1005E000FBF77CFE012021E400201FE4A0490498D1
:1005F000884229D15448006808600846006808B35A
:1006000001209C4B00229CA1009099480068FBF7B8
:1006100065FE01209B4B00229BA100901046FBF73A
:100620005DFE01209B4B00229BA100901046FBF732
:1006300055FE00200346024601460090FBF74EFEA1
:10064000012085E4002083E48A49049888423ED151
:100650003D480068086008460068B8B32348006851
:1006600003900398001D029002980C3001908E4870
:100670000188039801808C484188039841800020BC
:10068000009008E000220099029820F811200098BC
:10069000401CC0B2009000980628F3DB00200090B8
:1006A00007E00022DDE9001042540098401CC0B26F
:1006B000009000980428F4DB0220002300907BA126
:1006C0006C48039A0068FBF709FEF9E018E119E1AC
:1006D000B5B1C7B0CAB1B6CE202020202020202539
:1006E000442F25440000000084040020A8040020BA
:1006F000C8D5C6DAB6CE202025442F25442D254462
:100700002F254400CAB1BCE4B6CE202025443A25AA
:10071000442D25443A254400A8060020C4A3CABDA0
:100720002020256C000000006C040020EF02002057
:100730009A0100209C0100209E010020A0010020C1
:10074000AC010020FC020020A4040020C80400200A
:10075000C6F4D3C3202020202020202020202020C9
:1007600020256C00BCE2B7E5CFDEB9A6C2CA2020C6
:1007700025462E324B770000B8DFB7E5CFDEB9A6AD
:10078000C2CA202025462E324B770000C6BDB6CE09
:10079000CFDEB9A6C2CA202025462E324B770000F4
:1007A000B5CDB9C8CFDEB9A6C2CA202025462E32A3
:1007B0004B770000BFD5B5F7B9A6C2CA20202020CC
:1007C00025462E324B770000D4060020BFD5B5F762
:1007D000CFE0CEBB20202020256C00007404002038
:1007E00094070020D0A3D7BCB5E7C1F73A2025462F
:1007F0002E314100A4030020F4F30008C0060020BD
:10080000B2CEBFBCB5E33A20256C0000D0A3D7BC64
:10081000D6B53A2025462E3141000000BDFBD3C39A
:100820002020256C0000000078040020D0A3D7BC55
:10083000B5E7D1B93A2025462E325600D0A3D7BC11
:10084000D6B53A2025462E32560000008C040020F2
:100850002564C4EA2564D4C22564C8D520000000FC
:100860002564CAB12564B7D62564C3EB2000000017
:100870009004002094040020B8E6BEAFBCC7C2BC00
:100880002000000098040020B3ADB1EDBCC7C2BC8D
:1008900020000000A0040020B5E7B3D8B2E2CAD41B
:1008A000BCC7C2BC20000000D8070020B5B1C7B04B
:1008B000BCC7C2BC2020202025642F256400000076
:1008C00000200346009078A1029AFBF707FD002064
:1008D0000090019BDB1C794AAFF20411FBF7FEFC90
:1008E00000200090764A77A1019BFBF7F7FC0020DF
:1008F0000346024601460090FBF7F0FC01201FE58D
:1009000000201DE571490498884273D100200390AE
:1009100008E000216E480268039811540398401CB7
:10092000C0B2039003981E28F3DB6A480078684938
:100930000968087067480078654909684870664822
:1009400000686249086008460068E8B30220002396
:1009500000905F4861A102685C480068FBF7BEFC3C
:100960000020034600905A480268921C60A10020B3
:10097000FBF7B4FC30200023009055480268093290
:1009800060A11846FBF7AAFC3020002300905048D5
:1009900002680D3260A11846FBF7A0FC302000234E
:1009A00000904B48026811325FA11846FBF796FC95
:1009B0003020002300904648026815325EA1184698
:1009C000FBF78CFC302000E012E000230090404850
:1009D0000268193254A11846FBF780FC0020034638
:1009E000024601460090FBF779FC0120A8E401E0F3
:1009F0000020A5E454490498884253D10020039074
:100A000008E0002132480268039811540398401C02
:100A1000C0B2039003981228F3DB4C4800782C49AD
:100A200009680870494800782949096848702A48C7
:100A30000068454908600846006880B3022000232A
:100A40000090234825A102683F480068FBF746FC58
:100A50000020034600901E480268921C3CA1002022
:100A6000FBF73CFC0020034600901948026809325D
:100A70003DA10020FBF732FC202000230090144809
:100A8000026810323E491846FBF728FC0020034656
:100A9000024601460090FBF721FC012050E4FFE7ED
:100AA00000204DE400204BE425642F25642F2564AD
:100AB0002025643A25643A2564000000D80400200B
:100AC000CC050020256C256C256C000098040020C6
:100AD000A8040020D6030020A4040020B5B1C7B0AC
:100AE000BCC7C2BC202020202025442F2544000064
:100AF00025642F25442F25442025443A25443A25B2
:100B000044000000BDBBC1F7B5E7C1BF3A20254690
:100B10002E314B5748000000B5E7C1BF313A2025C0
:100B2000462E314B57480000B0D9B7D6B1C8A3BA4A
:100B30002025462E31250000B5E7C1BF323A2025D9
:100B4000462E314B57480000A0040020D903002056
:100B5000BFAACABC3A25642F25442F25442025442A
:100B60003A25443A25440000BDE1CAF83A25642FED
:100B700025442F25442025443A25443A25440000A5
:100B800048F400081FB500243EE00AE01F4869460B
:100B900002681F48006806F0DFFF0446012C00D100
:100BA00007E06A4600211B48006804F01FFB00288C
:100BB000ECD100BF012C05D169461648006804F04D
:100BC00005FC18E01148694602681148006807F002
:100BD00068FC28B169460F48006804F0F7FB0AE09A
:100BE00069460B48006807F041FB20B16946094897
:100BF000006804F0EBFB054801680548006807F051
:100C000019FC28200AF042FEBFE70000A8030020DC
:100C1000BC0800201400002008B54FF48C7009F0C7
:100C2000CDFF5F490860202009F0C8FF5D490860DA
:100C3000302009F0C3FF5C490860242009F0BEFFA2
:100C40005A490860CA2009F0B9FF59490860CA2109
:100C500057480068F1F7F4FB502009F0AFFF554901
:100C600008602022502153480068F1F7E1FB08207A
:100C700009F0A4FF504908601E2201214E48006877
:100C800006F0B9FE00214C48006806F0B7FE0121CD
:100C90004948006806F0B2FE06214748006806F0A1
:100CA000ADFE07214448006806F0A8FE092142482D
:100CB000006806F0A3FE0E213F48006806F09EFE85
:100CC0000A213D48006806F099FE05213A4800686F
:100CD00006F094FE14213848006806F08FFE1521B6
:100CE0003548006806F08AFE03213348006806F0A4
:100CF00085FE08213048006806F080FE082009F0D3
:100D00005DFF2E490860082009F058FF2C49086053
:100D1000062205212A48006806F06DFE05212848B4
:100D2000006806F06BFE0B212548006806F066FEA1
:100D3000182009F043FF234908600C2009F03EFF0A
:100D40002149086021492248006803F023FC21481A
:100D5000016818311E48006804F08BF911480068DA
:100D60001D4B1E4A00901048016812311C48006853
:100D700002F0F2FC1B48006804F01EFF15480068F2
:100D800001F082FF184801F085F917491048006802
:100D900004F0F6F90F48006802F0A0F808BD000062
:100DA000A4040020A8040020A4030020C003002005
:100DB000D00300209C030020A8030020B0030020E3
:100DC000AC030020C4030020C803002021E9000870
:100DD0002C04002000040020AC040020B4030020F8
:100DE000A407002034000020F409002010B50020E2
:100DF0001049087010491148006802F00BFA84B2DB
:100E000004F5807081B282230B4A0C48006802F01E
:100E1000EDF90B490948006802F0FCF984B204F5C9
:100E2000C17081B21E23064A0448006802F0DEF950
:100E300010BD000026090020C80100200004002089
:100E40000003002010B5002008490870084909482F
:100E5000006802F0DFF984B204F5807081B20C23DF
:100E6000034A0448006802F0C1F910BD24090020BB
:100E7000AE0100200004002010B5002017490870C2
:100E800017491848006802F0C5F984B204F580706B
:100E900081B22023124A1348006802F0A7F91249D0
:100EA0001048006802F0B6F984B204F5807081B28F
:100EB00020230D4A0B48006802F098F90B490948B5
:100EC000006802F0A7F984B204F5807081B218239B
:100ED000064A0448006802F089F910BD250900207F
:100EE0004A020020000400209A0200201E03002075
:100EF00070B586B004460D46164600200590049055
:100F0000BDF80C0064F304000390BDF80C0020F061
:100F100020000390BDF80C0065F38B100390BDF822
:100F20000C0066F30F300390BDF80C0048490978B7
:100F3000484A126822F8110045480078401C44498C
:100F4000087008460078632801DD002008704048DA
:100F50008078642804DA3E488078401C3C498870D8
:100F60003B4880783A494870022304AA99023A48DB
:100F7000006801F09FFFBDF810004AF2A5518842B9
:100F800009D008460490022304AA99023248006856
:100F900002F02CF907E0022305AA40F602012E48D0
:100FA000006801F087FF2D4903C9CDE90001BDF8B4
:100FB0000C00ADF80600BDF814102046FCF726F929
:100FC0000290BDF8140000EB4000800000F6040021
:100FD00081B20C236A462048006802F007F9BDF888
:100FE0001400401C80B20590BDF814001C494880D4
:100FF000BDF814000880BDF81400B0F5FA6F01DBED
:1010000000200590BDF81400164948811648408913
:101010004989884211D114494889FBF7C9F9124816
:101020004089401C10494881022301F10A0246F21E
:10103000CE510948006802F0D9F8022305AA40F60B
:1010400002010548006802F0D1F806B070BD00004A
:10105000DF070020D003002000040020F40300205C
:10106000D8070020C0070020CC0700200146080652
:10107000000C40EA112070470146080E01F47F027F
:1010800040EA122001F47F4240EA022040EA016077
:101090007047000010B5044604F0010098B11F48E5
:1010A0000078012807D100220C211D480068143067
:1010B00001F080F90EE001220C211948006814307B
:1010C00001F078F906E001220C211548006814307F
:1010D00001F070F904F00200022816D10F480078E0
:1010E00001280AD10F480078B0B900220E210C481F
:1010F0000068143001F05EF90EE001220E2108486C
:101100000068143001F056F906E001220E2104486F
:101110000068143001F04EF910BD000004080020F2
:1011200000040020EC020020012808D11A4A1268AD
:10113000127C61F3C302184B1B681A742AE0022860
:1011400008D1154A1268127C61F30412124B1B6815
:101150001A741FE0032808D10F4A1268127C61F349
:1011600082020D4B1B681A7414E0042808D10A4A45
:101170001268127C61F34102074B1B681A7409E084
:10118000052807D1044A1268127C61F30002024B61
:101190001B681A74704700000004002030B5034635
:1011A0000C460020002105E04A1C9A5C024490B2E3
:1011B0004A1C91B2A142F7DB0246C51700EB154568
:1011C0002D14A0EB0545ED436D1CA8B230BD000009
:1011D00010E0FCF763F90848006801F039FA0648A6
:1011E000006801F049FCFDF73BF8F2F7E3FA28202C
:1011F0000AF04CFBEDE700000004002010B50446A7
:1012000033484078652802D164203149487030481D
:10121000407868B32E484078401E2E49096811F87E
:10122000100000F01F002C49087029484078401E2B
:101230002849096831F81000C0F385102649487024
:1012400023484078401E2349096831F81000000BFC
:1012500021498870084600780F2804D101201F49D1
:101260000968087009E000201C490968087004E05A
:1012700000201949087048708870207E617E0844FB
:10128000C0EBC000616801EB400080681349096849
:1012900088421BD112480078012817D110480078E5
:1012A000012813D100200E4908700C48006800780E
:1012B00001280BD100200949096808700648007808
:1012C0000F2803D104494878FAF782FE10BD0000C8
:1012D000DF070020D0030020DC070020A804002046
:1012E00028040020012080F3138800BF00BFBFF353
:1012F0004F8F0748006800F4E06006490843001D6E
:1013000003490860BFF34F8F00BF00BFFEE7000036
:101310000CED00E00000FA0507E00449044800680D
:1013200007F0BCF996200AF0B1FAF6E7F9B7000821
:101330001800002070B50546944800780C2802DD9E
:1013400001209249087091480078012802DA0C20A7
:101350008E4908708E4800688078052803DD0120DA
:101360008B4909688870012688480078401E06FA73
:1013700000F088490988084018B90020834948705E
:1013800002E0012081494870287E697E0844C0EB54
:10139000C000696801EB400080687C49884229D11F
:1013A00008460078401E7C4911F810007849096809
:1013B000087076480078401E774931F81000C0F375
:1013C000002073490968487070480078401E7249CF
:1013D00031F81000C0F34220401C6D490968887044
:1013E0006A480078401E6C4931F81000000B6849CB
:1013F0000968C8706948007801287DD16448006890
:10140000417862480078401E634A32F8100061F368
:1014100008205E490978491E22F811005B4840788F
:1014200000286AD15A48006800785D49085CFF28A6
:1014300004D05748006800780B2807DD0C20544979
:101440000968087000205549087070BD4F49097837
:10145000491E514A32F81110C1F34220C11700EB66
:101460005171C910A0EBC10201219140474A127885
:10147000521E494B13F81220494B9A5C22EA010193
:10148000424A1278521E444B13F81220444B99548E
:101490003F48006801783D480078401E3E4A32F8D7
:1014A000100061F3070039490978491E22F811003C
:1014B00000240BE00120A040354909680978384A2A
:1014C000515C084000B903E0601CC4B2082CF1DB99
:1014D00000BF2E480078401E2F4931F8100064F3F9
:1014E0004B202A490978491E2B4A22F81100284826
:1014F0000068C178254801E046E042E00078401EDF
:1015000032F8100061F30F3020490978491E22F8A3
:1015100011001E490978491E32F81110C1F342200A
:10152000C11700EB5171C910A0EBC102012191401C
:10153000164A1278521E184B13F81220184B9A5C58
:101540001143CAB211490978491E134B13F81110FF
:10155000134B5A540D480078401E0F4A02EB4001CD
:101560001048006801F014FE08480078401E0A493F
:1015700031F81000C0F34220401C0549096888700A
:1015800000BF00200549087000BF5EE7BA040020D4
:10159000A8040020B8070020AE0100202804002085
:1015A000601300200004002010B5014688890A88D5
:1015B000904202DC6FF0010010BDB1F90E0000286E
:1015C00002DD6FF00200F7E7B1F90E00002855DAEE
:1015D0004A69086AB0FBF2F000EBC00202EB0010AF
:1015E0000A22B2EB800F19D9B1F90E20B1F92C30D3
:1015F000D01800EBD07252108B8ECC6902FB0342E4
:10160000CA6142F21072C86950434A69B0FBF2F0F5
:101610004881012081F829000020CDE76422486933
:10162000B0FBF2F00A6AB2FBF0F00A2826D391F878
:10163000290001280CD188890A88801A42F2107288
:1016400050434A8990FBF2F0C885002081F82900B8
:10165000B1F90E20B1F92C30D01800EBD072521035
:101660008B8ECC6902FB0342CA6142F21072486958
:10167000B0FBF2F0CA69B2FBF0F048814889B0F5DE
:101680007A7F15DC42F210724869B0FBF2F0CA6949
:10169000B2FBF0F04A89801A052807D942F210728D
:1016A0004869B0FBF2F04A895043C861012083E7E2
:1016B00000BF81E72DE9FC470446B4F90E0000287D
:1016C00003DA6FF00200BDE8FC87A089A188884298
:1016D00021DA608942F21071884204DB6069E061BE
:1016E0006FF00100EFE7B4F90E10B4F92C20881860
:1016F00000EBD0714910A28EE36901FB0231E16178
:1017000042F210716069B0FBF1F0E169B1FBF0F0F9
:1017100060810020D7E7A089A18888426EDBB4F9F8
:101720000E00012844DC608942F2107188421DD10C
:1017300060690BF095F90746314A324B0BF0E0F93E
:1017400005460E46E0690BF08BF907462C4A2E4BF6
:101750000BF0D6F981462A4633460AF0EDFECDE974
:1017600000010BF039F960610120ACE742F2107022
:10177000608160690BF074F90746214A214B0BF038
:10178000BFF905460E46E0690BF06AF907461C4AA8
:101790001D4B0BF0B5F981462A4633460AF0CCFEC4
:1017A000CDE900010BF018F9E0614FF0FF308AE756
:1017B000B4F90E00012821DD608942F210718842DF
:1017C00004DB6069E0616FF001007CE7B4F90E10A2
:1017D000B4F92C20881800EBD0714910A28EE3696F
:1017E00001FB0231E16142F210716069B0FBF1F07E
:1017F000E169B1FBF0F06081002064E700BF62E7BF
:101800009A9999999999E93F9999C93F2DE9FC4786
:101810000446B4F90E00002803DA6FF00200BDE8B8
:10182000FC87A0896188884221DA608942F21071C0
:10183000884204DB6069E0616FF00100EFE7B4F912
:101840000E10B4F92C20881800EBD0714910A28E2C
:10185000E36901FB0231E16142F210716069B0FBA2
:10186000F1F0E169B1FBF0F060810020D7E7A089D9
:10187000618888426EDBB4F90E00012844DC60897F
:1018800042F2107188421DD160690BF0E9F80746F9
:10189000314A324B0BF034F905460E46E0690BF045
:1018A000DFF807462C4A2E4B0BF02AF981462A46D0
:1018B00033460AF041FECDE900010BF08DF860617E
:1018C0000120ACE742F21070608160690BF0C8F84B
:1018D0000746214A214B0BF013F905460E46E069F5
:1018E0000BF0BEF807461C4A1D4B0BF009F9814668
:1018F0002A4633460AF020FECDE900010BF06CF8D1
:10190000E0614FF0FF308AE7B4F90E00012821DDD5
:10191000608942F21071884204DB6069E0616FF017
:1019200001007CE7B4F90E10B4F92C20881800EB04
:10193000D0714910A28EE36901FB0231E16142F2EC
:1019400010716069B0FBF1F0E169B1FBF0F060810A
:10195000002064E700BF62E79A9999999999E93F55
:101960009999C93F2DE9FF5F04460D46012D2FD1FE
:10197000A089618D401A86B260697043616AB0FBCC
:10198000F1F0E08560890BF06BF80746114A124BC5
:101990000BF0B6F881468A46A0892188401A42F2A7
:1019A00010714843E18D90FBF1FB58460BF041F874
:1019B0000746084A094B0BF0A3F84A465346CDE9BF
:1019C00000010AF0B9FDCDE902010BF005F86081D4
:1019D000BDE8FF9F9A9999999999E93F9999C93FCB
:1019E0002DE9F04F89B004468A4693461D46129E63
:1019F0000A209BFBF0F000B2E081A4F80CA06F4835
:101A000000886F4948436061206BA84204D8208E4B
:101A1000281AA086256306E0206BC0F1FF30284419
:101A2000401CA0862563207EB04253D0207E05282E
:101A300044D2DFE800F00304404142003FE04FF4AD
:101A40007A71A06BB0FBF1F020826421206A4843D8
:101A50006169B0FBF1F0B0F5FA6F26D36089B0F59B
:101A6000FA5F22DA6169E06948436189B0FBF1F00D
:101A700001900AF0F5FF0746524A534B0BF040F82D
:101A8000CDE9040120890AF0EBFF07464D4A4F4B90
:101A90000BF036F8CDE90201DDE904230AF04CFD34
:101AA000CDE906010AF098FF20814549206A90FBA4
:101AB000F1F0608203E002E001E000E000BF00BF5F
:101AC000002020626062608584F8280084F8290084
:101AD000A0632676A18EA06B0844A063B4F90E1013
:101AE000B4F92C20881800EBD0714910A28E236A1B
:101AF00001FB0231216264216069B0FBF1F0D4E99D
:101B00000812891AB1FBF0F005280AD394F82900CD
:101B100038B9012084F82800206A6062A0896085B5
:101B20001BE064216069B0FBF1F0D4E90812891A66
:101B3000B1FBF0F0052810D394F8290001280CD14E
:101B4000002084F82800D4E90801401A6062314678
:101B50002046FFF707FF206A6062052E21D2DFE8EA
:101B600006F003040B12190020E02046FFF71CFDCD
:101B7000484400F0FF0919E02046FFF747FE4844BB
:101B800000F0FF0912E02046FFF740FE484400F055
:101B9000FF090BE02046FFF78DFD484400F0FF09E8
:101BA00004E00026F72009B0BDE8F08F00BFE0890F
:101BB000A08506EB0900C0B2F5E70000680100202F
:101BC00080EE36009A9999999999C93F9999E93F78
:101BD0004FF48751018041F20861818041F2E84170
:101BE00041800021817142F2107101814181002107
:101BF0008181C181018241820C4909880C4A51438B
:101C00004161002101764169C161002101624162A7
:101C100080F8281080F829104185818540F206411E
:101C2000C1850021016381867047000068010020A2
:101C300080EE36007047000070B505460826002487
:101C40008021134808F088F816E06006040E402151
:101C50000F4808F07FF8284600F090F840210C4823
:101C600008F07AF8284600F089F88021084808F042
:101C7000D0F808B144F001043000A6F10101CEB261
:101C8000E3D14021024808F065F8204670BD00000D
:101C9000000C014010B5044640210E4808F05AF8E7
:101CA000204600F06BF880210A4808F053F82046DF
:101CB00000F064F84021074808F04EF8204600F094
:101CC0005DF88021034808F047F8204600F056F8F8
:101CD00010BD0000000C014010B5044640210E4824
:101CE00008F038F8204600F049F880210A4808F04A
:101CF00033F8204600F042F84021074808F02CF85D
:101D0000204600F03BF84021034808F023F8204625
:101D100000F034F810BD0000000C014010B504467E
:101D20008021154808F018F8204600F027F84021D7
:101D3000114808F011F8204600F020F880210E48E4
:101D400008F067F808B9002010BD80210A4808F0A3
:101D500001F8204600F012F88021074808F059F8F1
:101D600008B10020F0E78021034807F0F3FF204688
:101D700000F004F80120E7E7000C0140018801E0D1
:101D80004A1E91B20029FBD17047000010B50446ED
:101D90004021124807F0DEFF2046FFF7EFFF8021C9
:101DA0000E4807F0D9FF2046FFF7E8FF40210B4817
:101DB00007F0D2FF2046FFF7E1FF8021074808F037
:101DC00028F828B14021054807F0C4FF002010BDC5
:101DD0004021024807F0BEFF0120F8E7000C014057
:101DE00070B505460C4608261EE04021134807F052
:101DF000B1FF2846FFF7C2FF04F0800020B1802128
:101E00000E4807F0A9FF03E080210C4807F0A2FF6D
:101E10006006040E2846FFF7B1FF4021074807F08F
:101E20009BFF2846FFF7AAFF3000A6F10101CEB2C2
:101E3000DBD14021014807F08DFF70BD000C01404F
:101E400010B50446FAF76EFB204610BD2DE9F14FA0
:101E500086B00026002484E0002507E004EBC500DE
:101E6000444931F810000644681CC5B2402DF5DB2A
:101E7000414840F824600026062C70D1014651F8F4
:101E800024000BF017FA82463C490BF05BFA8046BF
:101E90004FF08B410BF0F8F807464FF085410BF0FF
:101EA000F3F8814648460BF055F80746344A354B5F
:101EB0000AF05AFFCDE9020148460BF04BF80746FD
:101EC000314A324B0AF01CFECDE90001DDE9022364
:101ED0000AF0EEFBCDE9040107F0ECFF82460AF0C0
:101EE000F9FA814649462A480BF02CFA0746294957
:101EF0000BF0CAF881464FF07E5148460BF056F879
:101F0000059048460BF026F84FF06632224BCDE99B
:101F100002010AF0F5FD07460022204B0AF024FFDB
:101F200082460AF0D7FA049005990BF0ADF8814685
:101F30001B4948460BF0D2FA0BD21A4948460BF01F
:101F400001FA07460BF062F900B217490968C88424
:101F500004E040F6C41014490968C88400BF601C3E
:101F6000C4B2072CFFF678AF069800F01FF807B050
:101F7000BDE8F08FF80D0020F8110020EC5158401A
:101F80000AD7A3703D0A0B4014AE47E17A14DE3F36
:101F90003313954300E076456612714000003940E6
:101FA0000000F0C10000C842A403002010B50446A0
:101FB0000121024807F08AF810BD0000002401400A
:101FC00070B506460C46154606F0F6FF2946204633
:101FD00007F052FC06F01CFF00203070304670BD48
:101FE000F0B584460A460C4B1678521C177800212F
:101FF0000CE013F8114033F811000512A64203D18A
:10200000AF4201D108B2F0BD481C81B2B1F5827F68
:10201000EFDD4FF0FF30F6E76012040870B50646BA
:10202000002417E004F1B001C8B2F0F77BFE0220F3
:10203000F0F778FE1020F0F775FE002506E006EBBD
:10204000C501085DF0F788FE681CC5B2802DF6DB7F
:10205000601CC4B2082CE5DB70BD2DE9F04F814651
:102060000E4617469846DDE909AB34460DE03D467D
:1020700007E05B462A462146484600F0B5F8681C52
:10208000C5B25545F5DD601CC4B24445EFDDBDE881
:10209000F08F000010B504461021184807F05AFED2
:1020A0000A21204600F03FF81021144807F054FEA2
:1020B0000A21204600F037F8A020F0F733FEC020B8
:1020C000F0F730FE8120F0F72DFECC20F0F72AFE4D
:1020D0002720F0F727FE2F20F0F724FEA220F0F7AC
:1020E00021FE4020F0F71EFEAF20F0F71BFE204639
:1020F00000F006F82046FFF791FF10BD00080140F0
:1021000010B5024600200BE0002105E0002302EBA1
:10211000C10423544B1CD9B28029F7DB431CD8B22D
:102120000828F1DB10BD10B502460B46002007E081
:10213000002101E04C1CE1B2C829FBDB441CE0B2E9
:102140003228F5DB10BD00002DE9FF4F81B0884635
:1021500014461D46DDE90E690094A5F12000C5B2C4
:1021600000273AE00C2E05D11E480C2101FB05008A
:1021700010F807A04FF0000B29E00AF0800060B1D2
:10218000B9F1000F01D1012000E0002003462246F2
:102190004146019800F028F805E04B4622464146AA
:1021A000019800F021F84FEA4A604FEA106A601C7B
:1021B000C4B20098201AB04205D1009C08F1010079
:1021C00000F0FF0806E00BF1010000F0FF0BBBF18F
:1021D000080FD2DB00BF781CC7B2B742C2DB05B024
:1021E000BDE8F08F70140408F0B51D4600277F2964
:1021F00001DC3F2A00DDF0BD14464FEAE27C02EB31
:102200005C7C4FEAEC0CCCF1070C0CF0FF034FEABE
:10221000E27C02EB5C7C4FEAEC0CA2EBCC0C0CF009
:10222000FF06C6F1070C012404FA0CF4E7B265B10D
:10223000C1F17F0400EBC404E45C3C43C1F17F0CBA
:1022400000EBCC0C0CF803400BE0C1F17F0400EB79
:10225000C404E45CBC43C1F17F0C00EBCC0C0CF873
:10226000034000BFC7E700002DE9FF4F81B00D46D6
:1022700017469846DDF838A00095BB464FF6FF702C
:10228000804502D105B0BDE8F08F00242CE05F4608
:102290003448122101FB080010F8049000261DE0CC
:1022A00009F0800060B1BAF1000F01D1012000E017
:1022B000002003463A4629460198FFF795FF05E0BE
:1022C00053463A4629460198FFF78EFF4FEA496088
:1022D0004FEA1069781CC7B2701CC6B2082EDFDB4B
:1022E000681CC5B2601CC4B20C2CD0DB009D35E06C
:1022F0000BF10800C7B21B48122101FB080010F8BF
:102300000490002624E009F0800060B1BAF1000FCB
:1023100001D1012000E0002003463A4629460198F9
:10232000FFF762FF05E053463A4629460198FFF75A
:102330005BFF4FEA49604FEA1069781CC7B2701C16
:10234000C6B2042E04D10BF10800C7B2681CC5B296
:10235000082ED8DB681CC5B2601CC4B2122CC7DBC7
:1023600000BF8FE7000004081CB5044600203F2191
:102370007F230246CDE9001001462046FFF76DFE9F
:102380001CBD10B5044608F0FFFE08F0D3FE204641
:1023900010BD000070B505460C46054A02EBC402AC
:1023A0005168034A52F8340007F033FD70BD000055
:1023B0006000002070B506460C4615464DB90A4A25
:1023C00002EBC4025168084A52F8340007F0C2FC1C
:1023D00008E0054A02EBC4025168034A52F834008F
:1023E00007F0BAFC70BD0000E000002070B50446A4
:1023F0000D46207800F00F00012810DA0C2120464D
:10240000FFF7C8FF30B92078401C217860F3030142
:10241000217010E0207820F00F0020700BE00C21DC
:102420002046FFF7B7FF012805D10320207120784F
:1024300020F00F002070607800F00F00012810DA03
:102440000D212046FFF7A6FF30B96078401C617867
:1024500060F30301617023E0607820F00F0060708A
:102460001EE00D212046FFF795FF012805D102202F
:102470002071607820F00F0060706078012101EB1E
:102480001010617860F30711617060780A21B1EB78
:10249000101F05D102202071607820F0F0006070DC
:1024A000A07800F00F00012810DA0E212046FFF777
:1024B00071FF30B9A078401CA17860F30301A170CE
:1024C00022E0A07820F00F00A0701DE00E21204631
:1024D000FFF760FF012804D12071A07820F00F00E1
:1024E000A070A078012101EB1010A17860F3071112
:1024F000A170A0780A21B1EB101F05D10120207135
:10250000A07820F0F000A070E07800F00F00012823
:1025100010DA0F212046FFF73DFF30B9E078401C6C
:10252000E17860F30301E17010E0E07820F00F0043
:10253000E0700BE00F212046FFF72CFF012805D1AA
:1025400004202071E07820F00F00E07070BD0000E2
:1025500070B506460C460B4A02EBC4025168094AA4
:1025600052F8340007F055FCC0F10100C5B2054A2D
:1025700002EBC4025168034A52F834002A4607F0BD
:10258000EDFB70BDE000002070B5044640F2036032
:1025900008F034FD40F2046008F030FD40F20560C0
:1025A00008F02CFD40F2066008F028FD01220E2103
:1025B0002046FFF7FFFE002209212046FFF7FAFE22
:1025C00000220A212046FFF7F5FE00220B212046BB
:1025D000FFF7F0FE01220C212046FFF7EBFE00255D
:1025E0000CE0194901EBC5014B68174951F835005A
:1025F0000322482107F0B7FB681CC5B2102DF0DBA1
:1026000000250CE0114901EBC5014B680F4951F859
:1026100035000322102107F0A6FB681CC5B20F2D60
:10262000F0DB0020207100BF09E0215C21F00F01E8
:102630002154215C21F0F0012154411CC8B204282E
:10264000F3DB204670BD000060000020E0000020A9
:1026500010B50446207C00F0010030B101220621B3
:1026600004F11400FFF7A6FE05E00022062104F1A4
:102670001400FFF79FFE207CC0F3400030B1012220
:10268000072104F11400FFF795FE05E00022072161
:1026900004F11400FFF78EFE207CC0F3800030B1FF
:1026A0000122082104F11400FFF784FE05E0002256
:1026B000082104F11400FFF77DFE207CC0F3C00068
:1026C00030B10122092104F11400FFF773FE05E087
:1026D0000022092104F11400FFF76CFE207CC0F3F6
:1026E000001030B101220A2104F11400FFF762FE4C
:1026F00005E000220A2104F11400FFF75BFE207CB4
:10270000C0F3401030B101220B2104F11400FFF797
:1027100051FE05E000220B2104F11400FFF74AFEF0
:10272000607C00F0010030B10122002104F11400AE
:10273000FFF740FE05E00022114604F11400FFF708
:1027400039FE607CC0F3400030B10122114604F133
:102750001400FFF72FFE05E00022012104F1140010
:10276000FFF728FE607CC0F3800030B10122022117
:1027700004F11400FFF71EFE05E00022022104F11F
:102780001400FFF717FE607CC0F3C00030B10122D7
:10279000032104F11400FFF70DFE05E000220321E0
:1027A00004F11400FFF706FE607CC0F3001030B1A6
:1027B0000122042104F11400FFF7FCFD05E00022D2
:1027C000042104F11400FFF7F5FD607CC0F3401014
:1027D00030B10122052104F11400FFF7EBFD05E003
:1027E0000022052104F11400FFF7E4FD002104F1AB
:1027F0001400FFF7CFFD012805D1A07C20F00100D7
:10280000401CA07403E0A07C20F00100A074012112
:1028100004F11400FFF7BEFD012805D1A07C20F0D3
:102820000200801CA07403E0A07C20F00200A074D1
:10283000022104F11400FFF7ADFD012805D1A07CB1
:1028400020F00400001DA07403E0A07C20F0040030
:10285000A074032104F11400FFF79CFD012805D1A9
:10286000A07C20F008000830A07403E0A07C20F0D9
:102870000800A074042104F11400FFF78BFD012867
:1028800005D1A07C20F010001030A07403E0A07CE3
:1028900020F01000A074052104F11400FFF77AFD68
:1028A000012805D1A07C20F020002030A07403E096
:1028B000A07C20F02000A074062104F11400FFF792
:1028C00069FD012805D1A07C20F040004030A074B3
:1028D00003E0A07C20F04000A074072104F1140064
:1028E000FFF758FD012805D1A07C20F08000803042
:1028F000A07403E0A07C20F08000A074082104F103
:102900001400FFF747FD012805D1E07C20F001000D
:10291000401CE07403E0E07C20F00101E174092137
:1029200004F11400FFF736FD012805D1E07C20F00A
:102930000200801CE07403E0E07C20F00201E174FE
:102940000A2104F11400FFF725FD012805D1E07CE0
:1029500020F00400001DE07403E0E07C20F004019E
:10296000E1740B2104F11400FFF714FD012805D1D7
:10297000E07C20F008000830E07403E0E07C20F008
:102980000801E174002104F11400FFF72FFD10BDD0
:102990002DE9F04105460C46304850F824003049F6
:1029A00051F82410884201D1BDE8F0812B4951F83B
:1029B00024102B4A52F82420881A0AF07BFC064681
:1029C000284931F81410284A32F81420881A0AF0DD
:1029D00059FC074631460AF057FB244908601F4955
:1029E00051F824000AF066FC804620480168404601
:1029F0000AF0A8FC06461B4931F814000AF05AFCFC
:102A0000074631460AF0A6FD19490860194951F8F0
:102A100024000AF04FFC80461448016840460AF042
:102A200091FC07461248016838460AF0BFFA06468C
:102A30000AF0ECFB01B205F11C0020F81410B5F906
:102A40001C00002801DA0020A883B5F91E00002828
:102A500001DA0021E98300BFA6E700009012002000
:102A6000A812002078120020841200200804002000
:102A700004040020F811002038B504466A480078A4
:102A8000012855D1002000906749087002236A464A
:102A900046F64071204600F00DFABDF8000045F6FC
:102AA0005A21884208D00846009002236A4646F61A
:102AB0004071204600F09AFB5C480078C0EBC000F3
:102AC00046F6447202EB40010423594A204600F0C6
:102AD0008DFB56480078C0EBC00046F64A7202EB08
:102AE00040010423534A204600F080FB4F48007801
:102AF000C0EBC00046F6507202EB400102234E4884
:102B000002680832204600F071FB48480078401CFB
:102B100046490870084600780A2801DB0020087042
:102B20000223424A46F64271204600F05FFB00BF96
:102B300042480068C0F3444041490978884272D154
:102B40003E480088C0F38510382808D13B4800680B
:102B5000C0F30430172802D101203A4908703748E1
:102B60000088C0F3851039285DD134480068C0F36F
:102B70000430172857D133480078012853D100205A
:102B800030490870009002236A4646F2DC51204624
:102B900000F090F9BDF800004AF2A551884208D033
:102BA0000846009002236A4646F2DC51204600F0B7
:102BB0001DFB2548007846F2E052322303FB00213A
:102BC00006231E4A204600F011FB1F48007846F2FB
:102BD000E652322303FB002104231C480268203202
:102BE000204600F003FB1848007846F2EA523223F0
:102BF00003FB0021082316480268204600F0F6FA7D
:102C000011480078401C10490870084600783028A8
:102C100001D10020087001230B4A46F2DE51204604
:102C200000F0E4FA00BF38BDD8030020D90300202B
:102C3000E0030020E803002034000020F40300201B
:102C4000F202002015040020D6030020C00300205B
:102C5000C403002070B505460A48046821880C208A
:102C600006F08CFA61880D2006F088FA05480068A5
:102C7000041D21880E2006F081FA61880F2006F0DD
:102C80007DFA70BDC403002038B5054600200090D1
:102C900002236A46D901284600F00CF9BDF800006D
:102CA0004AF2A55188423AD1002435E02F4800EB82
:102CB000440204EB44004FF4817303EB80010223D0
:102CC000284600F0F7F82A4800EB840204EB4400A1
:102CD0004FF4827303EB80010423284600F0EAF8E6
:102CE000244800EB440204EB44004FF4847303EBEC
:102CF00080010223284600F0DDF81F4800EB840223
:102D000004EB44004FF4857303EB80010423284651
:102D100000F0D0F8601CC4B2062CC7DB16E000241B
:102D200012E041F2E640114921F814000020114957
:102D300021F8140011480E4941F8240000200E49E2
:102D400041F82400601CC4B2062CEADB4BF21030C0
:102D5000094948610A4806494861002005494881F7
:102D600040F6B8300149488138BD00007812002093
:102D70009012002084120020A8120020F27F02008E
:102D80002E6C010010B50122038A02FA01F4A3435C
:102D9000038210BD10B50122038A02FA01F4234315
:102DA000038210BD70B505463B480068FFF74EF83A
:102DB000002405E021462846FFF7EAFD601CC4B266
:102DC000062CF7DB35480078002800DD70BD34485C
:102DD000007800F0010008B90020A883304800788E
:102DE000C0F3400008B90021E983002434E005F174
:102DF0001C0030F8140000B92CE0B5F9220005F1F0
:102E00001C0131F9141048434FF47A7190FBF1F032
:102E1000244951F824100844224941F82400084666
:102E200050F824002049B0FBF1F02049096851F81E
:102E3000241008441D49096841F82400194850F835
:102E400024001949B0FBF1F201FB1200154941F8C9
:102E5000240000BF601CC4B2022CC8DBA88B14493C
:102E60000968C880E88B124909680881288C1049D4
:102E700009688880688C0E4909680880B5F92600C1
:102E8000A0F275301B2190FBF1F0143000B208491C
:102E90000968088500BF99E720000020A1030020F1
:102EA000970300200C04002080EE3600C4030020AD
:102EB000A40300202DE9F04107460C4615461E46A6
:102EC00008F068FC33462A462146034800F0D7F94B
:102ED00008F070FCBDE8F08124000020FEB5044637
:102EE000022302AA4FF4A5712046FFF7E3FFBDF8C5
:102EF000080045F65A21884224D0A089E189084477
:102F000083B24FF4A8712046626800F06FF945F66D
:102F10005A200290022302AA4FF4A571204600F025
:102F200065F9022304F10C024FF4A671204600F06B
:102F30005DF9022304F10E024FF4A771204600F060
:102F400055F9A8E0022301AA4FF4A6712046FFF725
:102F5000B1FF02236A464FF4A7712046FFF7AAFF8C
:102F6000A089BDF8041088420FD1E089BDF8001097
:102F700088420AD1A089E189084483B24FF4A8713C
:102F800020466268FFF796FF85E0E089BDF80010F3
:102F9000884202DDBDF8006000E0E689A089BDF846
:102FA0000410884202DDBDF8047000E0A7893346B2
:102FB0004FF4A87120466268FFF77CFF06F5A87001
:102FC00081B23B4620462268FFF774FFE089BDF8D6
:102FD0000010884221DDE089BDF800C0A0EB0C00A4
:102FE00083B2606800EB0C020CF5A87081B2204639
:102FF00000F0FCF8E08900F5A87081B2BDF804305B
:103000002046226800F0F2F8022304F10E024FF489
:10301000A771204600F0EAF80CE0E089BDF8001046
:10302000884207DA022304F10E024FF4A77120460A
:1030300000F0DCF8A089BDF8041088421DDDB4F86A
:103040000EC0606800EB4C00BDF804C000EB4C0201
:10305000A089A0EB0C0083B2E08900F5A870604461
:1030600081B2204600F0C2F8022304F10C024FF4B2
:10307000A671204600F0BAF80CE0A089BDF8041053
:10308000884207DA022304F10C024FF4A6712046AD
:1030900000F0ACF800BF022302AA9902354800688C
:1030A000FFF708FFBDF808004AF2A55188421BD17E
:1030B0000223314A40F602012E480068FFF7FAFE6B
:1030C0002D4800882C4948800C232C4A46F2C451D4
:1030D00028480068FFF7EEFE0C23294A46F2D0513B
:1030E00024480068FFF7E6FE022302AA46F2DC51FC
:1030F0002046FFF7DFFEBDF808004AF2A5518842DE
:1031000003D000201F49087006E001231D4A46F243
:10311000DE512046FFF7CEFE022302AA46F640719A
:103120002046FFF7C7FEBDF8080045F65A21884241
:1031300003D000201449087006E00123124A46F625
:1031400042712046FFF7B6FE104805680C2005F0D6
:10315000F9FF28800D2005F0F5FF68800B48006816
:10316000051D0E2005F0EEFF28800F2005F0EAFF78
:103170006880FEBD00040020D8070020CC07002096
:10318000C0070020D6030020D9030020C40300207C
:103190002DE9F04104460D466068A84201D9BDE81A
:1031A000F081A068A84200D2F9E76068A8420CD874
:1031B0000227A088281A86B206F5A87081B23B467D
:1031C0002A46204600F012F80DE001272088281A30
:1031D00086B2E08900F5A870304481B23B462A46A9
:1031E000204600F003F800BFD9E700002DE9F041C8
:1031F00007460C4615461E4608F0CCFA33462A46CA
:103200002146034800F04FF808F0D4FABDE8F081F9
:103210002400002002465068884202D94FF0FF3057
:1032200070479068884202D24FF0FF30F8E79088EC
:10323000081A00B2F4E7000010B5044604F11400C7
:10324000FFF7A2F9A0F11404002020826082084850
:103250002060084860600848A0602088A188401A63
:10326000E08120892188401AA081204610BD0000FD
:10327000EA020020600100209903002070472DE938
:10328000F04180460D4616461F46002407E02819E7
:1032900081B2404600F01BF83055601C84B2BC423D
:1032A000F5DBBDE8F0812DE9F04180460D4616467C
:1032B0001F46002407E0281982B2315D404600F025
:1032C00042F8601C84B2BC42F5DBBDE8F08170B509
:1032D00004460D46A01CFEF721FD08B9002070BD74
:1032E000207800F0FE01A01CFEF77AFDA01CFEF77E
:1032F0004DFD20B9A01CFEF7CDFC0020EFE7290A08
:10330000A01CFEF76DFDA01CFEF740FDE9B2A01C5D
:10331000FEF766FDA01CFEF739FDA01CFEF7FEFCC3
:10332000A121A01CFEF75CFDA01CFEF72FFDA01C38
:10333000FEF782FC0646A01CFEF7CEFCA01CFEF7A2
:10334000A9FC3046CBE72DE9F04104460F4615466F
:10335000A01CFEF7E3FC10B90020BDE8F081207846
:1033600000F0FE01A01CFEF73BFDA01CFEF70EFDC9
:1033700020B9A01CFEF78EFC0020EEE7290AA01C55
:10338000FEF72EFDA01CFEF701FDE9B2A01CFEF722
:1033900027FDA01CFEF7FAFC3946A01CFEF720FD15
:1033A000A01CFEF7F3FCA01CFEF774FC002603E053
:1033B000A01CFEF7E3FC761C40F2DC508642F7D3FB
:1033C0000120CAE770B504460E461546A01CFEF75C
:1033D00037FD841EA01C058000BF2670204670BDEE
:1033E0002DE9F74F82B004460E4600250020607696
:1033F0002076A0680079A1688978884202DD0120E2
:10340000A1680871A0680079401E85B2B06860614B
:103410000121049804F0E1FA82460721049804F09F
:10342000DCFA80460821049804F0D7FA07460921FF
:10343000049804F0D2FA81461521049804F0CDFADC
:103440000190002069E0012181406269114000295A
:1034500061D0395C03290CD13AF810100A2291FB93
:10346000F2F122685288114422685180617E491C21
:103470006176395C02294ED13AF810100A2291FB8C
:10348000F2F122681288114422681180217E491CC1
:10349000217619F80010032291FBF2F302FB1311BD
:1034A00069B919F80010002909DD38F810100A224E
:1034B00091FBF2F12268928811442268918019F8F8
:1034C0000010032291FBF2F302FB1311012909D131
:1034D00038F810100A2291FBF2F12268D2881144C8
:1034E0002268D18019F80010032291FBF2F302FB4D
:1034F0001311022909D138F810100A2291FBF2F1B8
:10350000226812891144226811810199095C0129FC
:1035100001D162681171411CC8B296F8271081422E
:1035200091DCE068007800F00100002875D0E068C8
:10353000007800F0F000E168087084480088854257
:103540003FDB12E0691C8DB2202D0ED100257F4992
:103550000D80691CA268117196F8261011B900211E
:10356000A268517105B0BDE8F08F0121A9406269E0
:1035700011400029E6D00020E168097801F010012F
:10358000102904D10220217EA268517109E0E1686E
:10359000097801F02001202903D10320617EA2686F
:1035A00051710AE0691C8DB2202D06D100256749B2
:1035B0000D80691CA2681171D4E7795D8142F1D157
:1035C0003AE062480088854236DA08E0691E8DB22A
:1035D000202D04DBA1688978491E8DB205E0012108
:1035E000A940626911400029F0D000BF0020E168C5
:1035F000097801F01001102904D10220217EA2686F
:10360000517109E0E168097801F02001202903D116
:103610000320617EA268517109E08AE0691E8DB2C3
:10362000202D04DBA1688978491E8DB202E0795D06
:103630008142F3D100BF00BF0020E168087001980B
:10364000405D216908700021049804F0C6F98346A2
:10365000BBF1000F03D03BF81500216948803AF810
:103660001500216988800621049804F0B6F9834684
:10367000BBF1000F06D03BF815000A2190FBF1F0DA
:103680002169C88038F815000A2190FBF1F0216902
:1036900008810321049804F0A0F98346BBF1000FD0
:1036A00003D03BF81500216948811421049804F0E7
:1036B00094F900900098D8B30098405DA0B901201B
:1036C000216948702169087321480068407B0128FE
:1036D0002ED100201E4909684873681CC1B201221E
:1036E000304604F0B9FD23E0785D02280BD119487B
:1036F0000078012803D100202169487006E00220EB
:103700002169487002E00220216948700020216987
:1037100008730F480068407B012809D100200C493C
:1037200009684873681CC1B20022304604F094FD59
:1037300000BF681CA168087196F82600A16848704F
:1037400096F82700A168887000BF0BE7A807002043
:10375000A8040020B703002010B5029C016042605D
:10376000C360046110BD81607047704710B50446A6
:10377000024909680868FEF7F7FD10BD2C04002017
:103780002DE9F04704460D4660690078012806D00F
:1037900002287CD003287BD004287AD1FEE3B42011
:1037A000FE490870207C68B9607E401E6076607EAD
:1037B000FF2807D100206076207E002802DD207ED1
:1037C000401E2076207C03287AD15A20005D66288E
:1037D00064D006DC442835D0462872D0642871D1E4
:1037E00004E06C286FD07828F9D1C7E1627EC2EB83
:1037F000C20205EB420250680121002207E001EB02
:1038000081034FF6FF7606EA4301531CDAB25923CF
:103810001B5D03F00F0659231B5DA6EB13135B1E04
:103820009342ECDC94F858200123C3EB121230F8D9
:1038300012200A4494F858300126C6EB131320F8DE
:103840001320D2E1627EC2EBC20205EB4202506855
:103850000121002205E001EB81035B06190E531CD8
:10386000DAB259231B5D03F00F0659231B5DA6EB4B
:1038700013135B1E9342EEDC94F858200123C3EB34
:103880001212825C0A4494F85830012602E0B1E139
:10389000EEE3F9E3C6EB1313C254A6E1607EC0EB7E
:1038A000C00005EB4000466894F85810080900EB8A
:1038B000D0714910A0EB4101A9B3012700200BE012
:1038C00094E15FE090E15AE107EB87014FF6FF7268
:1038D00002EA4107411CC8B25921095D01F00F02FB
:1038E0005921095DA2EB1111491E8142ECDC3846D9
:1038F00009F0E0FC814694F858000122C2EB101850
:1039000008EBD870401056F82010484609F04EFBDE
:1039100094F858100122C2EB111808EBD871491025
:1039200046F821002DE0FFE74FF07E574FF00008EA
:1039300008E09B49384609F0A7FB074608F101005B
:1039400000F0FF085920005D012101EB10104045F7
:10395000EFDC94F858100122C2EB111808EBD87173
:10396000491056F82100394609F020FB94F8581008
:103970000122C2EB111808EBD871491046F821005A
:1039800000BF32E1627EC2EBC20205EB4202127B53
:1039900002F03002202A06D1627EC2EBC20205EBA1
:1039A000420250680FE0627EC2EBC20205EB4202A7
:1039B000127B02F03002302A05D1627EC2EBC202D5
:1039C00005EB4202516894F858301A0902EBD273A1
:1039D0005B10A2EB4303002B76D00122002607E008
:1039E00002EB820C4FEA4C0206F1010C0CF0FF06D0
:1039F00094F859C00CF00F08A8EB1C1CACF1010C9A
:103A0000B445EDDC0027667EC6EBC60605EB460630
:103A1000777B0123002609E003EB830C4FF6FF7848
:103A200008EA4C0306F1010C0CF0FF06BE42F3DB82
:103A30005A43667EC6EBC60605EB4606367B06F0A5
:103A40003006202E1BD194F858C04FF00108C8EB67
:103A50001C1606EBD67C4FEA6C0C30F81CC0944464
:103A60000FFA8CFC94F858804FF00109C9EB181636
:103A700006EBD6784FEA680820F818C022E0667E88
:103A8000C6EBC60605EB4606367B06F03006302E42
:103A900018D194F858C04FF00108C8EB1C1606EB7B
:103AA000D67C4FEA6C0C51F82CC0944494F85880A2
:103AB0004FF00109C9EB181606EBD6784FEA6808F3
:103AC00041F828C059E0FFE70122002307E002EB9C
:103AD00082064FF6FF7707EA46025E1CF3B25926CC
:103AE000365D06F00F075926365DA7EB1616761ED3
:103AF0009E42ECDC637EC3EBC30305EB43031B7BFD
:103B000003F03003202B17D194F858600127C7EB3E
:103B1000161303EBD376761030F81660164436B2DF
:103B200094F858704FF0010CCCEB171303EBD377DC
:103B30007F1020F817601FE0637EC3EBC30305EB23
:103B400043031B7B03F03003302B15D194F85860EE
:103B50000127C7EB161303EBD376761051F82660D6
:103B6000164494F858704FF0010CCCEB171303EB8C
:103B7000D3777F1041F8276000BF36E000BF94F88C
:103B800058600127C7EB1616F0B2667EC6EBC60674
:103B900005EB4606B668365C761C03E01509002086
:103BA00000002041677EC7EBC70705EB4707BF68EA
:103BB0003E54667EC6EBC60605EB4606716851F8B4
:103BC0002020667EC6EBC60605EB4606B668365C68
:103BD00052F826303BB90026677EC7EBC70705EBD6
:103BE0004707BF683E5400E000BF00BF0020616986
:103BF00008703CE2B420F8490870207C08BB607E65
:103C0000401C6076617EC1EBC101606800EB410041
:103C1000006810B9607E401E6076607E042810D176
:103C200003206076207E401C2076207EC01CC0EBE6
:103C3000C000616801EB4000006810B9207E401EA2
:103C40002076207C032874D15A20005D662875D028
:103C500006DC44283ED046286DD064286CD104E0B0
:103C60006C286AD07828F9D1DCE1627EC2EBC2020E
:103C700005EB420250680121002207E001EB8103BD
:103C80004FF6FF7606EA4301531CDAB259231B5D57
:103C900003F00F0659231B5DA6EB13135B1E934223
:103CA000ECDC94F858200123C3EB121230F81220F8
:103CB00012B2002A0DDD94F85820C3EB121230F82E
:103CC0001220521A94F858300126C6EB131320F82C
:103CD0001320C8E1627EC2EBC20205EB42025068CB
:103CE0000121002205E001EB81035B06190E531C44
:103CF000DAB259231B5D03F00F0659231B5DA6EBB7
:103D000013135B1E9342EEDC94F858200123C3EB9F
:103D10001212825C002A0BDD94F85820C3EB1212B9
:103D2000825C521A94F858300126C6EB1313C25421
:103D300099E199E102E071E094E174E1607EC0EB09
:103D4000C00005EB4000466894F85810080900EBE5
:103D5000D0714910A0EB410189B30127002007E091
:103D600007EB87014FF6FF7202EA4107411CC8B218
:103D70005921095D01F00F025921095DA2EB1111D2
:103D8000491E8142ECDC384609F094FA814694F8E9
:103D900058000122C2EB101808EBD870401056F8FA
:103DA0002010484609F0CBFB94F858100122C2EBD2
:103DB000111808EBD871491046F821002DE0FFE7F3
:103DC0004FF07E574FF0000808E08449384609F06C
:103DD0005BF9074608F1010000F0FF085920005D7B
:103DE000012101EB10104045EFDC94F8581001223E
:103DF000C2EB111808EBD871491056F8210039466A
:103E000009F0A8FB94F858100122C2EB111808EB36
:103E1000D871491046F8210000BF24E1627EC2EB50
:103E2000C20205EB4202127B02F03002202A06D1C8
:103E3000627EC2EBC20205EB420250680FE0627E76
:103E4000C2EBC20205EB4202127B02F03002302AC2
:103E500005D1627EC2EBC20205EB4202516894F8C2
:103E600058301A0902EBD2735B10A2EB4303E3B3A1
:103E70000122002607E002EB820C4FEA4C0206F119
:103E8000010C0CF0FF0694F859C00CF00F08A8EBD9
:103E90001C1CACF1010CB445EDDC0027667EC6EBC2
:103EA000C60605EB4606777B0123002609E003EBF7
:103EB000830C4FF6FF7808EA4C0306F1010C0CF076
:103EC000FF06BE42F3DB5A43667EC6EBC60605EB31
:103ED0004606367B06F03006202E1ED194F858C0D8
:103EE0004FF00108C8EB1C1600E03BE006EBD67C67
:103EF0004FEA6C0C30F81CC0ACEB020C0FFA8CFCD7
:103F000094F858804FF00109C9EB181606EBD678E3
:103F10004FEA680820F818C023E0667EC6EBC606A4
:103F200005EB4606367B06F03006302E19D194F8A4
:103F300058C04FF00108C8EB1C1606EBD67C4FEAC0
:103F40006C0C51F82CC0ACEB020C94F858804FF07C
:103F50000109C9EB181606EBD6784FEA680841F854
:103F600028C05EE00122002307E002EB82064FF644
:103F7000FF7707EA46025E1CF3B25926365D06F06B
:103F80000F075926365DA7EB1616761E9E42ECDC0F
:103F9000637EC3EBC30305EB430300E068E21B7BD6
:103FA00003F03003202B1BD194F858600127C7EB96
:103FB000161303EBD376761030F81660B61A36B2C5
:103FC00094F858704FF0010CCCEB171303EBD37738
:103FD0007F1020F8176023E0150900200000204121
:103FE000637EC3EBC30305EB43031B7B03F030038A
:103FF000302B15D194F858600127C7EB161303EB4B
:10400000D376761051F82660B61A94F858704FF0AF
:10401000010CCCEB171303EBD3777F1041F827602B
:1040200000BF20E000BF94F858100122C2EB11112C
:10403000C8B2617EC1EBC10105EB41018968095C31
:1040400000290EDD617EC1EBC10105EB41018968EC
:10405000095C491E627EC2EBC20205EB4202926815
:10406000115400E000BF00BF0020616908708AE2BF
:10407000B420F949087094F91000401C28B9207C3C
:10408000401C40B22074E3E17CE2207C00287DD11A
:10409000607EC0EBC00005EB4000007B00F0030039
:1040A000012874D1607EC0EBC00005EB4000406881
:1040B000F0B3EA4E607EC0EBC00005EB40008068C4
:1040C000E74908603046E168884790B33768A07ECA
:1040D000062835DA617EA07E00EB800204F11C0028
:1040E00000EB42000172217EA07E00EB800204F111
:1040F0001C0000EB42004172A07E401CA076A07E16
:10410000401E00EB800104F11C0000EB41004168FF
:10411000A07E00EB800204F11C0000EB4200016075
:10412000A07E00EB800104F11C0000EB410001E0E7
:1041300008E006E0466000223946204600F040FFD5
:1041400000BF85E1607EC0EBC00005EB40008668E3
:104150003046E1688847D0B33768A07E062835DA54
:10416000617EA07E00EB800204F11C0000EB4200A7
:104170000172217EA07E00EB800204F11C0000EBA6
:1041800042004172A07E401CA07601E03CE01FE0AE
:10419000A07E401E00EB800104F11C0000EB4100FA
:1041A0004168A07E00EB800204F11C0000EB42009D
:1041B0000160A07E00EB800104F11C0000EB4100D7
:1041C000466000223946204600F0FAFE00BF3FE17B
:1041D000607EC0EBC00005EB4000007B00F00300F8
:1041E000022802D10320207432E1607EC0EBC000BF
:1041F00005EB4000007B00F003000028A1D0207CEC
:10420000401C40B2207423E1207C032899D159201E
:10421000005D012101EB10105921095D60F30711C8
:10422000592001555A20005D6C2826D15920005D87
:1042300000F00F015920005DB1EB101FC7D114F839
:10424000580F012101EB1010217860F30711217044
:10425000207800F00F0014F85819B0EB111FB6DAEF
:104260000020207401207F49087094F8580020F045
:10427000F000103084F85800EAE05920005D00F0AA
:104280000F015920005DB1EB101F71D15920005D65
:1042900020F0F001592001555A20005D782819D1ED
:1042A00094F858000009002814DD14F8580F012173
:1042B000C1EB10106C49085C21780122C2EB11118E
:1042C0006A4A50540B2014F858190122C2EB1111FC
:1042D000654A505414F8580F012101EB1011207851
:1042E00061F307102070207800F00F0014F85819BF
:1042F000B0EB111F3CDA94F8580020F0F0001030B9
:1043000084F85800607EC0EBC00005EB4000806878
:1043100078B35A20005D442818D1607EC0EBC000FD
:1043200005EB40004168607EC0EBC00005EB40003B
:104330008268002003E00B5C1354431CD8B294F84D
:10434000583003F00F038342F5DC7CE05A20005D17
:1043500064281CD1607EC0EBC00005EB40004168C2
:10436000607EC0EBC00005EB40008268002007E0E3
:104370006EE068E031F8103022F81030431CD8B2FB
:1043800094F8583003F00F038342F3DC5BE05A20CB
:10439000005D462827D1607EC0EBC00005EB4000E1
:1043A000007B00F0300020281DD1607EC0EBC000F3
:1043B00005EB40004168607EC0EBC00005EB4000AB
:1043C0008268002005E031F8103022F81030431CDC
:1043D000D8B294F8586006F00F0303EBD376B0EB35
:1043E000660FF0DB2FE05A20005D66280DD05A20C2
:1043F000005D462827D1607EC0EBC00005EB400081
:10440000007B00F0300030281DD1607EC0EBC00082
:1044100005EB40004168607EC0EBC00005EB40004A
:104420008268002005E051F8203042F82030431C1B
:10443000D8B294F8586006F00F0303EBD376B0EBD4
:10444000660FF0DB00BF01200649087000202074D1
:1044500000206169087096E0150900201C04002006
:104460001804002028040020240400202004002038
:10447000B42046490870207C20B9207C401E40B200
:10448000207439E0207C032836D15920005D0121B9
:10449000C1EB10105921095D60F307115920015536
:1044A000005D0E21B1EB101F26DA5920005D20F0CF
:1044B000F0015920015594F858000121B1EB101F6B
:1044C0001ADC14F8580FC1EB1010217860F30711B3
:1044D000217014F85809000970B90020207459207F
:1044E000005D20F0F0015920015594F8580020F0AB
:1044F000F000103084F8580094F91000401C50B9B6
:10450000A07E002807DD01220021204600F058FD92
:1045100000201F49087094F91000401C70BBA07E59
:1045200060BB617EA07E00EB800204F11C0000EB0A
:1045300042000172217EA07E00EB800204F11C008B
:1045400000EB42004172A07E401CA076A07E00EBF2
:10455000800204F11C0000EB4200A16841600020D1
:104560000B490870D4E90201884738B1A068066891
:1045700000223146204600F023FD00BF0020616983
:10458000087000E000BF00BFBDE8F08715090020FB
:104590002804002070B504460D46E560D4E9020108
:1045A0008847A0680068606070BD2DE9FE4F044632
:1045B00025460027217EC1EBC101606800EB41095F
:1045C0002068FDF7D1FE49462046FFF7D9F8207C48
:1045D000032804D1E07E80F00100E07601E00120B4
:1045E000E0764E464FF0000864E0306800B964E0C1
:1045F000607E40452ED194F91000401C08B94FF060
:10460000000A207C68B9012107F10C00C0B2CDE995
:1046100000017F233A4600212068FDF71EFD4FF080
:10462000010A207C012801D14FF0020A207C0228D7
:1046300002D0207C03280FD15A20005D6C2803D0C3
:104640005A20005D782802D14FF0020A04E04FF0B2
:10465000030A01E04FF0000A04F15800E17E5346DE
:104660003A46CDE9001602900021204600F028F8D5
:104670005920005D00F00F015920005DB1EB101FC3
:1046800010D15920005D00F00F0000280ADD5920EC
:10469000005D0121C1EB10105921095D60F3071184
:1046A0005920015507F11000C7B20E3608F101007C
:1046B00000F0FF08B8F1040F97DB2846BDE8FE8F35
:1046C0002DE9FF4F93B081461D46DDE921A4002767
:1046D00000200F900E908346DAF800600D90DAF813
:1046E00004800C903FE2307811901198A02859DD99
:1046F0003146D9F80000FDF773FC12909DF8500088
:104700007A2806DD002014909DF854001030C0B2C5
:1047100015909DF854003A2806DD0020149015905D
:10472000D9F80000FDF7ECFC052D0DD19AF80C002E
:104730009DF83010B1EB400F03D1209800F0010B31
:1047400013E04FF0000B10E0042D03D1209800F08F
:10475000010B0AE0032D02D14FF0000B05E0022D02
:1047600002D14FF0000B00E0AB46CDF800B012993B
:104770008BB29DF854209DF85010D9F80000FDF739
:1047800073FD9DF850000C30C0B21490761C761C5E
:104790009DF83000401CC0B20C909DF83000401CC9
:1047A000C0B20C901198A02870DA9DF850007A28B9
:1047B00011DD002014909DF854001030C0B2159007
:1047C0009DF854003A2806DD002014901590D9F881
:1047D0000000FDF795FC119825286ED1781CC7B212
:1047E0009DF83000401CC0B20C90707864280ED048
:1047F00006DC252871D0442855D046286ED1B4E176
:1048000066286CD06C286BD07828F7D1E8E2E4B346
:10481000022D09D12078B7EB101F02D14FF0040B05
:104820000FE04FF0000B0CE0032D09D12078B7EB1F
:10483000101F02D14FF0050B03E04FF0000B00E01A
:10484000AB4600226178090920980CABCDE9008BBA
:10485000CDE90302029115AA14A9484600F00CFC08
:104860000F90CDF82C80DDF82C8008F102000B9021
:10487000DDF82C80761C761C2078B7EB101F10D149
:1048800099F819009DF8541001E00BE083E3B1EBB7
:10489000001F06D160780F9961F3030060706420F7
:1048A000A07079E33FE3ECB3022D0AD12078B7EB97
:1048B000101F03D14FF0040B14E035E34FF0000B51
:1048C00010E0032D0DD12078B7EB101F02D14FF06F
:1048D000050B07E04FF0000B04E01AE31BE332E0A6
:1048E00081E2AB460D226178090920980CABCDE935
:1048F000008BCDE90302029115AA14A9484600F0E5
:10490000BBFB0F90CDF82C80DDF82C8008F1010066
:104910000B90DDF82C80761C761C2078B7EB101FEE
:104920000FD100E00EE099F819009DF85410B1EB9A
:10493000001F06D161780F9860F303016170442075
:10494000A07029E3EFE2002C7ED00E9880BBD8F84F
:1049500000000B9000210B9808F0C0FC1AD2F74918
:104960000B9808F0EFFC0B900C20CDE9000B2D23E9
:104970009DF854209DF85010D9F80000FDF7E4FB95
:104980009DF85000801DC0B214909DF83000401C6E
:10499000C0B20C900B9808F055FC80B20A90022D22
:1049A0000AD12078B7EB101F03D14FF0040B10E0B1
:1049B00038E04FF0000B0CE0032D09D12078B7EB65
:1049C000101F02D14FF0050B03E04FF0000B00E089
:1049D000AB460022617809092098CDE901B1CDE903
:1049E00003020AA80CAB15AA14A90090484600F0CF
:1049F00043FB0F902078B7EB101F0DD199F81900E9
:104A00009DF85410B1EB001F06D161780F9860F348
:104A1000030161706620A070B0782E287ED101203D
:104A20000E90B9E2D8F800000B9000210B9808F026
:104A300055FC04D2C1490B9808F084FC0B90BDF8DA
:104A4000280008F037FC00E08EE008900B9908F091
:104A500076FD0B90022D01D0032D02D14FF0000BFB
:104A600000E0AB460C20CDE9000B2E239DF854202E
:104A70009DF85010D9F80000FDF766FB9DF8500036
:104A8000801DC0B214909DF83000401CC0B20C9044
:104A9000F0783038C0B210901098042801DD04205E
:104AA00010900020089008E0A5490B9808F04AFCF7
:104AB0000B900898401CC0B2089010990898884242
:104AC000F2DB0B9808F0BEFB80B20A90022D09D1F0
:104AD0002078B7EB101F02D14FF0040B0FE04FF01E
:104AE000000B0CE0032D09D12078B7EB101F02D189
:104AF0004FF0050B03E04FF0000B00E0AB4662788F
:104B0000120910992098CDE901B2CDE903010AA854
:104B10000CAB15AA14A90090484600E018E000F07C
:104B2000ABFA0F90761C761C2078B7EB101F0DD1D6
:104B300099F819009DF85410B1EB001F06D1617867
:104B40000F9860F3030161706620A07000200E9042
:104B5000CDF82480DDF8248008F104000990DDF808
:104B60002480761C761C17E2DDE1002C7DD001202C
:104B70000A90F0783038C0B21090002008E00A990E
:104B800001EB81014FF6FF7202EA41010A91401CDC
:104B900010998842F3DB0E98E0BB9AF80C0000F005
:104BA0003000202803D1B8F900000B9008E09AF8F3
:104BB0000C0000F03000302802D1D8F800000B9033
:104BC0000B98002818DA0B9840420B900C20CDE986
:104BD000000B2D239DF854209DF85010D9F80000AB
:104BE000FDF7B2FA9DF85000801DC0B214909DF8F8
:104BF0003000401CC0B20C90DDE90A0191FBF0F0DE
:104C00000B90022D0AD12078B7EB101F03D14FF083
:104C1000040B10E03AE04FF0000B0CE0032D09D13B
:104C20002078B7EB101F02D14FF0050B03E04FF0D7
:104C3000000B00E0AB460E22607800092099CDE918
:104C400001B0CDE903120BA80CAB15AA14A9009072
:104C5000484600F011FA0F902078B7EB101F0FD1E3
:104C600099F819009DF8541000E0B8E0B1EB001F6E
:104C700006D161780F9860F3030161704620A0703F
:104C8000B0782E287ED101200E9085E19AF80C0094
:104C900000F08000802803D0F07830388AF80D00CA
:104CA0009AF80C0000F03000202803D1B8F9000079
:104CB0000B9008E09AF80C0000F03000302802D188
:104CC000D8F800000B900B98002802DA0B984042AD
:104CD0000B90022D01D0032D02D14FF0000B00E00C
:104CE000AB460C20CDE9000B2E239DF854209DF8F7
:104CF0005010D9F80000FDF727FA9DF85000801DEC
:104D0000C0B214909DF83000401CC0B20C90F078F6
:104D10003038C0B21090DDE90A0191FBF0F200FBDF
:104D200012100B90022D0DD12078B7EB101F02D17D
:104D30004FF0040B13E04FF0000B10E0000080BFB9
:104D400000002041032D09D12078B7EB101F02D1BC
:104D50004FF0050B03E04FF0000B00E0AB4661782D
:104D60000909109A2098CDE901B1CDE903020BA8F9
:104D70000CAB15AA14A90090484600F07DF90F90DD
:104D8000761C00E014E0761C2078B7EB101F0DD1E4
:104D900099F819009DF85410B1EB001F06D1617805
:104DA0000F9860F3030161704620A07000200E9000
:104DB0009AF80C0000F03000202803D14046801CF7
:104DC000804609E09AF80C0000F03000302803D14A
:104DD0004046001D804600BF761C761CDCE0A2E049
:104DE00001200D9000BFECB3CDF82480DDF82480C5
:104DF000D8F800000A90DDF82480D8F80000089068
:104E00000020079003E00798401CC0B20790089864
:104E100002C808900029F6D1DAF80810781E095C5B
:104E20000798814208DADAF80810781E095C0A98B7
:104E300050F821000B9007E00021DAF80820781ED6
:104E400011540A9800680B900B98EDF781FAC0B2E4
:104E50001090022D0AD12078B7EB101F03D14FF02C
:104E6000040B10E054E04FF0000B0CE0032D09D1CF
:104E70002078B7EB101F02D14FF0050B03E04FF085
:104E8000000B00E0AB460B980390607800098DF8AA
:104E90001800002103AA20985B46CDE9012100906B
:104EA0009DF854209DF850104846FFF709FC9DF8E6
:104EB00050100622109802FB0010C0B214909DF80A
:104EC000301010980844C0B20C900998001D099049
:104ED000DDF82480761C761C10980F902078B7EBB4
:104EE000101F14D199F819009DF85410B1EB001F50
:104EF0000DD1607820F00F00401C60700D9810B943
:104F00006C20A07003E07820A07000200D9043E09A
:104F100009E0761C07E09DF83000401EC0B20C90FE
:104F2000781EC7B200BF00BF052D0CD19AF80C0047
:104F30009DF83010884203D1209800F0010B13E057
:104F40004FF0000B10E0042D03D1209800F0010B6E
:104F50000AE0032D02D14FF0000B05E0022D02D133
:104F60004FF0000B00E0AB460C20CDE9000B33788E
:104F70009DF854209DF85010D9F80000FDF7E4F892
:104F80009DF85000801DC0B21490761C9DF8300032
:104F9000401CC0B20C9000BF307800287FF4A3AB57
:104FA00054B199F819009DF85410B1EB001F03D1CA
:104FB000207867F303002070002017B0BDE8F08F61
:104FC00070B504460D46164665600020616908709C
:104FD0002076607694F8580020F0F000103084F8C5
:104FE000580000202074E076012E40D1A27E02EB12
:104FF000820304F11C0202EB43021068E168884757
:1050000000B970BDA07E00EB800104F11C0000EB34
:105010004100006800686060A07E002827DDA07E57
:10502000401EA07600202074A07E00EB800104F1D9
:105030001C0000EB4100007A6076A07E00EB80014E
:1050400004F11C0000EB4100407A2076A07E401C59
:1050500000EB800104F11C0000EB41000168A07E20
:1050600000EB800204F11C0000EB4200416000BF35
:10507000C7E74161704700002DE9FF4F8DB08846BA
:1050800091469A46DDF868B01E9D012698F800000A
:10509000089099F8000007909AF800000690BBF875
:1050A00000400D2D02D19BF8004003E00E2D01D1F0
:1050B000DBF800400DB10A2D1BDD0A2C1CD30226A3
:1050C000642C19D30326B4F57A7F15D3042642F253
:1050D0001070844210D30526264884420CD306263D
:1050E0002548844208D307262448844204D308264E
:1050F00002E00A2D00DA2E46374611E00A20B4FB02
:10510000F0F100FB11403030791E03AA50540A2000
:10511000B4FBF0F40698401CC0B20690781EC7B2EB
:10512000002FEBDC002003A9885503A809901C98E8
:105130008DF83000002109AA1D98CDE901210090C9
:105140001B9BDDE907210D98FFF7BAFA06210898A5
:1051500001FB0600C0B20890089888F80000079884
:1051600089F8000006988AF80000304611B0BDE8C2
:10517000F08F0000A086010040420F00809698004A
:105180000160704710B50446024909680868FCF7D9
:1051900045FF10BD2C04002010B5816001238376EB
:1051A000002343614376FF2303740023C376037611
:1051B00090F8583023F0F003103380F85830002472
:1051C0005B231C54837E03EB830400F11C0303EB7D
:1051D00044035960837E03EB830400F11C0303EB5B
:1051E00044031A600023C36010BD70472DE9F041ED
:1051F00005460F4616460FB9AC6800E0EC6814B9D6
:105200000020BDE8F081204607F037F908B1002002
:10521000F7E70EB90020F4E7204607F077F890E8AA
:105220000E00C06886E80E00F060204607F05CF8CB
:105230000120E6E7F0B585B006460C460027207849
:10524000012805D104208DF808006068019004E071
:1052500000208DF80800606800906078012803D174
:1052600002208DF8090010E000208DF80900A078D8
:105270008DF80A00002506E004F10800415D0DF1FB
:105280000B0041556D1C082DF6D33178064A52F8B3
:105290002100694604F0C6F90746032F02D1002019
:1052A00005B0F0BD0120FBE750D701082DE9FF4113
:1052B00006460C4617464FF0000817B9D6F8088086
:1052C00001E0D6F80C80B8F1000F01D1BDE8FF81F4
:1052D000404607F0C3F800B1F8E7207A28B900206B
:1052E0008DF800002068019004E001208DF8000096
:1052F00060680190607A022803D101208DF80100D6
:105300000FE000208DF80100A07A8DF80200002542
:1053100005E004F10B00415D02A841556D1C082D0C
:10532000F7D36946404606F0F7FF00BFCEE700001E
:1053300030B585B004460D460020009001908DF8F0
:1053400008008DF80A008DF813008DF80B0000217D
:105350008DF80C1045B921780C4A52F821006A46A4
:10536000002104F0ECF807E02178084A52F8210007
:105370006A46012104F0E3F8012020752A466946B7
:105380002046FFF793FF05B030BD000050D701085D
:1053900070B50446206907F070F838B121780A4AE0
:1053A00052F82100012104F0C2F80CE0206906F057
:1053B000ADFF054629462046FFF73CFF012802D1F4
:1053C000206906F091FF70BD50D7010870B5044602
:1053D0000D46206908B9002070BD206907F04DF81E
:1053E000B8B121780F4A52F82100012104F0A3F846
:1053F00029462046FFF71EFF012801D10220EBE7D6
:105400002946206906F088FF08B10120E4E7002062
:10541000E2E72946206906F07FFF08B10120DBE7BB
:105420000020D9E750D701082DE9F04104460D4688
:1054300016461F46DDF8188031462846EDF7A2FAD9
:1054400025706660A760C4F810802046BDE8F08132
:105450002DE9FC5F81460C4606F08CFD82464FF03C
:10546000030BC648007838B90120C44908700022EF
:105470001146204602F0F0FE2146484602F0F8F9B7
:105480002146484601F0A4F82146484600F0ECFBCE
:10549000484600F09DF999F8280000287ED199F837
:1054A000010000287BD184F83800B5480078012835
:1054B00019D1B4480078012815D1B34800780228E2
:1054C00007D0B1480078012803D0AF4800780328FE
:1054D00009D1D9F80C000088AC490988884202DA61
:1054E000052084F838004FF0030B0020A84908700D
:1054F000A8480068B0F9040010F10F0F04DAA648BC
:1055000000684078022802D1A448407820B94FF0C2
:10551000010B03209E490870A1480078012807D19B
:10552000042084F838004FF0010B022098490870DD
:105530009C48007818B99C480078012806D09B4800
:10554000008880B99A48008800280CDD4FF461601B
:1055500096490880012092490870062095490870F4
:105560000120904908708F48007801281AD191488D
:10557000007800287FD187480068B0F9000041F228
:10558000883188420FDD0220864908700020824958
:105590000968087082490870012001E063E00EE0AC
:1055A0008549087067E003207E49087000207A4929
:1055B000096808707A4908707F4908705BE099F8BB
:1055C0000100012825D184F838006D4800780128B1
:1055D00019D16C480078012815D16B480078022851
:1055E00007D069480078012803D06748007803286D
:1055F00009D1D9F80C00008864490988884202DA88
:10560000052084F838004FF0040B01206049087031
:1056100031E099F8010002282DD184F8380058486B
:105620000078012819D157480078012815D156482B
:105630000078022807D054480078012803D0524847
:105640000078032809D1D9F80C0000884F4909884F
:10565000884202DA052084F838004FF0010B02205E
:105660004B49087007E0042084F838004FF0010B24
:105670000320474908704B480078022819D1514649
:10568000484600F0E9F94348CDF800B00068B0F9A9
:10569000042040480068008881B2534647480068AB
:1056A000FCF79EF94548006840893A4909688881B5
:1056B00003E000203749096888813A4800780328C8
:1056C00043D13B48008807F0CBF93D4A3D4BCDE93B
:1056D000000107F015FA05460E462E490968B1F992
:1056E000040007F0A6F907462A46334607F006FBF2
:1056F00009D22F480088002805DD022029490870BA
:1057000001202D4908702A48008807F0A9F90546AC
:105710002B4A2D4B07F0F4F9074688461D490968C6
:10572000B1F9040007F085F93A464346CDE9000196
:1057300007F0AAF909D21E480088002805DD0220DA
:105740001849087001201C49087012480068B0F917
:105750000400042806DC0F480068B0F9040010F1CA
:10576000040F05DA0B48006880881849088002E0B9
:10577000002016490880BDE8FC9F0000480000207A
:10578000EE020020B5030020B60300208E010020A9
:10579000A0030020A4030020340000209C07002068
:1057A000490000202E000020B80300203000002017
:1057B000680100202F0000202C000020B4070020EA
:1057C0009A9999999999B93F9999B9BF320000204E
:1057D0004178002974D191490978012932D1904941
:1057E000097801292ED10169B1F90010428891424E
:1057F0001EDD418800291BDD90F8241029B9012104
:1058000080F82410874909884185418DE9B9012133
:105810004170002180F8241083490978C1EB4112BE
:10582000C2EB01214FF6FF7202EA01118185704738
:105830000169B1F900104288914206DA002180F82E
:10584000241002E0002180F824107849097800290A
:1058500016DD73490978012912D1016B99B901212B
:105860004170002180F824106F490978C1EB411282
:10587000C2EB01214FF6FF7202EA01118185D6E7E2
:10588000002180F824106A490978012919D1416B57
:10589000B9B9002180F8241066490978C1EB41129A
:1058A000C2EB01214FF6FF7202EA0111818502214C
:1058B0004170032101706049604B0CCB0CC1B6E70D
:1058C0002FE00178022916D1002180F824105949CF
:1058D0000978C1EB4112C2EB01214FF6FF7202EAD7
:1058E0000111818502214170032101705249534BFE
:1058F0000CCB0CC19BE70178012975D1002180F800
:10590000241049490978C1EB4112C2EB01214FF63D
:10591000FF7202EA011181850121417003210170AA
:1059200085E74178012941D10169B1F900108288E8
:10593000914201DB8188B1B990F8241029B9012185
:1059400080F824103E4909884185418D09B181883C
:1059500091B90021417080F8241034490978394AFE
:105960005143016363E70169B1F9001082889142F4
:1059700002DD002180F82410818D49B90021417099
:1059800080F82410294909782E4A514301634EE7D3
:10599000017849BB03210170002180F82410417077
:1059A00022490978274A5143016340E74178022997
:1059B00032D1818D29B1C1680988234A1288914268
:1059C00013DA032101700021417020491B4B0CCBDD
:1059D0000CC101211E4A1170C18801811D4909783D
:1059E000184A5143416322E716E00178A1B9032127
:1059F0000170002180F82410417014490F4B0CCB2A
:105A00000CC10121124A1170C18801811149097824
:105A10000C4A514341630AE700BF08E7EA0200204D
:105A20002C0000206E010020FE020020F902002060
:105A3000EB020020FF020020E0030020F40300201E
:105A4000700100208051010064010020E803002063
:105A5000D8030020FA02002030B50A460369B3F9E2
:105A6000003013F1140F0ADD0023244C2380244C52
:105A70002380244C23600123234C23703DE0224BE0
:105A80001B78012B03D10023C3801F4C23701D4BB7
:105A90001B68D11A1B4B1B689A4201D24C1E611C19
:105AA0000369B3F90030C3F100034FF00A0493FB1C
:105AB000F4F3124C248803FB0143104C238023464B
:105AC0001B8848F6A04493FBF4F30D4C2488234430
:105AD0000B4C2380094B1B8848F6A04493FBF4F53C
:105AE00004FB1533054C2380054B1B884FF00A043B
:105AF00093FBF4F3C380034B1A6030BD4A000020CF
:105B0000500000204C000020520000204178022963
:105B100005D1818D002902DD818D491E818590F896
:105B20002410012905D1418D002902DD418D491E36
:105B300041854178012905D1818D002902DD818DC2
:105B4000491E8185417889B917490978002904DD02
:105B5000016B11B1016B491E0163144909780129D8
:105B600004D1416B11B1416B491E41631049097861
:105B7000012918D10F490978012914D1818F0029F1
:105B800002DD818F491E8187C18F002902DDC18F0F
:105B9000491EC18790F82610012904D1816B11B1EB
:105BA000816B491E81637047F9020020EB020020DF
:105BB000ED0200202C00002003210170002180F85C
:105BC000241020490978204A514301631F4909786C
:105BD00051434163002141701D490978002904DDCA
:105BE0001B4909785143816305E01949097811B9C6
:105BF0004FF46161816317490978C1EB0111890094
:105C0000818715490968C16013490968091D016147
:105C1000114909680A31416110490988104A1288FE
:105C200051430A2291FBF2F141800E4909880C4A46
:105C3000128851430A2291FBF2F18180012180F800
:105C400025107047F902002080510100FA0200205F
:105C5000F8020020F7020020A40300206A010020BF
:105C6000680100206C0100202DE9F04704460D4634
:105C700000266069B0F800A0F648807818B90020C6
:105C8000A087BDE8F087F448007830B9F148807803
:105C9000401E40B284F82000F3E72069B0F900000C
:105CA000002805DA20690088AAEB00001FFA80FAB4
:105CB000EA480068808AAAEB00001FFA80FAE848E8
:105CC0000078012872D1E74800780128FAD1E08FE6
:105CD00000286CD1D5F808801421E348006801F051
:105CE0007CFE07460821E048006801F076FE814608
:105CF000DE480068DE490840B0B10520DD49087083
:105D0000DD480078002807DDDB480078DB494843A0
:105D1000DB490968886307E0D748007820B94FF469
:105D20006160D74909688863D6480078012819D18D
:105D30000020D44908700520CE490870CE4800786C
:105D4000002807DDCC480078CC494843CC49096895
:105D5000886307E0C848007820B94FF46160C849FB
:105D6000096888632069B0F9000010F1320F28DA61
:105D7000C5480078012824D1C4480078401CC34994
:105D800008700846007896281EDD0020087005205F
:105D9000B8490870B8480078002809DDB64800788E
:105DA000B6494843B649096888630DE0D7E3D5E3AF
:105DB000B148007840B94FF46160B149096888631F
:105DC00002E00020B1490870A06B002878D00020C4
:105DD0000EE00121814001EA080139B1395C29B99D
:105DE00019F80010022901D1711CCEB2411CC8B2B1
:105DF000984989788142ECDC9E480078002875D16A
:105E0000A3490988B42905DBA149098840F24C421D
:105E1000914203DD40F226219D4A11804FF47A71B0
:105E20000AFB01F191FBF6F1994A128891FBF2F11C
:105E300088B29849097801EB8101B0EB410F03DA90
:105E4000711E954A117014E09449097801EB8101A3
:105E5000B0EB410F03DD711C8F4A117009E08E49D0
:105E60000E707C494978012902DD012184F8261051
:105E700007E789490978B14223DD01217D4A117084
:105E80007D490978002907DD7B4909787B4A514320
:105E90007B4A1268916307E07749097821B94FF48A
:105EA0006161774A12689163002184F8261084F8B2
:105EB000271032217A4A117096217A4A117039E0FE
:105EC000E1E179490978744A127891422EDC022185
:105ED000684A117068490978002908DD664909781F
:105EE000664A5143664A1268916308E023E06249BA
:105EF000097821B94FF46161614A12689163002108
:105F000084F8261084F82710012E13DDE969A161B9
:105F1000A1697143721E91FBF2F1A1614CF2503202
:105F2000A169914206DAA169E96103E0012184F8DF
:105F30002610A6E612E34F480078012839D1002147
:105F400094F920002FE0421C50B2424A92788242DB
:105F500005D100204A1CD1B2012900DD24E0012234
:105F6000824002EA0802D2B13A5C012A1BD119F838
:105F70000020022A17D1421C85F839200C2285F80E
:105F80003A20012285F837200022EA6001223E4BA8
:105F90001A700622374B1A7084F8200071E62D4AD9
:105FA000527802B900E0CEE700BF0022314B1A70F0
:105FB00067E63048007802284BD1002094F8201082
:105FC00084F8221076E094F822200121914001EA21
:105FD000080131B394F92210795C31BB94F9221095
:105FE00019F80110022920D12749097879B901212E
:105FF00084F828102D490978002906DD2B490978F5
:10600000C1EB01118900A18701E01E21A187C821F0
:10601000274A11700321174A11700021204A11707C
:106020002FE60C49497801B945E014F8221F491EB2
:1060300049B2217014F9221900293BDA05498978FF
:10604000491E49B284F82210411CC8B2012831DD32
:1060500031E035E09C070020B8030020A4030020B5
:10606000ED0200202C000020A8030020BC0300202B
:10607000FF00002054000020F802002080510100A1
:1060800034000020B9030020B70300205600002090
:106090008C010020F502002055000020F6020020AF
:1060A0005300002057000020F4020020F7020020D7
:1060B0005800002087E700BF0521F94A1170E0E58C
:1060C000F748007803285ED1012E09DDE869A06158
:1060D000A0697043711E90FBF1F0A061A069E861B6
:1060E000F0480078401CEF490870A08F10B9EE48C6
:1060F000007838B1EB480078322836D1EA48007889
:10610000012832D1E068008841F2F221884225DB83
:106110000020203420720120E3490870A078401C40
:1061200085F839000C2085F83A00012085F8370001
:10613000E860A078401E40B2207014F920090028C1
:1061400005DADA488078401E40B284F82000072043
:10615000D34908700020D349087092E5002084F8E4
:1061600028000520CE4908708BE5E068008841F2E0
:10617000F221884206DA002084F82800A087052052
:10618000C74908707DE5C648007804280BD1C84887
:106190000078401EC64908700846007810B90020F3
:1061A000BF4908706DE5BE480078052833D1C14865
:1061B0000088E087C0480078002807DDBE480078E6
:1061C000BE494843BE490968886307E0BA48007879
:1061D00020B94FF46160BA49096888630020B0496A
:1061E000087084F82600AF490870B649087084F832
:1061F0002800AD48007801280CD1002085F839002E
:106200000C2085F83A00012085F837000020E8606E
:10621000A5490870A2E1A2480078062816D194F991
:106220002000385C30B96420A149087004209C49E2
:10623000087026E5A4480078401EA3490870084667
:10624000007810B90020964908701AE59448007843
:106250000728DFD194F92000401C385C012806D1C2
:1062600064209349087004208D49087009E5974817
:106270000078401E954908700846007810B9002043
:1062800087490870FDE4A06B0028C3D194F827006B
:1062900018B9012084F82700F3E494F827000128B6
:1062A0002DD114F8200F401C40B2207014F92009A1
:1062B0007E498978884202D1002084F8200094F930
:1062C000200019F80000022812D114F8200F401CF9
:1062D00085F839000C2085F83A00012085F8370050
:1062E0000020E8600320E07132206072203C05E06D
:1062F000032084F82700012084F82900C1E494F8E1
:106300002700022840D194F9210094F920108842F6
:106310001BD1002084F82800A08705206049087060
:1063200065480078002807DD6348007863494843E2
:1063300063490968886307E05F48007820B94FF433
:1063400061605F49096888639BE494F9210019F84A
:106350000000022811D114F8210F401C85F83900E3
:106360000C2085F83A00012085F83700E860042009
:10637000A07132202072213C05E0042084F827001F
:10638000012084F829007CE494F82700032819D11F
:1063900094F92000385C50B914F8290F401E207081
:1063A00014F8290968B9022084F8270009E014F8D4
:1063B000290F401E207014F8290910B9012084F813
:1063C00027005EE494F82700042868D194F921009E
:1063D000385C01283FD1052184F827109621344AE2
:1063E000117094F9212031498978491E8A4202D1DD
:1063F000FF2184F8211094F82110491CC8B20CE048
:106400000121814001EA080129B1395C19B941B281
:1064100084F8211005E0411CC8B2244989788142E2
:10642000EEDC00BF21498978814213D100200CE0C5
:106430000121814001EA080129B1395C19B941B251
:1064400084F8211005E0411CC8B2184989788142BE
:10645000EEDC00BF5DE014F8290F401E207014F838
:106460002909A8BB022184F8271094F921200F499B
:106470008978491E8A4202D1FF2184F8211094F8BC
:106480002110491CC8B226E00121814001EA08011F
:10649000F9B1395CE9B941B284F821101FE039E063
:1064A0005400002053000020B70300209C07002068
:1064B000590000208A010020F802002080510100CC
:1064C0003400002055000020570000205800002014
:1064D0001FE0411CC8B2354989788142D4DC00BF35
:1064E00032498978814213D100200CE0012181409A
:1064F00001EA080129B1395C19B941B284F82110C7
:1065000005E0411CC8B2294989788142EEDC00BF10
:1065100000BFADE494F8270005281FD12448007877
:10652000401E2349087008460078B0B9012084F85D
:10653000270020480078002807DD1E4800781E4903
:1065400048431E490968886307E01A48007820B963
:106550004FF4616019490968886389E424E00020E8
:106560002034E08311488078401E40B22070002023
:1065700060702072203C12480078012814D100205D
:10658000104908700E49087084F826000E490870FA
:106590000E49087085F839000C2085F83A00012072
:1065A00085F837000020E86000BF61E49C07002008
:1065B00059000020F8020020805101003400002022
:1065C000B703002054000020530000205500002095
:1065D0002DE9F04F87B004468B4600260020069038
:1065E0000590FD48007801282ED1FC48FC49097827
:1065F0004056401C18B30E21FA48006801F0EDF92E
:106600000190F648F64909784156019830F8110092
:10661000CBF80C00F148F2490978405C401C8BF83B
:10662000390001208BF8370007208BF83A00EC483E
:106630000078401CEA49087007B0BDE8F08F0020E0
:10664000E5490870E6490870E7480088B42805DB8A
:10665000E548008840F24C41884203DD40F22620A4
:10666000E1490880DBF808800121DE48006801F07C
:10667000B4F904900E21DB48006801F0AEF98246BF
:106680001421D848006801F0A8F981460821D548AE
:10669000006801F0A2F907460921D248006801F01C
:1066A0009CF905460020D14909684880CF4909680E
:1066B000488200BF6DE00121814001EA0801002904
:1066C00065D019F80010002961D1049931F8101033
:1066D0000A2291FBF2F1C54A12685288114409B2AC
:1066E000C24A12685180395C02293BD1711CCEB27A
:1066F000049931F810100A2291FBF2F1BB4A12689A
:10670000528A114409B2B94A12685182295C0322A3
:1067100091FBF2F302FB1311012905D19DF815102D
:10672000491CC9B28DF81510295C032291FBF2F3C4
:1067300002FB1311022905D19DF81610491CC9B29C
:106740008DF81610295C032291FBF2F302FB131162
:1067500041B9295C002905DD9DF81410491CC9B216
:106760008DF81410395C032911D10699491CC9B25E
:106770000691049931F810100A2291FBF2F19B4A1C
:106780001268928A114409B2984A12689182411C97
:10679000C8B220288FDB96480078012875D195482B
:1067A00000780128FAD1E1680988934A1288914259
:1067B0006DDD92490978042912D191490988914ADD
:1067C000128812B251430A2291FBF2F109B28E4AA9
:1067D0001180002184F8251084F82310E18068E0FE
:1067E0008649097802290FD185490988874A128884
:1067F00012B251430A2291FBF2F109B2824A11808E
:10680000002184F8251054E07C490978032912D12D
:106810007B4909887E4A128812B251430A2291FBB1
:10682000F2F109B2784A1180002184F8251084F829
:106830002310E1803DE07149097801290FD17049A9
:106840000988744A128812B251430A2291FBF2F16C
:1068500009B26D4A1180002184F8251029E06749AA
:10686000097831BB664909886B4A128812B25143D4
:106870000A2291FBF2F109B2634A1180002184F8E7
:10688000251084F82310E18013E023E0FFE75C4942
:106890000988614A128812B251430A2291FBF2F12F
:1068A00009B2594A1180002184F8251084F8231078
:1068B000E1805A490988524A128851434FF47A724A
:1068C00091FBF2F188B2E188814202DD012184F876
:1068D00025100EE04A4800884F49098809B248430C
:1068E0000A2190FBF1F000B247490880002084F8AB
:1068F00025004B480078012835D13E480078012812
:1069000031D13B48007801282AD13A480078012843
:1069100026D13A480078042803D1424800880390E1
:1069200021E036480078022803D13F4800880390D0
:1069300019E032480078032803D13C4800880390CE
:1069400011E02E480078012803D1394800880390CF
:1069500009E02A48007830B934480088039002E002
:10696000324800880390002E02DC0698002832DDB1
:106970001E48006840882169B1F90010884208DD8E
:106980001A480068408821690988401A61690880AE
:1069900002E0002061690880606900881A4909885E
:1069A000084412490968898A401A80B2029000227C
:1069B00006EB860081000298814201DA022A08D1A2
:1069C00006EB860080000F300299884232DA022AF4
:1069D00030D1012252E0FDE32D00002058120020AA
:1069E00038000020A80300208C010020A403002010
:1069F000EE020020B50300208E010020B603002027
:106A000068010020920100203A000020940100203B
:106A100096010020980100206601002090010020CE
:106A2000EF020020A00100209C0100209E01002018
:106A30009A01002006EB860081000298814204DB67
:106A40000698002801DD022218E0FE48007801289F
:106A500007D1FD480078012803D1FC4800780228BE
:106A60000BD0F8480078012808D1F74800780128B1
:106A700004D1F6480078012800D10122012A7DD1F5
:106A8000F348008838B1F3480068B0F9000041F2DB
:106A90009411884202DA012084F8250094F8250038
:106AA00000BB0298002815DD64210298484390FB42
:106AB000F6F0A061E849098801EBC10303EB01117D
:106AC000A069B0EB810F07DDE348008864214843EB
:106AD000A06101E00020A061DF48008864214843F4
:106AE000E06108E0DC48008864214843A061DA489E
:106AF00000884843E061D948007810B1D448008844
:106B000080B9D4480068B0F9000041F2941188427D
:106B100004DAD148008864214843A061A069CBF819
:106B20001C00FDE3CE48007800287CD1039800EBE0
:106B300080004000032190FBF1F0CA4908600398EF
:106B400000EB80004000032190FBF1F0C649086093
:106B5000039800EB80004000032190FBF1F0C34953
:106B60000860C348007801280CD1C248008800EBB7
:106B70008000BC490968A1EB400000E0F5E3B94999
:106B800008601BE0BA48007802280AD1B94800889A
:106B900000EB8000B4490968A1EB4000B2490860ED
:106BA0000CE0B348007848B9B248008800EB800098
:106BB000AE490968A1EB4000AC4908609DF815009A
:106BC000002818DDA748006800EBC00000EB80003B
:106BD0004000A4490860084600684FF47A714843B1
:106BE000E1680988B0FBF1F09DF81510B0FBF1F0F9
:106BF0009C49086002E000209A4908609DF8160050
:106C000000281ADD9848006800EBC00000EB800007
:106C1000400095490860084600684FF47A7148437F
:106C2000E168098800E0F2E3B0FBF1F09DF816108E
:106C3000B0FBF1F08C49086002E000208A4908604E
:106C40009DF81400002818DD8848006800EBC0009B
:106C500000EB8000400085490860084600684FF45A
:106C60007A714843E1680988B0FBF1F09DF814108F
:106C7000B0FBF1F07D49086002E000207B4908602C
:106C80007849A069096888421AD27749A0690968D9
:106C9000884215D27549A0690968884210D26D48AA
:106CA0000068B0F9000041F29411884204DA6A48A1
:106CB000008864214843A061A069CBF81C0030E73C
:106CC0000021019167490968674B1B6899420BD8FD
:106CD00064490968654B1B68994202D801210191FA
:106CE0000DE0032101910AE05F4909685F4B1B68D1
:106CF000994202D80221019101E003210191002073
:106D000004E0FF215C4B1954411CC8B21428F8DB85
:106D1000019901296FD10020002124E001238B403B
:106D200003EA0803EBB119F80130D3B97B5C022BFD
:106D300017D16B5C4FF0030C93FBFCFE0CFB1E3376
:106D4000012B0ED1474B1B882AF811304FFA81FCDA
:106D5000034600F1010E0EF0FF00DFF81CE10EF813
:106D600003C04B1CD9B22029D8DBA16971439DF81F
:106D70001530DFF8F0C0DCF800C00CFB1311A16186
:106D80009DF81510711ACEB2A16991FBF6F1A161BF
:106D9000354BA1691B6899422ED2344BA1691B68FF
:106DA000994229D2002123E001238B4003EA080302
:106DB000E3B119F80130CBB97B5C022B16D16B5CC7
:106DC0004FF0030C93FBFCFE0CFB1E33012B0DD08C
:106DD000238B2AF811304FFA81FC034600F1010E93
:106DE0000EF0FF00DFF890E00EF803C04B1CD9B2A4
:106DF0002029D9DB3CE253E11B4909681B4B1B6886
:106E000099427DD2002142E001238B4003EA08032E
:106E1000A3B319F801308BBB7B5C022B35D16B5CC3
:106E20004FF0030C93FBFCFE0CFB1E33022B2CD10A
:106E30000D4B1B882AF811304FFA81FC034600F1F4
:106E4000010E1CE0EE020020B5030020B603002076
:106E500068010020A40300208C010020EF02002024
:106E6000F00200203C0000204000002044000020F0
:106E7000FC020020AC0100205812002005E00EF0BA
:106E8000FF00DFF828E40EF803C04B1CD9B220291C
:106E9000BADBA16971439DF81630DFF814C4DCF841
:106EA00000C00CFB1311A1619DF81610711ACEB22F
:106EB000A16991FBF6F1A161FE4BA1691B689942A2
:106EC0002DD9002128E001238B4003EA08030BB3EE
:106ED00019F80130F3B97B5C022B1BD16B5C4FF0CE
:106EE000030C93FBFCFE0CFB1E339BB96B5C002B6D
:106EF00010DDF04B1B882AF811304FFA81FC00E0BE
:106F000038E0034600F1010E0EF0FF00DFF89CE3CD
:106F10000EF803C04B1CD9B22029D4DBA8E1002114
:106F200025E001238B4003EA0803F3B119F801308F
:106F3000DBB97B5C022B18D16B5C4FF0030C93FB2D
:106F4000FCFE0CFB1E3383B96B5C002B0DDD238B29
:106F50002AF811304FFA81FC034600F1010E0EF0C1
:106F6000FF00DFF848E30EF803C04B1CD9B220291C
:106F7000D7DBF9E3002126E001238B4003EA080375
:106F8000FBB119F80130E3B97B5C022B19D16B5CC2
:106F90004FF0030C93FBFCFE0CFB1E338BB96B5CB8
:106FA000002B0EDDC34B1B882AF811304FFA81FCF1
:106FB000034600F1010E0EF0FF00DFF8F0E20EF8DC
:106FC00003C04B1CD9B22029D6DBA16971439DF8BF
:106FD0001430DFF8E0C2DCF800C00CFB1311A16133
:106FE0009DF81410711ACEB2A16991FBF6F1A1615E
:106FF000AF4BA1691B68994229D9002124E00123E4
:107000008B4003EA0803EBB119F80130D3B97B5C7C
:10701000022B17D16B5C4FF0030C93FBFCFE0CFBB7
:107020001E33022B0ED1A24B1B882AF811304FFAC7
:1070300081FC034600F1010E0EF0FF00DFF86CE268
:107040000EF803C04B1CD9B22029D8DB8CE30021F9
:1070500023E001238B4003EA0803E3B119F8013070
:10706000CBB97B5C022B16D16B5C4FF0030C93FB0E
:10707000FCFE0CFB1E33022B0DD1238B2AF81130A2
:107080004FFA81FC034600F1010E0EF0FF00DFF81D
:107090001CE20EF803C04B1CD9B22029D9DB63E3F4
:1070A000019902296FD10020002124E001238B40A7
:1070B00003EA0803EBB119F80130D3B97B5C022B6A
:1070C00017D16B5C4FF0030C93FBFCFE0CFB1E33E3
:1070D000022B0ED1764B1B882AF811304FFA81FC17
:1070E000034600F1010E0EF0FF00DFF8C0E10EF8DC
:1070F00003C04B1CD9B22029D8DBA16971439DF88C
:107100001630DFF8ACC1DCF800C00CFB1311A16134
:107110009DF81610711ACEB2A16991FBF6F1A1612A
:10712000654BA1691B6899422ED2624BA1691B680D
:10713000994229D2002123E001238B4003EA08036E
:10714000E3B119F80130CBB97B5C022B16D16B5C33
:107150004FF0030C93FBFCFE0CFB1E33022B0DD0F7
:10716000238B2AF811304FFA81FC034600F1010EFF
:107170000EF0FF00DFF834E10EF803C04B1CD9B26B
:107180002029D9DBF0E243E14B490968494B1B68F0
:1071900099426ED2002126E001238B4003EA0803C6
:1071A000FBB119F80130E3B97B5C022B19D16B5CA0
:1071B0004FF0030C93FBFCFE0CFB1E33012B10D194
:1071C0003D4B1B882AF811304FFA81FC034600F131
:1071D000010E00E03DE30EF0FF00DFF8D0E00EF816
:1071E00003C04B1CD9B22029D6DBA16971439DF89D
:1071F0001530DFF8C4C0DCF800C00CFB1311A1612E
:107200009DF81510711ACEB2A16991FBF6F1A1613A
:10721000284BA1691B6899422CD9002126E0012343
:107220008B4003EA0803FBB119F80130E3B97B5C3A
:10723000022B19D16B5C4FF0030C93FBFCFE0CFB93
:107240001E338BB96B5C002B0EDD1A4B1B882AF8A2
:1072500011304FFA81FC034600F1010E0EF0FF00E1
:10726000DFF848E00EF803C04B1CD9B22029D6DB6A
:107270007AE233E000212EE001238B4003EA080389
:107280003BB319F8013023BB7B5C022B21D16B5C33
:107290004FF0030C93FBFCFE0CFB1E33CBB96B5C75
:1072A000002B16DD238B2AF8113007E0581200203E
:1072B00040000020440000203C0000204FFA81FCE8
:1072C000034600F1010E0EF0FF00DFF838E40EF87F
:1072D00003C04B1CD9B22029CEDB45E2002128E0B7
:1072E00001238B4003EA08030BB319F80130F3B90B
:1072F0007B5C022B1BD16B5C4FF0030C93FBFCFE01
:107300000CFB1E339BB96B5C002B10DDFE4B1B8806
:107310002AF811304FFA81FC034600F1010E00E01B
:1073200025E20EF0FF00DFF8DCE30EF803C04B1C93
:10733000D9B22029D4DBA16971439DF81430DFF85C
:10734000C8C3DCF800C00CFB1311A1619DF8141038
:10735000711ACEB2A16991FBF6F1A161EB4BA16963
:107360001B6899422AD9002125E048E201238B407D
:1073700003EA0803EBB119F80130D3B97B5C022BA7
:1073800017D16B5C4FF0030C93FBFCFE0CFB1E3320
:10739000012B0ED1DD4B1B882AF811304FFA81FCEE
:1073A000034600F1010E0EF0FF00DFF858E30EF87F
:1073B00003C04B1CD9B22029D8DBD5E1002123E042
:1073C00001238B4003EA0803E3B119F80130CBB97C
:1073D0007B5C022B16D16B5C4FF0030C93FBFCFE25
:1073E0000CFB1E33012B0DD1238B2AF811304FFAE1
:1073F00081FC034600F1010E0EF0FF00DFF804E30C
:107400000EF803C04B1CD9B22029D9DBACE1AFE1A7
:1074100001990329D1D10020002126E001238B40CE
:1074200003EA0803FBB119F80130E3B97B5C022BD6
:1074300019D16B5C4FF0030C93FBFCFE0CFB1E336D
:107440008BB96B5C002B0EDDAF4B1B882AF811301B
:107450004FFA81FC034600F1010E0EF0FF00DFF849
:10746000A4E20EF803C04B1CD9B22029D6DBA169D7
:1074700071439DF81430DFF890C2DCF800C00CFBBB
:107480001311A1619DF81410711ACEB2A16991FB7C
:10749000F6F1A1619D4BA1691B6899422CD29C4BCE
:1074A000A1691B68994227D2002122E001238B4069
:1074B00003EA0803DBB119F80130C3B97B5C022B86
:1074C00015D16B5C4FF0030C93FBFCFE0CFB1E33E1
:1074D0006BB1238B2AF811304FFA81FC034600F17F
:1074E000010E0EF0FF00DFF81CE20EF803C04B1C8B
:1074F000D9B22029DADB37E184490968844B1B685B
:1075000099427DD2002124E001238B4003EA080345
:10751000EBB119F80130D3B97B5C022B17D16B5C4E
:107520004FF0030C93FBFCFE0CFB1E33012B0ED122
:10753000764B1B882AF811304FFA81FC034600F184
:10754000010E0EF0FF00DFF8BCE10EF803C04B1C8B
:10755000D9B22029D8DBA16971439DF81530DFF835
:10756000ACC1DCF800C00CFB1311A1619DF8151033
:10757000711ACEB2A16991FBF6F1A161644BA169C8
:107580001B68994229D9002124E001238B4003EA9A
:107590000803EBB119F80130D3B97B5C022B17D18A
:1075A0006B5C4FF0030C93FBFCFE0CFB1E33022BB9
:1075B0000ED1574B1B882AF811304FFA81FC034635
:1075C00000F1010E0EF0FF00DFF838E10EF803C005
:1075D0004B1CD9B22029D8DBC6E0002125E00123CD
:1075E0008B4003EA0803F3B119F80130DBB97B5C87
:1075F000022B18D16B5C4FF0030C93FBFCFE00E0F8
:1076000016E00CFB1E33022B0DD1238B2AF8113010
:107610004FFA81FC034600F1010E0EF0FF00DFF887
:10762000E4E00EF803C04B1CD9B22029D7DB9BE065
:10763000002124E001238B4003EA0803EBB119F891
:107640000130D3B97B5C022B17D16B5C4FF0030C7C
:1076500093FBFCFE0CFB1E33022B0ED12C4B1B8824
:107660002AF811304FFA81FC034600F1010E0EF0AA
:10767000FF00DFF890E00EF803C04B1CD9B22029C0
:10768000D8DBA16971439DF81630DFF884C0DCF8BF
:1076900000C00CFB1311A1619DF81610711ACEB237
:1076A000A16991FBF6F1A161184BA1691B68994290
:1076B00032D9002124E001238B4003EA0803EBB117
:1076C00019F80130D3B97B5C022B17D16B5C4FF0FA
:1076D000030C93FBFCFE0CFB1E33012B0ED10B4B5A
:1076E0001B882AF811304FFA81FC034600F1010E85
:1076F0000EF0FF00DFF80CE00EF803C04B1CD9B20F
:10770000202907E058120020440000203C000020FF
:1077100040000020CFDB27E0002123E001238B4045
:1077200003EA0803E3B119F80130CBB97B5C022B03
:1077300016D16B5C4FF0030C93FBFCFE0CFB1E336D
:10774000012B0DD1238B2AF811304FFA81FC03460F
:1077500000F1010E0EF0FF00DFF8FCE00EF803C0B0
:107760004B1CD9B22029D9DB01213C4B197042E0D6
:10777000039800EB80004000394908600846006823
:1077800000EBC00000EB8000400008600846006885
:107790004FF47A714843E1680988B0FBF1F0B0FB1F
:1077A000F6F02F490860A0690968884210D22D4878
:1077B0000068B0F9000041F29411884204DA2A48C6
:1077C000008864214843A061A069CBF81C0012E046
:1077D00023480068A06123480068B0F9000041F226
:1077E0009411884204DA2048008864214843A0614B
:1077F000A069CBF81C00E069CBF8200028E0022A41
:1078000026D14FF4FA60A061704361690988174B73
:10781000B3F90030194401EBC10303EB0111C0EBD4
:107820008101069891FBF0F0E061E069CBF820005F
:107830000C480068B0F9000041F29411884204DA63
:107840000948008864214843A061A069CBF81C0066
:1078500000BF00BFFEF7F0BE581200202D00002030
:107860003C000020A40300208C0100203A000020EE
:1078700070B54D4A1268B2F926304C4A128802EBB4
:10788000820252000A614A4A1278012A18D1A3F6EC
:10789000C415484E36787543642695FBF6F5434E7D
:1078A000368806EB8606C5EB4605AAB24CF238755B
:1078B000AA4204DD4DF60C75AA4200DA0A6100BF47
:1078C0003D4A128802EB820252004A61384A12781D
:1078D000012A18D1A3F6C415364E367875436426AE
:1078E00095FBF6F5344E368806EB8606C5EB460565
:1078F000AAB24CF23875AA4204DD4DF60C75AA42C4
:1079000000DA4A6100BF2D4A12882D4D2D886A4346
:107910004FF47A7592FBF5F294B22A4A1278012A52
:107920003DD1294A1278012A39D190F823206AB929
:10793000C288A24236DB012280F823200022234D98
:107940002A80C2681288224D2A802BE090F82320DA
:10795000012A27D10569B5F9005015F1050F06DA9E
:107960001A4D2D886D1D2DB2184E35800AE005691F
:10797000B5F90050052D05DD144D2D886D1E2DB275
:10798000124E35800022124D2D8805EB85050F4ED5
:10799000368806EB4505AAB20A614A6102E0002278
:1079A00080F8232070BD0000A403002060010020A7
:1079B000F1020020FD020020620100209001002061
:1079C00068010020EE020020B50300205A000020CC
:1079D0005C00002070477047704702460B465168B4
:1079E00005E00878984201D1486870478968002905
:1079F000F7D10020F9E70170427070472DE9F0419E
:107A000005460C464FF00008BCB1012C15D00B2CDC
:107A100013D00C2C11D00D2C0FD00E2C0DD0062C09
:107A20000BD0072C09D00A2C07D0032C05D0022C30
:107A300003D0042C01D0132C01D1022718E0022C12
:107A400009D0042C07D00F2C05D0102C03D0112CFA
:107A500001D0122C01D104270AE0052C07D0082CF4
:107A600005D0092C03D0142C01D0152C00D10127EE
:107A7000686850B36E6800E0B668B0680028FBD153
:107A8000102003F09BF8B060B068D8B1B068047003
:107A900068787843B1684870B168487803F08EF828
:107AA000B1684860B068406830B9B06803F092FED1
:107AB0000020B060BDE8F0810020B1688860B06847
:107AC000C66001E00020F5E723E0102003F076F81F
:107AD00068606868D8B168680470687878436968D5
:107AE00048706968487803F069F8696848606868B0
:107AF000406828B9686803F06DFE00206860D9E727
:107B00000020696888606868C0F80C8001E0002087
:107B1000D0E70120CEE770B505460C46E06870B1AD
:107B2000D4E902018860A06810B1D4E90210C860ED
:107B30002646A468304603F04DFE00260AE0A06801
:107B40002860A06810B10020A168C860204603F03A
:107B500041FE2C68204670BD2DE9FE4F07468A463F
:107B600090463C680AF104052E1D2868C0F3C160E8
:107B7000012804D12868C0F38450022809D028685D
:107B8000C0F3C16001286FD12868C0F38450032876
:107B9000F9D1307800F00F0007287CD1FE4800783A
:107BA000401CFD4908707DE0A0883168B0EB114FA2
:107BB00073D12068716888426FD194F81090A9F150
:107BC0000100012101FA00F07968084038B1A9F1FB
:107BD0000100012101FA00F0B968084020B12888AD
:107BE000C0F38710EF2840D12888C0F3871048459C
:107BF0001FD1A9F1010101228A40B8681043B86081
:107C0000E649B868086097F8270097F82610884278
:107C100004DA97F82700401C87F827001421404613
:107C2000FFF7DBFE83460021A9F101000BF80010ED
:107C30002EE021463846FFF76EFF08214046FFF749
:107C4000CCFE83460021A9F101000BF80010A9F138
:107C5000010101228A4078689043786097F82600F5
:107C6000401E87F8260013E0F0E2A9F1010001218F
:107C700001FA00F07968084050B1A9F10100012132
:107C800001FA00F0B968084010B14FF4FA70E080D2
:107C90000F20BDE8FE8F63E0FFE7A06808B1A4688D
:107CA00000E002E0002C7FF47FAF00BF54B9142045
:107CB00002F084FF04460CB90F20EAE73C60002084
:107CC000E0600AE0142002F079FFA060A06808B923
:107CD0000F20DEE7A068C460A468ECB33068000C35
:107CE000A080706820600020A0604FF4FA70E080EF
:107CF000002013E0012181407A68114061B9411CE4
:107D0000217497F82610491C87F82610012282401A
:107D100079681143796003E0411CC8B22028E9DB8F
:107D2000286820F47F102860286820F47F5000F530
:107D300070502860286820F03F002860286820F0F4
:107D400060402860306820F00F000A303060217CED
:107D5000306861F30F2000E000E03060012098E718
:107D6000307800F00F00012860D13168080CF9F775
:107D70007DF90D2827D128888009401E8849087080
:107D80007068F9F779F9401E012101FA00F0B9682D
:107D90000843B8608149B868086097F8270097F8E9
:107DA0002610884204DA97F82700401C87F827003D
:107DB00014214046FFF711FE8146002078490978DA
:107DC00009F8010030E03168080CF9F74FF9212873
:107DD0002AD128888009401E714908700846007819
:107DE000172801DD0E2054E7B8F1000F0DD0142143
:107DF0004046FFF7F2FD81467068F9F73DF983468A
:107E00006749097809F801B000BF0AE02888C0F383
:107E10008710217C884203D14FF4FA70E08002E0A1
:107E2000A468002CF2D100BF002032E7307800F0C7
:107E30000F0003283ED13168080CF9F717F9A8BBE9
:107E400028888009401E564908700846007817287F
:107E500001DD0E201DE7B8F1000F1CD000214046C7
:107E6000FFF7BBFD81467068F9F706F983460A20E3
:107E7000BBFBF0F04A49097829F811000821404677
:107E8000FFF7ABFD02902868C0F38451444A127892
:107E90000298815400BF0BE02888C0F38710217C32
:107EA000884204D14FF4FA70E08003E003E0A46854
:107EB000002CF1D1C8E13168080CF9F7D7F8012896
:107EC0002DD128888009401E354908700846007861
:107ED000172801DD0E20DCE6B8F1000F10D00121DB
:107EE0004046FFF77AFD81467068F9F7C5F883468A
:107EF0000A20BBFBF0F02A49097829F8110000BFDD
:107F00000AE02888C0F38710217C884203D14FF40F
:107F1000FA70E08002E0A468002CF2D194E13168AC
:107F2000080CF9F7A3F8022861D128888009401EBF
:107F30001B49087008460078172801DD0E20A8E6C6
:107F4000B8F1000F44D006214046FFF746FD0290ED
:107F50007068F9F791F881460A20B9FBF0F9104AE8
:107F60001278029820F8129009214046FFF735FD5B
:107F7000019008214046FFF730FD0090084909783C
:107F80000098405C022822D1054909780198405C9C
:107F900000281CDD024905E0C0080020B4080020CC
:107FA000B808002009780198405C032190FBF1F2A9
:107FB00001FB120000F0FF0B1FFA89F043F6982135
:107FC000884201DA4FF00009A14921F81B9000BF57
:107FD0000AE02888C0F38710217C884203D14FF43F
:107FE000FA70E08002E0A468002CF2D12CE1316844
:107FF000080CF9F73BF818282ED128888009401E74
:108000009449087008460078172801DD0E2040E6E4
:10801000B8F1000F11D007214046FFF7DEFC834680
:108020007068F9F729F8814646F2A810814503D215
:10803000884909782BF8119000BF0AE02888C0F31E
:108040008710217C884203D14FF4FA70E08002E06F
:10805000A468002CF2D1F7E03168080CF9F706F8B3
:10806000072847D128888009401E7A4908700846A9
:108070000078172801DD0E200BE6B8F1000F2AD09A
:108080007068F8F7F9FF834605214046FFF7A5FC25
:1080900081461FFA8BF028B101206E49097809F852
:1080A000010004E000206B49097809F8010015215E
:1080B0004046FFF792FC8146CBF3414028B10120B6
:1080C0006449097809F8010004E000206149097851
:1080D00009F8010000BF0AE02888C0F38710217C5E
:1080E000884203D14FF4FA70E08002E0A468002CCB
:1080F000F2D1A9E03168080CF8F7B8FF4D282AD171
:1081000028888009401E53490870084600781728BF
:1081100001DD0E20BDE5B8F1000F0DD0092140466C
:10812000FFF75BFC81467068F8F7A6FF8346494974
:10813000097809F801B000BF0AE02888C0F3871069
:10814000217C884203D14FF4FA70E08002E0A468F9
:10815000002CF2D178E03168080CF8F787FF1E2870
:108160003CD128888009401E3A49087008460078AA
:10817000172801DD0E208CE5B8F1000F1FD00A2171
:108180004046FFF72AFC83467068F8F775FF814682
:10819000304909782BF8119008214046FFF71DFC63
:1081A00002902C4909780298405C022806D11FFAF7
:1081B00089F00A2190FBF1F02549C88000BF0AE050
:1081C0002888C0F38710217C884203D14FF4FA70CD
:1081D000E08002E0A468002CF2D135E03168080CA0
:1081E000F8F744FF04282FD128888009401E194938
:1081F000087008460078172801DD0E2049E5B8F11F
:10820000000F12D003214046FFF7E7FB814670685C
:10821000F8F732FF83461FFA8BF00A2190FBF1F04A
:108220000C49097829F8110000BF0AE02888C0F33A
:108230008710217C884203D14FF4FA70E08002E07D
:10824000A468002CF2D100BF0E2022E5002020E51A
:10825000E4F40020B808002080F839100C2380F8DE
:108260003A30012380F83730C26070472DE9F04181
:1082700004460F463E1D351DA08C002802DDA08C53
:10828000401EA084A06800287CD0A08C002879D152
:1082900066480078401C6549087008460078042844
:1082A0000CD10220087014F83C0F401C207014F808
:1082B0003C090C2802D1002084F83C000520A08451
:1082C000306820F0C05000F10060306057480178FD
:1082D000306861F39A503060306820F47F1030606D
:1082E000306820F47F5000F570503060306820F026
:1082F0003F003060306820F060403060286820F037
:10830000F0002860286820F00F00801C2860286892
:1083100020F47F40286094F83C2004F12901885C17
:10832000F8F7A4FE296860F31F4129600020686007
:1083300094F83C00062855D1286820F00F002860EA
:1083400094F8380078B939480078032806D12169B3
:1083500001F5FA70F8F790FE686043E02069F8F7DD
:108360008BFE68603EE094F83800012810D12F4859
:108370000078032807D1616901F5FA70F8F77CFEEF
:1083800068602FE050E06069F8F776FE686029E0E9
:1083900094F83800022804D1A069F8F76DFE6860EF
:1083A00020E094F83800042805D14BF68030F8F727
:1083B00063FE686016E094F83800052812D11B4867
:1083C0000078022805D14BF68C10F8F755FE68604E
:1083D00008E016480078032804D14BF68030F8F7FF
:1083E0004BFE686094F83C0007281BD110480078C9
:1083F000012802D10020BDE8F081286820F00F009C
:1084000028600A480078022804D1E069F8F734FEB1
:10841000686007E005480078032803D1206AF8F770
:108420002BFE68600120E6E70020E4E7C108002099
:108430002D0000202DE9F04104460F4625682CE070
:108440002E7C701E012101FA00F0A168084010B1D5
:10845000E888401EE880E888F0B908213846FFF730
:10846000BCFA80460021701E08F80010711E01221F
:108470008A40A0689043A06001228A4060689043CF
:10848000606094F82600401E84F8260029462046A5
:10849000FFF741FB054600E0AD68002DD0D1BDE8F7
:1084A000F0812DE9F04704460F4690463D1D2E1DF4
:1084B00008214046FFF791FA814694F839000028D8
:1084C00007DD94F83900401E19F8000084F83B00DD
:1084D00002E0022084F83B0094F8370010B9002035
:1084E000BDE8F08794F93700002801DA0020F7E7AB
:1084F00094F8390000280ADD94F83900401E012163
:1085000001FA00F0A168084008B90020E8E72868EF
:1085100020F0C05000F1006028603934A17828684C
:1085200061F39A5028602178286861F395302860BB
:10853000286820F47F5000F570502860286820F0EB
:108540003F002860286820F060402860306820F0F4
:10855000F0003060306820F00F003060306820F4A8
:108560007F40306094F90120393C04F12901885C96
:10857000F8F77CFD316860F31F413160E068F8F77F
:108580007BFD7060002084F83900FF2084F83A00F9
:10859000002084F83700E0600120A1E700211C30B2
:1085A00040F81C1C8172C17240F8181C40F8141C61
:1085B000C82101810021C1764177FF218177002107
:1085C000017341731C3801222A210A5407222B21EE
:1085D0000A5402222C210A5418222D210A541E2248
:1085E0002E210A5408222F210A54142230210A5421
:1085F0004D2231210A541E2232210A5404223321F1
:108600000A540C2234210A54212235210A546222B0
:1086100036210A540021C16080F838104DF2FC0167
:1086200001614DF2E44141614BF68C1181614DF2E3
:10863000D861C1610162022180F83B10002180F8FD
:108640003C10704770B50446002505E02568A86811
:108650002060284603F0BEF820680028F6D12046A6
:1086600070BD000010B504462178044A52F821007C
:1086700040F2053102F0D1FF10BD0000CCD7010857
:1086800010B504462178044A52F8210040F2053121
:1086900002F0B6FF10BD0000CCD701082DE9F84F5D
:1086A00004460F464FF00009C846C246714800789C
:1086B000002872D1607D50B9A06803F0F3FE20B1AC
:1086C0000020A168C881A1688881BDE8F88F0020DA
:1086D0006075A06803F0DAFE05462E4605B9F4E79A
:1086E0002046FFF7CDFFA16888891AE0A168896854
:1086F000095C4D290BD1A1688A68411C515C4E2947
:1087000005D1A1688A68811C515C432904D0A16805
:108710008968095C7E2902D1A168888105E0411C35
:1087200088B2A168C9898142E0DCA0688068A1683C
:10873000898900EB01092FB9EAB24946204600F0C9
:1087400043F920E00020009069464846B84780463B
:10875000B8F1000F16D0BDF8000020B94046E9F787
:10876000F7FD80B20090BDF80000002805DDBDF8DF
:1087700000204146204600F027F9404603F02AF841
:108780004FF0000800BF0020A1688881A168C8815F
:108790002046FFF767FF6AE0FFE7364800780128C8
:1087A00065D14FF0000BA06803F070FE054632491A
:1087B00009888D420CD2A06803F074FE38B1002005
:1087C000A168C881A16888814FF0010B00E07CE7B7
:1087D0002046FFF755FFBBF1010F03D1052089F8B3
:1087E000070023E02E46A168888915E0A168896802
:1087F000095C4D290ED1A1688A68411C515C4E2943
:1088000008D1A1688A68811C515C432902D1A16802
:10881000888105E0411C88B2A168C9898142E5DCF4
:10882000A0688068A168898900EB01090020009098
:1088300069464846B8478046B8F1000F0ED0BDF8EB
:108840000000002805DDBDF800204146204600F06C
:10885000BBF8404602F0BEFF4FF000080020A168C0
:108860008881A168C8812046FFF7FCFE00BF00BFD9
:108870002BE70000450800204808002038B50446D2
:1088800021784D4A52F82100002102F048FE30B113
:108890002178494A52F8210002F0EAFD1CE02178D3
:1088A000454A52F82100032102F039FE30B1217807
:1088B000414A52F8210002F0DBFD0DE021783E4AEA
:1088C00052F82100012102F02AFE28B121783A4A0B
:1088D00052F8210002F0CCFD2178374A52F82100ED
:1088E000364902F0B4FEC8B12178334A52F821006B
:1088F00002F0BEFDC0B20090A06800B938BD694664
:10890000A06803F068FD054605B9F7E7207D9DF8EE
:10891000001088424DD1012060754AE02178264A36
:1089200052F82100264902F092FE28B3E06803F0D5
:10893000C8FD80B12178204A52F8210040F2073169
:1089400002F05EFE21781C4A52F8210040F2063106
:1089500002F063FE2DE0E06803F038FD007800903F
:108960002178154A52F821009DF8001002F085FD8B
:10897000E06803F019FD1CE021780F4A52F821004D
:10898000104902F064FEA0B121780B4A52F8210090
:108990000C4902F04FFE206918B1226903CA01F0A8
:1089A000D9F92178044A52F8210040F2063102F048
:1089B00027FE00BFA2E70000CCD701080503050091
:1089C00007030700060306002DE9F04104460D46A3
:1089D00016460027E06808B9BDE8F081206918B1A3
:1089E000226903CA01F0B8F906E03A467B1C9FB23F
:1089F0005119E06803F0EFFC3000A6F101018EB2DE
:108A0000F3D12178044A52F8210040F2073102F0F4
:108A100004FE00BFE0E70000CCD701082DE9F041DB
:108A200004460D4616461F46DDF818803146284696
:108A3000EAF760F9A760C4F80C80064800EBC500AF
:108A400020612570002060750D2020752046BDE84E
:108A5000F08100006CD7010810B500F001F810BDDE
:108A600010B5E9F7C0FD10BD2DE9F041074690466D
:108A70000E4600251020E9F787FD04000BD0C4F84E
:108A80000C80C4E90176E9F77BFD01682160046090
:108A90002846BDE8F0810125FAE72DE9F0410646B8
:108AA000E9F76EFD804613E026B1E068B04201D0E0
:108AB00025460EE020682860D4E90101D8F800704E
:108AC00088472046E9F78FFDD8F80000B84200D06B
:108AD00045462C68002CE7D1BDE8F0812DE9F04136
:108AE0004F1E00EBC7010446D1E9000115461E46A2
:108AF00037F006020DD02A46334604F001F87F1EF7
:108B000004EBC703D3E9002303F016FD37F0060298
:108B1000F1D1022F25D0042F13D0062F18BFBDE8A6
:108B2000F0812A46334603F0EBFFD4E90A2303F031
:108B300003FD2A46334603F0E3FFD4E9082303F09C
:108B4000FBFC2A46334603F0DBFFD4E9062303F09F
:108B5000F3FC2A46334603F0D3FFD4E9042303F0A1
:108B6000EBFC2A46334603F0CBFFD4E9022303F0A3
:108B7000E3FC2A46334603F0C3FFD4E90023BDE8F3
:108B8000F04103F0D9BC0000002213461046014911
:108B900003F08EBD0000F03F012204F082BD0022F0
:108BA00013461046114603F083BD000010B5322273
:108BB000A0210448FAF706FC3222A2210248FAF763
:108BC00001FC10BD240000202800002010B5054A3B
:108BD00005490648FCF7E0FA0446054A0549FFF74F
:108BE00043FF10BD300400203C040020E8120020A8
:108BF00000200008EB51010810B505490548FAF7B7
:108C0000B2FD0446044A0549FFF72EFF10BD0000DF
:108C10009C07002044130020002000086B37010847
:108C200010B50448F8F7D4FF0446034A0349FFF798
:108C30001BFF10BD6C13002000200008351C01082C
:108C400010B50448FEF7C6FE0446034A0349FFF781
:108C50000BFF10BD1812002000200008D779010872
:108C600000B50248FEF7B8FE00BD0000C0F40020C9
:108C700010B50448FFF792FC0446034A0349FFF786
:108C8000F3FE10BDF4F40020002000084586010822
:108C900010B50248F9F775FB10BD0000F40900207B
:108CA00038B54021194803F05BFB0446184A1949BE
:108CB000FFF7DAFE0C21184803F052FB0446144A71
:108CC0001449FFF7D1FE0221144803F049FB044682
:108CD0000F4A1049FFF7C8FE0C21114803F040FB72
:108CE00004460B4A0B49FFF7BFFE0C48074B7D2299
:108CF000002100900B48FCF797FB0948064BFA222D
:108D0000012100900848FCF78FFB38BD4C0900207A
:108D10000020000891C301085C0900206C090020B4
:108D20007C0900208C090020A409002010B54FF414
:108D3000007202490248F9F743F910BDF80D00200E
:108D40001C00002010B50248F9F71EFC10BD000001
:108D50005801002038B54FF4B4610E4803F05CFBB5
:108D600004460D4A0D49FFF77FFE4FF4C8710C48C9
:108D700003F052FB0446084A0849FFF775FE08480D
:108D8000044B4FF41652032100900648FFF746FEAD
:108D900038BD0000BC0900200020000845C40108BF
:108DA000CC090020DC09002010B50448FAF744FA89
:108DB0000446034A0349FFF757FE10BDC0120020C6
:108DC000002000087D32010830B5012902D00229B7
:108DD0001AD10CE0C36A23F47003C362C36A541E41
:108DE0004FF4700505EA04542343C3620DE0836B1E
:108DF00023F440138363836B541E4FF4401505EA3C
:108E000004542343836300E000BF00BF30BD000073
:108E100010B52F4800F06AF8002000F0F3F80022A7
:108E200002212B4800F061F901221102284800F0CC
:108E30005CF90021264800F04DF808220121244861
:108E4000FFF7C2FF022300221146214800F0E8F894
:108E50000223012211461E4800F0E2F802231A46BE
:108E600019461B4800F0DCF802230322114618487B
:108E700000F0D6F802230E220421154800F0D0F8A5
:108E800002230F220521124800F0CAF8022309220A
:108E900006210F4800F0C4F80723112219460C4898
:108EA00000F0BEF84FF460220121094800F06BF891
:108EB00001221146064800F047F8054800F03BF84B
:108EC000034800F033F80121014800F0FFF810BD1D
:108ED0000024014021B1826842F40062826003E014
:108EE000826822F4006282607047000010B5044678
:108EF0000D48204418B1B0F5806F12D108E040F25F
:108F0000093002F09BF840F2093002F087F809E0DE
:108F100040F20A3002F092F840F20A3002F07EF895
:108F200000E000BF00BF10BD00DCFEBF816841F45F
:108F3000807181607047816801F0010119B9816811
:108F400041F001018160704772B101F001031BB172
:108F5000836843F48013836001F0020393B1836854
:108F600043F4004383600DE001F001031BB183680B
:108F700023F48013836001F002031BB1836823F4A0
:108F8000004383607047012902D0022910D107E015
:108F9000836823F46023836083681343836008E05D
:108FA000836823F4E043836083681343836000E0B5
:108FB00000BF00BF7047000010B540F2096002F02A
:108FC0001DF80F23032200210B4800F0CCFE0223E2
:108FD00003220021094800F0C6FE302303220021AD
:108FE000074800F0C0FE4FF4A06002F007F802202E
:108FF00001F05CFE10BD000000080140000C0140C3
:10900000001001400549096821F47021034A1160EC
:1090100011460968014311607047000004240140B3
:10902000F0B51D4606290CDA436B01EB81071F26BC
:10903000BE40B34301EB810602FA06F633434363B5
:1090400022E00C290EDA036B8E1F06EB86071F2623
:10905000BE40B3438E1F06EB860602FA06F6334384
:10906000036311E010290FDAC36AA1F10C0606EBC5
:1090700086071F26BE40B343A1F10C0606EB860609
:1090800002FA06F63343C3620A2A0CDA046902EBD9
:1090900042070726BE40B44302EB420605FA06F635
:1090A0003443046111E0122A0FDAC468A2F10A06FF
:1090B00006EB46070726BE40B443A2F10A0606EBBC
:1090C000460605FA06F63443C460F0BD01F001021D
:1090D0001AB1826842F48002826001F002021AB181
:1090E000826842F4001282607047AAB101F4807372
:1090F0001BB1436843F48073436001F480631BB188
:10910000436843F48063436001F00203CBB183689A
:1091100043F00203836014E001F480731BB14368E1
:1091200023F48073436001F480631BB1436823F42C
:109130008063436001F002031BB1836823F00203E4
:1091400083607047014600200B2909DB2A2907DCD0
:10915000A1F10B02084B03EB8202B2F8400C09E0CC
:10916000012907DB0A2905DC4A1E034B03EB8202B7
:10917000B2F8040C70470000006000400B2809DBC7
:109180002A2807DCA0F10B02084B03EB8202A2F8AD
:10919000401C09E0012807DB0A2805DC421E034BBE
:1091A00003EB8202A2F8041C70470000006000403C
:1091B00010B501F0A9FD01F09DFD10BD30B589B0DD
:1091C00004460D4606A9002000F0D4FA01A90020AB
:1091D00000F0D0FA274951F8240000F04FF80020A1
:1091E0008DF81C0001208DF81D0000208DF81E0058
:1091F0008DF81F008DF820008DF821008DF81800E3
:109200008DF8190008208DF81A0007208DF81B0032
:109210004FF4FA6090FBF5F080B2ADF822001549EA
:1092200051F8240006A900F0F1F80020ADF80E0076
:10923000104850F824001049884202D10F20ADF8A0
:109240000E000020ADF810000120ADF81200002043
:10925000ADF80400ADF80600ADF80800ADF80A005E
:10926000ADF80C0001208DF8140001A800F016F8EC
:1092700009B030BD50D701080068004010B5044661
:109280000548844207D140F2194001F0D7FE40F270
:10929000194001F0C3FE10BD0064004010B500216C
:1092A000837A012202FA03F13E4A126842F0010277
:1092B0003C4B1A603B4A1C3212688A43394B1C33C0
:1092C0001A60C289DAB9374A0C3212688A43354BC0
:1092D0000C331A60C288344B03EA024243881A43B3
:1092E0004389304C403444F8332082882E4B03EAC3
:1092F000024203881A43438904EBC3035A60C289BC
:10930000012A1BD1274A0C3212680A43254B0C3321
:109310001A600288244B03EA024243881A434389B5
:10932000204C403444F8332082881F4B03EA024229
:10933000C3881A43438904EBC3035A6082893AB94C
:10934000184A121D12688A43164B1B1D1A6006E04C
:10935000144A121D12680A43124B1B1D1A6002891F
:109360003AB9104A143212688A430E4B14331A6009
:1093700006E00C4A143212680A430A4B14331A608E
:10938000027C012A06D1074A1C3212680A43054BA7
:109390001C331A60034A126822F00102014B1A6062
:1093A00010BD0000006600400000FFFF10B504463D
:1093B0004FF4C06001F022FE104931F8140001F0B2
:1093C0001DFE0F4931F8140001F018FE0D4901EBA4
:1093D000C4014B680B4951F834000322482100F0C6
:1093E000C2FC094901EBC4014B68074951F834003C
:1093F0000322182100F0B7FC10BD000058D7010867
:109400005CD7010840D7010830D7010870B5024683
:109410004FF6FF730020146824F0020414601468EF
:1094200044F00104146000E05B1E546804F0010481
:109430000CB9002BF8D1546804F001040CB90020D9
:1094400074E00C784FF0404505EA84744D784FF095
:10945000407606EA05652C438D784FF4702606EABF
:1094600005452C43CD784FF4E00606EA05552C431C
:109470004D896D1EC5F309052C43D4610C79012C6F
:1094800004D1146844F08004146003E0146824F0EC
:10949000800414604C79012C04D1146844F0400419
:1094A000146003E0146824F0400414608C79012CEB
:1094B00004D1146844F02004146003E0146824F01C
:1094C00020041460CC79012C04D1146844F01004F9
:1094D000146003E0146824F0100414600C7A012C6A
:1094E00004D1146844F00804146003E0146824F004
:1094F000080414604C7A012C04D1146844F004046C
:10950000146003E0146824F004041460146824F068
:10951000010414604FF6FF7300E05B1E546804F012
:1095200001040CB1002BF8D103B1012070BD4269D8
:109530008A434261704742690A434261704710B5ED
:1095400000F5D87303EB01131B6803F004031372D7
:10955000137A3BB900F5D87303EB01131B685B0D5D
:10956000136006E000F5D87303EB01131B68DB08FA
:10957000536000F5D87303EB01131B6803F002037B
:10958000537200F5DA7303EB01131B681B0AD374E3
:1095900000F5DA7303EB01131B6803F00F039372FA
:1095A00000F5DC7303EB01131B68D37200F5DC7369
:1095B00003EB01131B681C0A147300F5DC7303EB47
:1095C00001131B681C0C547300F5DC7303EB0113CF
:1095D0001B681C0E947300F5DE7303EB01131B680C
:1095E000D37300F5DE7303EB01131B681C0A1474BC
:1095F00000F5DE7303EB01131B681C0C547400F5BB
:10960000DE7303EB01131B681C0E947421B9C3684D
:1096100043F02003C36003E0036943F020030361C8
:1096200010BD000030B502460B460021906800F0E6
:109630008060B0F1806F00D110E0906800F00060B1
:10964000B0F1006F01D1012108E0906800F0805076
:10965000B0F1805F01D1022100E00321032901D193
:10966000032030BD02F5C07000EB0110006800F06F
:10967000010402F5C07000EB01100460187A88B98B
:1096800018883B4C04EA40505C7A204302F5C074D1
:1096900004EB01142468204302F5C07404EB0114A8
:1096A000206013E06FF00704586804EAC0001C7AD9
:1096B00020435C7A204302F5C07404EB0114246853
:1096C000204302F5C07404EB0114206002F5C2705F
:1096D00000EB0110006820F00F0402F5C27000EBEF
:1096E0000110046002F5C27000EB011000689C7A62
:1096F000204302F5C27404EB01142060987B4FF004
:109700007F4404EA00605C7B4FF47F0505EA044473
:1097100020431C7B2D1205EA04242043DC7A2043DD
:1097200002F5C47404EB01142060987C2C0404EA54
:1097300000605C7C2D0205EA044420431C7C2D1251
:1097400005EA04242043DC7B204302F5C67404EBC5
:109750000114206002F5C07000EB0110006840F0B9
:10976000010402F5C07000EB01100460084678E7C0
:109770000000E0FF10B5024632B1012A16D0022ADD
:1097800020D0032A41D12EE000234B71CB718B7185
:1097900040F2FF334B8100230B724B7002238B701E
:1097A0000023CB700B714B720B7030E00123CB8127
:1097B00000230B740B810B804B808B80CB808B81C3
:1097C0004B8124E0002005E0002401F10B031C5430
:1097D000431CD8B20828F7D300238B724B600B725E
:1097E0004B720B6013E0002005E0002401F10B0335
:1097F0001C54431CD8B20828F7D300238B724B604B
:109800000B72CB744B720B6001E000BFFEE700BF30
:1098100010BD70B505460C462146284600F02CF9CF
:1098200008B900BFFEE704EB8400810005F10800E1
:10983000405840F0010104EB8400820005F108006B
:10984000815070BD70B505460C462146284600F093
:1098500013F908B900BFFEE704EB8400810005F1AD
:109860000800405840F0200104EB8400820005F11C
:109870000800815070BD000030B587B005460C4629
:109880000021134800F028F81248009000208DF8BD
:109890001800029501208DF8190000020190800047
:1098A000039000208DF81A0004944FF400500590A6
:1098B0006A460021064800F047F800210448FFF7F7
:1098C000C1FF00210248FFF7A4FF07B030BD000030
:1098D000000002404C24014070B504460D46294664
:1098E000204600F0C9F808B900BFFEE705EB850087
:1098F000810004F10800405820F0010105EB8500CB
:10990000820004F108008150002105EB85008200EF
:1099100004F10800815005EB8500820004F10C0081
:10992000815005EB8500820004F11000815005EBA9
:109930008500820004F1140081506068AA000F21A4
:1099400091400843606070BD2DE9F04104460D462A
:1099500016462946204600F08FF808B900BFFEE7FA
:1099600005EB8500820004F110003168815005EBA1
:109970008500820004F11400B1688150308A81B200
:1099800005EB8500820004F10C00815005EB850099
:10999000810004F10800475827F47C57F16870688B
:1099A000084371690843074305EB8500810004F112
:1099B00008004750307E01280ED105EB850081005C
:1099C00004F10800405840F0400105EB850082009A
:1099D00004F1080081500DE005EB8500810004F1E1
:1099E0000800405820F0400105EB8500820004F19A
:1099F00008008150707E01280ED105EB85008100A2
:109A000004F10800405840F0800105EB8500820019
:109A100004F1080081500DE005EB8500810004F1A0
:109A20000800405820F0800105EB8500820004F119
:109A300008008150B07E70B905EB8500810004F10B
:109A40000800405820F0100105EB8500820004F169
:109A5000080081500DE005EB8500810004F108004D
:109A6000405840F0100105EB8500820004F1080029
:109A70008150BDE8F081000002460120034B9A426C
:109A800002D1042900DD00207047000000040240DC
:109A900000B50346012200BF00F00CF802465B1E31
:109AA000012A01D1002BF7D1012A00D1042210464E
:109AB00000BD000000200A49C96801F0010109B198
:109AC00001200CE00649C96801F0100109B103202A
:109AD00005E00349C96801F0040101B102207047A3
:109AE0000020024000B50346012200BF00F00CF840
:109AF00002465B1E012A01D1002BF7D1012A00D1B9
:109B00000422104600BD000000200A49C96C01F083
:109B1000010109B101200CE00649C96C01F01001F6
:109B200009B1032005E00349C96C01F0040101B14A
:109B300002207047002002400848006940F0800081
:109B40000649086106480088B0F5007F04D9084638
:109B5000006D40F080000865704700000020024062
:109B6000E0F7FF1F30B5054636480088B0F5007FA6
:109B700048D9354885421ED24FF47020FFF788FF40
:109B80000446002C5BD13148006940F002002F49A7
:109B9000086108464561006940F0400008614FF4E3
:109BA0007020FFF775FF04462848006920F0020086
:109BB0002649086143E04FF47020FFF793FF044605
:109BC000002C3CD12148006D40F002001F4908657F
:109BD00008464565C06900F0020008B108464561C5
:109BE0001A48006D40F04000184908654FF4702095
:109BF000FFF778FF04461548006D20F00200134976
:109C000008651CE04FF47020FFF742FF0446B4B92A
:109C10000E48006940F002000C49086108464561A1
:109C2000006940F0400008614FF47020FFF730FFFA
:109C300004460648006920F00200044908612046F5
:109C400030BD0000E0F7FF1FFFFF070800200240C3
:109C50000C48006900F0800020B10B4809494860B9
:109C60000A4848600A480088B0F5007F09D90548CD
:109C7000006D00F0800020B10348024948640348A9
:109C8000486470470020024023016745AB89EFCD4F
:109C9000E0F7FF1F70B504460D4600262A480088ED
:109CA000B0F5007F35D92948844219D24FF470208D
:109CB000FFF7EEFE0646002E43D12548006940F02E
:109CC00001002349086125604FF47020FFF7E0FE92
:109CD00006461F48006920F001001D49086130E078
:109CE0004FF47020FFF7FEFE064656BB1848006D85
:109CF00040F001001649086525604FF47020FFF719
:109D0000F1FE06461248006D20F00100104908657A
:109D100017E04FF47020FFF7BBFE06468EB90C48E3
:109D2000006940F001000A49086125604FF4702085
:109D3000FFF7AEFE06460648006920F00100044920
:109D40000861304670BD0000E0F7FF1FFFFF070805
:109D50000020024041617047016170470AB1016112
:109D600000E041617047F0B5044616460025002228
:109D700001F00F0501F0100707B1354300201EE088
:109D8000012787401F40C7B122684FEA800C0F2788
:109D900007FA0CF7BA43870005FA07F73A43282970
:109DA00004D1012787401F40676105E0482903D19E
:109DB000012787401F4027612260471CB8B208284E
:109DC000DED3082022E0012787401F40E7B1626808
:109DD000A0F108074FEA870C0F2707FA0CF7BA43E0
:109DE000A0F10807BF0005FA07F73A43282904D174
:109DF000012787401F40676105E0482903D10127FB
:109E000087401F4027616260471CB8B21028DAD330
:109E1000F0BD02469068084008B10120704700205C
:109E2000FCE70000F0B50A460023002400210025CD
:109E300000F00046B6F1004F02D11D4EF16901E07D
:109E40001B4E7168C0F3034583B200F44016B6F5AB
:109E5000401F08D121F07061154E766826F07066BB
:109E6000134F7E6012E000F48016B6F5801F06D115
:109E7000032606FA05F4A14341F0706106E0460DA1
:109E8000360103FA06F6B14341F0706122B1460D86
:109E9000360103FA06F6314300F00046B6F1004FF2
:109EA00002D1034EF16101E0014E7160F0BD00008E
:109EB000000001402DE9F04DC84A002490B09142C5
:109EC00005DA21F00043934201D805D120B110B04A
:109ED000BDE8F04DFEF760BEB1F5801F1BDA53EA16
:109EE000000209D0002911DA0120E8F7A8FB10B020
:109EF000BDE8F04DFEF753BE0220E8F7A0FBFEF7E9
:109F000043FE10B081F00041BDE8F08D6FF03504E4
:109F1000362203F0C6FB04EB2152C1F31308B0490B
:109F2000A2F2FF33414401F4801282F07F6103EB1F
:109F3000225281F04051009241EA08010022A94BCF
:109F400002F01EFF044608F10200A74EC0F3130002
:109F50000D467E44032867D2D6E90023204602F04E
:109F6000FFFC1ED10098002802BFD6E9000110B006
:109F7000BDE8F08D02F05DFD07460C469B4A9C4B08
:109F800002F0BEFD06460D469A4A9B4B38462146D6
:109F900002F0B6FD10B032462B46BDE8F04D02F09F
:109FA000CBBA4FF05532954B2046294602F0A8FD1A
:109FB0000022934B02F0D8FE06460F4622462B465F
:109FC0001046194602F09CFD32463B4602F098FDD1
:109FD000064600980F46F0B102F02BFD80468A46F7
:109FE000824A834B02F08CFD32463B4602F0BCFEB7
:109FF00022462B4602F0C4FE05460C467D4A7E4BA7
:10A000004046514602F07CFD10B02A462346BDE88A
:10A01000F04D02F0B5BE0B4610B032462046294640
:10A02000BDE8F04D02F0ACBE00224FF08043204668
:10A0300002F082FA02460B462046294602F038FB1F
:10A0400006460F46009802F0F4FCCDE904013246C2
:10A050003B461046394602F053FD0C9069480C9A75
:10A060004044019009910B46104602F049FD82469A
:10A07000024665488B46C8F151080B4608F5D728BB
:10A0800003217844FEF72AFD52465B4602F038FD74
:10A090000A905E480D9152465B4604217844FEF7D3
:10A0A0001DFD099B0C9A02F02BFD844601980D9B27
:10A0B00040EA080860460A9A02F03EFA8346089190
:10A0C000B8F1000F4EDD4FF0FF322046294603F075
:10A0D000E8FA22462B4602F013FD804600988A4695
:10A0E00060B3DDE90401414A414B02F009FD0991E9
:10A0F00000905A4640465146089B02F01DFA3246EF
:10A100003B4602F0FDFC099B009A02F015FA42461C
:10A11000534602F029FE22462B4602F031FE044649
:10A120000D46DDE90401334A334B02F0E9FC10B07F
:10A1300022462B46BDE8F04D02F022BE5A4640466C
:10A14000089B02F0F9F932463B4602F0D9FC424640
:10A15000534602F009FE10B022462B46BDE8F04DF2
:10A1600002F002BE009840B3DDE904011F4A204B13
:10A1700002F0C6FC80468A465A4620462946089B7D
:10A1800002F0FEFD32463B4602F0BAFC4246534620
:10A1900002F0F6FD22462B4602F0F2FD04460D4683
:10A1A000DDE90401134A144B02F0AAFC10B0224668
:10A1B0002B46BDE8F04D02F0E3BD0B465A46204663
:10A1C000294602F0DDFD32463B4602F099FC10B014
:10A1D00022462B46BDE8F04D02F0C6BD0000F07FE0
:10A1E000645F09000000F03F023A0000763C7935D8
:10A1F000EF39EA3D0000E0FE422EE63F5555D53FDF
:10A200000000E03F86EBF9FF9A3800009838000024
:10A210001FB54FF4A06000F01FF9E8F7DFFCF6F778
:10A22000FBFC3A48022301224FF47A71009038A0D7
:10A2300001F0E4FF384908600846006858B101F0B1
:10A2400099FE044600200346224601210090324830
:10A25000006802F013F831480323012264210090C2
:10A260002FA001F0CBFF304908600846006858B1C4
:10A2700001F080FE044600200346224601210090A2
:10A280002948006801F0FAFF00200623CDE90030DC
:10A29000029003464FF4807224A10390254801F0F8
:10A2A000DBFD00200523CDE900300290034680222B
:10A2B00021A10390214801F0CFFD00200323CDE927
:10A2C00000300290034680221DA103901E4801F039
:10A2D000C3FD00200123CDE9003002900346802217
:10A2E0001AA103901B4801F0B7FD00200423CDE91B
:10A2F000003002900346802217A10390184801F015
:10A30000ABFD01F067FB002004B010BDEDCB0008F1
:10A3100054696D6572310000000000206DCD0008A9
:10A3200054696D6572320000040000204F4C4544B2
:10A33000000000003947000843414E00850B01082A
:10A340004D4F4E49544F52001DBB0008504F5254C0
:10A3500000000000D1110108556172740000000076
:10A360001913010870B5044604EB44030D4D2B444A
:10A370009A7804EB44032B44597804EB4403E85CDB
:10A3800000F014F804EB4403074D2B449A7804EBD7
:10A3900044032B44597804EB4403E85C00F006F8CE
:10A3A00070BD000060D7010866D701082DE9F041B3
:10A3B00003460D46164600240027A04624480068A0
:10A3C00000F4E060B0F5A06F15D006DCB0F5407F7A
:10A3D00018D0B0F5806F19D110E0B0F5C06F06D07D
:10A3E000B0F5E06F12D100274FF0040815E0012707
:10A3F0004FF0030811E00227B8460EE003274FF0A4
:10A4000001080AE004274FF0000806E04FF4A060BE
:10A4100000F022F80227B84600BF00BFC7F10400D1
:10A4200005FA00F4C8F104010F20C840304004438D
:10A4300024010848C45403F01F0101208840591129
:10A44000890001F1E021C1F80001BDE8F0810000C0
:10A450000CED00E000E400E002490143024A116013
:10A46000704700000000FA050CED00E003480068AA
:10A4700040F480700149086070470000007000409F
:10A4800010B504460E48006844600E4800688442D7
:10A4900007D20B480168091D0B48006801F054F908
:10A4A0000CE007480168091D0848006801F04CF9F4
:10A4B00007480068844201D20548046010BD0000CE
:10A4C000500800206408002058080020540800208C
:10A4D000800800202DE9F04106460F461FB9B00064
:10A4E00000F06CFB00E03846054655B14C2000F00A
:10A4F00065FB04460CB1256304E0284601F06AF9C7
:10A5000000E000242046BDE8F081000010B501F015
:10A5100041F90C48006890B90B4801F005F90B4867
:10A5200001F002F908480A4908600848094908602A
:10A5300000220C210A2001F0DDFA0249086001F036
:10A5400039F910BD9008002098140020AC140020A8
:10A55000880800208C08002070B523E001F068FA1C
:10A560001348006808B9012000E00020054601F00A
:10A57000D7FDBDB901F00EF90D48C068C468201DB3
:10A5800001F0BEF80B480068401E0A4908600A48FE
:10A590000068401E0849086001F00CF9204600F0F0
:10A5A00059F800BF044800680028D7D170BD0000EA
:10A5B00070140020600800205C08002070B504467C
:10A5C0000D46206C70B1216CE0680844E060616861
:10A5D000E068884201D32068E0602846226CE16888
:10A5E000E7F7E1FE70BD2DE9F04104460E46154641
:10A5F0000027206C40B37DB93146226CA068E7F794
:10A60000D2FE216CA0680844A060D4E90110884201
:10A610001AD32068A06017E03146226CE068E7F7A3
:10A62000C2FE216CE068401AE0602168E068884260
:10A6300003D2216C6068401AE060022D04D1A06B47
:10A6400010B1A06B401EA063A06B401CA0633846F5
:10A65000BDE8F08110B50446206B01F0BBF8204640
:10A6600001F0B8F810BD00000146084A12681268EF
:10A670000AB9012200E000220A600A6822B9034AEE
:10A680001268D268106800E0002070478808002037
:10A6900030B54FF46043174800F007042CB1C01DDB
:10A6A00020F00700134C041B1B1B0246124C2260B7
:10A6B0000024114D6C60D018083820F007000F4CB2
:10A6C000206000240D4D2D686C600C4D2D682C60B1
:10A6D0001146441A4C60094C24680C60084D4C68C3
:10A6E0002C60084D4C682C604FF00044064D2C60E7
:10A6F00030BD0000C014002098080020A0080020F1
:10A70000A8080020A4080020AC08002000BFFFF724
:10A7100023FF034800680128F9D901F089F8F6E71A
:10A72000A81300202DE9F04704460F461646994627
:10A73000DDF82080002507E0795D04F13400415503
:10A74000785D00B902E06D1C102DF5D300BF00212B
:10A7500043200155072E00D30626E662201D00F097
:10A76000F0FF04F1180000F0ECFF2461C6F10700CF
:10A77000A06164620020606484F84800BDE8F0874E
:10A7800010B5002407E004EB84010F4A02EB8100BE
:10A7900000F0CAFF641C072CF5D30C4800F0C4FF7E
:10A7A0000B4800F0C1FF0B4800F0BEFF0A4800F064
:10A7B000BBFF0A4800F0B8FF044809490860044894
:10A7C0000849086010BD0000A813002034140020C0
:10A7D000481400205C140020701400208414002011
:10A7E000540800205808002010B50146164800E023
:10A7F000006803688B42FBD30246436813448B42D4
:10A8000004D143684C682344436001460A464B68C0
:10A8100013440468A34211D10C4C03682468A3427A
:10A8200008D04B680468646823444B6003681B6865
:10A830000B6005E0054B1B680B6001E003680B60D3
:10A84000884200D0016010BD98080020A0080020B8
:10A850002DE9F04104460D4616461F464FF000080C
:10A8600065602461B5420CD8F01BA169884202D30F
:10A870004FF0010811E0211D0948006800F064FF55
:10A880000BE0BE4204D2BD4202D34FF0010804E007
:10A89000211D0448006800F057FF4046BDE8F081E4
:10A8A0008C0800208808002070B5054600F072FF73
:10A8B000A86B08B9012400E0002400F07BFF2046CB
:10A8C00070BD70B5054600F065FFA86BE96B884266
:10A8D00001D1012400E0002400F06CFF204670BD8F
:10A8E000F8B505460E4610480068C068C468201DCB
:10A8F00000F006FFE069012812D1A06941192B463A
:10A9000032462046FFF7A4FF012809D10020034664
:10A910002A4601460090204601F0B0FC074600BFE1
:10A920002046616A8847F8BD8808002070B586B067
:10A930004EE0039800284BDB059C606908B90120B4
:10A9400000E0002010B9201D00F0DAFE02A800F09F
:10A950008DF8054603980A2838D2DFE800F009058B
:10A96000072628330608272900BF00BF00BF00BF05
:10A970000498A269811803462A462046FFF768FF1B
:10A98000012811D12046616A8847E06901280BD16E
:10A99000002000900498A16942180023194620461F
:10A9A00001F06CFC064600BF11E000BF0FE000BFE5
:10A9B0000498A061A06941192B462A462046FFF75A
:10A9C00047FF04E0204600F005FF00E000BF00BFA5
:10A9D00000231A4603A90448006801F0AEF80028D5
:10A9E000A7D106B070BD000090080020F8B504465D
:10A9F0000D4601F01DF8684600F038F8064600984C
:10AA0000A8B945B9B44206D801F08AFB31462046C0
:10AA1000FFF766FF0DE0A11B2A460648006800F01C
:10AA200013FF01F07DFB20B900F002FF01E001F00F
:10AA300077FBF8BD900800200A490968096809B940
:10AA4000012100E0002121B14FF0FF31064A1160E1
:10AA500006E004490968C968C868034A416811608A
:10AA600070470000540800208008002070B504469C
:10AA700001F080FA054607480068854204D200F0DC
:10AA80000BF80120206001E00020206001480560F3
:10AA9000284670BD940800202DE9F84326E01D48A3
:10AAA0000068C06805681B480068C068C468201D4D
:10AAB00000F026FE2046616A8847E069012815D12A
:10AAC000A0694619AE4207D966602461211D11486C
:10AAD000006800F039FE09E0002003462A460146DE
:10AAE0000090204601F0CAFB804600BF094800687C
:10AAF000006808B9012000E000200028CFD00548F8
:10AB00000768054800680349086003480760BDE816
:10AB1000F8830000880800208C080020E7F7D2FBAB
:10AB200000BFFEE708B500BF6846FFF79DFD04467D
:10AB300020460099FFF75AFFFFF7F8FEF4E710B53B
:10AB4000044600F027FE11E0606A08B9012000E029
:10AB5000002038B904F1240001F0A2FA18B100F085
:10AB6000BFFE00E005E0A06C401EA064A06C0028C1
:10AB7000EADC00BF4FF0FF30A06400F01BFE00F0E5
:10AB800009FE11E0206908B9012000E0002050B959
:10AB900004F1100001F084FA08B100F0A1FE606C2D
:10ABA000401E606400E002E0606C0028EADC00BF48
:10ABB0004FF0FF30606400F0FDFD10BD2DE9F04165
:10ABC00005464FF0000800F033FF2B48006808B935
:10ABD000FFF75EFD294800682840002847D145B1AD
:10ABE000083505F0070020B105F00700C0F10800A6
:10ABF0000544002D3BD022480068854237D8214EBD
:10AC00003046046801E0264624686068A84202D203
:10AC100020680028F7D118480068844227D030689F
:10AC200000F10808206830606068401B102807D9D0
:10AC300067196068401B786065603846FFF7D4FD8F
:10AC40000F4960680968081A0D49086008460068DD
:10AC50000D490968884203D2094800680A4908601A
:10AC6000064960680968084360600020206001F0C0
:10AC700057FA4046BDE8F081A0080020AC0800204B
:10AC8000A408002098080020A8080020001F4FF00A
:10AC900080730360001F0160001F034B03601438C2
:10ACA00002602038704700001DAB01080F4A516850
:10ACB0000F4A1140082814D2DFE800F00405060707
:10ACC000130A130B00BF00BF00BF41EA803109E047
:10ACD00000BF20F004004FF0805242EA803211435E
:10ACE00000E000BF00BF014A516070470010024001
:10ACF000FF3FFFEF0348006A20F4803001490862FB
:10AD000070470000001002400348006A40F48030A1
:10AD10000149086270470000001002402DE9F14F20
:10AD20008DB000200B9051A090E8004CC068CDE998
:10AD300005BECDF810A007900FF2341ADAE9000A28
:10AD4000CDE9020A0FF2281ADAE9000ACDE9000A71
:10AD50004A484068C0F381000C900C9820B101284B
:10AD600004D002284DD103E045494CE045494AE072
:10AD70004248406800F48039B9F5803F26D1414B04
:10AD80003E48C06A00F480300A900A98B0F5803FCF
:10AD900012D13A48C06AC0F30310401C08903748EB
:10ADA000C06AC0F30320871C112F00D11427089814
:10ADB000B3FBF0F000FB07F33048C06A00F00F006F
:10ADC000401C09900998B3FBF0F300E02E4B2B4890
:10ADD0004068C0F383422948406800F0005008B141
:10ADE00042F010020F2A01D2921C00E0521C03FB19
:10ADF00002F10F2A04D103EB4300400000EB5301A2
:10AE000001E01F4900BF00BF1C484068C0F30315A4
:10AE100004A8465D21FA06F418484068C0F30225EC
:10AE200002A8465D24FA06FC14484068C0F3C22517
:10AE30001DF8056024FA06F80D9830B1012806D0F7
:10AE4000022806D003280AD106E00B9108E00B94F3
:10AE500006E0CDF82CC003E0CDF82C8000E000BF68
:10AE600000BF0B980EB0BDE8F08F0000000000009E
:10AE70000000000001020304060708090010024058
:10AE800000127A00001BB70000093D000146074A86
:10AE900002EB9110006801F01F0301229A4010405C
:10AEA00008B1012070470020FCE7000000100240BC
:10AEB000064A02EB9011096800F01F0301229A4034
:10AEC0001143024B03EB90121160704700100240D7
:10AED000F0B506460024002700251A2E66D005DCB2
:10AEE0008EB3102E0BD0182E70D14FE01C2E6FD0C9
:10AEF000B6F5006F14D0B6F5106F79D134E004E0E8
:10AF00001120FFF7C3FF0546641C1DB94FF6FF7003
:10AF10008442F5D11120FFF7B9FF00B1012768E0A5
:10AF200005E040F60100FFF7B1FF0546641C1DB9BE
:10AF30006FF07C408442F4D140F60100FFF7A6FF99
:10AF400000B1012755E0FFE704E00120FFF79EFF75
:10AF50000546641C15B9B4F5A06FF6D10120FFF7C2
:10AF600095FF00B1012744E005E040F60110FFF72E
:10AF70008DFF0546641C15B91F488442F5D140F683
:10AF80000110FFF783FF00B1012732E004E0192030
:10AF9000FFF77CFF0546641C15B917488442F6D1BB
:10AFA0001920FFF773FF00B1012722E004E01B2006
:10AFB000FFF76CFF0546641C15B90F488442F6D1B3
:10AFC0001B20FFF763FF00B1012712E010E0FFE74D
:10AFD00004E01D20FFF75AFF0546641C15B906481A
:10AFE0008442F6D11D20FFF751FF00B1012700E098
:10AFF00000BF00BF3846F0BDFFFF0F00064A02EB5E
:10B000009011096800F01F0301229A401143024B7E
:10B0100003EB90121160704700100240064A02EBE9
:10B020009011096800F01F0301229A409143024BDE
:10B0300003EB90121160704700100240064A02EBC9
:10B040009011096800F01F0301229A401143024B3E
:10B0500003EB90121160704700100240044A116A1D
:10B0600021F4407141EA0002014B1A62704700006E
:10B07000001002400348006840F0100001490860D9
:10B0800070470000042800400348006820F01000CA
:10B09000014908607047000004280040002003496F
:10B0A0000868091F096840EA014070471C280040F1
:10B0B00000B50246FFF7DEFF100C0449086090B2AD
:10B0C000091D0860FFF7E0FF00BD000018280040E0
:10B0D000024909680143014A116070470028004095
:10B0E00000BF0348006800F020000028F9D0704736
:10B0F0000428004000B50246FFF7BCFFC2F303403E
:10B100000349086090B2091D0860FFF7BDFF00BD4C
:10B11000082800400648006820F00800044908603C
:10B1200000BF0348006800F008000028F9D070470D
:10B130000428004000B587B00F4800F043F8684687
:10B1400000F08DF8002001904FF4827000900020F4
:10B150000290032005904FF40070039008200690A1
:10B16000002004906946044800F060F8024800F0AE
:10B1700005F807B000BD000000300140016841F053
:10B18000400101607047000010B54FF4C060FFF748
:10B1900035FF40F20C60FFF731FF40F20260FFF72D
:10B1A0002DFFA023032218210448FEF7DCFD5023C5
:10B1B000012210210148FEF7D6FD10BD0008014014
:10B1C000C160704710B504461348204470B1B0F513
:10B1D000806F14D0B0F5784F1AD14FF44370FFF759
:10B1E0002DFF4FF44370FFF719FF12E040F20E40BD
:10B1F000FFF724FF40F20E40FFF710FF09E040F296
:10B200000F40FFF71BFF40F20F40FFF707FF00E082
:10B2100000BF00BF10BD000000C8FFBF024690681D
:10B22000084008B1012070470020FCE702460020DA
:10B23000106800F441500B6818434B6818438B6842
:10B240001843CB6818430B6918434B6918438B6943
:10B2500018431060D36923F40063D3617047002161
:10B26000016041608160C16041618161704700009F
:10B2700000200021334A126842F48032314B1A60B8
:10B2800000BF401C2F4A126802F4003119B94FF672
:10B29000FF729042F5D12B4A126802F400320AB9CB
:10B2A00000BFFEE7274A5268264B5A601A4652688A
:10B2B0005A601A46526842F480625A601A465268CE
:10B2C000214B1A401F4B5A601A4652681F4B1A43B3
:10B2D0001C4B5A601A46D26A1D4B1A40194BDA624F
:10B2E0001A46D26A1B4B1A43164BDA621A46126888
:10B2F00042F080621A6000BF124A126802F00062D7
:10B30000002AF9D00F4A126842F080720D4B1A6081
:10B3100000BF0C4A126802F00072002AF9D0094AF4
:10B32000526822F00302074B5A601A46526842F0F4
:10B3300002025A6000BF034A526802F00802002A63
:10B34000F9D0704700100240FFFFC3DF0000052066
:10B3500000F0FEFF2908010010B5FFF789FF10BDBE
:10B360002DE9F04704460D460027B846B9460026A9
:10B370001D49601A8C421CD006DC1C48204470B168
:10B38000B0F5806F1FD10FE0B0F5806F16D0B0F52B
:10B390006C4F18D10320FFF7C1FC074614E00220D0
:10B3A000FFF7BCFC07460FE00220FFF7B7FC07469B
:10B3B0000AE00220FFF7B2FC074605E00220FFF793
:10B3C000ADFC074600E000BF00BF07EB5500B0FB37
:10B3D000F5F64FF6F07006EA000806F00F0948EAA5
:10B3E0000900A060BDE8F087004C004000BCFFBF32
:10B3F00070B504460D461D4951F8240000F042F88E
:10B400001A4951F824002946FFF7AAFF174951F8B5
:10B410002400002100F06CF9144951F824000021A7
:10B4200000F056F9114951F82400002100F040F9CC
:10B430000E4951F82400002100F0DAF80B4951F8C8
:10B440002400002100F0CCF8084951F82400042120
:10B4500000F036F9054951F82400082100F040F9C0
:10B46000024951F8240000F055F870BDCCD701080E
:10B4700001464868C0F308007047C1F30802426003
:10B480007047000010B504462049601A8C4228D04D
:10B4900006DC1F48204490B1B0F5806F33D117E02F
:10B4A000B0F5806F26D0B0F56C4F2CD140F20E3045
:10B4B000FFF7C4FD40F20E30FFF7B0FD24E040F28C
:10B4C0001140FFF7BBFD40F21140FFF7A7FD1BE065
:10B4D00040F21240FFF7B2FD40F21240FFF79EFD2E
:10B4E00012E040F21340FFF7A9FD40F21340FFF7CE
:10B4F00095FD09E040F21440FFF7A0FD40F2144032
:10B50000FFF78CFD00E000BF00BF10BD004C004005
:10B5100000BCFFBFC16841F40051C160704710B565
:10B52000024602EB9110006801F01F040123A340C2
:10B53000184008B1012010BD0020FCE710B50446FA
:10B540004FF4C060FFF75AFD1E4931F81400FFF7B1
:10B5500055FD1D4931F81400FFF750FD1B4931F826
:10B560001400FFF74BFD01211948FEF75BFC194958
:10B5700001EBC4014B68174951F834000322042140
:10B58000FEF7F1FB144901EBC4014B68124951F875
:10B59000340003221821FEF7E6FB104901EBC40139
:10B5A0004B680E4951F8340003221021FEF7DBFBF3
:10B5B0000A4A02EBC4025168084A52F83400FEF706
:10B5C000C9FB10BDDCD70108E4D70108ECD701089E
:10B5D00000023000ACD701088CD701086CD70108F5
:10B5E0000A460021416921F400711143416170470D
:10B5F0000A460021416921F480711143416170477D
:10B6000010B5C1F38912825801F01F040123A34031
:10B610009A43C1F38913C25010BD10B5C1F389120A
:10B62000825801F01F040123A3401A43C1F3891378
:10B63000C25010BD10B500EB91521268C1F3044422
:10B640000123A3409A4300EB91531A6010BD70B5DB
:10B65000024600230024C1F38910105801F01F0690
:10B660000125B54000EA050302EB91500068C1F3E3
:10B6700004460125B54000EA050414B10BB10120D0
:10B6800070BD0020FCE7000070B5044604EB4403E5
:10B69000064D2B449A7804EB44032B44597804EB71
:10B6A0004403E85CFEF782FE70BD0000F4D7010899
:10B6B000C26822F4C062C260C2680A43C2607047B6
:10B6C0000A460021C16821F004011143C16070479E
:10B6D000026922F44052026102690A430261704722
:10B6E0000A460021C16821F008011143C16070477A
:10B6F000C26822F48052C260C2680A43C2607047C6
:10B7000001460A69D1E901309860D1E90103586026
:10B710005068884201D18868506000200861106834
:10B72000401E10601068704700F1080141604FF042
:10B73000FF31816000F10801C160016100210160F9
:10B74000704700210161704710B502460B685C1C10
:10B750000CB9106907E002F1080000E04068446895
:10B7600024689C42FAD944684C604C68A1608860A7
:10B7700041600A611468641C146010BD42684A602C
:10B7800093688B60936859609160086103685B1CE3
:10B790000360704710B5E6F795FD05480068401C4A
:10B7A00003490860BFF34F8FBFF36F8F10BD0000D8
:10B7B000B008002010B506480068401E0449086023
:10B7C0000846006810B90020E6F783FD10BD0000B0
:10B7D000B008002070B506463546D6B1083D2C4667
:10B7E0000C4960680968084098B1206888B909491F
:10B7F000606809688843606000F01AF9064960686B
:10B8000009680844044908602046FEF7EDFF00F08F
:10B8100087FC70BDAC080020A408002003484FF04E
:10B82000E021486107200861704700003F190100CE
:10B830004FF0805003490860BFF34F8FBFF36F8F05
:10B840007047000004ED00E02DE9F04105460E468A
:10B8500017462C46FFF79EFF606C401C08B900207D
:10B860006064A06C401C08B90020A064FFF7A2FF30
:10B87000A06B28B93A46314604F1240000F068F87C
:10B880002046FFF75CF9BDE8F081000070B5044682
:10B890000026DCB100F0CCF80E48006805190E480F
:10B8A0000068001DFFF72CFF50B90B48006890F8A6
:10B8B0002C1001208840094909688143074801602C
:10B8C0002846FEF7DDFD00F02BFC06460EB9FFF71B
:10B8D000AFFF70BD640800205008002068080020F9
:10B8E00001200149086070477408002070B50646C1
:10B8F0000C461348016818313046FFF725FF104801
:10B900000068001DFFF7FCFE50B90D48006890F874
:10B910002C10012088400B490968814309480160C7
:10B92000601C30B906480168091D0748FFF726FF6B
:10B9300005E00648006805192846FEF7A1FD70BD20
:10B9400050080020680800208414002064080020AB
:10B950002DE9F04107460C46154614480168183198
:10B960003846FFF70BFF11480068001DFFF7C8FEBF
:10B9700050B90E48006890F82C10012088400C49FE
:10B98000096881430A480160012D06D10748016812
:10B99000091D0848FFF7F2FE05E007480068061990
:10B9A0003046FEF76DFDBDE8F08100005008002034
:10B9B00068080020841400206408002003490968F6
:10B9C0000160034909684160704700007808002061
:10B9D000640800201FB500200090019002900346EB
:10B9E00080220DA103900E4800F036FA0446012C87
:10B9F00002D100F023FC0446012C0CD1E6F762FCD6
:10BA0000A01E084908600120074908600020074976
:10BA1000086000F045F81FBD49444C450000000097
:10BA20000DA70108800800206C0800206408002091
:10BA300002480068401C01490860704784080020E3
:10BA40001248006818B10120114908601DE000206B
:10BA50000F4908600F480068B0FA80F0C0F11F017C
:10BA600001EB81020C4B03EB82004268526842609A
:10BA700000F108024368934202D142685268426072
:10BA80004268D268054B1A6000BF704784080020E6
:10BA90007408002068080020A81300205008002027
:10BAA00010B50A48006840F47F000849086008465D
:10BAB000006840F07F400860FFF7B0FE00200449B6
:10BAC0000860E6F7CDFB002010BD000020ED00E08F
:10BAD000B008002010B5E6F7F5FB00F051FA18B1F8
:10BAE0004FF08050024908600020E6F7F2FB10BDDD
:10BAF00004ED00E02DE9F04706460D4691464FF073
:10BB000000080DB9002702E006FB05F0471C07F10D
:10BB10004C00FFF753F8044664B10DB9246002E00D
:10BB200004F14C002060E66325640121204600F00A
:10BB300083F8A0464046BDE8F0872DE9FF4383B077
:10BB4000054688461E464FF000092C4600BFFFF709
:10BB500021FEA06B58B3E76841462046FEF72EFD54
:10BB60008EB9A06B401EA063206908B9012000E0D7
:10BB70000020B0B904F1100000F092FA012810D1B1
:10BB8000FFF756FE0DE0E760606A08B9012000E0AB
:10BB9000002030B904F1240000F082FA08B1FFF768
:10BBA00047FEFFF707FE012007B0BDE8F0830598C8
:10BBB00018B9FFF7FFFD0020F6E7B9F1000F04D137
:10BBC00001A8FFF7FBFE4FF00109FFF7F3FDFFF7B8
:10BBD0002FFFFFF7DFFD606C401C08B90020606498
:10BBE000A06C401C08B90020A064FFF7E3FD05A984
:10BBF00001A800F003F9C0B92046FEF755FE70B168
:10BC000004F124000599FFF771FE2046FEF797FF27
:10BC100000F086FA00289AD1FFF70AFE97E720463F
:10BC2000FEF78DFF00F07CFA91E72046FEF787FFD4
:10BC300000F076FA0020B7E770B505460E462C46B0
:10BC4000FFF7A8FDD4E90F12206801FB0200606035
:10BC50000020A0632068A060E06B401E226C216879
:10BC600000FB0210E0604FF0FF306064A06476B922
:10BC7000206908B9012000E0002080B904F110001B
:10BC800000F00EFA01280AD1FFF7D2FD07E004F117
:10BC90001000FFF749FD04F12400FFF745FDFFF711
:10BCA00089FD012070BD2DE9FF4383B0074688461A
:10BCB0001D464FF000093C4600BFFFF76BFDA06B2F
:10BCC000E16B884201D3022D1DD12A464146204610
:10BCD000FEF789FC0646606A08B9012000E00020F2
:10BCE00040B904F1240000F0DBF9012805D1FFF789
:10BCF0009FFD02E00EB1FFF79BFDFFF75BFD01200A
:10BD000007B0BDE8F083059818B9FFF753FD002090
:10BD1000F6E7B9F1000F04D101A8FFF74FFE4FF08D
:10BD20000109FFF747FDFFF783FEFFF733FD606C66
:10BD3000401C08B900206064A06C401C08B90020B9
:10BD4000A064FFF737FD05A901A800F057F8C0B9B6
:10BD50002046FEF7B6FD70B104F110000599FFF71B
:10BD6000C5FD2046FEF7EBFE00F0DAF90028A4D16D
:10BD7000FFF75EFDA1E72046FEF7E1FE00F0D0F9F7
:10BD80009BE72046FEF7DBFE00F0CAF90020B7E78C
:10BD90002DE9F0470546894616461F462C46E6F72C
:10BDA00091FA8246A06BE16B884201D3022F1CD12D
:10BDB0003A4649462046FEF716FCA06C401C70B976
:10BDC000606A08B9012000E0002058B904F124009D
:10BDD00000F066F930B12EB10120306002E0A06CB5
:10BDE000401CA0644FF0010801E04FF000085046ED
:10BDF000E6F76FFA4046BDE8F087000070B50446EC
:10BE00000D46FFF7C7FC124802682868401C08B9B5
:10BE1000002619E00F4920680968884204D060684C
:10BE2000904201D801260FE06068101A2968884204
:10BE300009D228686168511A401A28602046FFF725
:10BE4000BDFD002600E00126FFF7B4FC304670BDC2
:10BE500064080020780800202DE9FF4F81B080465B
:10BE600015469946DDE90E7A28461099FEF732FB11
:10BE70000446002C4FD0681E216B01EB800B2BF089
:10BE8000070B00953A462046119B0299FEF74AFCA3
:10BE90004A4641465846FEF7F9FE2060BAF1000FC7
:10BEA00001D0CAF80040FFF775FC24480068401C28
:10BEB000224908602248006840B9214804600846C9
:10BEC000006801280CD1FEF75BFC09E01D48006802
:10BED00030B91B480068C06AB84201D818480460ED
:10BEE00019480068401C1849086094F82C1001207B
:10BEF000884016490968084314490860E16A01EB63
:10BF00008101134A02EB8100211DFFF737FC012656
:10BF1000FFF750FC01E04FF0FF36012E09D1094830
:10BF2000006830B106480068C06AB84201D2FFF725
:10BF30007FFC304605B0BDE8F08F000060080020AF
:10BF4000500800206C0800207C08002068080020B1
:10BF5000A81300200549096809B9012005E0044932
:10BF6000096809B9022000E0002070476C08002031
:10BF70008408002001490868704700006408002018
:10BF80002DE9F04100273B480068002865D13A4878
:10BF90000068401C38490860084606688EB9374872
:10BFA000D0F8008036480068344908603448C0F84A
:10BFB000008034480068401C32490860FEF73CFDB0
:10BFC00000BF3148006886423BD300BF2B48006861
:10BFD000006808B9012000E0002020B14FF0FF30D8
:10BFE000294908602CE025480068C068C468656875
:10BFF000AE4202D22448056022E0201DFFF780FBFC
:10C00000A06A18B104F11800FFF77AFB94F82C101D
:10C01000012088401D49096808431C490860E16AFD
:10C0200001EB81011A4A02EB8100211DFFF7A6FBFB
:10C030001849E06A0968C96A8842C7D30127C5E779
:10C0400000BF14480068C06A00EB8000104951F836
:10C050002000012806D9012704E00F480068401C91
:10C060000D4908600D48006800B101273846BDE859
:10C07000F08100008408002064080020540800209B
:10C080005808002078080020800800206808002058
:10C09000A813002050080020700800207408002019
:10C0A00070B50646F068C46804F11800FFF728FB75
:10C0B00015480068A8B9201DFFF722FB94F82C1042
:10C0C0000120884011490968084310490860E16A65
:10C0D00001EB81010E4A02EB8100211DFFF74EFBAF
:10C0E00004E004F118010B48FFF748FB0A49E06A35
:10C0F0000968C96A884204D90125012007490860F6
:10C1000000E00025284670BD840800206808002053
:10C11000A81300205C1400205008002074080020A0
:10C1200070B50025FFF736FB2C480068401E2B49F0
:10C1300008600846006800284BD12948006800289C
:10C1400047D024E02748C068C46804F11800FFF70E
:10C15000D7FA201DFFF7D4FA94F82C10012088405C
:10C1600021490968084320490860E16A01EB81011F
:10C170001E4A02EB8100211DFFF700FB1C49E06A0B
:10C180000968C96A884202D301201A490860154823
:10C19000006808B9012000E000200028D2D016482D
:10C1A000006878B10AE0FFF7EBFE10B101201149F9
:10C1B000086011480068401E0F4908600E4800687A
:10C1C0000028F0D10B480068012802D10125FFF7B3
:10C1D0002FFBFFF7EFFA284670BD0000840800200F
:10C1E000600800205C14002068080020A8130020CC
:10C1F0005008002074080020700800202DE9F04746
:10C2000006460D4617469846DDF820900DB90024E5
:10C2100010E02820FEF7D2FC04465CB1FEF776F968
:10C220002660A561E761C4F82080C4F82490201D31
:10C23000FFF787FA2046BDE8F08700001FB500240D
:10C24000FEF764F90948006868B100200123CDE9D0
:10C250000030029003464FF4807205A10390064817
:10C26000FFF7FAFD0446204604B010BD90080020F8
:10C27000546D72205376630025AB01082DE9FE430F
:10C2800005460C4616461F46DDF828804FF000098B
:10C290001448006810B3009401960295062C15DA34
:10C2A000FFF758FE022808D10023424669460D4890
:10C2B0000068FFF7F8FC814610E000231A46694643
:10C2C00008480068FFF7EFFC814607E000233A4684
:10C2D000694604480068FFF75BFD81464846BDE8B3
:10C2E000FE8300009008002010B50446204600F0B0
:10C2F000C4F808B1002010BDA089401CA18890FBA3
:10C30000F1F201FB1200A0810120F4E701468A89C5
:10C31000886800EB0210704770B504460D46204651
:10C3200000F09CF808B1002070BDE189A06800EB26
:10C33000011095E84E004EC0E089401CA18890FB9A
:10C34000F1F201FB1200E0810120EDE710B5044697
:10C35000A06820B1A068FCF77FFB0020A06010BDA2
:10C3600070B504460D46094820602801FEF726FCFA
:10C370000646A660A580A2881101A068E6F782F8AB
:10C380000020A081E081204670BD000068D901082E
:10C3900010B50446034820602046FFF7D7FF20462B
:10C3A00010BD000068D9010810B50446204600F011
:10C3B00088F808B1002010BDA089401CA18890FB1E
:10C3C000F1F201FB1200A0810120F4E701468A8905
:10C3D00088681044704770B504460D46204600F04A
:10C3E00061F808B1002070BD2878E289A1688854FE
:10C3F000E089401CA18890FBF1F201FB1200E08172
:10C400000120F0E710B50446A06820B1A068FCF751
:10C4100023FB0020A06010BD70B504460D460848FF
:10C4200020602846FEF7CAFB0646A660A580A188C4
:10C43000A068E6F705F80020A081E081204670BDE5
:10C4400078D9010810B50446034820602046FFF75C
:10C45000D9FF204610BD000078D901080146C889DF
:10C46000401C8A8890FBF2F302FB13008A899042F9
:10C4700001D1012070470020FCE701468889CA8964
:10C48000904201D1012070470020FCE70146C88995
:10C490008A89801A8A88104490FBF2F302FB130009
:10C4A00080B270470146C889401C8A8890FBF2F32D
:10C4B00002FB13008A89904201D1012070470020BD
:10C4C000FCE701468889CA89904201D10120704762
:10C4D0000020FCE721F00042A2F16052B2F5801F7B
:10C4E00001F0004328BFD2F17F6C0BD95FEA001C3A
:10C4F00043EAC20242EB507018BF704728BF20F0D9
:10C5000001007047B2F5801FBCBF184670474FEA64
:10C51000410C1CF5001F02D2084600F0DABF70B5CE
:10C5200000F098FB00000089FFF7F6BF4FF00040D5
:10C53000A0F580007047000010B591EA030F48BFD6
:10C5400083F0004300F12484841A71EB030C05D2BC
:10C55000121943EB0C03001B61EB0C01DFF824E123
:10C560004FEA1154A4EB135C1EEA430F18BF9EEA76
:10C57000445F73D023EA0E03DCF1200E21EA04515C
:10C5800043F4801332D322FA0CFE10EB0E0023FA90
:10C590000CFE41EB0E01CCF1200E03FA0EFE10EB67
:10C5A0000E0051F10001B1F5801FCCF1200E32D206
:10C5B00001EB045112FA0EF2BDE8104058BF70476B
:10C5C000401C38BF5FEA420218BF7047002814BF02
:10C5D00020F0010041F100014FEA410313F5001F73
:10C5E00038BF7047A1F1C04100F082BB012A43EB84
:10C5F0000302ACF1200CDCF11F0E32BF4FF0000E35
:10C6000023FA0CF310EB030041EB0451B4EB115F80
:10C61000D0D0A1EB045101F5801149085FEA300048
:10C6200001EB04510ED350F1000038BF12FA0EFE98
:10C6300008D1BDE81040C9E7401C38BF5FEA42029C
:10C64000CAD1C3E7BDE810404FEA410313F5001F0C
:10C6500038BF7047A1F1C04100F04ABB9EEA445F79
:10C6600008D011EA5E0FBDE8104004BF01F00041A0
:10C6700000207047BDE8104070B500F0EBFA00BF35
:10C6800064FBBE3E0000E0FF02494FF0000000F0F6
:10C69000D6BF00BF0000F87F491058BFC1F140412C
:10C6A0005B1058BFC3F140438B42EFF300807047EB
:10C6B0002DE9C04130B4DFF8A0C23CEA111418BF24
:10C6C0003CEA131400F0EC8081EA03051CEA111423
:10C6D00044EAD57418BF1CEA131500F0C780A4EB18
:10C6E00005044FF0004545EAC12145EAC32341EA6C
:10C6F000505143EA525304F17F74994204F50034D7
:10C700004FEAC0204FEAC22208BF904200F09C804E
:10C710004FEA13650FF24016765D4FEA134506FBAC
:10C7200005F7C7F1807706FB07F74FEAD737A7FB76
:10C7300003687642C8F58038A7FB06CE38BFA8F15B
:10C74000010807FB08E64FF0000EA6FB028CE6FB93
:10C7500003CEDCF1000CCEF1004E38BFAEF1010E7D
:10C76000A6FB0C584FF000074FF00005E6FB0E87C4
:10C77000A1FB08C6A0FB07CE16EB0E0645F100058F
:10C78000E1FB076515F1E04E7EBFA4F580345FEA5A
:10C7900046066D4116F1800745F100054FEA17275F
:10C7A0004FEA066647EA0567A6F1DE46B6F1805F06
:10C7B0004FEA15251FD9384624F0010C05EBC4714A
:10C7C000BCF1FE6F01EB0C1102D8F0BCBDE800819A
:10C7D00024425CBF01F5801E9EEAC47F02D4F0BCF7
:10C7E000BDE80081244238D4F0BCA1F1C041BDE8CD
:10C7F000004100F07DBA4FEAD22242EA43524FEAAA
:10C80000D323A7FB02864FEAD02040EA415007FB22
:10C8100003661EEA0E0F4FEAD12105FB026658BFE0
:10C82000A6EB0056B6EB00564FEA520E4EEAC37E18
:10C8300018EB0E0E56EB530EBDD518EB02085E41F9
:10C840007F1C55F10005B6E74FF480154FF0000747
:10C850004FF000064FF00008ADE7F0BC4FF00000CD
:10C8600001F1C04101F00041BDE8008111EA0C1F57
:10C870000CEA131500D00CE013EA0C1F00F0258021
:10C880004FF00000F0BC81EA030101F00041BDE877
:10C890000081F0BCBDE8004181EA030100F028BA44
:10C8A000F0BCBDE8004170B500F0D4F9097EFC3E53
:10C8B00000F007B881EA03014FF0000001F00041E9
:10C8C000704781EA030100F013BAF0BCBDE80041F3
:10C8D0004FF0000021497047FFFDFBF9F7F5F4F236
:10C8E000F0EEEDEBE9E8E6E4E3E1E0DEDDDBDAD80B
:10C8F000D7D5D4D3D1D0CFCDCCCBCAC8C7C6C5C469
:10C90000C2C1C0BFBEBDBCBBBAB9B8B7B6B5B4B37F
:10C91000B2B1B0AFAEADACABAAA9A8A8A7A6A5A46A
:10C92000A3A3A2A1A09F9F9E9D9C9C9B9A9999982E
:10C930009797969595949393929191908F8F8E8ED1
:10C940008D8C8C8B8B8A898988888787868585845E
:10C9500084838382828181800000FF070000F87F4A
:10C9600051EA030C17D41CF5801F58BFBCF5801F7B
:10C9700000F10680994218BF704708BF9042704787
:10C9800007D711F5801F58BF13F5801F19D499429E
:10C990007047894270471CF5801F08D5BCF5801F81
:10C9A000F7D58B4218BF704708BF824270474FF4DB
:10C9B000001C1CEB410F38BF1CEB430F01D28B4214
:10C9C000704770B500F046F9922449004FF00051CD
:10C9D0004FF08053FFF760BE4FEA1153A3F5806319
:10C9E000D3F11E03A8BFD3F1200C08DB4FF00042A7
:10C9F00042EAC12252EA505232FA03F07047094229
:10CA00000BD4102BC4BF0020704703F5787CBCF119
:10CA1000FF3F05D04FF0FF3070474FF000007047E8
:10CA200070B500F017F900BF4992248000207047CC
:10CA3000F0E710F0004248BF4042B0FA80F310FA2D
:10CA400003F10AD0C3F11D0303F580634FEA41509F
:10CA500002EB035202EBD12170474FF00000704708
:10CA6000B0FA80F310FA03F10AD0C3F11D0303F505
:10CA700080634FEA41504FEA035202EBD1217047E5
:10CA80004FF000007047000051EA030C17D41CF56A
:10CA9000801F58BFBCF5801F00F10680994218BF67
:10CAA000704708BF9042704707D711F5801F58BFE5
:10CAB00013F5801F19D499427047894270471CF5BD
:10CAC000801F08D5BCF5801FF7D58B4218BF704773
:10CAD00008BF824270474FF4001C1CEB410F38BF67
:10CAE0001CEB430F01D28B42704770B500F0B2F8D7
:10CAF000922449004FF000514FF08053FFF7CCBD16
:10CB0000DFF848C170B51CEA111E1EBF1CEA1315E0
:10CB10009EEA0C0F95EA0C0F00F06F8081EA030487
:10CB200023EA4C134EEAD47E21EA4C1141F48011E1
:10CB300043F48013AE44A1FB024CA0FB0365AEF1AD
:10CB40007F7E361955EB0C05A1FB034C4CF100031D
:10CB5000A0FB021C16EB0C06654153F100030942D1
:10CB600018BF46F0010613F4007F0BD14FEA0331E2
:10CB70004FEA0530340341EA155140EA16506FF090
:10CB800003020AE04FEAC3214FEAC520F40241EA5A
:10CB9000555140EA56506FF0020202EB2E4201EB73
:10CBA000025585EACE710AD05FEA440C18BF24F022
:10CBB000004450F1000041F1000120EAD47040F23D
:10CBC000FE7C624500D270BDA84214BF4FF0804485
:10CBD0004FF04044002E08BF0024BEF1806FA8BF74
:10CBE000A1F1C041BDE8704080F282804FF00000AA
:10CBF00001F1C04101F0004170479EEA0C0F0CEAC0
:10CC0000131518BF95EA0C0F06D04FF0000081EA0B
:10CC1000030E0EF0004170BD00F01CF88900013ECB
:10CC200000F007B800F009B84FEA430C5FEA5C5C1B
:10CC300008D081EA030100F05BB84FEA410C5FEADB
:10CC40005C5CF6D14FF00000014970470000FF071F
:10CC50000000F87F0EF1020E2EF0030E5EF8046B5A
:10CC6000364205D4012A43EB030515F5001F12D8FF
:10CC7000012841EB010C1CF5001F0CD80ED14FEA26
:10CC8000D17C15F5001F0CEB4C0C0CF1020C08BF0D
:10CC90004CEBD37C04E04FF0080C01E04FEAD37C6E
:10CCA0000CEB4C0526FA05F606F00706B6F1040C67
:10CCB00006D20EEB860CBDE870404CF0010C6047CC
:10CCC000DFE80CF0090B02024FF000414FF00000CA
:10CCD000A1F5002170BD19461046012851EB010451
:10CCE00018BFD4F5001484BF002001F0004170BDCE
:10CCF0000808A0F500114FEA3101704753EA010C12
:10CD000017D41CF5801F58BFBCF5801F00F10680AA
:10CD10008B4218BF704708BF8242704707D713F590
:10CD2000801F58BF11F5801F19D48B4270479B425A
:10CD300070471CF5801F08D5BCF5801FF7D59942B8
:10CD400018BF704708BF904270474FF4001C1CEB9F
:10CD5000430F38BF1CEB410F01D2994270470FB40B
:10CD60000CBC03BCFFF7C1BE91EA030F10B581F004
:10CD700000413FF5E9AB83F0004300F009B8000043
:10CD800010B591EA030F48BF83F000433FF5DCABD9
:10CD9000841A71EB030C07D212198CF0004C43EB90
:10CDA0000C03001B61EB0C01DFF8A4E14FEA115406
:10CDB000A4EB135C1EEA430F18BF9EEA445F00F029
:10CDC000B08023EA6E03524221EA0451C3EB6E03A2
:10CDD00038BF5B1EDCF1200E25D322FA0CFE10EBCF
:10CDE0000E0043FA0CFE41EB0E01CCF1200E03FACB
:10CDF0000EFE10EB0E0051F10001CCF1200E29D4F3
:10CE000012FA0EF201EB0451BDE8104058BF704712
:10CE1000401C1CBFB2F1004F704700280CBF491CDA
:10CE200020F00100704712EB020E43EB030218BF23
:10CE30004FF0010E4EEA4202ACF1200CDCF11E0E66
:10CE400054D943FA0CFE10EB0E0051F1FF31CCF136
:10CE50001E0ED5D50EF1010E12FA0EFE404141EB29
:10CE6000010101EB445C5FEA5C5C10D910EBDE7001
:10CE700001EB045138BFBEF1004FBDE8104018BFB0
:10CE8000704700280CBF491C20F00100704730D2C9
:10CE90004FEAD42C11F5001124F400641BD0B1FA30
:10CEA00081F20B3AA41AA41ED2F12003914030FA69
:10CEB00003F31943904001EBCC71002C01EB0451BA
:10CEC000BDE81040A8BF704701F1C0414FF000001D
:10CED00001F000417047B0FA80F310FA03F100D17D
:10CEE00010BDE41A173C4805C90AE4E701EB0451F8
:10CEF00010BD491001EB0451BDE810404FEA30006D
:10CF000002E04FF0000170474A0008BF0042F8D02D
:10CF1000B2F5001F28BF704701F000414FF000003C
:10CF200070479EEA445F07D011EA5E0FBDE81040EB
:10CF300004BF002100207047BDE8104070B5FFF726
:10CF400089FE00BF40DFF63E83F000411046704787
:10CF50000000E0FF43004FEAD30C4FEA3C0C434093
:10CF60001FBF40070CF1605113F0FE4F70471CF0DB
:10CF7000006F03D100200CF0004170470CF000431B
:10CF800043EA507010B540EACC0000F05CFA00BFF4
:10CF9000000000924FEA0001FFF7AABE4FF00041E7
:10CFA0004FF00000A1F500217047000090EA010F4A
:10CFB00048BF81F0004100F1D482421A3CBF801A80
:10CFC00089184FEAD0524FF07F4C1CEA410FA2EB78
:10CFD000D15318BF9CEA026F00F03B804FF0004C29
:10CFE0004CEA00204CEA012121FA03FC10EB0C0C66
:10CFF0001ED202F1FF325FEA1C2040EBC25038BF64
:10D0000070471CF07F0F4FEA400C18BFBCF17F4FF8
:10D0100038BF7047C3F12003994008BF20F00100DA
:10D02000BCF17F4F38BF7047A0F1C04000F051BA4B
:10D030004FEA3C00000A40EBC25028BF1CF0FF0F33
:10D040004FEA400CE6D018BFBCF17F4F38BF7047A5
:10D05000EAE79CEA026F05D010EA5C0F08BF00F017
:10D060000040704710B500F0EEF900BF64FBBE3E13
:10D07000401058BFC0F14040491058BFC1F1404175
:10D080008142EFF3008070474FF47F0C1CEAD0120E
:10D090001EBF1CEAD11392EA0C0F93EA0C0F00F0AA
:10D0A000858090EA010F48BF42F4807240F4000C82
:10D0B00041F400002CF07F4120F07F4000B5814218
:10D0C000A2EB03020FF2081CACEB504EC0F10000C3
:10D0D0009EF800E04FEA4E0E00FB0EFC38BF490000
:10D0E0004FEA2C1C02F5FA020CFB0EF34FEACE1E9F
:10D0F0004FEA112C4FEAC1210EEB635E42EB224254
:10D100000EFB0CFC4FEA1C5300FB03114FEA112CE1
:10D110004FEA01310EFB0CFC4FEADC4C00FB0C111A
:10D12000C14228BF09184CEB03335DF804EB10EB48
:10D13000410143EBC250B2F57C0F38BF704729D58F
:10D1400012F0F00F1CBF00F1C04000F0004070472B
:10D15000008182838485868788898B8C8D8E8F91D0
:10D160009293959697999A9C9D9FA0A2A3A5A7A8F4
:10D17000AAACAEB0B2B3B5B7B9BCBEC0C2C5C7C920
:10D18000CCCED1D4D7D9DCDFE2E6E9ECF0F3F7FA84
:10D19000FE0000004FEA400C0CF1807CBCF17E4F99
:10D1A00028BF7047B0F1C04000F093B990EA010F7A
:10D1B0000CEAD11348BF42F48072624538BF634520
:10D1C00007D213F47F0F16D080EA010000F0004070
:10D1D000704710B500F037F9097EFC3E00F005B845
:10D1E00080EA010000F00040704780EA010000F092
:10D1F000004000F06EB912F47F0F04BF0248704780
:10D2000080EA010000F065B90000C07F41000B0E0C
:10D21000D3F19E0208D950F400034FEA032323FA06
:10D2200002F048BF4042704710B500F00CF900BF53
:10D2300049922480002070476FF0004282EA20006B
:10D2400070470000C10DD1F19E0206DB4FEA0023BA
:10D2500043F0004323FA02F07047004207D54FEA3B
:10D260004001B1F1FE4F02D24FF00000704710B5FF
:10D2700000F0E9F849922480002070476FEA20000E
:10D280007047000010F0004148BF4042B0FA80F300
:10D2900010FA03F2C3F19D030BD051EAC35101EB25
:10D2A0001220530638BF704700F1010008BF20F07C
:10D2B00001007047B0FA80F310FA03F2C3F19D0346
:10D2C0000AD0D90501EB1220530638BF704700F190
:10D2D000010008BF20F001007047000050EA010C77
:10D2E00000F113801CF5000F58BFBCF5000F01D4EE
:10D2F0008842704707D710F5000F58BF11F5000F8F
:10D3000015D488427047894270471CF5000F04D538
:10D31000BCF5000FF7D5814270474FF0807C1CEBC5
:10D32000400F38BF1CEB410F01D28142704710B54E
:10D3300000F089F8922449004FF000504FF08051DE
:10D34000FFF796BE4FF47F0C1CEAD0121EBF1CEAFA
:10D35000D11392EA0C0F93EA0C0F00F0478090EA89
:10D36000010F48BF42F480724FF0004C4CEA00209D
:10D370004CEA012102EB0302A0FB0113A2F500021B
:10D38000002918BF43F001035B0028BF4FEA3303B5
:10D3900042EB22425FEA132C4CEBC2502EBFBCEB97
:10D3A000436FB2F57C0F70474FEA036CBCF1004F3E
:10D3B00008BF20F00100B2F57C0F38BF70470BD5D5
:10D3C00082F0FF0212F5803FC8BF704700F1C040F5
:10D3D000D8BF00F00040704700F5000C5FEA4C0C2D
:10D3E00048BF7047B0F1C04000F073B890EA010F39
:10D3F0000CEAD11348BF42F48072624538BF6345DE
:10D4000004D280EA010000F00040704710B500F03F
:10D410001AF800BF8900013E00F007B800F009B813
:10D420005FEA410C5FEA1C6C08D080EA010000F062
:10D4300050B85FEA400C5FEA1C6CF6D14FF0004038
:10D44000A0F5800070470EF1020E2EF0030E5EF87C
:10D45000044B244204D44FEA4102B2F17F4F11D869
:10D460004FEA4003B3F17F4F0CD80ED14FEAD07C86
:10D47000B2F17F4F0CEB4C0C0CF1020C08BF4CEBE3
:10D48000D17C04E04FF0080C01E04FEAD17C0CEBBA
:10D490004C0324FA03F404F00704B4F1040C06D29C
:10D4A0000EEB840CBDE810404CF0010C6047DFE847
:10D4B0000CF0070802024FF00040A0F5800010BDFC
:10D4C0000846420018BFD2F1807288BF00F00040C9
:10D4D00010BDFF2141EAD050C005704751EA000C51
:10D4E00000F113801CF5000F58BFBCF5000F01D4EC
:10D4F0008142704707D711F5000F58BF10F5000F94
:10D5000015D481427047894270471CF5000F04D53D
:10D51000BCF5000FF7D5884270474FF0807C1CEBBC
:10D52000410F38BF1CEB400F01D28842704780EAA0
:10D53000010081EA000180EA0100FFF7F8BE80F0F7
:10D54000004090EA010F7FF538AD81F0004100F016
:10D5500008B8000090EA010F48BF81F000413FF594
:10D560002CAD421A04D882F00042A0EB0200114414
:10D570004FEAD0524FF07F4C1CEA410FA2EBD1533F
:10D5800018BF9CEA026F4AD04FF0004C4CEA0020D2
:10D590004CEA012121FA03FCB0EB0C0C0FD412F081
:10D5A000FE0F36D05FEA4C001DD5001240EBC25092
:10D5B00038BF70471CF03F0F18BF70470BE0A2F157
:10D5C00001025FEA1C2040EBC25038BF70471CF0DC
:10D5D0007F0F18BF7047C3F12003994014BF401E4E
:10D5E00020F00100704780084FEA122308BF7047FF
:10D5F000B0FA80FCA2EB0C02CCF1280C60FA0CF023
:10D6000093EA122F04BF00EBC25070474FEAC37079
:10D610007047130A5FEADC1008BF7047F6E79CEA20
:10D62000026F04D010EA5C0F08BF0020704710B5ED
:10D63000FFF709FF40DFF63E81F0004070470CF035
:10D640000F03092B08BF082000F059800A2B0BD0CC
:10D65000082B18BF704708BF1CF0400F0AD04FF0CE
:10D6600000004FF0000170471CF0400F18BF4FF052
:10D67000004070471CF0100F08D020F0704300F0FD
:10D680007F4242EAD3014FEA4370704700F06040A6
:10D6900021F07F4242EA000201F07F4040EA7270CE
:10D6A00070474FF0FF0C4CF4E06C1CEA11531CBFA8
:10D6B0009CEA030C9445C2BFDA4201EB0251704769
:10D6C000002B0DD0BCF1000F0FD0002A01F000415B
:10D6D000A4BF41F0E04141F07F614FF0000070478E
:10D6E00001F000414FF00000704750EA01334FF065
:10D6F0009B0C18BF4CF0806C7EF4C6AF70471CF4D6
:10D70000801F11D01CF4E02F03D06FEACC31490008
:10D7100070474FF04050EFF3008222F0704242EA2F
:10D72000000282F3008870474FF00000704700004D
:10D730000008014000100000000C01400020000023
:10D740000008014000080000000C0140001000002B
:10D75000006400400068004019071A07020603062B
:10D760001300013F010114000040010000080140C6
:10D77000000100000014014080000000001801407A
:10D780000080000000080140008000000008014007
:10D79000000200000014014020000000000C0140C5
:10D7A00000040000001001400004000000080140D7
:10D7B000000400000014014040000000000C014083
:10D7C000000800000010014000080000003801407F
:10D7D0000044004000480040004C00400E06110785
:10D7E00012071307020605060306040602060506CD
:10D7F0000606020625000226000327010234010363
:10D800001F1C1F1E1F1E1F1F1E1F1E1F4D4E432DA0
:10D81000454E00302E30007B227265706C79223AC2
:10D82000224F4B227D007B227265706C79223A2256
:10D830004552524F52222C2274797065223A0022AE
:10D84000436865636B53756D204572726F72227DFC
:10D8500000224C656E677468204572726F72227D7B
:10D86000002243757272656E74205061636B65743B
:10D87000204572726F72227D0022436F6D6D616E62
:10D8800064204572726F72227D0000000406050359
:10D890000C0B08090702010A000C0A090300020127
:10D8A0000806070B050400000000803F0000803FD1
:10D8B0000000803F0000803F000020410000204128
:10D8C000000020410000204100003A4200003A429E
:10D8D00000003A4200003A420000803F0000803FD2
:10D8E0000000803F0000803F0000204100002041F8
:10D8F000000020410000204100003A4200003A426E
:10D9000000003A4200003A42E407E407E407E40773
:10D910000000803F000000400000404000008040C8
:10D9200004FA97999999D93FAF788E1DC571CC3F6C
:10D930009FC678D0099AC33F935555555555E53F35
:10D94000599322942449D23FDE03CB966446C73FC5
:10D9500044523EDF12F1C23F000000000000000010
:10D96000000000000000000091C30108000000005A
:10D97000000000000000000045C401080000000095
:10D9800020202020000000002020000020000000B7
:10D99000B8BAD4D8C8DBCBBF28312900B8BAD4D89C
:10D9A000C8DBCBBF28322900313000003131000004
:10D9B000D3C3BBA7B5E7C1F7310000003132000087
:10D9C000D3C3BBA7B5E7C1F7320000003133000075
:10D9D0003300000034000000350000003600000075
:10D9E000370000003800000039000000304B000014
:10D9F000434C0000534C0000CEB4B4A5B7A20000C5
:10DA0000D2D1B4A5B7A20000D2ECB3A300000000AD
:10DA1000B3A3BFAA00000000B6CFBFAA0000000059
:10DA2000B9ABB9B2B8E6BEAF00000000BBB7BEB339
:10DA3000B8E6BEAF00000000CAE4B3F6B5E7D1B95E
:10DA4000B8E6BEAF00000000C8DBCBBFB8E6BEAF93
:10DA500000000000C4A3BFE9B9CAD5CFB8E6BEAF85
:10DA600000000000CAE4C8EBB9CAD5CFB8E6BEAF23
:10DA700000000000B8E6BEAFBBD6B8B4000000009E
:10DA8000B1BEB5D8B7D6C2B70000000041CFE0B5EF
:10DA9000E7D1B90042CFE0B5E7D1B90043CFE0B557
:10DAA000E7D1B900CAE4B3F6B5E7D1B90000000088
:10DAB000B7D6C2B7C8DBCBBF00000000B5E7B3D80C
:10DAC000C8DBCBBF00000000C6F4D3C300000000D9
:10DAD000BDFBD3C300000000CAC70000B5E7B3D840
:10DAE000CEC2B6C800000000B5CDB9C80000000025
:10DAF000BDBBC1F7C6B5C2CA00000000B9FDB5CDB7
:10DB000000000000C6BDB6CE00000000CDA8D0C504
:10DB1000B9CAD5CF00000000B2E2CAD400000000AC
:10DB2000B3A3B1D500000000B7C0C0D7000000000B
:10DB3000B1BEB5D800000000B7C0C0D7BFAAB9D8E1
:10DB400000000000CEDE0000B9FDB8DF00000000DC
:10DB5000D0DDC3DF00000000C8B141CFE00000000D
:10DB600041CFE000C8B142CFE000000042CFE0006A
:10DB7000C8B143CFE000000043CFE000B5A5CFE03F
:10DB800000000000C8FDCFE000000000B5CDB5E307
:10DB900000000000B8DFB5E300000000B8A1B3E466
:10DBA00000000000BEF9B3E400000000B8DFB7E5F4
:10DBB00000000000BCE2B7E500000000CFF7B7E5C9
:10DBC00000000000CDA3B5E700000000B5E7B3D822
:10DBD000B9A9B5E700000000B5E7D1B9CFC2B5E7F4
:10DBE00000000000BDFBD3C3CFC2B5E700000000BA
:10DBF000B5E7B3D8CFC2B5E700000000CAB9C4DCAE
:10DC0000CFC2B5E700000000CAB1BCE4CFC2B5E79F
:10DC100000000000BDFBBDBBC1F7CDA3B5E7CFC27F
:10DC2000B5E70000BDBBC1F7CDA3B5E7CFC2B5E7EF
:10DC300000000000B7C5B5E700000000C4A3BFE9BD
:10DC400000000000CAD0B5E7CAE4C8EB000000003D
:10DC5000D3CDBBFACAE4C8EB00000000D1CCCEEDB6
:10DC600000000000B7F10000BFD5B5F700000000CC
:10DC7000B2BBCFDEC1F70000CFDEC1F7000000006D
:10DC8000B5E7B3D8B5E7C1F70000000041CFE0B574
:10DC9000E7C1F70042CFE0B5E7C1F70043CFE0B5F9
:10DCA000E7C1F700BFAABBFA00000000B9D8BBFA71
:10DCB00000000000B7E7BBFA00000000C3C5BDFBD1
:10DCC00000000000C7E5B3FD00000000CBAEBDFEC4
:10DCD0000000000028DD0108000000204C090000C1
:10DCE0008C210008DCE001084C090020D42C010044
:10DCF000E8210008ADAFFFFF5DB0FFFF95AFFFFF6C
:10DD00002DB0FFFFA9AEFFFF39AFFFFF39B0FFFF16
:10DD100099B0FFFFB9AEFFFFE1AEFFFF05AFFFFF18
:10DD200041AFFFFF4DAFFFFF0114138C091B20DC37
:10DD30000441221C390841320123100E2B18121401
:10DD4000031626022926B15D10014008085A04086E
:10DD500039391908392A190839624518014040191A
:10DD600008397119085A100839401908394019083A
:10DD70003940190839401A14402921290829312924
:10DD80000829418A0C2069083938190839481908C6
:10DD9000395819083968193039BB195811292929F6
:10DDA0000829292908292929082929290859B011C8
:10DDB00029B129702908294029382908A28010088A
:10DDC000E614E015C0120A1C2C01075F2902281571
:10DDD0005046A86190015C120C175014F2127C1589
:10DDE000E803E0101810080807EE02C0120112192B
:10DDF00012051A0A104B1D090212C8690213D00736
:10DE0000101B03010402060308040A0502060407A6
:10DE1000060808090A0A020B0403081F123C1278BC
:10DE200012B41AF06A0810176801A401E0011C027C
:10DE300058029402D0025A1A0A17B41A0B160E018D
:10DE40001A0A172C1A12011415037B1008FE10026F
:10DE500001BA027B0B1F6411102A10102DE6140268
:10DE60002110EB4C1508160143921F051808E80312
:10DE700002848E1F08FC092E10E9082152011204A9
:10DE800014012D551407B4B40E1B013A0C0C3301C8
:10DE90003A01013A020109220CA901093B3C74FF35
:10DEA00001FF02130A39C96921011502181EF20582
:10DEB00013C0120220201A0B01410A21E82C016430
:10DEC00052E11201400964DC0108D8DA010813BCF0
:10DED000041B206C0C5A74101ACC101E44DB010871
:10DEE000A4101A80281A8C081A94041A9C041A8CFC
:10DEF000101A94041A9C041AF0101A58281A640470
:10DF00001A70041AB0101A84041A3C1C2ADC3C193A
:10DF1000041AF0181ACC041ABC141ACC041A5C04A3
:10DF20001A28101AB4081A68041A44041A50042A49
:10DF3000382419301B90D95C19042980411A8C0CA3
:10DF40001AB8041AC8041AD0041AD4041AD8041A25
:10DF5000DC041AE0041AE4041AE8041AA8041AAC4F
:10DF6000041ABC041ACC04693C1AFC541A484C1A12
:10DF700008081A18041A2C6C1A10101A0C041AC467
:10DF8000045AD0681ADCF41364051B20A004293855
:10DF90001AC4285AEC481AD8141A800C1AB42C1A2D
:10DFA000AC041A04041AE84C411A9C0C1AA4041A72
:10DFB00018041A343441292C5ABC581A880C5AF0C7
:10DFC00048290C5AF40C1304061B20EC581A1808A4
:10DFD0001A24041A3004A94C2984411A50182A50D2
:10DFE00018195C5AAC601A70085A780C1A78201A02
:10DFF00068041A6C040916A41A901C1A8C102A942E
:10E00000F019145AC8181AAC181A78141A60045A5D
:10E010006CB01AC41429241AD8105A08641AD814D7
:10E020001AE4101A14101A24045AFC2C1AEC181AA8
:10E03000102C5A20102AF8B4595C1304071B202C0A
:10E04000E01A64045AA00829041A10181A44301A55
:10E0500064281A38041A54041A48042A2C48593CD3
:10E060001A38241A84245A7C581A5C101A300C1A54
:10E07000B8601AC8041AD0042AD46C311AB0081A2D
:10E08000C0045A80AC1A842C415A01042B4413104A
:10E090002A010B513A6C102113BC037B20FF012194
:10E0A000A90C792D01270A1105042A1401012B025C
:10E0B000630A1AAA018113F4F412205202DEED7EE3
:10E0C000B98C1F05411A010101328809B40101020E
:0CE0D00003040506D1291061021A10009B
:04000005080021517D
:00000001FF
