:020000040800F2
:1020000070BD00200123000809230008893B000857
:102010000D2300080F230008112300080000000012
:102020000000000000000000000000005D22000829
:102030001523000800000000A1220008E17E02082C
:102040001B2300081B2300081B2300081B23000878
:102050001B2300081B2300081B2300081B23000868
:102060001B2300081B2300081B2300081B23000858
:102070001B2300081B2300081B2300081B23000848
:102080001B2300081B2300081B230008113B00082A
:10209000F13A0008013B00081B2300081B2300083D
:1020A0001B2300081B2300081B2300081B23000818
:1020B000153F00081B2300081B2300081B230008F2
:1020C0001B2300081B2300081B2300081B230008F8
:1020D0001B230008C13F00081B230008D13F000854
:1020E0001B2300081B2300081B2300081B230008D8
:1020F0001B2300081B2300081B230008000000000E
:102100001B230008000000001B2300081B230008FD
:10211000B13F00081B2300081B2300081B230008F5
:102120001B2300081B2300081B2300081B23000897
:102130001B2300081B2300081B230008413B000849
:10214000213B0008313B00081B2300081B2300082B
:1021500000F002F800F073F80AA090E8000C824446
:102160008344AAF10107DA4501D100F068F8AFF223
:10217000090EBAE80F0013F0010F18BFFB1A43F065
:102180000103184760800200808002000A444FF07B
:10219000000C10F8013B13F0070408BF10F8014BC6
:1021A0001D1108BF10F8015B641E05D010F8016B0B
:1021B000641E01F8016BF9D113F0080F1EBF10F86F
:1021C000014BAD1C0C1B09D16D1E58BF01F801CB92
:1021D000FAD505E014F8016B01F8016B6D1EF9D515
:1021E0009142D6D37047000000230024002500262A
:1021F000103A28BF78C1FBD8520728BF30C148BF6A
:102200000B607047662927F02C82782900F00C813A
:10221000002070471FB59DE8030000F0C5FE00F0E8
:10222000A3FE04000020002125F0EEFFE06000F096
:10223000FFFA1FBD10B5002022F001FF10BD00F015
:10224000FBFF1146FFF7E6FF24F0D0FB01F033F867
:1022500003B4FFF7EFFF03BC01F03AF8204B196815
:102260000868B0E8F00F80F30988BFF36F8F4FF074
:10227000000080F311884EF00D0E70470000000042
:1022800006480068006880F3088862B661B6BFF34C
:102290004F8FBFF36F8F00DF00BF00BF08ED00E07E
:1022A000EFF30980BFF36F8F0D4B1A6820E9F00F31
:1022B000106008B54FF0BF0080F3118825F0C6FD0F
:1022C0004FF0000080F31188BDE8084019680868E5
:1022D000B0E8F00F80F30988BFF36F8F704700BF3D
:1022E000040E0020EFF311804FF0BF0181F311883D
:1022F000704780F311887047EFF305807047000046
:102300000948804709480047FEE7FEE7FEE7FEE789
:10231000FEE7FEE7FEE7FEE7FEE7FEE704480549C5
:10232000054A064B70470000953E00085121000801
:10233000707D002070BD0020709D0020709D0020E9
:10234000B2F120030AD5C2F1200301FA02F120FA0A
:1023500003F300FA02F041EA0301704700FA03F1C7
:102360004FF00000704710B54C1084EA530404D5B8
:102370004042C1F1000138BF491E1B4204D5524200
:10238000C3F1000338BF5B1E00F0BEFA14F0804FAB
:1023900004D04042C1F1000138BF491E14F0004F83
:1023A00004D05242C3F1000338BF5B1E10BD0000D1
:1023B0000FB41CB5074B06AA7B44694600900598EC
:1023C00000F08FFD0020694600F09EFD1CBC5DF80A
:1023D00014FB00004D0B000070B5044685690068D1
:1023E000C10601D5302600E02026C00707D070BD09
:1023F000D4E9012130469047206A401C20626D1EBE
:10240000F6D570BD70B5044685690078C00707D160
:1024100070BDD4E9012120209047206A401C206231
:102420006D1EF6D570BD000070B504460D46214600
:102430001068AFF300802188090502D50F4A7A445D
:1024400002E00E4A7A440E32002104F1240305E032
:1024500000F00F060009965D5E54491C0028F7D174
:1024600020780023000704D5702D02D009B1022383
:1024700011322046BDE8704000F0C8BA4A7502002B
:102480002DE9F0474FF0000A89460446C0F820A025
:102490002046E1688847002876D0252806D0D4E970
:1024A00001219047206A401C2062F1E7E168204644
:1024B00000258847C4F81CA006460027C4F818A0C9
:1024C0002A2E09D0304622F0B5FF38B304EB870836
:1024D000303EC8F8186019E059F8041B204604EB98
:1024E00087029161E1688847012F064618D1E069AB
:1024F000002820DA25F020051DE0D8F8180000EBB0
:10250000800006EB40003038C8F818002046E1682B
:102510008847064622F08EFF0028EED1012F0AD010
:102520002E2E08D12046E16888477F1C0646022FE0
:1025300045F02005C4DBA069002803DA404245F0DD
:102540000105A061E80701D025F01005B6B1A6F19C
:102550004100192802D8203645F400654A46314624
:10256000204625604D46FFF74DFE58B1012806D0A4
:10257000ED1D25F0070000F1080989E704E005F1E9
:10258000040985E730468AE7206ABDE8F087000045
:10259000014A00F0BFBC0000E80E002030B505463F
:1025A0000B462A4613F8014B12F8010B08B1A04262
:1025B000F8D01CB1002802D06D1CF1E7284630BDD0
:1025C00010B5431C02E010F8011B71B18107FAD16C
:1025D0004FF0013202C88C1A8C4314EAC211F9D0B0
:1025E000C01A0A0603D0C01E10BDC01A10BD0A04CE
:1025F00001D0801E10BD0902FCD0401E10BD421E3D
:1026000012F8013F002BFBD111F8013B002B02F81F
:10261000013BF9D17047032A40F2308010F0030CDF
:1026200000F0158011F8013BBCF1020F624498BF25
:1026300011F801CB00F8013B38BF11F8013BA2F1C2
:10264000040298BF00F801CB38BF00F8013B11F03D
:10265000030300F02580083AC0F0088051F8043BDD
:10266000083A51F804CBA0E80810F5E7121D5CBF4A
:1026700051F8043B40F8043BAFF30080D20724BF7D
:1026800011F8013B11F801CB48BF11F8012B24BF11
:1026900000F8013B00F801CB48BF00F8012B704760
:1026A00010B5203AC0F00B80B1E81850203AA0E8ED
:1026B0001850B1E81850A0E81850BFF4F5AF5FEA21
:1026C000027C24BFB1E81850A0E8185044BF18C9D4
:1026D00018C0BDE810405FEA827C24BF51F8043B7B
:1026E00040F8043B08BF7047D20728BF31F8023BCF
:1026F00048BF11F8012B28BF20F8023B48BF00F863
:10270000012B704702F0FF0343EA032242EA024230
:1027100000F002B84FF000020429C0F0128010F05F
:10272000030C00F01B80CCF1040CBCF1020F18BFAD
:1027300000F8012BA8BF20F8022BA1EB0C0100F040
:102740000DB85FEAC17C24BF00F8012B00F8012B13
:1027500048BF00F8012B70474FF0000200B5134648
:1027600094469646203922BFA0E80C50A0E80C50B1
:10277000B1F12001BFF4F7AF090728BFA0E80C5062
:1027800048BF0CC05DF804EB890028BF40F8042B5B
:1027900008BF704748BF20F8022B11F0804F18BFC8
:1027A00000F8012B704700004FF0013C50F8042B5B
:1027B00051F8043B9A4221D1A2EB0C03934313EA54
:1027C000CC1317D150F8042B51F8043B9A4215D181
:1027D000A2EB0C03934313EACC130BD150F8042B58
:1027E00051F8043B9A4209D1A2EB0C03934313EA3C
:1027F000CC13DBD04FF00000704700BFD01A01BAF5
:10280000B1FA81F101F0180122FA01F0CB40C1F1D7
:102810002001DBB2C0B2C01A2CFA01F3D11A9143E5
:1028200011EAC311E6D17047704770477047000046
:1028300070B5064C7C44064D7D4403E0206820447E
:102840008047241DAC42F9D170BD0000E879020038
:10285000187A020000487047447D002070B5064693
:1028600000F07EFB056806F10B0020F00704B4427F
:102870009CBF002070BD2B466A68BAB11068A042A8
:1028800010D304F1080188423CBF5068586007D358
:102890005168101941601168091B0160586014608B
:1028A000101D70BD13465268002AE7D12146284604
:1028B00000F066FB0028DED170BD70B50446051F30
:1028C00000F04EFB0068002C14BF446870BD002C63
:1028D00018BFAC423CBF20466468F8D301680A18B0
:1028E000AA4218BF456003D12A6805461144016019
:1028F00028684119A1421CBF6C6070BD61686960A5
:1029000021680844286070BD53EA020C00F0698019
:102910002DE9F04B4FF00006002B1FBFB3FA83F5F3
:1029200003FA05F424FA05F65E4012BF1643B2FA24
:1029300082F502FA05F4C5F120051EBF22FA05FC56
:1029400044EA0C04203556EA044C4FEA144418BFFC
:10295000641C4FF000084FF00009904271EB030C2B
:1029600039D3002919BFB1FA81F701FA07F6B0FA95
:1029700080F700FA07F6C7F120071EBF20FA07FC10
:1029800046EA0C062037B6FBF4FCA7EB0507103F20
:1029900007F01F0BCBF120060CFA0BFB2CFA06F606
:1029A00044BFB3460026202FA4BF5E464FF0000B65
:1029B0005BEA060C08BF4FF0010B19EB0B09ABFBF0
:1029C000027C48EB0608C01B06FB02CC0BFB03CCC9
:1029D00071EB0C01C1E70B46024641464846BDE893
:1029E000F08B13B54FF000004FF00001AFF3008003
:1029F000BDE81C40704710B500F0BAFA006810BD81
:102A000010B5044600F0B4FA046010BD2DE9F0479B
:102A10000D4699469246044600F12408016888064E
:102A200004D5E06921F01001216000E00120A842F6
:102A300001DD471B00E00027A1697A1902EB0900BC
:102A4000081AA0612078C00602D42046FFF7C4FC13
:102A5000002608E0D4E901211AF806009047206A10
:102A6000401C761C20624E45F4DB2078C0060AD557
:102A70002046FFF7B1FC06E0D4E901213020904761
:102A8000206A401C2062381EA7F10107F4DC07E031
:102A9000D4E9012118F805009047206A401C206203
:102AA000281EA5F10105F3DC2046FFF7ABFC2078DA
:102AB000000602D50220BDE8F0870120FBE7704741
:102AC0002DE9FF4F0C461E464FF0FF378BB0D2E981
:102AD0000001DDF860800A908A46C1F30A5505B905
:102AE0003D46002108464FF00000BAF1000F00F407
:102AF000400005DA00EB80004FF4400101EA50008D
:102B00004FEA9059B9F1010F00DDB9460A9850EA31
:102B10004A000ED044F61050A5F2FF3545432F145D
:102B2000B8F1000F1ED07542291E1EDDC9F100024A
:102B30001CE0B8F1010F4FF0000001D0302103E09C
:102B4000F24305E02154401CB042FBDB304600223A
:102B5000002121540B99C1F80880C1E900200FB071
:102B6000BDE8F08FBD1B6D1CDEE74A4600DA694206
:102B700006A800F0D5FA06AB93E8070003AB83E89C
:102B8000070050460A9900F0F7FB8DE80700A0F512
:102B900000501F3800900398002D09DD42F21F01FC
:102BA0004A46084403A90390684600F056FE08E030
:102BB000A0F500504A461F3803A90390684600F06C
:102BC00060FE8DE807000004000C03D04FF0FF30DA
:102BD000410800E01046B8F1000F03D00022009237
:102BE00015461EE0751E05D400F014FA3032625509
:102BF0006D1EF9D5B3460122084302D000227F1C86
:102C000004E02078302801D100227F1E002A099795
:102C100086D01DE0112D07DA00F0FCF93032625544
:102C20006D1C50EA0102F5D1084302D00098C8B1EA
:102C30000EE00021681E05E0235C625C63542254B0
:102C4000401E491C8142F7DBAB46A81B401E099081
:102C5000002004F80B000B98099AC0F80880C0E91E
:102C6000002B7CE711264FF0000859E72DE9F04FC3
:102C700088460446D21D22F0070191B0D1E9000137
:102C8000CDE90A0122F0AEF902460B98C00F01D03F
:102C90002D2007E02068810701D52B2002E02021AC
:102CA00001EAC000032A099001D0072A05DB034688
:102CB0004146204600F0F4F90BE12078800601D56A
:102CC000E06900E00620B8F1650F814606D0B8F152
:102CD000660F18D0B8F1670F70D131E00020B9F15C
:102CE000110F009001DB112301E009F101030AAA91
:102CF00001A90CA8FFF7E4FEDDE90C70002609F13C
:102D00000105834647E001204B4600904FF0004705
:102D10000AAA01A90CA8FFF7D3FEDDE90DB00C99B2
:102D20005D46002610B909F101000D18B9EB050048
:102D300003D4C0F1FF3609F10105A5EB09002BE032
:102D4000B9F1010F01DA4FF001090020B9F1110FBB
:102D50000090484601DD112300E003460AAA01A9BC
:102D60000CA8FFF7ADFEDDE90C704D46002683464A
:102D7000207800070AD4AB4500DA5D4601A8012D92
:102D800004DD411911F8011C302907D04F4502DA42
:102D900017F1040F04DA012082460FE06D1EEEE702
:102DA000002F02DCED1B3E4403E0781CA84200DD4E
:102DB0007D1CB81B00F1010A4FF000472078000786
:102DC00003D4AA4501DB4FF0FF3A0021B7F1004FD1
:102DD0000DF143088DF8431024D002202B23002F3F
:102DE00001DA7F422D230A21021EA0F1010000DC3E
:102DF0005FB197FBF1FC97FBF1F201FB1C7C1746DE
:102E00000CF1300C08F801CDEEE7A8F101000370D9
:102E10002188090501D5452100E06521A0F10108BF
:102E200000F8011C09980FA9A1EB0807FF1D00B1CC
:102E30000120411901EBEA70A1693844081A401ECB
:102E4000A0612078C00602D42046FFF7C5FA099891
:102E500028B1D4E901219047206A401C20622078E3
:102E6000C00622D52046FFF7B7FA1EE0002E04DB8D
:102E7000B34502DD01A8805D00E03020D4E90121E6
:102E80009047206A401C2062761CAAF101005FEA8C
:102E9000000A0AD100F068F8C0680168405CD4E913
:102EA00001219047206A401C2062281EA5F10105DF
:102EB000DCDC07E0D4E9012118F8010B9047206A17
:102EC000401C2062381EA7F10107F3DC2046FFF703
:102ED00099FA032011B043E601694A1C026108789F
:102EE000704700B58FB0CDE901310021059105494A
:102EF0007944CDE9031011466846FFF7C1FA0FB0D7
:102F000000BD0000E5FFFFFF0A6802F8010B0A6040
:102F1000704700002DE9F04115460E46040002D12D
:102F20002C6804B90BA4204600F078F904442078FA
:102F300070B127463146384600F060F904442078E5
:102F400010B1002004F8010B38462C60BDE8F08178
:102F50000027F9E700000000004870470C7D0020C2
:102F600000487047147D0020004870472C7D0020E9
:102F7000004870470C7D00207047704770477047CD
:102F800038B504460A4600206946AFF300800028A1
:102F900008BF38BD02460099204600F072F90120B2
:102FA00038BD012000F08DB9F8B5AFF300800546BB
:102FB00000200C46102000BF0646A819A0420DD9DB
:102FC000324669460020AFF30080070008BF00F0DA
:102FD00078F90098A04218BF0546C419FFF7C0FF52
:102FE00005600746F01D20F007004619284600F04E
:102FF0000AF8B44208BFF8BDA21B31463868BDE8E4
:10300000F84000F03EB900210160C0E901107047AE
:103010001020704730B5B0F10A024FEA900E71F1FE
:1030200000034EEA817EB0EB0E0061EB91014FEAA6
:10303000101E4EEA017E10EB0E0041EB11114FEA1B
:10304000102E4EEA016E10EB0E0041EB11214FEAFB
:10305000104E4EEA014E10EB0E0041EB11414018AC
:1030600041F100014FEAD00040EA41704FEAD1013E
:1030700010EB80054FEA810444EA907444EB0104AC
:103080006D1944EB0404521BA3414FF0000348BFE9
:103090000A3200D530BD401C41F1000130BD0000B6
:1030A0002DE9F0411F46044603260168072A01F472
:1030B000006004DB08B116A505E016A503E008B121
:1030C00015A500E015A521F010002060A069C01E24
:1030D000A0610FB1401EA0612046FFF77DF94FB1FE
:1030E000D4E9012138469047206A401C2062C01C68
:1030F000206206E0206AFAE7D4E9012115F8010B05
:103100009047761EF8D22046FFF77CF9BDE8F081A3
:103110004E414E006E616E00494E4600696E66007B
:103120002DE9F047814616468AB0334878440DC8E9
:103130008DE80D0030487844801C03AC0DC884E84D
:103140000D0041F69B300844372190FBF1F290FBD3
:10315000F1F5A5F1800501FB12041B3C02D5644288
:10316000012000E00020DFF890A080460027FA440C
:10317000AAF1BE0A0DE0E00709D03246684607EB27
:1031800047010AEB810100F07CFB8DE80700641029
:103190007F1C002CEFD1184F7F44AC3F18E0E807AC
:1031A00014D007EB04100DF1180A90E80E008AE81D
:1031B0000E00C068F04201D198190890324606A965
:1031C00003A800F05EFB03AB83E807006D10641CEE
:1031D000002DE4D132466946B8F1000F03A802D0B1
:1031E00000F03BFB01E000F04CFBC9E90001C9F82D
:1031F00008200AB0BDE8F0874469020030B50346F4
:103200001D781DB10A4603E0AC4201D1181A30BD49
:1032100012F8014B002CF7D15B1CF1E730B50346E7
:103220001D783DB10A4612F8014B1CB1AC42FAD1EF
:103230005B1CF5E7181A30BD7546FFF78DFEAE46EC
:1032400005006946534620F00700854618B020B5B2
:10325000FFF764F8BDE820404FF000064FF000078C
:103260004FF000084FF0000B21F00701AC46ACE82E
:10327000C009ACE8C009ACE8C009ACE8C0098D469B
:103280007047034640688C46002818BF88423CBF00
:1032900003464068F8D318681844884207D00CF1F8
:1032A000030020F00700001D411A521A0146081DB4
:1032B0000A60FFF702BB0446AFF300802046FEF72A
:1032C000C7FF10B500F010F8BDE8104000F007B8D7
:1032D00001491820ABBEFEE7260002007047002817
:1032E00001D0FFF7F5BF704710B5012805D00021C8
:1032F00003A000F021F8012010BD09A1F8E70000AB
:1033000053494752544D454D3A204F7574206F66CE
:103310002068656170206D656D6F72790000000036
:103320003A2048656170206D656D6F727920636F1A
:10333000727275707465640070B505460C460A209B
:1033400000E06D1C00F011F835B128780028F8D1A4
:1033500002E0641C00F009F814B120780028F8D1CC
:10336000BDE870400A20AFF3008008B569468DF8CB
:1033700000000320ABBE08BD5FEA400C08BF91F01F
:10338000000F4FEA8C234FEAC12243EA51514FEA22
:103390001C5018BF00F5F0404FEA300018BF41F054
:1033A00000415FEA6C5C00F02980BCF1FF3F08BF80
:1033B00040F080407047130C06BF12044FF0100C11
:1033C0004FF0000C130E04BF12020CF1080C130F87
:1033D00004BF12010CF1040C930F04BF92000CF116
:1033E000020CD30F04BF52000CF1010C11464FF038
:1033F0000002A0F11F00A0EB0C00704711F0004F7D
:1034000008BF704731F000413FF4D5AF0B0C06BF49
:1034100009044FF0100C4FF0000C0B0E04BF090212
:103420000CF1080C0B0F04BF09010CF1040C8B0FFD
:1034300004BF89000CF1020CCB0F04BF49000CF152
:10344000010CCCF12003A0EB0C0022FA03F302FAEA
:103450000CF241EA030100F10100704720F07F4CBB
:1034600080EA030023F07F47ACEB070303F57C53AE
:1034700000F0004003F1FF032DE980494FEA154BAE
:1034800009B44FEA144325EA0B4E24EA03480FF22D
:10349000042606EB132749083E785FEA320203FB55
:1034A0000667C7F5000707FB06F64FEA54374FEAF1
:1034B000D64606F1020607FB066CCCF1005C4FEA2B
:1034C0001C472CEA074C07FB06F40CFB06F504EB43
:1034D00015464FEA961634BF00204FF000404FEAE1
:1034E000D13706FB07FC4FEA1C4C0CFB0BF7D21B39
:1034F00003FB0CF761EB07010CFB0EF7B0EB074089
:1035000072EB17420CFB08F734BFA2EB0742B2EB99
:10351000074261EB17414FEA0C444FEA910706FB63
:1035200007FC4FEA1C4C0CFB0BF7B0EBC74072EBEF
:10353000573203FB0CF734BFA2EBC742B2EBC742D2
:1035400061EB57310CFB0EF7B0EBC70072EB577213
:103550000CFB08F734BFA2EBC702B2EBC70261EB6A
:103560005771039F4FEA816141EA921104EBCC0449
:103570004FEAD1374FEA826206FB07FC42EA90121B
:103580004FEA80604FEA1C4C0CFB0BF7D21B03FB8D
:103590000CF761EB07010CFB0EF7B0EB074072EB89
:1035A00017420CFB08F734BFA2EB0742B2EB07420D
:1035B00061EB17414FEA8C554FEA910704EB9C24CD
:1035C00006FB07FC4FEA1C4C0CFB0BF7B0EBC740AB
:1035D00072EB573203FB0CF734BFA2EBC742B2EBDE
:1035E000C74261EB57310CFB0EF7B0EBC70072EB33
:1035F00057720CFB08F734BFA2EBC702B2EBC7024D
:1036000061EB577115EB4C254FEA816141EA92114C
:103610004FEA82624FEAD13742EA901206FB07FC7A
:1036200044F100044FEA80604FEA1C4C0CFB0BF79E
:10363000D21B03FB0CF761EB07010CFB0EF7B0EBA1
:10364000074072EB17420CFB08F734BFA2EB0742AE
:10365000B2EB074261EB174115EB1C154FEA8131C4
:1036600041EA92414FEA823242EA90424FEA803088
:103670004FEA0C7644F1000448EA03434EEA0B4853
:103680004FF0000EB2EB080C71EB030724BF62464B
:1036900039464EEB0E0E4FF0000B001852414941D7
:1036A0004BEB0B0BB2EB080C71EB03077BF1000B40
:1036B00024BF624639464EEB0E0E4FF0000B001849
:1036C000524149414BEB0B0BB2EB080C71EB03077A
:1036D0007BF1000B24BF624639464EEB0E0E51EAD9
:1036E000020718BF46F0010616EB0E7655F10002F0
:1036F00054F1000103D5BDE88901BDE80088BDE8AB
:103700008901BDE80048B619524141EB0101A3F11E
:103710000103704780807F7E7D7C7B7A7978777625
:1037200076757473727171706F6E6E6D6C6C6B6A9E
:103730006A6968686766666564646363626161603C
:10374000605F5F5E5E5D5D5C5C5B5B5A5A595958B9
:103750005857575656555555545453535252525123
:10376000515050504F4F4F4E4E4D4D4D4C4C4C4B79
:103770004B4B4A4A4A4949494848484747474746C0
:1037800046464545454444444443434343424242FC
:1037900042414141002B26D4770021D01CB54FEA8D
:1037A000370703B44FF010004FF010014FF0000046
:1037B0000FBCBDE810400BF1010BBBF1010F08BFBE
:1037C0005FEA170722BF12F1010211F101014FF068
:1037D000004143F1000300F0004043EA000070475D
:1037E000F9D35708DAE746EA064613F1400F4FEAE5
:1037F00016461FDD13F1200FDFBF16430A460021D6
:1038000020335B42C8D0C3F1200746EA064602FADD
:1038100007F74FEA164646EA0706C3F1200722FAE1
:1038200003F201FA07F721FA03F14FF0000342EA2D
:103830000702B1E746EA020646EA06464FEA16469E
:1038400046EA0106BCBF46EA0646360C4FF00003C6
:103850004FF000024FF000019EE72DE9C04893466B
:1038600030B491E8380007C831EA400C48BF34EA68
:10387000430C03D5FFF7F2FDFFF78CFFF0BCBDE86A
:1038800000882DE9C048934630B491E8380007C855
:1038900010F0804F08BF13F0804F03D100F005F8FF
:1038A000FFF778FFF0BCBDE8008820F07F4780EA92
:1038B000030023F07F4C07EB0C03A3F57C5300F0CF
:1038C0000040A3F1FE0392F0000F00F0B38095F0EA
:1038D000000F00F077802DE901494FEA11404FEACF
:1038E000144621EA004800FB06FC24EA064708FBD0
:1038F00006F607FB08F800FB07F718EB06484CEB49
:10390000164C4FEA124B18EB07484FEA15464CEBA2
:10391000174022EA0B4E0BFB06FC25EA06470EFB7E
:1039200006F607FB0EFE0BFB07F71EEB064E4CEBF5
:10393000164C4FF000061EEB074E4CEB174B18EBE6
:103940000B0840F1000018EB0E0B58EB000840F19B
:1039500000008F1A4FF000013CBFC943661B14BF23
:10396000B5EB040C00213CBFC943F61B4FEA1744DA
:103970004EEA8E0E27EA04454FEA1C4704FB076215
:103980002CEA074C05FB07F70CFB05F604FB0CFCC7
:1039900016EB074642EB174216EB0C4642EB1C4275
:1039A0001BEB060658EB0202414146EA9E0601D592
:1039B000BDE80189B619524141EB0101A3F10103B0
:1039C000BDE801894FEA14454FEA114724EA05464C
:1039D00021EA074C05FB07F406FB07F70CFB06F191
:1039E00005FB0CFC11EB074144EB17444FEA12476F
:1039F00011EB0C4144EB1C4422EA074C05FB07F297
:103A000006FB07F70CFB06F605FB0CFC16EB07465E
:103A100042EB174216EB0C4642EB1C456A1854F178
:103A2000000148BF7047B619524141EB0101A3F1B3
:103A30000103704795F0000F37D04FEA11424FEA6B
:103A4000144721EA024624EA074C02FB07F106FB71
:103A500007F70CFB06F402FB0CFC14EB074441EBEC
:103A600017414FEA154714EB0C4441EB1C4125EA82
:103A7000074C02FB07F506FB07F70CFB06F602FBFB
:103A80000CFC16EB074645EB174516EB0C4645EBD1
:103A90001C42121951F1000148BF7047B61952413A
:103AA00041EB0101A3F1010370474FEA14454FEACE
:103AB000114724EA054621EA074C05FB07F106FBFE
:103AC00007F70CFB06F24FF0000605FB0CFC12EBAF
:103AD000074241EB174112EB0C4251EB1C4148BF2E
:103AE0007047921841EB0101A3F1010370470000F8
:103AF00010B50021014817F0C5F810BD3C0F00209B
:103B000010B50121014817F0BDF810BD3C0F002091
:103B100010B5024817F0E6F810BD00003C0F002079
:103B200010B50021014817F0ADF810BD540F00206A
:103B300010B50121014817F0A5F810BD540F002061
:103B400010B5024817F0CEF810BD0000540F002049
:103B500070B504460D46204621F06AFF204622F04B
:103B6000B9FF2946204621F06BFE064951F8240092
:103B7000022122F022F8034951F82400012122F009
:103B80001CF870BD7897020810B510F017FF10BD33
:103B90000146CA1701EB92729210A1EB820292B910
:103BA000642091FBF0F200FB121050B94FF4C87082
:103BB00091FBF0F200FB121008B9012070470020C1
:103BC000FCE70120FAE70020F8E7000070B50026C6
:103BD0000024002523F002FC06465548B6FBF0F40D
:103BE00054480088A04246D052490C8040F2B27539
:103BF0000EE02846FFF7CCFF30B1B4F5B77F02D313
:103C0000A4F5B77402E006E0A4F26D14681C85B256
:103C1000B4F5B67FEDD800BF474805800088474916
:103C20008880002516E044480088FFF7B1FF30B1D6
:103C3000012D04D11D2C01D31D3C09E00CE04048AE
:103C4000405DA04203D83E48405D241A00E003E0F6
:103C5000681C85B21C2CE6D200BF681C3749096875
:103C600060F3995135480160601C3449096860F37C
:103C70005541324801602E48B6FBF0F100FB11645B
:103C80004FF46160B4FBF0F12C48006861F3103030
:103C90002A4908604FF46160B4FBF0F100FB114069
:103CA0003C21B0FBF1F12548006861F38B102349FA
:103CB00008604FF46160B4FBF0F100FB11403C215F
:103CC000B0FBF1F201FB12011C48006861F3050032
:103CD0001A490860084681881A48006861F31F5035
:103CE0001849086015480068810D1648006861F39E
:103CF00013401449086011480068410C11480068DD
:103D000061F3CF200F4908600C480068010B0D4893
:103D1000006861F38A100B49086008480068810D4B
:103D20000848006861F3134006490860002070BD30
:103D3000805101009204002090040020840400209F
:103D4000309802088C0400202DE9F05F06460F46EB
:103D500090469946DDE90AAB002440F2B2708642F3
:103D600003DB40F63300864202DD0120BDE8F09F10
:103D700040F2B2750AE02846FFF70AFF10B11F486B
:103D8000044401E01E480444681C85B2B542F2DBDD
:103D9000781EC7B2002510E01A48405D40F2A3210A
:103DA000484304EBC0143046FFF7F2FE18B1012D72
:103DB00001D115480444681C85B2BD42ECDBA8F172
:103DC000010040F2A321484304EBC014C9EB4910A1
:103DD000C0EB092004EB0014CAEB0A1004EB8004CA
:103DE0005C4422F0FBFE23F01BFB204623F000FB8B
:103DF000204623F0FDFA0020B8E700000085E2012C
:103E00008033E10130980208805101001CB540F276
:103E10001B7023F093FA40F21C7023F08FFA22F00B
:103E2000DDFE142021F0D0FC45F65A2188422FD027
:103E300021F000FD4FF4006023F0DAF94FF4006048
:103E400023F0E6F94FF4807023F0A8FA40F60F0053
:103E500023F074FA23F0FEFA23F0E2FA012023F0B3
:103E6000D7FA23F0DDFA47F6FF7023F0E3FA23F0E8
:103E7000D7FA0B200090034613220C21019040F248
:103E8000E670FFF761FF45F65A21142021F0B8FCD7
:103E90001CBD000010B51848006840F0010016492C
:103EA00008600846406815490840134948600846BC
:103EB000006813490840104908600846006820F46B
:103EC00080200860084640680E4908400A4948605A
:103ED0000020C862084600680B490840064908608F
:103EE0004FF47F00886023F0DBFB084CA4F25114F0
:103EF0000748046010BD0000001002400C00FFE005
:103F0000FFFFF6FEFFFF00DFFFFFF6EA512100088A
:103F100008ED00E010B50121880723F0B0FC01286E
:103F20003BD10121800723F0A7FC1C480088401CDE
:103F30001A4908801A48006811F074F91748008877
:103F4000642190FBF1F201FB120030BB002006F06F
:103F500041F9124800884FF47A7190FBF1F201FBAD
:103F60001200D0B900200D49088006F01BF80D485A
:103F70000068401C0B49086006F060FF0BF098F8E1
:103F80000AF0D2FC00F0DAF807480078012804D1E2
:103F900006480088401C0549088010BD480D0020D7
:103FA0002C0000204C0D002062000020800000202A
:103FB00010B5024820F000FF10BD0000CC0F00201B
:103FC00010B5024820F0F8FE10BD0000E40F0020FC
:103FD00010B5024820F0F0FE10BD0000FC0F0020DC
:103FE00070B504460D46204623F04EFD2946204676
:103FF00023F0A4FC204623F0EDFD044951F82400F1
:1040000040F2053123F0AFFD70BD0000FC970208BF
:1040100010B5044640210C4822F08AFA0B4823F0E0
:104020004DFA0A4823F04FFA2146084823F06CFA6B
:1040300000BF8021054823F095FA0028F9D14021DE
:10404000014822F077FA10BD00080140003001401D
:1040500010B5044640210C4822F06CFA0B4823F0BE
:104060002DFA0A4823F02FFA2146084823F04CFA8B
:1040700000BF8021054823F075FA0028F9D14021BE
:10408000014822F057FA10BD0008014000300140FD
:1040900010B502460B460AB9002010BD13BB0C2018
:1040A00092FBF0F400FB1420C1B211B9501EC2B251
:1040B0000C210C2092FBF0F030B1012807D002282F
:1040C00008D003280CD108E041F01000E5E741F0EA
:1040D0002000E2E741F03000DFE741F04000DCE79C
:1040E000FF20DAE7012B01D11046D6E700BFD4E765
:1040F00070B503460C464FF6FF7111E013F8010B43
:10410000414000250AE001F0010020B149104AF2C7
:104110000100414000E04910681CC5B2082DF2DBE7
:104120002000A4F10104E9D11088884201D10020C7
:1041300070BD11804FF0FF30FAE70000002066E00C
:10414000C0EBC001334A02EB8101897AC1F300114F
:1041500089B3C0EBC00102EB8101897AC1F3401140
:1041600049BBC0EBC00102EB8101897AC1F3801128
:1041700009BBC0EBC00102EB8101C98800291ADD2F
:1041800000EB4001244A02EBC101897D01F00F01DF
:10419000032910D02149095C01290CD1C0EBC001D1
:1041A0001C4A02EB8101C988491EC0EBC002194BB1
:1041B00003EB8202D180C0EBC001164A02EB810101
:1041C000098B02290CDDC0EBC00102EB8101098BD8
:1041D000491EC0EBC0020F4B03EB8202118314E0B7
:1041E000C0EBC0010B4A02EB8101098B02290CD103
:1041F0000621C0EBC002074B03EB82029182012132
:10420000C0EBC00203EB82021183411CC8B222281A
:1042100096DB70471823002010780020D02600205D
:1042200030B50446B6480088C0F38510B449096823
:10423000C1F30431C1EB011100EB810504EB8400F3
:1042400000EBC400AF4901EB4000B0F90200A84206
:1042500011DC04EB840000EBC40001EB4000B0F97A
:104260000400A84207DD0020A7490870002120466D
:1042700002F0ACFF30BD04EB840000EBC400A149A8
:1042800001EB4000B0F90400A84211DC04EB84000B
:1042900000EBC40001EB4000B0F90600A84207DDC6
:1042A0000120994908700121204602F08FFFE1E7C3
:1042B00004EB840000EBC400924901EB4000B0F92C
:1042C0000600A84211DC04EB840000EBC40001EB03
:1042D0004000B0F90800A84207DD02208A490870B2
:1042E0000221204602F072FFC4E704EB840000EBD9
:1042F000C400844901EB4000B0F90800A84211DC79
:1043000004EB840000EBC40001EB4000B0F90A00AC
:10431000A84207DD03207C4908700321204602F0F3
:1043200055FFA7E704EB840000EBC400754901EBDF
:104330004000B0F90A00A84211DC04EB840000EB55
:10434000C40001EB4000B0F90C00A84207DD0420D6
:104350006D4908700421204602F038FF8AE704EB1B
:10436000840000EBC400674901EB4000B0F90C0089
:10437000A84211DC04EB840000EBC40001EB400018
:10438000B0F90E00A84207DD05205F49087005213D
:10439000204602F01BFF6DE704EB840000EBC40035
:1043A000584901EB4000B0F90E00A84211DC04EBC3
:1043B000840000EBC40001EB4000B0F91000A842FB
:1043C00007DD0620504908700621204602F0FEFE57
:1043D00050E704EB840000EBC4004A4901EB4000C5
:1043E000B0F91000A84211DC04EB840000EBC4001B
:1043F00001EB4000B0F91200A84207DD0720424956
:1044000008700721204602F0E1FE33E704EB840048
:1044100000EBC4003B4901EB4000B0F91200A84298
:1044200011DC04EB840000EBC40001EB4000B0F9A8
:104430001400A84207DD08203349087008212046EF
:1044400002F0C4FE16E704EB840000EBC4002D4923
:1044500001EB4000B0F91400A84211DC04EB840029
:1044600000EBC40001EB4000B0F91600A84207DDE4
:104470000920254908700921204602F0A7FEF9E627
:1044800004EB840000EBC4001E4901EB4000B0F9CE
:104490001600A84211DC04EB840000EBC40001EB21
:1044A0004000B0F91800A84207DD0A20164908703C
:1044B0000A21204602F08AFEDCE604EB840000EBD1
:1044C000C400104901EB4000B0F91800A84202DC1A
:1044D000B5F5B46F0ADB04EB840000EBC4000949B6
:1044E00001EB4000B0F90200A84207DD0B200649AD
:1044F00008700B21204602F069FEBBE60020B9E6F9
:104500008404002012010020420D002001463029C1
:1045100005DB392903DCA1F13000C0B27047412925
:1045200005DB5A2903DCA1F13700C0B2F6E76129A7
:1045300005DB7A2903DCA1F15700C0B2EEE70020C9
:10454000ECE7000010B50246002001239340034C25
:104550002488234003B1084610BD0000BC0C002095
:104560002DE9F05F834632480078324909680870C7
:1045700031480078012805D1304800782D49096874
:10458000487006E02C48007818B9002029490968CD
:1045900048702B48007827490968887029480078B6
:1045A00024490968C87028480078224909680871B8
:1045B00020480068441D25490968488924F08CFE7C
:1045C0000646234924F03EFD60602248008824F01E
:1045D00083FE81461D490968888924F07DFE824654
:1045E0001D4924F0C1FE80461C4924F02BFD0746DE
:1045F000494624F0B9FE0646616824F023FDA06018
:104600000C48006800F10D051549A06824F078FEFB
:1046100008D20F49A06824F0A7FE064624F024FE25
:10462000288002E04FF461502880BDE8F09F000030
:10463000C8020020B805002068020020DA0200202D
:104640006902002062000020DB020020CC02002072
:1046500000002041B00000200000704200401C46D5
:104660000000B44430B5034600221F4C2468A478EF
:104670002CB91D4C2468E4781B4D2D68AC701A4C85
:104680002468A478184D2D68ED78AC4203DD012430
:10469000154D2D68AC70002100200DE0134C245CFA
:1046A000002C07DD4C1CE1B20F4C2468A4788C422E
:1046B00000D103E0441CE0B22228EFDB00BF222837
:1046C00000D130BD0A4C246834F81040064D2D68E6
:1046D000AC80074CE46954F82040034D2D68C5F8C0
:1046E000064000BFEDE70000B8050020007C002078
:1046F000A4150020F0B589B005460E461746BDF852
:10470000200065F304000890BDF8200020F0200090
:104710000890BDF8200066F38B100890BDF82000CB
:1047200067F30F30089000240AE03D48006830F835
:104730001400BDF82010884200D105E0601CC4B20E
:1047400038480078A042F0DC00BF36480078A0422C
:1047500001D109B0F0BD0AE031480168601C31F8B0
:1047600010002F49096821F81400601CC4B22D48BC
:104770000078A042F0DC2B488078401E29498870E0
:1047800008460078401E087008468078487000206F
:104790000790BDF8200020F020002030089022492A
:1047A00003C9CDE90401BDF82000ADF816001F4A89
:1047B00007CA01AB07C301204FF4FA6301AAC10283
:1047C00000901B48006811F023FC0790BDF81C0006
:1047D00000EB4000800000F6040081B20C2304AA24
:1047E0001348006812F042FFBDF81C00401C80B264
:1047F0000790BDF81C00B0F5FA6F01DB00200790B0
:10480000022307AA40F602010948006812F02EFFB1
:104810000448807810B900200649087000BF98E766
:10482000F4020020E10C0020840400209C9802087F
:10483000A4040020190D00202DE9F04FA1B0FE487E
:10484000007810B921B0BDE8F08F0024B2E0012556
:104850000026FA480068408A05FA04F1084000B1D1
:104860000126F74830F81400C0F3C110022832D1F5
:1048700005FA04F0F3490988084058B3F04B13F8DF
:10488000143003F07F03F04FFA5CED4B33F8143033
:10489000C3F34221EA4B13F8143003F07F0303F112
:1048A0001400FFF727FFE64810F8140000F07F001F
:1048B000E649095C01208840E54B0CCB22EA000068
:1048C0000021E34A03C205FA04F0DE490988814366
:1048D000DC4801806CE0DA4830F81400C0F3C11005
:1048E000B04231D105FA04F0D649098808400028C1
:1048F0005DD1D34B13F8143003F07F03D24FFA5C31
:10490000CF4B33F81430C3F34221CD4B13F814309E
:1049100003F07F0303F114000FF048FEC84810F8BD
:10492000140000F07F00C949095C01208840C84B91
:104930000CCB1043C64A09C205FA04F0C1490988E4
:104940000843C049088032E005FA04F0BD490988EF
:10495000084060B3BA4B13F8143003F07F03BA4F2A
:10496000FA5CB74B33F81430C3F34221B44B13F85D
:10497000143003F07F0303F11400FFF7BBFEB048CF
:1049800010F8140000F07F00B049095C0120884055
:10499000AF4AD2E9003223EA00000021AC4A03C248
:1049A00005FA04F0A74909888143A648018000BFA1
:1049B000601CC4B20C2CFFF64AAF0020A549087059
:1049C000A54800680088A5490988884217DDA448E1
:1049D000006800680121084020B90222002101205E
:1049E0000FF0E4FD01229E48016803C962F3000054
:1049F0009B4A126803C20220964908701DE096483F
:104A000000680188954800880A38814215DA944880
:104A10000068006801210840012803D1022200211A
:104A2000FFF768FE00228E480068D0E9001062F3AC
:104A300000018B4A1268C2E9001000208949087001
:104A400048708870C870884800680088874909885D
:104A5000884219DD824800680078C0F3401020B910
:104A60000222002103200FF0A1FD01227C480068F2
:104A7000D0E9001062F34511794A1268C2E90010CA
:104A80000220784908701EE077480068018877485E
:104A90000088C838814216DA714800680078C0F38F
:104AA0004010012804D1022200210320FFF722FE3A
:104AB00000226B480068D0E9001062F34511684A93
:104AC0001268C2E900106848006880886749098850
:104AD000884219DD624800680078C0F3C01020B930
:104AE0000222002105200FF061FD01225C480068D0
:104AF000D0E9001062F3C711594A1268C2E90010E8
:104B00000220584988701CE057480068818857483F
:104B10000088C838814214DA514800680078C0F330
:104B2000C010012804D1022200210520FFF7E2FD78
:104B300000224B48016803C962F3C710484A126853
:104B400003C249480068408848490988884219DDFD
:104B5000434800680078C0F3801020B90222002189
:104B600004200FF023FD01223D480068D0E9001029
:104B700062F386113A4A1268C2E9001002203949EC
:104B800048701EE038480068418838480088C838B6
:104B9000814216DA324800680078C0F3801001289C
:104BA00004D1022200210420FFF7A4FD00222C489A
:104BB0000068D0E9001062F38611294A1268C2E940
:104BC000001029480068808A29490988884216DD32
:104BD000234800680088C0F3C02020B902220121C8
:104BE00006200FF0E3FC01221D480068D0E9001008
:104BF00062F3CB211A4A1268C2E9001016E0184885
:104C000000680088C0F3C020012804D102220121DD
:104C10000620FFF76FFD002211480068D0E9001060
:104C200062F3CB210E4A1268C2E900100E480068F8
:104C3000C08A0F4909881DE0DC020020A40400207E
:104C4000F8000020BC0C0020010D00200D0D0020FC
:104C5000E8020020EC0C0020CC020020C200002062
:104C6000C00C0020E40C0020F0020020BC0000205A
:104C7000BE000020884216DDFE4800680088C0F3B0
:104C8000003020B90222114606200FF08FFC0122CD
:104C9000F8480068D0E9001062F30C31F54A126858
:104CA000C2E9001016E0F34800680088C0F3003045
:104CB000012804D1022211460620FFF71BFD002225
:104CC000EC480068D0E9001062F30C31E94A126840
:104CD000C2E90010E8480068008BE849098888426A
:104CE00014DDE44800680088C0F3403020B9022297
:104CF000032106200FF05AFC0122DE48016803C997
:104D000062F34D30DB4A126803C216E0D9480068EE
:104D10000088C0F34030012804D10222032106207C
:104D2000FFF7E8FC0022D3480068D0E9001062F3E6
:104D30004D31D04A1268C2E90010D14800780028ED
:104D40007ED1D048007868B90120CE490870E020B3
:104D5000CD49C8710220CD490870082200211A20CF
:104D60000FF024FCCA4800680088CA4909888842B4
:104D700017DAC04800680078C0F3400020B90A2262
:104D8000002113200FF012FC0122BA48016803C968
:104D900062F34100B74A126803C20120BE4908709D
:104DA0001EE0BB4800680188BA4800880A3081428A
:104DB00016DDB04800680078C0F34000012804D137
:104DC0000A2200211320FFF795FC0022A948006861
:104DD000D0E9001062F34101A64A1268C2E900104E
:104DE000A44800680078C0F38000012803D10A229B
:104DF0000021FFF77FFC00229E480068D0E90010E8
:104E000062F382019B4A1268C2E900109948006867
:104E10000088C0F3C030012804D1012200210920FC
:104E2000FFF768FC002293480068D0E9001062F3A5
:104E3000CF31904A1268C2E900108E48006800E045
:104E40009BE00088C0F38030012804D102220021B9
:104E50000920FFF74FFC002286480068D0E90010C7
:104E600062F38E31834A1268C2E9001081480068FB
:104E70000088C0F30020012804D101220021032072
:104E8000FFF738FC00227B480068D0E9001062F38D
:104E90000821784A1268C2E9001076480068008844
:104EA000C0F34020012804D1012200210420FFF793
:104EB00021FC00226F48016803C962F349206D4A52
:104EC000126803C26B4800680088C0F38020012884
:104ED00004D1012200210520FFF70CFC00226548C7
:104EE000016803C962F38A20624A126803C26148FA
:104EF00000680068C0F30040012804D10022114678
:104F00000A20FFF7F7FB00225A480068D0E900109A
:104F100062F31041574A1268C2E900105548006810
:104F20000068C0F34040012804D1002211460B2044
:104F3000FFF7E0FB00224F480068D0E9001062F361
:104F400051414C4A1268C2E900104A4800680068A2
:104F5000C0F38040012804D1002211460C20FFF745
:104F6000C9FB002243480068D0E9001062F3924177
:104F7000404A1268C2E90010DFE242480078012886
:104F80000CD100203F490870082200211A20FFF7A9
:104F9000B1FB00203C49C8713C49087035480068A5
:104FA0000078C0F34000012804D10A220021132018
:104FB000FFF7A0FB00222F48016803C962F34100FC
:104FC0002C4A126803C232480068008833490988B5
:104FD000884219DA274800680078C0F3800020B9B9
:104FE0000A22002101200FF0E1FA01222148006885
:104FF000D0E9001062F382011E4A1268C2E9001073
:105000000120254908701BE02148006801882348D9
:1050100000880A30814213DD164800680078C0F32A
:105020008000012803D10A220021FFF763FB002240
:105030001048016803C962F382000E4A126803C275
:105040000D480068008841F28831884238DA1448F7
:10505000007800F00400042832D106480068006897
:10506000C0F3004020B9002211460A200FF09EFA3A
:10507000012217E0C00C0020F0020020BE0000203A
:10508000D9020020ED0C0020E40C0020EE0C0020E2
:10509000CC020020C0000020EC0C0020C201002047
:1050A00076020020F7480068D0E9001062F3104152
:1050B000F44A1268C2E900100320F349087014E0B2
:1050C000F04800680068C0F30040012804D10022C5
:1050D00011460A20FFF70EFB0022EA48016803C9C7
:1050E00062F31040E74A126803C2E848006800888B
:1050F000E7490988884225DAE24800680068C0F379
:105100000040F8B9E348007800F00400042819D101
:10511000DC4800680088C0F3002020B9012200218B
:1051200003200FF043FA0122D6480068D0E90010AE
:1051300062F30821D34A1268C2E900100120D24963
:1051400008701EE0D14800680188D1480088C83046
:10515000814216DDCB4800680088C0F3002001289A
:1051600004D1012200210320FFF7C4FA0022C54820
:105170000068D0E9001062F30821C24A1268C2E94F
:105180000010C2480068408841F2883188421FDA26
:10519000C048007800F00200022819D1B948006820
:1051A0000068C0F3404020B9002211460B200FF0E8
:1051B000FDF90122B3480068D0E9001062F35141C3
:1051C000B04A1268C2E900100320AF49487016E0E7
:1051D000AC4800680068C0F34040012804D10022B8
:1051E00011460B20FFF786FA0022A6480068D0E996
:1051F000001062F35141A34A1268C2E90010A348AB
:1052000000684088A2490988884225DA9D480068DC
:105210000068C0F34040F8B99E48007800F00200F2
:10522000022819D1974800680088C0F3402020B9AF
:105230000122002104200FF0B9F9012291480068F1
:10524000D0E9001062F349218E4A1268C2E90010C9
:1052500001208D4948701EE08C48006841888C48C8
:105260000088C830814216DD864800680088C0F397
:105270004020012804D1012200210420FFF73AFA3E
:10528000002280480068D0E9001062F349217D4A7D
:105290001268C2E900107D480068808841F28831B8
:1052A00088421CDA7B48007800F00100B8B17548EC
:1052B00000680068C0F3804020B9002211460C202D
:1052C0000FF074F901226F48016803C962F392403C
:1052D0006C4A126803C203206B49887016E0694863
:1052E00000680068C0F38040012804D10022114604
:1052F0000C20FFF7FFF9002262480068D0E9001097
:1053000062F392415F4A1268C2E900105F48006888
:1053100080885F490988884222DA5A480068006814
:10532000C0F38040E0B95B48007800F00100B8B1FC
:10533000544800680088C0F3802020B90122002171
:1053400005200FF033F901224E48016803C962F3CA
:105350008A204C4A126803C201204B4988701EE023
:105360004A48006881884A480088C830814216DD72
:10537000444800680088C0F38020012804D101223D
:1053800000210520FFF7B6F900223E480068D0E969
:10539000001062F38A213B4A1268C2E90010002023
:1053A0003949C8703B48007800F00700F0B33A482C
:1053B00000880A2190FBF1F034490968C9888842C5
:1053C00017DA02203049C8702E4800680088C0F300
:1053D000803020B90222002109200FF0E7F80122D5
:1053E0002848016803C962F38E30264A126803C256
:1053F00023E0294800880A2190FBF1F0401F23494F
:105400000968C988884218DD1E4800680088C0F312
:105410008030012804D1022200210920FFF76AF917
:10542000002218480068D0E9001000E05BE062F359
:105430008E31144A1268C2E90010184800880A2107
:1054400090FBF1F011490968C988884228DD0120E4
:105450000D49C8700B4800680088C0F3C03020B9FF
:105460000122002109200FF0A1F80122054800685F
:10547000D0E9001062F3CF31024A1268C2E900108D
:105480005BE00000C00C0020E40C0020F0020020D3
:10549000BA00002076020020C4000020C6000020D0
:1054A000FD4800880A2190FBF1F0401DFB49096886
:1054B000C988884241DCFA4800680088C0F3C030DF
:1054C000012804D1012200210920FFF713F900224D
:1054D000F3480068D0E9001062F3CF31F04A126857
:1054E000C2E9001029E0EE4800680088C0F380306F
:1054F000012804D1022200210920FFF7FBF8002235
:10550000E748016803C962F38E30E54A126803C2B6
:10551000E34800680088C0F3C030012804D10122AC
:1055200000210920FFF7E6F80022DD48016803C9E1
:1055300062F3CF30DA4A126803C20521D948006805
:105540001DF008FF07460921D64800681DF002FF3C
:1055500006460124D448007888BB00257BE0705DB6
:10556000032190FBF1F201FB1200012806D1CF4884
:10557000007800F0010008B164006AE0705D03216A
:1055800090FBF1F201FB1200022807D1C748007816
:1055900000F00200022801D164005AE0705D03218E
:1055A00090FBF1F201FB120050B9705D40B1BF48B1
:1055B000007800F00400042802D1640049E04FE0C4
:1055C000785D00F0010078B1B9480068204028B942
:1055D000681CC1B206220F200EF0E8FFB448006834
:1055E0002043B34908600EE0B1480068204028B16C
:1055F000681CC1B206220F20FFF77CF8AC48006897
:10560000A043AB490860AB4800684069204078B9C6
:10561000A9480068204028B9681CC1B207220F20A1
:105620000EF0C4FFA44800682043A34908600EE0C0
:10563000A1480068204028B1681CC1B207220F2091
:10564000FFF758F89C480068A0439B490860640035
:1056500000BF681CC5B299488078A8423FF77FAF69
:1056600097480068B0F9260096490988884219DDF4
:105670008B4800680068C0F3406038B902220021FE
:1056800010200EF093FF80208F490870012284487B
:105690000068D0E9001062F35961814A1268C2E9DA
:1056A000001021E086480068B0F92610854800887F
:1056B000A0F59670814217DA794800680068C0F357
:1056C0004060012807D1022200211020FFF712F8C4
:1056D00000207D49087000227148016803C962F307
:1056E00059606F4A126803C275480068B0F9260015
:1056F0007649098809B2884220DA71480068B0F911
:1057000026007349884219DD654800680068C0F3C7
:10571000006038B90122002110200EF047FF8020E0
:105720006949087001225E480068D0E9001062F300
:1057300018615B4A1268C2E9001024E06048006802
:10574000B0F926106148008800B200F596708142D9
:1057500019DD534800680068C0F30060012807D1D4
:10576000012200211020FEF7C5FF002056490870D5
:1057700000224B480068D0E9001062F31861484AE3
:105780001268C2E900104E480068B0F92B0010F111
:105790000F0F14DA424800680078C0F3001020B9F7
:1057A0000022114613200EF001FF01223C4801683F
:1057B00003C962F304103A4A126803C21AE040486F
:1057C0000068B0F92B00002814DB35480068007829
:1057D000C0F30010012804D1002211461320FEF767
:1057E00089FF00222E48016803C962F304102C4A85
:1057F000126803C23748007858B937480078A0B912
:105800000622002113200EF0D1FE0120324908703B
:105810000BE031480078012807D10622002113202F
:10582000FEF768FF00202C490870002000902B49EB
:10583000087056E22A4829490978405C00286EDD44
:105840000098401CC1B200912648C06823490978DD
:10585000405C00F00100F0B12048027801240025EE
:1058600020462946FCF76CFD1F4B0CCB104019401D
:10587000002358405940084350D11848007800EBA5
:1058800040001A4901EBC000C07D7B2833D00522BF
:105890000E2000992CE043E0C6000020F00200201A
:1058A000C00C0020D0020020ED0C0020E2020020FD
:1058B000F40C0020780C0020FC0C0020640C00206C
:1058C000CC020020C8000020EF0C0020CA000020FD
:1058D000ACF4FFFF58000020F10C0020BB0C0020AE
:1058E000007C0020A4150020900C002010780020DF
:1058F0000EF05CFE04E00522122000990EF056FE28
:10590000FE4802780126002730463946FCF718FD8C
:10591000FB4B0CCB10431943F94A03C23DE045E170
:10592000F64802784FF001084FF00009404649461A
:10593000FCF706FDF24B0CCB1040194000235840F9
:105940005940084329D0ED48007800EB4000ED496C
:1059500001EBC000C07D7B2805D005220E200099F8
:10596000FEF7C8FE04E0052212200099FEF7C2FEF1
:10597000E24802784FF0010A4FF0000B50465946BA
:10598000FCF7DEFC0A46C143D043DD4AD2E90032CF
:1059900019401040DA4AC2E90010DB48C068D74914
:1059A0000978405C00F04000402838D1D3480278A4
:1059B00001210020CDE9010108460199FCF7C0FC56
:1059C000D24B0CCB1040194000235840594008439B
:1059D00060D1CA48007800EB4000CA4901EBC00022
:1059E000C07D7B2805D004220E2000990EF0DEFD3C
:1059F00004E004221D2000990EF0D8FDBF48027873
:105A000001210020CDE9030108460399FCF798FC29
:105A1000BE4B0CCB10431943BC4A03C23AE0B74813
:105A2000027801210020CDE9050108460599FCF71F
:105A300087FCB64B0CCB104019400023584059400E
:105A4000084327D0AD48007800EB4000AD4901EB9A
:105A5000C000C07D7B2805D004220E200099FEF7EF
:105A600049FE04E004221D200099FEF743FEA348EE
:105A7000027801210020CDE9070108460799FCF7CB
:105A80005FFCA24AD2E9003223EA000022EA0101C7
:105A90009E4A03C29C48C06898490978405C00F05F
:105AA0000800082826D19548027801210020CDE978
:105AB000090108460999FCF743FC954B0CCB1040B3
:105AC000194000235840594008433ED109220E2076
:105AD00000990EF06BFD8948027801200021CDE984
:105AE0000B10FCF72DFC8A4B0CCB10431943884A52
:105AF00003C22AE08148027801210020CDE90D018E
:105B000008460D99FCF71CFC814B0CCB104019404A
:105B1000002358405940084317D009220E2000990D
:105B2000FEF7E8FD7548037801220021CDE90F1248
:105B30001A461098FCF704FC754AD2E9003223EAB1
:105B4000000022EA0101724A03C26F48C0686B4933
:105B50000978405C00F08000802828D167480278EE
:105B600001210020CDE9110108461199FCF7E8FB5D
:105B7000684B0CCB10401940002358405940084353
:105B800045D106220E2000990EF010FD5B480378E7
:105B900001220021CDE913121A461498FCF7D0FB1C
:105BA0005C4B0CCB104319435A4A03C22FE05348B5
:105BB000027801210020CDE9150108461599FCF76E
:105BC000BFFB544B0CCB10401940002358405940A8
:105BD00008431CD006220E200099FEF78BFD474893
:105BE000037801210022CDE917211A4608461799AA
:105BF000FCF7A6FB0A46C143D043464BD3E9002C31
:105C00001346194000EA0C00424AC2E9001042481B
:105C10003A490978405C01282BD1384802780121A3
:105C20000020CDE9190108461999FCF789FB3B4B87
:105C30000CCB1040194000235840594008434BD129
:105C40002E48027801210020CDE91B0108461B994E
:105C5000FCF776FB314B0CCB104319432F4A03C2A0
:105C600026480078401CC1B207220E200EF09EFC90
:105C700032E0294821490978405C01282CDD1F4881
:105C8000027801210020CDE91D0108461D99FCF78D
:105C900057FB224B0CCB1040194000235840594071
:105CA000084319D01548027801210020CDE91F01D1
:105CB00008461F99FCF744FB184B0CCB22EA000066
:105CC00023EA0101154A03C20C480078401CC1B206
:105CD00007220E20FEF70EFD08480078401C0749F9
:105CE0000870064800782228FFF6A4AD0C4800682A
:105CF000408C00F4807050B30A4815E0BB0C0020C3
:105D0000900C002010780020A4150020980C002092
:105D1000A00C0020A80C0020007C0020B00C00206B
:105D2000CC020020B80C0020007800F0010038B947
:105D3000042201211D200EF039FC0320AB4908701C
:105D4000AB48007840F00100A949087012E0A8486B
:105D5000007800F0010038B1042201211D20FEF777
:105D6000C9FC0020A1490870A148007800F0FE009D
:105D70009F4908709F480068408C00F4007098B1FB
:105D80009B48007800F0020038B9042202211D204F
:105D90000EF00CFC0320954948709548007840F0BF
:105DA00002009349087012E09148007800F0020068
:105DB00038B1042202211D20FEF79CFC00208B49F3
:105DC00048708B48007800F0FD00894908708948C8
:105DD000006890F8220000F0800080B184480078CC
:105DE00000F0800020B90B22012107200EF0DEFB1D
:105DF0007F48007840F080007D4908700FE07C48C3
:105E0000007800F0800020B10B2201210720FEF76E
:105E100071FC7748007800F07F007549087076487B
:105E20000078012817D17248007800F0400058B976
:105E30000722012110460EF0B9FB00206D490968C8
:105E400088836C490968C8836948007840F040003D
:105E5000674908700FE06648007800F0400020B104
:105E6000072201211046FEF745FC6148007800F04A
:105E7000BF005F49087003F00DF96048D0E90010D9
:105E80005F4B1940002041404040014303D00120B6
:105E90005C49087002E000205A490870574903C95C
:105EA00017231840002148404940084303D00120EF
:105EB0005449487002E00020524948705248006836
:105EC00052490968084052490968504A126811400D
:105ED000084318B101204B49887002E0002049496D
:105EE00088704648D0E900104FF060431940002008
:105EF00041404040014303D001204249C87002E0C4
:105F000000204049C8703D4903C94FF078621040F5
:105F1000002148404940084303D001203949087115
:105F200002E0002037490871364800783549497841
:105F300008443449897808443249C97808443149C9
:105F400009790844002803DD01202E49487102E048
:105F500000202C4948712F48007818B101202949A8
:105F6000887202E00020274988722448D0E9001096
:105F700008221140002041404040014303D001204D
:105F80002049C87202E000201E49C872002427E0A0
:105F9000214830F81400000B002818DD1E4830F8A6
:105FA00014000121C1EB10301649085C38B1C4F16E
:105FB0000D00C1B21948006810F006FD0EE0C4F1F2
:105FC0000D00C1B21548006810F0F6FC06E0C4F1FF
:105FD0000D00C1B21148006810F0EEFC601CC4B2A4
:105FE000092CD5DB00BFFEF72DBC0000B90C00204A
:105FF000B80C0020CC020020D60E0020E8020020C1
:10600000E0FF7F00D0220020F40C0020A40E00202E
:10601000FC0C0020F20C0020F8000020A40400205A
:106020002DE9F0470746884691460024A246002005
:10603000A9F80000B8F1000F1BD1012F01D0032FE8
:106040003AD12848FCF7BCFAC6B206F11600C5B230
:10605000254C29462046FCF75DFB24480168216059
:106060008088A08032461F4904F11300FCF7D3FA60
:1060700022E01F48FCF7A4FAC6B24046FCF7A0FA9B
:1060800000F0FF0A06F113005044C01CC5B2164CC4
:1060900029462046FCF73EFB1448016821608088B1
:1060A000A0803246124904F11300FCF7B4FA4146CD
:1060B00004F11300FCF7A3FA0120E0802772A4F892
:1060C000095006F1130050440219E91E2046FEF75C
:1060D0000FF80D21681E2152A9F800502046BDE896
:1060E000F0870000BF98020884190020B4980208C5
:1060F000CE9802082FE0FDF769FD1748026817489F
:1061000001681748006811F009FC1648006813F090
:1061100058FB1548007870B91248006811F07CFEF1
:106120001248007860B90120104908700D2110480C
:106130000FF0C4FC04E000220D210D480FF0B6FB67
:106140000848006814F0FAFB0648006801F040FEB9
:10615000C82021F01FFECEE7D0020020B80E00209C
:10616000780C0020DC040020C60E0020C70E0020A2
:106170007804002010B50446207E617E0844C0EB00
:10618000C000616801EB400081689F4800680930E9
:10619000814210D19D48007801280CD19A480068AE
:1061A000407A9B4908709B48006811F041FA002032
:1061B00096490870FAE0207E617E0844C0EBC0007A
:1061C000616801EB400040688F490968884219D135
:1061D000B92201218C48006806F0B2FC8B48007897
:1061E0000128E7D18C4800788C4948438C490968DC
:1061F000086389498748006811F01AFA002083492A
:106200000870D3E0207E617E0844C0EBC000616866
:1062100001EB400041687C480068C01D814217D1F5
:106220001222012178480068C01D06F089FC7748D9
:1062300000780128BED174480068C0797949087097
:106240007448006811F0F4F9002070490870ADE05E
:10625000207E617E0844C0EBC000616801EB400015
:1062600080687149884213D1642200216648006821
:10627000C01C04F0D2FD6548007801289AD16A4913
:106280006448006811F0D4F90020604908708DE07E
:10629000207E617E0844C0EBC000616801EB4000D5
:1062A00080686249884213D1642200215648006800
:1062B000401D04F0B2FD55480078012876D15B49B5
:1062C0005448006811F0B4F90020504908706DE09E
:1062D000207E617E0844C0EBC000616801EB400095
:1062E00080685349884217D1B4220021464800688B
:1062F000401C06F025FC45480078012856D142484C
:10630000006840784A4908804248006811F090F9D6
:1063100000203E49087049E0207E617E0844C0EBC1
:10632000C000616801EB400080684249884218D192
:106330004FF416720121344800680C3004F06DFDF2
:1063400032480078012831D12F48006880893949C6
:1063500008803048006811F06BF900202B49087064
:1063600024E0207E617E0844C0EBC000616801EB40
:1063700040004168244800680A30814216D16322F7
:106380000021214800680A3006F0DAFB1F48007837
:10639000012808D11C480068807A274908701D48E8
:1063A000006811F045F9002018490870207C032886
:1063B00029D0194800781449096808701C480078E9
:1063C0001149096848701B4800780F4909688870AE
:1063D000154800880C490968A1F803001348008893
:1063E00009490968A1F805000E48007806490968BE
:1063F000C871074800780449096848720E48007857
:1064000001490968887210BDB8050020D804002031
:1064100064020020A40400207302002080510100C7
:106420006800002078020020B2000020B4000020A4
:10643000B6000020B8000020B402002010B50446C9
:10644000207E617E0844C0EBC000616801EB400023
:1064500081681E4800680E3081420FD11C480078C8
:1064600001280BD100201A49087001201949087031
:106470001949164800680E3003F0F8F8207E617E56
:106480000844C0EBC000616801EB400041680F4860
:1064900000681E30814218D10D480078012814D1BF
:1064A00000200B49087002200A490870074800685C
:1064B000807F002809DD05480068807F192804DAFC
:1064C00002480068807F0549087010BDB8050020AB
:1064D000D80400208C0C00201B030020B50E0020E7
:1064E0002DE9F0410446F94800680078052803DDED
:1064F0000120F64909680870F448006840780C28C3
:1065000003DD0120F14909684870F048006800780F
:1065100018B90520ED4909680870EC480068407812
:1065200018B90C20E94909684870E8480068007803
:10653000E7490870E54800684078E6490870207E21
:10654000617E0844C0EBC000616801EB4000416817
:10655000DE480068801C814244D1DC4800688078B5
:106560000C2803DD0C20D94909688870D7480068D9
:10657000807818B90120D54909688870D348006827
:10658000C0781F2803DD1F20D0490968C870CF4894
:106590000068C07818B90120CC490968C870CE4895
:1065A000007801281ED10020CB490870C74B1B681A
:1065B000DA78C64B1B689978C44B1B681B785B1E46
:1065C000D8B201F09FF9C14800680078401E00EB86
:1065D000800202EBC000C14A02EB4001C0480068E3
:1065E00011F026F8207E617E0844C0EBC00061688F
:1065F00001EB40004168B5480068801D81425CD1D4
:10660000B24800688079182808DDB04800688079B1
:10661000802803DA1720AD4909688871AB48006803
:106620008079802803DD0020A84909688871A7487F
:106630000068C0793B2808DDA4480068807980287C
:1066400003DA3B20A1490968C871A0480068C079F5
:10665000802803DD00209D490968C8719B4D2D6885
:10666000EB799A4D2D68AA79984D2D686D786D1E3D
:10667000E9B2964D2D682D786D1EE8B202F0EAFE63
:1066800095480078012818D10020934908708F4858
:1066900000680078401E00EB800202EBC0008F4AC9
:1066A00002EB4000801C894A12685278521E00EBAF
:1066B00042018B48006810F0BBFF207E617E0844D9
:1066C000C0EBC000616801EB400081687F48006852
:1066D0000A3081422AD180480078012826D1002042
:1066E0007D490870794B1B689A7A784B1B685B78F8
:1066F0005B1ED9B2754B1B681B785B1ED8B201F0CC
:106700004FFA724800684078451E05EBD57042107C
:106710006E4800680078401E00EB400002EB40002D
:10672000704A81186E48006810F082FF207E617EFA
:106730000844C0EBC000616801EB40004168634859
:1067400000680C3081422DD163480078012829D19E
:106750000020614908705D480068808901B25B488B
:1067600000680078401E00EB40005F4A02EBC00268
:10677000564800684078401E22F8101053480068C0
:106780000078401E00EB4000574A02EBC0024F4821
:1067900000684078401E02EB40015148006810F04C
:1067A00047FF90E0207C032805D1207C03287DD181
:1067B000607E00287AD1454800680578681E00EBA5
:1067C000800101EBC000454931F8100086B200227B
:1067D0003E480168891C304601F0D6FD052D00D1E8
:1067E000002505EB850000EBC5003C4931F8106041
:1067F000701E86B2002235480168091D304601F03E
:10680000C3FD012807D00C203049096808711F20FA
:106810002E49096848712D48006845782B48006862
:106820000078401E00EB800101EBC0002B4901EB1A
:106830004000801C691E30F8110086B200222348F7
:106840000168891D304600F0DBFC0C2D00D10025CD
:106850001E4800680078401E00EB800101EBC0007C
:106860001E4901EB4000801C30F81560701E86B296
:106870000022164801680831304600F0C1FC134A76
:1068800012685278521ED1B2104A12681278521E03
:10689000D0B200F09BFC0D49096888720B48006873
:1068A0000078401E00EB40000F4900E00BE001EBD8
:1068B000C001064800684078401E31F81070034956
:1068C00009688F8100BFBDE8F0810000B805002095
:1068D000800C0020810C0020D80400201201002030
:1068E000A40400207A020020EC0100207CB50446BC
:1068F00049480078002874D1207C032828D04748D4
:10690000808847490968088044480068C0F383507C
:1069100043490968488041480068C0F34440404901
:10692000096888803D480068C0F304303C49096824
:10693000C8803A480088C0F3851039490968088141
:106940003648007800F03F0035490968488161E029
:10695000207E617E0844C0EBC000616801EB40000E
:1069600040682F490968884216D140F6320240F249
:10697000E5712B48006804F050FA0C2201212848E8
:106980000068801C04F049FA1F2201212448006895
:10699000001D04F042FA3DE0207E617E0844C0EB19
:1069A000C000616801EB400041681D480068801D1F
:1069B00081422FD11722002119480068801D04F060
:1069C0002CFA3B22002116480068083004F025FA12
:1069D0003B220021124800680A3004F01EFA19E038
:1069E000FFE70F480068807A0D490968097A0C4D65
:1069F000CDE900102D68AB79094D2D682A79084D35
:106A00002D68A978064D2D682888FDF79DF900208E
:106A1000014908707CBD0000D804002084040020D7
:106A2000B80500202DE9F041804600BF00BF314885
:106A300000688078012803DA06202E4909688870EA
:106A40002C4800688078062803DD01202949096860
:106A500088702948806827490968897830F81100CA
:106A60002449096888802448006A2249096889788D
:106A700050F821001F490968C1F806001D48006848
:106A80008078401E1D4951F820001A490968C1F854
:106A90000A00002425461848006A164909688978C2
:106AA00050F82100642100FB01F60027012008E0D6
:106AB0001149096A51F820100C1945F10005411CD3
:106AC000C8B20728F4DB00210846091BA8410ADAEE
:106AD00022462B4630463946FBF745FC064605491B
:106AE00009680E8003E00020024909680880BDE8BB
:106AF000F0810000B8050020A4150020847C00204F
:106B0000144909688978012903DA0221114A1268B7
:106B10009170104909688978022903DD01210D4A25
:106B2000126891700B4909688978012906D10A49D0
:106B300009688988074A126891800AE0054909684E
:106B40008978022905D104490968C989014A12686E
:106B500091807047B8050020CC02002070B55648DF
:106B600005785648007800287ED0554A1268C2F34E
:106B70004441534A1268C2F3835001F0CDF884B205
:106B80005048B0F90000A0420CDC4E48B0F91A00A1
:106B9000A04207DD00204C490870FDF741FB464943
:106BA000087058E04748B0F91A00A0420CDC45488C
:106BB000B0F93400A04207DD012043490870FDF719
:106BC0002FFB3D49087046E03E48B0F93400A04232
:106BD0000CDC3C48B0F94E00A04207DD02203A49E7
:106BE0000870FDF71DFB3449087034E03548B0F9F2
:106BF0004E00A0420CDC3348B0F96800A04207DD2B
:106C0000032031490870FDF70BFB2B49087022E087
:106C10002C48B0F96800A04205DCB4F5B77F09DB69
:106C2000B4F5B77F06DD2748B0F90000A04209DDC2
:106C3000012C07DB042024490870FDF7F1FA1E49F6
:106C4000087008E00520204908700C201F490870D2
:106C50000020194908701C480078052813DA1B48E1
:106C600000780C280FDA00E011E01748007800EBFC
:106C70004000174901EBC0001449097830F81100B1
:106C80001449088002E000201249088002E0002038
:106C9000094908700848007885420CD00E480570F4
:106CA00001200E49087000200D49096881F8230071
:106CB0000B490968C88070BDDA0200206802002014
:106CC0008404002012010020410D0020420D00200C
:106CD000EC0100203E0D0020430D0020440D00205B
:106CE000680000202DE9F04705460F469046002633
:106CF000EC1D0A20A0490870607801286CD105F1CC
:106D00001309484600F076F9401C10B90020BDE890
:106D1000F0879A48006808B90020F8E798A19748DA
:106D20000068FBF741FD38B90221002001F0A6FA06
:106D300095489649086019E095A190480068FBF7CE
:106D400033FD18B99448914908600FE093A18B482E
:106D50000068FBF729FD38B992488C490860022188
:106D6000002001F08BFA01E00020D0E78E48006897
:106D700008B90020CBE78D498B480068FBF714FD6C
:106D8000002801DC0020C2E78948006808B900201B
:106D9000BDE788A186480068FBF706FDA8B98748CB
:106DA00080F8008040F21640854908803A4600216C
:106DB0000120FFF735F906460020824908700120BE
:106DC000814908801FF0EEFA05E03A467F4901202C
:106DD000FFF726F90646CDE06078022803D1774810
:106DE00000780028F7DC607803285CD173480078CD
:106DF000002858DD05F213424FF4806105F11300BD
:106E0000FDF776F990BB20896F49098888421FD128
:106E100005F113016C48008802F0D2FC01206C4996
:106E200008703A4600210320FFF7FAF806460020D2
:106E300064490870A08864490988884202D11620F4
:106E40005F49088060480088401C5F49088091E0E5
:106E50005C480078401C5B490870084600780A28A6
:106E600005DD00F08BF90020307083E006E03A4643
:106E700058490320FFF7D4F806467BE051480078D4
:106E8000401C50490870084600780A2804DD00F0CC
:106E900075F9002030706DE03A464F490120FFF748
:106EA000BFF8064666E0607804284CD14348007875
:106EB000002848DD44480088401EA188884259D1F6
:106EC00041480088401E810205F113022F480068E6
:106ED000FDF70EF9B0BB1FF0D9F900203749087053
:106EE0002A4800682849884211D145F65A211520C0
:106EF0001EF086FCA18816201EF082FC00210120D5
:106F000001F0BCF901F0DCF80DF058FD32E01F484B
:106F10000068244988422DD10088304908802148E2
:106F200008302F4908602F482F4908601D48C08845
:106F30001C4908442D4908600021012001F09EF9F8
:106F400001F0BEF816E06078052813D11D480078DE
:106F5000401C1C490870084600780A2804DD00F02F
:106F60000DF90020307005E03A4621490120FFF775
:106F700057F806463046CAE6680D0020500D00203E
:106F8000436F646500000000000008085C0D0020ED
:106F900048544D4C0000000000500408466F6E74C9
:106FA0000000000000000408540D0020BB980208F7
:106FB000580D00205570677261646500610D0020F6
:106FC000640D0020660D0020620D0020219902084A
:106FD000670D002009990208E79802081C000020AC
:106FE000200000205F030408240000202800002067
:106FF000F998020870B50546002417A12846FBF74A
:10700000CDFA044614B94FF0FF3070BD14A12846E4
:10701000FBF7C4FA044615A12046FBF7B9FA14A100
:107020000020FBF7B5FA1449086011A10020FBF716
:10703000AFFA0FA10020FBF7ABFA104908600CA1D2
:107040000020FBF7A5FA0AA10020FBF7A1FA0C49E2
:1070500008600020D9E700004835324330000000C6
:10706000446174615F547970650000003A22000049
:107070003A222C2000000000500D0020540D00206A
:10708000580D0020017E427E1144C1EBC1014268CF
:1070900002EB41014A6812498A4206D11149097836
:1070A000012902D100210F4A1170017E427E114454
:1070B000C1EBC101426802EB41018A680A490968D3
:1070C0000C318A420AD107490978012906D10021E9
:1070D000044A11700121044A12685173704700007C
:1070E000680C0020D8040020B805002070B50446C4
:1070F0000E4620480078012807D10122314620465B
:10710000FFF7F0FD0546284670BD20787E280DD19A
:107110002146194816F010F910B917484069F3E7ED
:10712000154816F0A1FA14484069EDE720784D287B
:107130001DD160784E281AD1A078432817D1E07865
:107140002D2814D12079452811D160794E280ED1EF
:107150000848007838B9012231462046FFF7C2FDC1
:1071600005462846D0E7002028702846CCE70020B6
:10717000CAE70000610D0020F47C002010B508482B
:107180000078012801D11FF081F80121084601F0A3
:1071900075F800F095FF00200249087010BD00004E
:1071A000670D0020610D00200146092903DC01F173
:1071B0003000C0B270470A2905DB0F2903DC01F15A
:1071C0003700C0B2F6E70020F4E7000030B5024611
:1071D00000240A48062303FB0205084601EBD0738E
:1071E0005B10EC5C0B4601EBD3704010A1EB400050
:1071F000800044FA00F000F00F0030BD7A02002059
:1072000030B50346B3F5B46F05DB18240C700024C9
:107210004C70601E0AE03C2493FBF4F40C703C2498
:1072200093FBF4F504FB15344C700120012A04D1C2
:107230000C784D780D704C7000BF012030BD0000FF
:1072400070B503460024002018E00E4D15F81050CC
:1072500005F07F06A3F11405AE420DD1094D35F8B6
:107260001050C5F34225954206D101258540064EB2
:107270003688354005B10C46451CE8B20C28E4DBE5
:10728000204670BDF8000020BC0C002010B5002185
:10729000FF202F4A1278002A50D14CE04A1CD1B26C
:1072A0002C4A1278521C2B4B1A701A461278232A39
:1072B00001DD01221A70274A1278222A38DC254A79
:1072C0001278521EC2EBC202234B03EB82021289D8
:1072D000322A02DA1F4A10782FE01E4A1278521E14
:1072E000C2EBC2021C4B03EB8202927AC2F3400251
:1072F0000AB3184A1278521EC2EBC20203EB820292
:10730000528922F00203134A1278521EC2EBC202C3
:10731000114C04EB8202538100230E4A1278521E54
:10732000C2EBC20204EB820293800A4A107804E0A6
:10733000084A107801E02329B0DB08E0044A1278FB
:10734000222A04DC024A10780022014B1A7010BD78
:107350006D0D0020760D0020182300200AE006485D
:1073600001680648006813F01DFDFFF7F7FB642075
:1073700020F010FDF3E70000B80E002068000020A8
:1073800010B50446207E617E0844C0EBC0006168F1
:1073900001EB40008068AB4988420BD1AA480078D5
:1073A000012806D1A948006810F042F90020A6493A
:1073B000087011E1207E617E0844C0EBC000616866
:1073C00001EB40008068A24988420BD19E480078BA
:1073D0000128EED19D48006810F02AF900209A4952
:1073E0000870F9E0207E617E0844C0EBC00061684F
:1073F00001EB400080689749884214D147F230522F
:10740000002195480068001D03F007FD8E480078B4
:107410000128CED18F498D48006810F009F900206D
:1074200089490870D8E0207E617E0844C0EBC00026
:10743000616801EB400080688849884215D141F2BB
:10744000B44241F2680184480068801D03F0E5FC05
:107450007D4800780128ACD180497C48006810F054
:10746000E7F8002078490870B6E0207E617E084485
:10747000C0EBC000616801EB400080687849884239
:1074800015D141F2B44241F26801734800681230EC
:1074900003F0C3FC6C48007801288AD170496B481E
:1074A000006810F0C5F800206749087094E0207E5D
:1074B000617E0844C0EBC000616801EB4000806859
:1074C0006849884215D141F2D4724FF4AF516248F5
:1074D0000068083003F0A1FC5B48007801287BD1EC
:1074E00060495A48006810F0A3F800205649087017
:1074F00072E0207E617E0844C0EBC000616801EB51
:10750000400080685849884215D141F658324FF4FE
:107510007A61514800680A3003F07FFC4A480078DD
:10752000012859D150494948006810F081F80020DD
:107530004549087050E0207E617E0844C0EBC000E1
:10754000616801EB400080684849884215D141F2EA
:1075500088324FF47A61404800680C3003F05DFCDB
:1075600039480078012837D140493848006810F080
:107570005FF80020344908702EE0207E617E0844C8
:10758000C0EBC000616801EB400080683849884268
:107590000BD12D48007801281ED12C48006810F02E
:1075A00047F800202849087016E0207E617E0844D4
:1075B000C0EBC000616801EB400080682D49884243
:1075C0000AD121480078012806D12048006810F02F
:1075D0002FF800201C490870207C032831D019485E
:1075E00000881D4909680880194800881A490968F7
:1075F000488018480088184909688880174800881A
:1076000015490968C8801748008813490968088126
:1076100015480088104909684881144800880E49B7
:1076200009688881124800880B490968C881114897
:1076300000880949096808820948008806490968DC
:10764000488210BDBA000020D8040020A404002005
:10765000BC000020BE000020B8050020C0000020B3
:10766000C2010020C2000020C4000020C60000208B
:10767000C8000020CA00002010B5044688480078E1
:10768000082802DC8648007810B901208449087077
:10769000207E617E0844C0EBC000616801EB4000C1
:1076A00040688049096888421FD141F270724FF4E6
:1076B0007A617C48006803F0B0FB7B4800780128C1
:1076C00012D1784800210268012001F08BFE754834
:1076D0000068008875498880091D754800680FF0AA
:1076E000A7FF002070490870D9E0207E617E084421
:1076F000C0EBC000616801EB400041686948006868
:10770000801C814220D142F6E06200216548006879
:10771000801C03F082FB644800780128E4D16148B2
:107720000268921C0021022001F05CFE5D480068A6
:1077300040885E49C880891D5D4800680FF078FF69
:10774000002059490870AAE0207E617E0844C0EB01
:10775000C000616801EB4000816852480068001D6C
:10776000814229D1504800780128BDD14D48006898
:10777000007920B955204B490968087107E049484C
:1077800000680079012802D1464909680871454816
:107790000268121D0021032001F024FE4148006808
:1077A0008088424908810831414800680FF040FF55
:1077B00000203D49087072E0207E617E0844C0EBE5
:1077C000C000616801EB4000816836480068801D98
:1077D000814229D134480078012860D131480068BD
:1077E000807920B955202F490968887107E02D4814
:1077F00000688079012802D12A49096888712948DE
:107800000268921D0021042001F0ECFD254800686B
:10781000C088264948810A31254800680FF008FFD2
:107820000020214908703AE000201F4908701C48D8
:107830000078401E00EB4001C1EB40101D4901EBF8
:107840008000808A17490968088015480078401E22
:1078500000EB4001C1EB4010164901EB8000808B2A
:107860001049096848800E480078401E00EB40012E
:10787000C1EB40100F4901EB8000008B09490968FA
:10788000888007480078401E00EB4001C1EB4010A3
:10789000084901EB8000408B02490968C88010BD8F
:1078A000D60D0020B8050020D8040020E0010020FB
:1078B000A4040020E415002070B588B004460D46ED
:1078C00016461C220E4901A8FAF7EAFE0CB908B0C8
:1078D00070BD2C7200200AE001A911F81410314487
:1078E0000B5C811C05F108025354411CC8B201A96C
:1078F00001EB440149788142EEDC00BFE7E700007C
:10790000649902082DE9F04104460E461746002509
:107910003946304600F000FA0546002D03DC4FF0F2
:10792000FF30BDE8F081002C0CDD601E00EB800113
:1079300001EBC000084931F91000A84202DB4FF00A
:10794000FF30EEE704EB840000EBC400024921F8AD
:1079500010500120E5E700001201002010B5044698
:10796000207E617E0844C0EBC000616801EB4000EE
:10797000806880490968884210D17F4800780128D2
:107980000CD100207C4908707A48006800787B4957
:1079900008707B4800680FF04BFEC2E0207E617EDD
:1079A0000844C0EBC000616801EB40008168714889
:1079B0000068401C81420CD16F480078012808D132
:1079C00000206D4908706B48006840786D49087068
:1079D000A7E0207E617E0844C0EBC000616801EB37
:1079E000400080686849884213D11E220121614805
:1079F0000068801C05F0A4F85F4800780128CCD10D
:107A000000205D49087060495D4800680FF010FE75
:107A100087E0207E617E0844C0EBC000616801EB16
:107A2000400080685949884213D146220A215148B2
:107A30000068C01C05F084F84F480078012870D118
:107A400000204D49087051494D4800680FF0F0FD85
:107A500067E0207E617E0844C0EBC000616801EBF6
:107A6000400080684A49884213D15A220F21414878
:107A70000068001D05F064F83F480078012850D1E7
:107A800000203D49087042493D4800680FF0D0FD94
:107A900047E0207E617E0844C0EBC000616801EBD6
:107AA000400080683B4988421BD14822012131486F
:107AB0000068401D05F044F82F480078012830D1B7
:107AC00000202D490870334800784FF46161484325
:107AD0003149096888632F49294800680FF0A8FDDB
:107AE0001FE0207E617E0844C0EBC000616801EBAE
:107AF000400080682949884213D140F6B8323C21C1
:107B00001C480068C01D03F088F91B480078012854
:107B100007D10020184908702049194800680FF063
:107B200087FD207C032823D0144800781149096878
:107B30000870144800780F490968487012480078A6
:107B40000C4909688870114800780A490968C870AA
:107B50000F4800780749096808710E480078054900
:107B6000096848710D48008802490968A1F80700B2
:107B700010BD0000B8050020D804002067020020D6
:107B8000A4040020DD0200206E0200206F0200200D
:107B9000700200207202002068000020D200002045
:107BA000F0B50346144600200B2900DDF0BD114D51
:107BB000062606FB03520D4601EBD5767610905D46
:107BC00001EBD5767610A1EB4606B7000F26BE4036
:107BD000B04301EBD5767610A1EB4606B60004FA69
:107BE00006F60643F0B201EBD5767610905500BF4D
:107BF000DCE700007A0200202DE9FC4105460E4634
:107C00003EA00068019000204AE0BDF8001066F335
:107C100004010091BDF8001021F020010091BDF891
:107C2000001065F38B11009101A90A5CBDF80010EA
:107C300062F30F310091002400BF0AE03049096867
:107C400031F81410BDF80020914200D105E0611C0C
:107C5000CCB22C490978A142F0DC00BF294909784F
:107C6000A1421BD00AE026490A68611C32F81110B3
:107C7000234A126822F81410611CCCB221490978F9
:107C8000A142F0DC1F498978491E1E4A91701146B5
:107C90000978491E1170114689785170411CC8B28B
:107CA0000228B2DB0F2E08D1681E01218140164840
:107CB000006888431449086017E00E2E15D16A1E2B
:107CC00001274FF0000838464146FAF739FB0A46CB
:107CD000C143D0430D4B0CCB114018400B4AC2E9B5
:107CE00000100021681E0A4A11540648807810B915
:107CF000002008490870BDE8FC810000070600006C
:107D0000F4020020E10C0020A40E0020B00C0020A2
:107D1000007C0020190D00202DE9F04105460F469A
:107D2000012D01DB0C2D03DD4FF0FF30BDE8F081AC
:107D3000002400260EE00B48805D204404B20A496E
:107D40008888FBF725FF18B1012E01D1601C04B211
:107D5000701CC6B2681EB042EDDCE01904B22046C9
:107D6000E4E70000309802088404002070B505465E
:107D70000C46002605F1D6001249087004EB4400B9
:107D80001149085C0F49887004EB44000E4908440F
:107D900040780C49C87004EB44000B4908448078D3
:107DA00008494871062107480CF0A2FE0646301229
:107DB0000449C8718E710822044800681CF0BCFE9A
:107DC00070BD0000CE0D0020780D002010000020B6
:107DD00070B50546A87E00EB800105F11D0000EBA3
:107DE000410044688D48844203D12846FCF7B8FB23
:107DF0002EE08B4884420DD12846FFF743F911202D
:107E00008849087088480078012821D12846FEF763
:107E100015FB1DE08548844206D12846FFF732F95C
:107E200021208049087013E08148844203D128460C
:107E3000FEF7A0F90CE07F48844203D1284601F008
:107E4000FBFC05E07C48844202D12846FCF70AFC92
:107E50007A48844202D12846FEF7E4FD78488442FD
:107E600003D12846FEF74CFED6E07648844203D183
:107E70002846FFF773FDCFE07348844203D12846BC
:107E800002F0ECFDC8E07148844203D12846FEF7B9
:107E900027FBC1E06E48844203D1284602F0BCFCB7
:107EA000BAE06C48844203D1284604F02DFDB3E0CB
:107EB0006948844203D1284606F0B0FBACE067482D
:107EC000844203D1284606F04DFCA5E06448844274
:107ED00003D128460CF0D6FC9EE06248844203D1D0
:107EE00028460CF021FE97E05F48844203D12846E3
:107EF0000CF060FF90E05D48844203D1284601F019
:107F0000EBFE89E05A48844203D12846FEF7EEFC96
:107F100082E05848844203D12846FFF731FA7BE0DB
:107F20005548844203D1284607F03EFA74E053488E
:107F3000844203D1284605F063FD6DE05048844239
:107F400003D1284605F0D0FC66E04E48844203D1B8
:107F5000284606F0D3FD5FE04B48844203D1284613
:107F600007F008F958E04948844203D1284607F051
:107F70008BF951E04648844203D1284606F032FE90
:107F80004AE04448844203D1284602F091FA43E093
:107F90004148844203D1284601F0DCFA3CE03F48E6
:107FA000844203D1284605F099FA35E03C488442E2
:107FB00003D1284603F0A8FD2EE03A48844203D1BD
:107FC000284601F0FBFC27E03748844203D12846CD
:107FD00002F0E6FB20E03548844203D1284603F056
:107FE00045FA19E03248844203D1284606F0FAFFE8
:107FF00012E03048844203D1284606F0DDFB0BE056
:108000002D48844202D102F0FBF805E02B4884425F
:1080100002D12846FFF730FB70BD0000EC040020C1
:10802000F0040020BC050020BF020020F404002062
:108030001005002014050020FC040020000500208D
:1080400004050020300500203405002054050020E0
:108050003805002048050020400500204C05002080
:10806000E404002024050020280500201C05002031
:108070005C050020580500203C0500200C05002070
:1080800064050020680500206C05002070050020B4
:1080900074050020780500207C0500208005002064
:1080A0009005002094050020080500209805002078
:1080B0008405002044050020A4050020A805002018
:1080C0001CB500200190022301AA41F652712A48F2
:1080D00000680FF099FABDF8040045F65A2188426D
:1080E0002BD10020009002236A4641F654712248A9
:1080F00000680FF089FABDF80000052190FBF1F24D
:1081000001FB120041F656710E2202FB001084B2F0
:1081100013461A4A2146184800680FF013FBBDF8B1
:108120000000401C80B2009002236A4641F6547160
:10813000114800680FF006FB1DE045F65A2001903B
:1081400001200090022301AA41F652710A480068FA
:108150000FF0F8FA02236A4641F6547106480068A7
:108160000FF0F0FA0E23054A41F6567102480068F6
:108170000FF0E8FA00BF1CBDA40400200823002073
:108180002DE9F04104460D46164600271DB9002092
:108190002649087003E005F1D50024490870012C38
:1081A00009D1102021498870C87021480078401CEE
:1081B0001F49087025E0022C0AD110201B49887045
:1081C0001320C8701A484078401C1949487018E0BC
:1081D000032C0AD11020154988707D20C8701448DE
:1081E0008078401C124988700BE0042C09D11020C3
:1081F0000E4988707E20C8700D48C078401C0C491C
:10820000C8707078094908713078487106210748AC
:108210000CF06EFC074605498F713812C8710822B0
:10822000044800681CF088FCBDE8F081C60D002001
:10823000122700201000002070B50446049D0CB1E8
:108240000D4804600C48006808B9002070BD0A4859
:108250000068016008480068426007480068836061
:1082600005480068057300206073034800680E30FD
:10827000014E30600120E9E7600C0020B8BB3F4AA6
:1082800093883F4AB2F8032063F38F023C4BA3F874
:1082900003203A4A1268930D394A528863F38912CF
:1082A000374B5A80354A1268530C354A927863F33B
:1082B0004502334B9A70314A1268130B304AB2F8B8
:1082C000012063F308122E4BA3F801202B4A1288D9
:1082D00093092B4A128863F38B12294B1A80274A81
:1082E00012781B7862F30503254A137039E0FFE723
:1082F000012836D1214A9388214A128963F38F02DB
:108300001F4B1A811D4A1268930D1D4AB2F80720AF
:1083100063F389121A4BA3F80720184A1268530C0A
:10832000174AD27963F34502154BDA71134A126882
:10833000130B134AD28863F30812114BDA800F4AE9
:10834000128893090E4AB2F8052063F38B120C4B86
:10835000A3F80520094A12785B7962F30503084AFD
:10836000537121B9074A1288054B5A8105E001294A
:1083700003D14FF46042024B5A81704784040020BD
:1083800008230020540300202DE9F04105460C4647
:10839000164600202070B5F5B77F00DC35B90C20FB
:1083A00020701F2060704FF0FF3727E0681E85B2F5
:1083B0001CE018498888FBF7EBFB48B120780128BE
:1083C00006D11D2D03DBA5F11D0085B20BE00FE0EA
:1083D00020781149085CA84204DC2078085C281A3F
:1083E00085B200E004E02078401C20701C2DE0DA0B
:1083F00000BF2078401C2070681C6070012E04D1E2
:10840000207861782170607000BF01273846BDE890
:10841000F0810000840400203098020830B5002864
:1084200009DD0C880444944203DC0C8804440C806D
:1084300015E00A8013E0002811DA0C88044403EBED
:108440008305B4EB450F03DB0C8804440C8006E085
:1084500003EB83044FF6FF7505EA44040C8030BD3E
:1084600010B531480078002851D1304800780028F4
:1084700043D12F48007800280BDD2E4A2E4B93F96C
:108480000030D15C2D4A2E4B93F90030D05CFFF7C1
:108490006DFC2848284991F90010405C2949087072
:1084A0002948007822490978884208D0002004E051
:1084B0000021264A1154411CC8B20428F8DB204888
:1084C0000078401C40B21E490870084690F9000030
:1084D00017490978884225DB002019490870164899
:1084E0000078401C40B214490870084690F900001A
:1084F0002B2817D30020087014E00C4800780128BE
:1085000010D101F00FF807200E4908700AE010485A
:1085100002681048017804480078FFF731FE002017
:108520000149087010BD0000DF0D0020DD0D0020A6
:10853000DC0D0020930D0020020E0020BE0D002057
:10854000010E0020D90D0020DE0D00201227002092
:10855000E40D0020E00D002030B5FE480088C0F397
:108560008510FC4A1268C2F30432C2EB021200EB1F
:1085700082010020F6E300EB4002F74B03EBC2025E
:10858000928900EB4003F44C04EBC303DB891A44EB
:10859000C0EBC003F14C04EB83031A82C0EBC002B2
:1085A000234603EB8202128AB2F5B46F0CDDC0EBF6
:1085B000C00203EB8202128AA2F5B462C0EBC003D0
:1085C00004EB83031A820FE0C0EBC002E34B03EB22
:1085D0008202128AB2F5B46F06D10022C0EBC0034A
:1085E000DE4C04EB83031A8200EB4002DA4B03EB10
:1085F000C202128A00EB4003D74C04EBC3035B8A30
:108600001A44C0EBC003D54C04EB83035A82C0EB81
:10861000C002234603EB8202528AB2F5B46F0CDD2E
:10862000C0EBC00203EB8202528AA2F5B462C0EB37
:10863000C00304EB83035A820FE0C0EBC002C74BB8
:1086400003EB8202528AB2F5B46F06D10022C0EB6E
:10865000C003C24C04EB83035A82C0EBC002BF4B81
:1086600003EB8202927A02F00102002A7DD0C0EB75
:10867000C00203EB8202927D32B1C0EBC00203EB79
:108680008202927DFF2A0FD1C0EBC002B34B03EBF5
:108690008202528922F080028032C0EBC003AF4CCC
:1086A00004EB83035A81FDE3C0EBC002AB4B03EB49
:1086B0008202528922F08002C0EBC003A74C04EB77
:1086C00083035A8100EB4002A34B03EBC202927D6D
:1086D00002F00F02B2B9C0EBC002234603EB8202E4
:1086E000528922F01002C0EBC00304EB83035A81CD
:1086F00000229B4B1A54FF22C0EBC00304EB830300
:10870000DA8060E100EB4002934B03EBC202927D02
:1087100002F00F02012A4BD1924A1268B2F90020EE
:1087200000EB40038C4C04EBC303DB889A4224DA51
:10873000C0EBC002894B03EB8202927AC2F30012B3
:10874000002ADED10A22C0EBC003844C04EB830371
:10875000DA80C0EBC002234603EB8202528922F08A
:1087600010021032C0EBC00300E023E304EB8303EC
:108770005A8101227A4B1A5425E17A4A1268B2F9D9
:10878000002000EB4003744C04EBC3035B899A4266
:10879000B7DDC0EBC002714B03EB8202528922F0BD
:1087A0001002C0EBC0036D4C04EB83035A810AE155
:1087B00000EB4002684B03EBC202927D02F00F0215
:1087C000022A40D1684A1278012A2DD1C0EBC0029A
:1087D000624B03EB8202927AC2F30012002A90D11C
:1087E00000EB40025C4B03EBC2021289C2EB0212A7
:1087F0004FF6FF7303EA8202C0EBC003574C04EB51
:108800008303DA80C0EBC002234603EB8202528965
:1088100022F010021032C0EBC00304EB83035A8134
:1088200001224F4B1A54CEE0C0EBC0024B4B03EB7E
:108830008202528922F01002C0EBC003474C04EBC5
:1088400083035A81BFE000EB4002434B03EBC202BB
:10885000927D02F00F02032A5BD1434A1278012A6B
:1088600076D1C0EBC0023D4B03EB8202927AC2F399
:108870000012FAB93D4AD26952F82020C0EBC00379
:10888000364C44F82320C0EBC002234603EB82029F
:10889000528922F010021032C0EBC00304EB8303B4
:1088A0005A81C822C0EBC00304EB8303DA800122A3
:1088B0002B4B1A54C0EBC002284B53F8222000EB7C
:1088C0004003254C04EBC3039B881A44C0EBC00350
:1088D000224C54F823309A421CD9244AD26952F8C7
:1088E0002020C0EBC00354F8233000EB40041A4DA5
:1088F00005EBC404A48823449A4264D3184A125C4A
:10890000012A60D10022C0EBC003144C04EB8303A6
:10891000DA8058E0C0EBC002104B53F8222000EB85
:1089200040030D4C04EBC3039B881A44C0EBC00307
:108930000A4C54F823309A4245D80C4AD26952F86E
:108940002020C0EBC00354F8233000EB40040FE0BC
:108950002BE0000084040020107800201823002061
:10896000D0260020CC0200206C0D0020A415002091
:10897000FD4D05EBC404A48823449A4223D9FB4A45
:10898000D26952F82020C0EBC003F94C54F82330D0
:108990009A4218D2F74A125C012A14D10022C0EB85
:1089A000C00304EB8303DA800DE0C0EBC002F04BA0
:1089B00003EB8202528922F01002C0EBC003EC4CA0
:1089C00004EB83035A8100EB4002E74B03EBC20246
:1089D0009289C0EBC003E64C04EB83031B8A9A42E6
:1089E0007ED000EB4002E04B03EBC2029289C0EB69
:1089F000C00304EB83031B8A9A4233DA00EB400284
:108A0000D94B03EBC20292898A4215DC00EB40028B
:108A100003EBC202927D02F010026AB1C0EBC00209
:108A2000234603EB8202528922F020022032C0EB5F
:108A3000C00304EB83035A81C0EBC002CC4B03EBB1
:108A40008202128A8A4274DCC0EBC00203EB82020B
:108A5000528922F02002C0EBC003C54C04EB830313
:108A60005A8166E000EB4002BF4B03EBC2029289E1
:108A7000C0EBC003BE4C04EB83031B8A9A4258DD53
:108A800000EB4002B84B03EBC20292898A4209DD37
:108A900000291FDBC0EBC002234603EB8202128ACF
:108AA0008A4217DD00EB4002AF4B03EBC202927D1E
:108AB00002F0100272B1C0EBC002AD4B03EB8202B8
:108AC000528922F020022032C0EBC003A84C04EBF4
:108AD00083035A81C0EBC002A54B03EB820200E086
:108AE00019E0128A8A4224DC00EB40029E4B03EB21
:108AF000C20292898A421CDDC0EBC0029C4B03EB90
:108B00008202528922F02002C0EBC003984C04EB91
:108B100083035A810DE0C0EBC002954B03EB820248
:108B2000528922F02002C0EBC003914C04EB830376
:108B30005A8100EB40028C4B03EBC202128AC0EB5D
:108B4000C0038B4C04EB83035B8A9A427DD08A4A34
:108B50001278012A7AD100EB4002834B03EBC20268
:108B6000128AC0EBC00304EB83035B8A9A4233DAB8
:108B700000EB40027C4B03EBC202128A8A4215DCF6
:108B800000EB400203EBC202927D02F020026AB1C8
:108B9000C0EBC002234603EB8202528922F040025E
:108BA0004032C0EBC00304EB83035A81C0EBC00228
:108BB0006F4B03EB8202528A8A420CDCC0EBC0028C
:108BC00003EB8202528922F04002C0EBC003684CE2
:108BD00004EB83035A8176E000EB4002624B03EB27
:108BE000C202128AC0EBC003614C04EB83035B8AB0
:108BF0009A4268DD00EB40025B4B03EBC202128A33
:108C00008A4209DD00291FDBC0EBC002234603EBCB
:108C10008202528A8A4217DD00EB4002524B03EB7C
:108C2000C202927D02F0200272B1C0EBC002504B32
:108C300003EB8202528922F040024032C0EBC003B3
:108C40004B4C04EB83035A8101E02EE01EE0C0EBA5
:108C5000C002474B03EB8202528A8A4233DC00EBAC
:108C60004002414B03EBC202128A8A422BDDC0EB69
:108C7000C0023F4B03EB8202528922F04002C0EB5C
:108C8000C0033B4C04EB83035A811CE0C0EBC002E1
:108C9000374B03EB8202528922F04002C0EBC00343
:108CA000334C04EB83035A810DE0C0EBC002304B20
:108CB00003EB8202528922F04002C0EBC0032C4C2D
:108CC00004EB83035A81C0EBC002294B03EB820201
:108CD0005289C2F30022002A7ED1C0EBC00203EB0E
:108CE0008202D288EABBC0EBC00203EB8202528947
:108CF00022F008020832C0EBC0031D4C04EB8303D2
:108D00005A81C0EBC002234603EB8202528922F053
:108D10000402121DC0EBC00304EB83035A81C0EBB5
:108D2000C002234603EB8202528922F4807202F5CC
:108D30008072C0EBC00304EB83035A81C0EBC00216
:108D4000234603EB8202528922F4805202F58052BC
:108D5000C0EBC00304EB83035A81C0EBC00223467F
:108D60000CE028E049E1000010780020A415002064
:108D700018230020D02600206C0D002003EB820277
:108D8000528922F4006202F50062C0EBC00304EBDA
:108D900083035A81C0EBC002234603EB8202D288D0
:108DA0002AB9FF22C0EBC00304EB8303DA80002260
:108DB000944B1A541EE1C0EBC002934B03EB8202AA
:108DC000927AC2F3401252B9C0EBC00203EB8202A6
:108DD000927AC2F3801200E03DE0002AEAD0C0EBB4
:108DE000C002894B03EB8202528922F0080208324A
:108DF000C0EBC003844C04EB83035A81C0EBC00278
:108E0000234603EB8202528922F00402121DC0EBBA
:108E1000C00304EB83035A81C0EBC002234603EB7B
:108E20008202528922F4807202F58072C0EBC00384
:108E300004EB83035A81C0EBC002234603EB82029A
:108E4000528922F4006202F50062C0EBC00304EB19
:108E500083035A81CEE0C0EBC0026B4B03EB82026E
:108E60005289C2F30022002A78D0C0EBC00203EB83
:108E700082025289C2F38032002A6FD1C0EBC00255
:108E800003EB82025289D20B002A67D100EB400229
:108E90005E4B03EBC202927D02F00F02012A1ED14B
:108EA0005B4A00E0A7E01268B2F9002000EB400343
:108EB000564C04EBC3035B899A4210DDC0EBC00241
:108EC000514B03EB8202927AC2F340123AB9C0EBE3
:108ED000C00203EB8202927AC2F38012EAB300EB83
:108EE00040024A4B03EBC202927D02F00F02012ABC
:108EF0001FD0474A1268B2F9002000EB4003434CF0
:108F000004EBC3035B899A4213DDC0EBC0023E4B06
:108F100003EB8202927AC2F3401252B9C0EBC00254
:108F200003EB8202927AC2F3801212B9394A1278A4
:108F30009AB1C0EBC002344B03EB82025289C2F3F8
:108F400000325AB9C0EBC00203EB8202927AC2F33C
:108F500040121AB9C0EBC00201E006E044E003EBA6
:108F60008202927AC2F38012F2BBC0EBC002264B9F
:108F700003EB8202528922F00802C0EBC003224CAC
:108F800004EB83035A81C0EBC002234603EB820249
:108F9000528922F00402121DC0EBC00304EB8303CC
:108FA0005A81C0EBC002234603EB8202528922F4AD
:108FB0008072C0EBC00304EB83035A81C0EBC00294
:108FC000234603EB8202528922F48052C0EBC00395
:108FD00004EB83035A81C0EBC002234603EB8202F9
:108FE000528922F4006200E004E0C0EBC00304EB0D
:108FF00083035A8100BF421CD0B22228FFF6BBAACD
:1090000030BD0000D026002018230020107800205A
:10901000CC0200206C0D00202DE9F04F028843881F
:1090200049F637664FF6FF7A0AEA86140F88B1F8D8
:1090300002C0B1F80480B1F80690002523E008EBE7
:10904000021A02EB040B8AEA0B0A09EB621B8AEA9A
:109050000B0AA3EB0A0A1FFA8AF307EB031A03EBC6
:10906000040B8AEA0B0A0CEB631B8AEA0B0AA2EBDD
:109070000A0A1FFA8AF2A4EB060A1FFA8AF405F11B
:10908000010A1FFA8AF5402DD9DB02804380BDE832
:10909000F08F000030B58DB0CE4A07CA0AAB07C3C7
:1090A000CC4A0C32D2E900109268CDE9080207914F
:1090B0001822C849183101A8F9F7F2FA002483E10F
:1090C00000257FE004EB4400C0EB4410C24901EBF3
:1090D0008000B0F8720001A931F81510084080BB7B
:1090E00004EB4400C0EB4410BB4901EB8000B0F836
:1090F000700001A931F81510084001A931F81510C8
:1091000088425DD107AB5A5D631CD9B20AAB585D8A
:109110000BF04CFA04EB4400C0EB4410AE4901EBF9
:109120008000B0F8720001A931F81510084304EB73
:109130004401C1EB4411A84A02EB8101A1F872007D
:109140003EE0FFE704EB4400C0EB4410A24901EB12
:109150008000B0F8720001A931F81510084001A98B
:1091600031F8151088422BD104EB4400C0EB4410B9
:10917000994901EB8000B0F8700001A931F8151091
:109180000840E8B907AB5A5D631CD9B20AAB585D19
:10919000FBF7B0FA04EB4400C0EB44108E4901EB3E
:1091A0008000B0F8720001A931F81510884304EB73
:1091B0004401C1EB4411884A02EB8101A1F872001D
:1091C000681CC5B20B2DFFF67DAF04EB4400C0EB6D
:1091D0004410814901EB8000B0F8720000F40050A7
:1091E000A8BB04EB4400C0EB441001EB8000B0F8D6
:1091F000640000EBC00101EB001078490988B1EB75
:10920000800F61DA04EB4400C0EB4410724901EBBB
:109210008000407C012857DD601CC1B20222102072
:109220000BF0C4F904EB4400C0EB44106A4901EBB5
:109230008000B0F8720040F4005004EB4401C1EB30
:109240004411654A02EB8101A1F872003CE0FFE79E
:1092500004EB4400C0EB44105F4901EB8000B0F820
:10926000720000F40050B0F5005F2DD15B4800881B
:10927000A0F5967004EB4401C1EB4411564A02EB91
:109280008101B1F8641001EBC10202EB0111B0EBF6
:10929000810F19DD601CC1B202221020FBF72AFAEF
:1092A00004EB4400C0EB44104B4901EB8000B0F8E4
:1092B000720020F4005004EB4401C1EB4411464A13
:1092C00002EB8101A1F8720004EB4400C0EB4410F2
:1092D000414901EB8000B0F8720000F48040A8BB67
:1092E00004EB4400C0EB441001EB8000B0F86600D2
:1092F00000EBC00101EB001039490988B1EB800F88
:1093000060DD04EB4400C0EB4410334901EB800006
:10931000407C012856DD601CC1B2012210200BF0F8
:1093200045F904EB4400C0EB44102B4901EB8000ED
:10933000B0F8720040F4804004EB4401C1EB4411EA
:10934000254A02EB8101A1F872003BE0FFE704EB44
:109350004400C0EB4410204901EB8000B0F87200DB
:1093600000F48040B0F5804F2CD104EB4400C0EBFA
:10937000441001EB8000B0F8660000EBC00101EB87
:1093800000111748008800F59670B0EB810F19DACC
:10939000601CC1B201221020FBF7ACF904EB4400C1
:1093A000C0EB44100C4901EB8000B0F8720020F4CF
:1093B000804004EB4401C1EB4411074A02EB8101F8
:1093C000A1F87200601CC4B2082CFFF679AE0DB093
:1093D00030BD000034990208E4150020C8000020C8
:1093E000CA00002030B5174B1870174B19700128B0
:1093F00006D11388154CA380231D154C23601BE058
:10940000022806D11388114CE380A31D104C236061
:1094100012E0032807D113880C4C238104F10803C0
:109420000B4C236008E0042806D11388074C6381A5
:1094300004F10A03064C23600024431E034DEC5440
:1094400030BD0000DF0D0020E00D002012270020BD
:10945000E40D0020F0B50446182A02DD4FF0FF307D
:10946000F0BD3B2B02DD4FF0FF30F9E7182A00D1A9
:109470000023C2EB021003EB800500290FDD04EB93
:10948000840000EBC4000C4E06EB4000801C4E1E16
:1094900030F91600A84202DB4FF0FF30E0E72EB2B1
:1094A00004EB840000EBC400034F07EB4000801C7A
:1094B00020F811600120D3E7120100201448007841
:1094C000FA2804DA12480078401C11490870104844
:1094D0000078F92804D100200E4908700E49086070
:1094E000002011E00D49095C002905DD0B49095CEC
:1094F000491E0A4A115406E00849095C19B90021BD
:10950000074A22F81010401C0328EBDB70470000CC
:10951000800E0020810E0020880E0020B10E002059
:109520009C7C002010B5072108480078FEF71EFC3F
:1095300006480078401C054908700846007808284D
:1095400003DB002008700249087010BD000E0020E7
:10955000DD0D002070B504463C480078092806DD82
:109560003A4800780B2802DA00203849087037485A
:109570004078092806DD354840780B2802DA0020BB
:109580003249487031488078092806DD2F488078B4
:109590000B2802DA00202D4988702C48C078092851
:1095A00006DD2A48C0780B2802DA00202749C87057
:1095B00027480078012847D100BF264800784FF49B
:1095C0007A7148432349497801EBC10202EB01114A
:1095D00000EB81001F49897801EB810100EB41001C
:1095E0001C49C978084485B21B480088854203D0CD
:1095F0001A480088854223D14FF4617018490880C9
:1096000016480088854202D1022016490870164883
:109610000068A8B11448006806F09EF980B11248AD
:109620000168A07E00EB800204F11D0000EB420007
:1096300041600D48006800220168204611F094F84E
:1096400000200349087000BF70BD0000D404002052
:10965000D8040020D00400205A0C00205C0C00200C
:1096600008030020820C0020CC0400202DE9FE43DA
:1096700004460E4600200290009001900F2581467E
:10968000804600271CE0042F0BDAE05D0C21A1EBE3
:1096900087018840BDF80810084380B2ADF8080083
:1096A0000CE0E15D381F0C22A2EB800001FA00F013
:1096B000BDF80A10084380B2ADF80A00781C47B222
:1096C000082FE0DB14E0705D302802DB705D392884
:1096D0000BDD705D612802DB705D7A2805DD705D51
:1096E000412803DB705D5A2800DC03E0681E45B2A8
:1096F000002DE8DA00BF15E0705DFAF707FF08EB10
:10970000C80100EB8108B8F5803F09D31FFA88F043
:109710002DF819004FEA184809F101004FFA80F9B5
:10972000681E45B2002D02DBB9F1040FE4DB694687
:1097300002A8FFF771FCBDF8080000132070BDF807
:109740000800C0F303206070BDF80800C0F30310E8
:10975000A070BDF8080000F00F00E070BDF80A002E
:1097600000132071BDF80A00C0F303206071BDF83A
:109770000A00C0F30310A071BDF80A0000F00F004A
:10978000E071002207E0A05CFDF70EFD02F1080188
:109790006054501CC2B2082AF5DB04F10800BDE891
:1097A000FE83000010B540F203601DF0C7FDC0232A
:1097B0000322142101481CF0C4FE10BD000C01401E
:1097C00070B504460E461A4800681A4988420FD3FD
:1097D000601EC11700EB91718910A0EB8101A9B93E
:1097E000611E134A126802EB81201CF065FD0DE03A
:1097F000601E00EBD0714910A0EB410131B9611E30
:109800000B4A126802EB81201CF056FD00250CE08B
:10981000621E074B1B6803EB822202EB850056F8A1
:1098200025101CF0E1FD681C85B2FF2DF0DD70BD38
:109830005C0D00200000080810B50446207E617E03
:109840000844C0EBC000616801EB400080685249E9
:109850000968884210D15148007801280CD14E483F
:10986000006800784E4908704E4800680DF0E0FE30
:1098700000204A49087076E0207E617E0844C0EBF3
:10988000C000616801EB4000416843480068401C2B
:1098900081421FD1B92201213F480068401C03F0DA
:1098A0004FF93E48007801285DD13B480068407878
:1098B0003D490870084600783C4948433C490968DE
:1098C00048633949374800680DF0B2FE002033493B
:1098D000087048E0207E617E0844C0EBC0006168EB
:1098E00001EB400041682C480068801C814217D180
:1098F0001222012128480068801C03F021F9274822
:10990000007801282FD12448006880782949087000
:10991000244800680DF08CFE00202049087022E0E9
:10992000207E617E0844C0EBC000616801EB40000E
:10993000416819480068C01C814214D141F2883244
:109940004FF4965114480068C01C01F066FA1348A1
:109950000078012807D11849124800680DF068FE08
:1099600000200E490870207C032814D00C48007891
:109970000949096808700C48007807490968487067
:109980000C4800780449096888700B48008802492F
:109990000968A1F8030010BDB8050020D804002014
:1099A00065020020A4040020740200208051010000
:1099B0006800002079020020AC00002070B5044649
:1099C000207E617E0844C0EBC000616801EB40006E
:1099D0008168BB480068C01C81424CD1B9480078FE
:1099E000012848D10020B7490870B74890F8EE0325
:1099F00000F0F001B44880F8EE1390F8EE03B0499F
:109A00000968C9780843B04981F8EE03012201F2E0
:109A1000EE31AE4800680CF05FFB0C20AC490870DA
:109A2000002522E005EB4500A74901EBC000C07D01
:109A30007B2818D1A24800680078223000EB400053
:109A400001EBC000807D05EB45019F4A02EBC1019F
:109A5000887505EB450002EBC000811D01229B4883
:109A600000680CF039FB681CC5B2222DDADB5220ED
:109A700098490870FFE0207E617E0844C0EBC0007A
:109A8000616801EB400041688D480068C01D81425B
:109A900045D141F2B4424FF47A6189480068C01D53
:109AA00001F0BBF9874800780128E3D100208549FF
:109AB000087083480068B0F807108348A0F8DE13E8
:109AC000022200F2DE31814800680CF005FB042020
:109AD0007F49087000251CE005EB45007A4901EB41
:109AE000C000C07D7B2812D10846B0F8DE0305EB2C
:109AF0004501754A02EBC101C88005EB450002EB48
:109B0000C000811D0222714800680CF0E5FA681C53
:109B1000C5B2222DE0DB52206E490870ABE0207EFA
:109B2000617E0844C0EBC000616801EB4000416801
:109B300063480068093081424AD1624800780128B0
:109B400046D141F2B4424FF47A615D480068093071
:109B500001F063F95B48007801288BD10020594956
:109B6000087057480068B0F809105748A0F8E21389
:109B7000022200F2E231554800680CF0ADFA0620EE
:109B80005349087000251DE005EB45004E4901EBE7
:109B9000C000C07D7B2813D10846B0F8E20305EB76
:109BA0004501494A02EBC101488105EB450002EB42
:109BB000C00000F10A010222444800680CF08CFA4F
:109BC000681CC5B2222DDFDB52204249087052E0EA
:109BD000207E617E0844C0EBC000616801EB40005C
:109BE0004168374800681130814244D14FF4B46273
:109BF000012133480068113001F00FF93148007835
:109C0000012838D100202F4908702D480068B0F88D
:109C100011102D48A0F8E013022200F578712B48AE
:109C200000680CF059FA05202949087000251DE04C
:109C300005EB4500244901EBC000C07D7B2813D112
:109C40000846B0F8E00305EB45011F4A02EBC101ED
:109C5000088105EB450002EBC00000F1080102227B
:109C60001A4800680CF038FA681CC5B2222DDFDBF8
:109C7000522018490870207C03281FD0124890F801
:109C8000EE0300F003000E490968C8700E48B0F8F2
:109C9000DE030B490968A1F807000B48B0F8E2039E
:109CA00007490968A1F809000748B0F8E00304492A
:109CB0000968A1F8110000200249087070BD000079
:109CC000B8050020D804002010780020A40400204B
:109CD000580E0020590E002070B50446A94DAA4820
:109CE00000684078042803DD0020A749096848700F
:109CF000207E617E0844C0EBC000616801EB40003B
:109D00008168A1480068401C81422DD19F4800789D
:109D1000012829D19C48006841789B480068007858
:109D2000401E9B4A02EBC000407861F30710964941
:109D300009680978491E02EBC10148709248006821
:109D40000078401E02EBC001924800680DF070FCE4
:109D50008D48006800789049087002208F4908708B
:109D600000208A490870B8E0207E617E0844C0EB7C
:109D7000C000616801EB4000416883480068801CB6
:109D8000814234D1804800680078401E35F81000C8
:109D9000323802B24FF47A617B480068801C01F0CF
:109DA0003CF87A4800780128DDD17748006841887E
:109DB000754800680078401E754A02EBC000C180FB
:109DC000714800680078401E02EBC000811D714898
:109DD00000680DF02DFC6C48006800786E49087032
:109DE00002206E49087000206849087075E0207EE6
:109DF000617E0844C0EBC000616801EB400041682F
:109E000061480068001D81422DD14FF461520A2142
:109E10005D480068001D01F000F85C4800780128EA
:109E20005BD1594800688188574800680078401E17
:109E30005B4A02EBC0008180534800680078401EF6
:109E400002EBC000011D534800680DF0F1FB4E48C5
:109E500000680078504908700220504908700020BE
:109E60004A49087039E0207E617E0844C0EBC0009A
:109E7000616801EB40004168434800680D30814251
:109E80002BD1414800680078401E414A02EBC000D7
:109E9000C088323001B241F218523B4800680D30A0
:109EA00000F0BBFF39480078012816D13648006819
:109EB000B0F80D10344800680078401E25F81010E6
:109EC000314800680078401E05EB400131480068C9
:109ED0000DF0AEFB00202D490870207C03280FD127
:109EE000207E617E0844C0EBC000616801EB400049
:109EF000406825490968884242D1207C03283FD127
:109F0000214800680078032803DB01201E49096806
:109F100008701D480068007818B902201A490968BD
:109F20000870194800680078401E194901EBC0000C
:109F3000407800091449096848701348006800789F
:109F4000401E134901EBC000C0880F4909684880D2
:109F50000D4800680078401E114901EBC000808860
:109F6000094909688880084800680078401E35F86B
:109F7000100005490968A1F80D0000200349087088
:109F800070BD0000BC010020B8050020D8040020EE
:109F900094010020A4040020890C0020880C0020DB
:109FA000A401002010B504466F4890F90000002875
:109FB00005DD6D480078401E40B26B4908706A4864
:109FC000007848B901206949087003206849087081
:109FD000FF206549087006E063480078052802D133
:109FE00001206449087064480078002804DD624854
:109FF0000078401E604908706048006811F0AEFAB1
:10A00000FCF7ACFD5E480078012803D100205C49D4
:10A01000087002E001205A4908705A480078012867
:10A0200008D159480078002804DD57480078401EC0
:10A030005549087055480088002804DD53480088B9
:10A04000401E5249088052480078002804DD5048DC
:10A050000078401E4E4908704D48007828B94D4898
:10A060000078012801D1FDF789F84B4800780028D5
:10A0700004DD49480078401E474908704748007889
:10A08000002804DD45480078401E4449087004F06B
:10A09000C7FC43480088002804DD41480088401E72
:10A0A0003F4908803E48008810B900203D490870AB
:10A0B0003D480078022803D03B480078032804D1AB
:10A0C0003A480068401C394908603748007818B1A0
:10A0D00035480078012804D135480068401C3449CF
:10A0E0000860344890F90000002805DD3148007808
:10A0F000401E40B22F4908702F4890F900000028F8
:10A1000005DD2D480078401E40B22B4908702B48D1
:10A110000078002804DD29480078401E274908708F
:10A120002648007830B93C20244908700120244991
:10A13000087006E0214800781E2802D1012021493C
:10A14000087000202049087020480068401C1F4902
:10A1500008601F480078012804DD1D480078401E73
:10A160001B49087010BD0000D70E0020DC02002043
:10A17000880C00209E0E0020C902002068000020EC
:10A18000000D00205A0000205B0000205C00002031
:10A19000680D0020610D0020C60E0020C70E0020B3
:10A1A00008030020820C0020C8020020CC0E0020F2
:10A1B000D00E0020B40E00206D0C0020D40E002024
:10A1C000440D0020D50E00205D0300206003002018
:10A1D000D60E002010B50446064800680CF0FCFBC3
:10A1E00005480068401C04490860002003490870C5
:10A1F00010BD0000A4040020D80E00205E03002043
:10A2000092480078082802DC9048007810B90120B4
:10A210008E4908708D480078401E00EB4001C1EB6C
:10A2200040108B4901EB8000008B552804D10020A1
:10A230008849096848820FE084480078401E00EB96
:10A240004001C1EB4010824901EB8000008B0128E6
:10A2500002D18049096848827C480078401E00EBA2
:10A260004001C1EB40107A4901EB8000408B55283A
:10A2700004D100207749096888820FE0734800788C
:10A28000401E00EB4001C1EB4010714901EB800022
:10A29000408B012802D16F49096888826B48007899
:10A2A000401E00EB4001C1EB4010694901EB80000A
:10A2B000007C68490968887664480078401E00EB95
:10A2C0004001C1EB4010624901EB8000007C0E2888
:10A2D00003DD0F205F49096888765C480078401EDE
:10A2E00000EB4001C1EB4010594931F820005949B9
:10A2F0000968088055480078401E00EB4001C1EB1A
:10A300004010534901EB8000408852490968488059
:10A310004E480078401E00EB4001C1EB40104C4914
:10A3200001EB8000C0884B49096888804748007865
:10A33000401E00EB4001C1EB4010454901EB80009D
:10A34000007C44490968C88040480078401E00EB02
:10A350004001C1EB40103E4901EB8000B0F86400C1
:10A360003C490968088139480078401E00EB4001EB
:10A37000C1EB4010364901EB8000C08935490968BE
:10A38000488132480078401E00EB4001C1EB40108C
:10A390002F4901EB800000892E49096888812B48EC
:10A3A0000078401E00EB4001C1EB4010284901EB52
:10A3B0008000408927490968C88124480078401EE8
:10A3C00000EB4001C1EB4010214901EB8000808986
:10A3D0002049096808821D480078401E00EB4001B2
:10A3E000C1EB40101A4901EB8000C08A1949096885
:10A3F000C88216480078401E00EB4001C1EB4010B7
:10A40000134901EB8000C08B1249096808830F488B
:10A410000078401E00EB4001C1EB40100C4901EBFD
:10A420008000B0F842000B4909688883074800782B
:10A43000401E00EB4001C1EB4010054901EB8000DC
:10A44000B0F8400003490968C8837047D60D002062
:10A45000E4150020B805002030B502460B46012A5D
:10A4600001DB022A00DD30BD022B00DDFBE700210D
:10A47000002017E00D4C14F8104004F07F04092C64
:10A480000ED102290CDA4C1C944207D1074C34F847
:10A49000104063F3C814054D25F810404C1CE1B280
:10A4A000441CE0B20C28E5DB00BFDCE7F80000202C
:10A4B0002DE9F04F8FB0814600200E908948046846
:10A4C0002088618888427DD002230EAA41F652710D
:10A4D000854800680DF098F8BDF8380045F65A2117
:10A4E00088426FD100200890022308AA41F65471D7
:10A4F0007D4800680DF088F82088BDF8201088425B
:10A5000002DDBDF820002080208801B2BDF82000C7
:10A51000001F814203DABDF82000001F2080208840
:10A52000002875DD2088401E052190FBF1F201FB1B
:10A53000120041F656710E2202FB001085B213463E
:10A5400009AA2946684800680DF05EF8BDF82700A2
:10A550008008644909688880BDF82600C0F383102C
:10A560006049096888719DF82600C0F344005D4980
:10A570000968C871BDF82500C0F30410594909687D
:10A580000872BDF82400C0F3851056490968487266
:10A590009DF8240000F03F00524909688872BDF818
:10A5A000270080084F490968A1F80B00BDF82B006F
:10A5B000C0F383104B490968487309A8C079C0F3F8
:10A5C000440000E08BE0474909688873BDF82A0021
:10A5D000C0F3041043490968C873BDF82900C0F3EB
:10A5E00085104049096808749DF8290000F03F0073
:10A5F0003C490968487420886080BDF82E00B0F599
:10A60000604F06D139A1374800681230F7F7D0FE05
:10A6100064E02088BDF82010884223D136480088A5
:10A620001EF05AFE834635491EF00CFD82461EF090
:10A630006FFC05460E46BDF82E001EF04DFE83460B
:10A640002E491EF0FFFC82461EF062FC07463A4689
:10A650000B462BA12348CDE9005600681230F7F7CE
:10A66000A7FE3BE02088BDF82010884236DA20881B
:10A67000052190FBF1F201FB120041F656710E220A
:10A6800002FB001085B2134603AA2946164800684B
:10A690000CF0BAFFBDF816001EF01EFE83461749E7
:10A6A0001EF0D0FC82461EF033FC05460E46BDF877
:10A6B0002E001EF011FE834610491EF0C3FC824698
:10A6C0001EF026FC07463A460B460DA10548CDE98B
:10A6D000005600681230F7F76BFE00BF00BF0FB0E6
:10A6E000BDE8F08FB8050020A4040020C9FDBCB669
:10A6F000CAA7B0DC00000000540300200000C842DC
:10A70000BEC93A25342E326620D0C23A25342E32C4
:10A7100066000000034B1870034B1970034B1A605E
:10A7200070470000DF0D0020E00D0020E40D002048
:10A730002DE9F04704460D4617461E46DDE9088917
:10A740004FF0080A1448817D2846F9F7A1FC2070D3
:10A7500067703012A070E6704FEA2820207184F8EC
:10A760000580B9F1010F14D14FF00B0A0220A0713E
:10A770000020E071681EC0EBC000084901EB8000BA
:10A78000807AC0F3C00010B13320207201E0AA200B
:10A7900020725046BDE8F087842100201823002055
:10A7A0001B4909684FF47A72B1FBF2F1194A126839
:10A7B0001160174949684FF47A72B1FBF2F1154AFA
:10A7C00012685160124989684FF47A72B1FBF2F154
:10A7D000104A126891600E49C9684FF47A72B1FB51
:10A7E000F2F10C4A1268D160094909694FF47A7292
:10A7F000B1FBF2F1074A12681161054949694FF44A
:10A800007A72B1FBF2F1034A12685161704700009D
:10A810003C7C0020B805002010B50446207E617EF7
:10A820000844C0EBC000616801EB400080688149CA
:10A830000968884210D18048007801280CD17D48F1
:10A84000006800787D4908707D4800680CF0F0FED3
:10A85000002079490870C7E0207E617E0844C0EB83
:10A86000C000616801EB400080687649884235D1BC
:10A8700042F2107201216F480068401C00F0CDFACE
:10A880006D4800780128E6D16E480088032190FBCE
:10A89000F1F06D4908806B480088032190FBF1F0CE
:10A8A0006A49088067480088032190FBF1F06849F5
:10A8B00008806549624800680CF0BAFE6349604848
:10A8C00000680CF0B5FE62495D4800680CF0B0FE0F
:10A8D0000020604908705849087085E0207E617E3C
:10A8E0000844C0EBC000616801EB40008068564935
:10A8F000884220D142F2107201214E480068C01CEB
:10A9000000F08BFA4C48007801286DD14E494C4834
:10A9100000680CF08DFE00204E4908704649087012
:10A920004948008849490988084449490988084430
:10A930004449088058E0207E617E0844C0EBC00096
:10A94000616801EB400080684049884220D142F2B2
:10A950001072012137480068401D00F05EFA364849
:10A960000078012840D13949354800680CF060FE74
:10A97000002038490870304908703348008833494E
:10A98000098808443249098808442E4908802BE088
:10A99000207E617E0844C0EBC000616801EB40008E
:10A9A00080682B4988421FD142F210720121214850
:10A9B0000068C01D00F031FA1F480078012813D14B
:10A9C00023491F4800680CF033FE0020214908701D
:10A9D000194908701C4800881C49098808441C490A
:10A9E0000988084417490880207C032821D013488F
:10A9F0000078104909680870124800880D490968F4
:10AA0000A1F80100104800880A490968A1F803006C
:10AA10000E48008807490968A1F805000C4800881D
:10AA200004490968A1F807000B4800780149096842
:10AA3000C87210BDB8050020D804002069020020AB
:10AA4000A404002078030020E4000020E600002099
:10AA5000E80000206C0000207602002038B5044693
:10AA6000207E617E0844C0EBC000616801EB4000BD
:10AA70008068CB49096888421CD1CA4800780128FF
:10AA800018D10020C7490870C54800680078C64939
:10AA900008700846007838B9012000906A46002105
:10AAA0000320FEF79FFC00BFBF49C04800680CF0C0
:10AAB000BFFD37E1207E617E0844C0EBC0006168C5
:10AAC00001EB40008068BA49884215D141F25042FA
:10AAD00041F26801B2480068401C00F09EF9B1489C
:10AAE00000780128E5D10020AE490870B049AF4890
:10AAF00000680CF09DFD15E1207E617E0844C0EBEE
:10AB0000C000616801EB40008068AA49884214D106
:10AB100042F210720021A2480068C01C00F07DF9CA
:10AB2000A04800780128C4D100209E490870A1499E
:10AB30009E4800680CF07CFDF4E0207E617E0844B5
:10AB4000C0EBC000616801EB400080689A49884210
:10AB500014D142F21072002191480068401D00F0AB
:10AB60005CF9904800780128A3D100208D49087035
:10AB700091498E4800680CF05BFDD3E0207E617E39
:10AB80000844C0EBC000616801EB400080688B495D
:10AB9000884216D142F210728748008801B280487C
:10ABA0000068C01D00F039F97E4800780128A2D164
:10ABB00000207C49087081497C4800680CF038FD11
:10ABC000B0E0207E617E0844C0EBC000616801EB0C
:10ABD000400080687A4988420CD172480078012888
:10ABE00089D100206F4908707549704800680CF0E1
:10ABF0001FFD97E0207E617E0844C0EBC0006168C5
:10AC000001EB400080686F4988420CD165480078AC
:10AC1000012807D10020634908706A496348006829
:10AC20000CF006FD7EE0207E617E0844C0EBC00093
:10AC3000616801EB40008168634881420FD1594847
:10AC4000007801286ED10020564908705E495748A7
:10AC500000680CF0EDFC01205C49087062E0207E89
:10AC6000617E0844C0EBC000616801EB4000816870
:10AC70005548001F814210D14A480078012851D11F
:10AC80000020484908705049091F484800680CF0E6
:10AC9000CFFC01204D49087044E0207E617E0844CD
:10ACA000C0EBC000616801EB400081684648801F2E
:10ACB000814210D13B480078012833D10020394926
:10ACC00008704149891F394800680CF0B1FC012027
:10ACD0003E49087026E0207E617E0844C0EBC0003B
:10ACE000616801EB400081683748801E814219D1BC
:10ACF0002C480078012815D100202A4908703248D4
:10AD00000838C088304908390880284800680CF0A5
:10AD10008FFC2D49891E254800680CF089FC012014
:10AD20002A490870207C032838D01F4800781C4925
:10AD3000096808701E48008819490968A1F80100CF
:10AD40001C48008816490968A1F803001A480088C1
:10AD500013490968A1F805001848008810490968D6
:10AD6000A1F807001848083800890D490968A1F8BA
:10AD70000D0015480838808809490968A1F80F00B6
:10AD800011480838408806490968A1F811000E48A2
:10AD90000838C08802490968A1F8130038BD0000CE
:10ADA000B8050020D804002068020020A404002078
:10ADB000D6000020D8000020F2000020E200002091
:10ADC000DE000020E0000020CE010020440D002025
:10ADD00002460B460021BBB902F0F001102901D157
:10ADE00000210CE0202901D10C2108E0302901D1FB
:10ADF000182104E0402901D1242100E0302102F093
:10AE00000F000844C1B202E0012B00D111462229F3
:10AE100001DD002070470846FCE70346B3F9000057
:10AE2000904202DD1A8001207047B3F90000884289
:10AE300002DA19800220F7E70020F5E700203DE064
:10AE4000C0EBC001234A02EB8101098932290CDAE7
:10AE5000C0EBC00102EB81010989491CC0EBC002B3
:10AE60001C4B03EB820211810DE0C0EBC001194ABB
:10AE700002EB8101498921F00101C0EBC002154BB1
:10AE800003EB820251811449095C012905DD124955
:10AE9000095C491E104A11540EE00F49095C012952
:10AEA0000AD100210D4A926911540C4A126822F805
:10AEB00010100A4AD2681154411CC8B22228BFDBC4
:10AEC00007480078002804DD05480078401E044942
:10AED0000870704718230020007C0020A415002073
:10AEE0002E0D0020FCB504460D46FE48807D00284E
:10AEF0007BD1601EC0EBC000FB4901EB8000808A63
:10AF000000284ED1601EC0EBC00001EB8000807AAB
:10AF1000C0F38000B8BB601EC0EBC00001EB800036
:10AF2000C07EA8B90121601EC0EBC000EE4A02EB52
:10AF30008000C1760020102141F604031622CDE9DD
:10AF4000001021462846FFF7F3FB06463046FCBDBD
:10AF50003020E6490870222048700021601EC0EBB6
:10AF6000C000E14A02EB8000C1760020012143F2DB
:10AF700022030322CDE9001021462846FFF7D8FB23
:10AF800006463046E3E7FFE7012000904FF44053C8
:10AF90001022214601902846FFF7CAFB064630469C
:10AFA000D5E7601EC0EBC000CF4901EB8000808A6E
:10AFB00001281BD13020CD490870052048700020A1
:10AFC000012143F205030322CDE900102146284662
:10AFD000FFF7AEFB06460021601EC0EBC000C24A70
:10AFE00002EB800081823046B1E729E1601EC0EBB0
:10AFF000C000BD4901EB8000808A022828D10321CE
:10B00000601EC0EBC000B84A02EB800081820020C5
:10B01000012143F205031022CDE900102146284604
:10B02000FFF786FB06460220A871601E00EB400079
:10B03000AF4901EBC000808A00EB80004FF6FF7142
:10B0400001EA40073812E8712F720B2630467EE77E
:10B05000601EC0EBC000A44901EB8000808A032879
:10B0600028D10021601EC0EBC0009F4A02EB800087
:10B0700081820020012143F202031022CDE9001059
:10B0800021462846FFF754FB06460220A871601EA1
:10B0900000EB4000964901EBC000808A00EB800085
:10B0A0004FF6FF7101EA40073812E8712F720B2644
:10B0B00030464CE7601EC0EBC0008B4901EB8000BE
:10B0C000808A052827D10021601EC0EBC000864A77
:10B0D00002EB800081820020012141F60A03102248
:10B0E000CDE9001021462846FFF722FB0646042042
:10B0F000A8718048C078E8717E48807828727D48C1
:10B10000407868727B480078A8720D260020794943
:10B11000086030461BE7601EC0EBC000724901EBBF
:10B120008000808A062823D10020022141F62503D1
:10B130001022CDE9001021462846FFF7F9FA06460D
:10B140000420A8710020E87128726872A8720D2688
:10B150000021601EC0EBC000634A02EB80008182C8
:10B16000601EC0EBC00002EB800081763046EEE648
:10B17000601EC0EBC0005C4901EB8000808A07289C
:10B1800022D10021601EC0EBC000574A02EB8000B4
:10B1900081820020012143F222031022CDE9001018
:10B1A00021462846FFF7C4FA06460220A871601E11
:10B1B000C0EBC0004C4901EB8000C07DE87100206D
:10B1C00028720B263046C2E6601EC0EBC00046491E
:10B1D00001EB8000808A082827D10021601EC0EB87
:10B1E000C000414A02EB800081820020012141F62B
:10B1F0000C031022CDE9001021462846FFF798FAEB
:10B2000006460420A8713B48C078E8713948807828
:10B21000287238484078687236480078A8720D263F
:10B22000002034490860304691E6601EC0EBC00043
:10B230002D4901EB8000808AFF287CD1002086E622
:10B240002848807D0128F8D1601EC0EBC000264947
:10B2500001EB8000808A58BB601EC0EBC00001EB90
:10B260008000807AC0F38000A8B90121601EC0EB85
:10B27000C0001D4A02EB8000C1760020102141F67B
:10B2800004031622CDE9001021462846FFF750FAA4
:10B29000064630465BE6012000904FF440531022F2
:10B2A000214601902846FFF743FA064630464EE60F
:10B2B000601EC0EBC0000C4901EB8000808A0128B1
:10B2C00025D1302009490870042048700020012150
:10B2D00043F204030322CDE9001021462846FFF77C
:10B2E00027FA09E08421002018230020740D002093
:10B2F00010780020700D002006460021601EC0EB73
:10B30000C000574A02EB8000818230461FE6601E73
:10B31000C0EBC000524901EB8000808A022828D18E
:10B320000021601EC0EBC0004D4A02EB800081820C
:10B330000020012100E091E043F204031022CDE956
:10B34000001021462846FFF7F3F906460220A871AF
:10B35000601E00EB4000434901EBC000808A0A21D7
:10B3600090FBF1F087B23812E8712F720B2630464D
:10B37000EDE5601EC0EBC000394901EB8000808A1A
:10B38000052827D10021601EC0EBC000344A02EB23
:10B39000800081820020022141F6AC031022CDE919
:10B3A000001021462846FFF7C3F906460420A8717D
:10B3B0002D48C078E8712C48807828722A48407857
:10B3C000687229480078A8720D2600202649086076
:10B3D0003046BCE5601EC0EBC000214901EB800097
:10B3E000808A072830D10021601EC0EBC0001C4AB3
:10B3F00002EB80008182002001214FF44053102293
:10B40000CDE9001021462846FFF792F906460220B2
:10B41000A8710020E871601EC0EBC000104901EB6C
:10B420008000C07D012802D1EE20287209E0601E54
:10B43000C0EBC0000A4901EB8000C07D08B9FF20C5
:10B4400028720B26304682E50021601EC0EBC0004A
:10B45000034A02EB80008182002078E500BF76E598
:10B460001823002010780020700D002010B504462D
:10B47000207E617E0844C0EBC000616801EB4000A3
:10B480004068FD49096888422FD1FC4800780128AE
:10B490002BD10020F9490870F9480078FF2823D003
:10B4A0000020F749097801EB4101F64A02EBC1019E
:10B4B000C875FF20F24908700020F3490860F3487E
:10B4C0000078002804DDF1480078401EEF4908703C
:10B4D0000623EB4A4FF42051ED4800680AF04BFD7B
:10B4E0000020E54909680870FDE2207E617E08447D
:10B4F000C0EBC000616801EB40004168DE480068B5
:10B50000401C81422FD1DD48007801282BD100203A
:10B51000DA490870DA484078FF28E5D00020D84999
:10B52000497801EB4101D74A02EBC101C875FF2000
:10B53000D34948700020D4494860D4480078002896
:10B5400004DDD2480078401ED04908700623CC4A5A
:10B550004FF42051CE4800680AF00DFD0020C64986
:10B5600009684870BFE2207E617E0844C0EBC000DD
:10B57000616801EB40004168BF480068801C81425F
:10B580002FD1BE48007801282BD10020BB4908707C
:10B59000BB488078FF28A7D00020B949897801EB03
:10B5A0004101B84A02EBC101C875FF20B449887057
:10B5B0000020B5498860B5480078002804DDB3480C
:10B5C0000078401EB14908700623AD4A4FF420515F
:10B5D000AF4800680AF0CFFC0020A74909688870CE
:10B5E00081E2207E617E0844C0EBC000616801EB0F
:10B5F00040004168A0480068C01C81422FD19F488C
:10B60000007801282BD100209C4908709C48C07804
:10B61000FF28A7D000209A49C97801EB4101994A37
:10B6200002EBC101C875FF209549C87000209649FA
:10B63000C86096480078002804DD94480078401ED1
:10B640009249087006238E4A4FF4205190480068B2
:10B650000AF091FC002088490968C87043E2207E06
:10B66000617E0844C0EBC000616801EB40004168A6
:10B6700081480068001D81422FD180480078012850
:10B680002BD100207D4908707D480079FF28A7D084
:10B6900000207B49097901EB41017A4A02EBC101A3
:10B6A000C875FF20764908710020774908617748FE
:10B6B0000078002804DD75480078401E7349087042
:10B6C00006236F4A4FF42051714800680AF053FC7A
:10B6D000002069490968087105E2207E617E0844FE
:10B6E000C0EBC000616801EB40004168624800683F
:10B6F000401D81422FD16148007801282BD10020C4
:10B700005E4908705E484079FF28A7D000205C4958
:10B71000497901EB41015B4A02EBC101C875FF2089
:10B720005749487100205849486158480078002816
:10B7300004DD56480078401E544908700623504ADC
:10B740004FF42051524800680AF015FC00204A4985
:10B7500009684871C7E1207E617E0844C0EBC000E3
:10B76000616801EB4000416843480068801D8142E8
:10B7700039D142480078012835D14FF4FA520021DE
:10B780003D480068801DFFF748FB3C4800780128D1
:10B79000A2D13E480078002821DD37480068C088E3
:10B7A0003C4908803A4800680BF042FF00203A49C3
:10B7B000088000BF0DE03249095C222907DA3549CB
:10B7C00031F81010344A12881144334A1180411C58
:10B7D000C8B20628EFDB3148006809F00FFC0020F2
:10B7E000264908707FE1207E617E0844C0EBC000DE
:10B7F000616801EB400041681F48006808308142E1
:10B800004ED11E48007801284AD14FF4FA52002147
:10B81000194800680830FFF700FB18480078012835
:10B8200098D11A480078002822DD13480068008962
:10B8300018494880891C164800680BF0F9FE002062
:10B840001549088000BF0DE00D49095C222907DA7F
:10B85000104931F81010104A128811440E4A118014
:10B86000411CC8B20628EFDB0C48006809F0C6FB93
:10B8700000200249087036E1B8050020D8040020F5
:10B88000920E002010780020CC150020820E00209F
:10B89000A4040020D0010020B00000201C0D0020D6
:10B8A000207E617E0844C0EBC000616801EB40006F
:10B8B00041688D4800680A3081423AD18B4800784F
:10B8C000012836D14FF4FA520021874800680A3027
:10B8D000FFF7A3FA854800780128CCD18448007886
:10B8E000002822DD80480068408982498880091D3F
:10B8F000814800680BF09CFE00208049088000BF52
:10B900000DE07F49095C222907DA7A4931F81010E5
:10B910007A4A12881144794A1180411CC8B206281B
:10B92000EFDB7848006809F069FB00206F49087078
:10B93000D9E0207E617E0844C0EBC000616801EB65
:10B9400040004168684800680C3081423AD167483D
:10B950000078012836D14FF4FA520021624800687D
:10B960000C30FFF75AFA614800780128E0D16048AE
:10B970000078002822DD5C48006880895D49C88025
:10B98000891D5D4800680BF053FE00205B4908806C
:10B9900000BF0DE05A49095C222907DA554931F800
:10B9A0001010564A12881144544A1180411CC8B2E2
:10B9B0000628EFDB5348006809F020FB00204B49C4
:10B9C000087090E0207E617E0844C0EBC000616892
:10B9D00001EB40004168444800680E3081423AD192
:10B9E00042480078012836D14FF4FA5200213E48EF
:10B9F00000680E30FFF711FA3C480078012872D138
:10BA00003B480078002822DD37480068C089394962
:10BA100008810831384800680BF00AFE00203749D9
:10BA2000088000BF0DE03649095C222907DA314958
:10BA300031F81010314A12881144304A1180411CEB
:10BA4000C8B20628EFDB2F48006809F0D7FA0020BB
:10BA50002649087047E0207E617E0844C0EBC000A4
:10BA6000616801EB400041681F4800681030814266
:10BA700039D11E480078012835D14FF4FA520021FF
:10BA8000194800681030FFF7C8F9184800780128F5
:10BA900029D117480078002822DD13480068008A61
:10BAA000144948810A31144800680BF0C1FD002098
:10BAB0001249088000BF0DE01149095C222907DA0C
:10BAC0000C4931F810100D4A128811440B4A1180AC
:10BAD000411CC8B20628EFDB0A48006809F08EFA5C
:10BAE00000200249087010BDB8050020D8040020CD
:10BAF000820E0020D0010020A4040020B00000200D
:10BB0000920E00201C0D0020FEB5054600240027E3
:10BB1000FE4800680078FD4909684978884206DDDA
:10BB2000FA4800684078F94909680870FEBD0024A9
:10BB30000DE0F748005D002807DD781CC7B2F34828
:10BB400000680078B84200D103E0601CC4B2222C27
:10BB5000EFDB00BF222C04D10020EC4909680870FB
:10BB6000E4E7601CE94909688870EA488069005D7B
:10BB7000E649096881F82000E4480068C07FE3498D
:10BB800009680978884205D1E048006890F82200E9
:10BB900001287DD10020DD49096881F8220004EBED
:10BBA0004400DD4901EBC000807D00F00300D7496F
:10BBB0000968C87004EB4400D74901EBC000C07DA0
:10BBC00000F00F00D1490968087104EB4400D24924
:10BBD00001EBC000808ACD490968A1F8050004EB9B
:10BBE0004400CD4901EBC000C088C8490968A1F8EC
:10BBF000070004EB4400C84901EBC0004089C34979
:10BC00000968A1F80900C4EBC400C44901EB800035
:10BC1000807D20B90020BD490968C87217E0C4EBD7
:10BC2000C400BE4901EB8000807D012803D1B749E3
:10BC30000968C8720BE0C4EBC400B84901EB80008E
:10BC4000807DFF2803D10020B0490968C87204EB49
:10BC50004400B14901EBC0000089AC490968A1F872
:10BC6000110004EB4400AC4901EBC0008088A749F7
:10BC70000968A1F8130004EB4400A74901EBC000D8
:10BC800080893C2190FBF1F0A0490968887500E0AB
:10BC9000A3E004EB4400A04901EBC00080893C21F3
:10BCA00090FBF1F201FB120098490968C87504EB9A
:10BCB0004400994901EBC000C0893C2190FBF1F0A0
:10BCC00092490968087604EB4400934901EBC000EF
:10BCD000C0893C2190FBF1F201FB12008B490968FD
:10BCE000487604EB44008C4901EBC000008A3C21FB
:10BCF00090FBF1F085490968C87604EB4400864959
:10BD000001EBC000008A3C2190FBF1F201FB120024
:10BD10007E490968087704EB44007F4901EBC000C5
:10BD2000408A3C2190FBF1F078490968487704EBA0
:10BD30004400794901EBC000408A3C2190FBF1F2BC
:10BD400001FB120071490968887704EB44007249CD
:10BD500001EBC000807DC0F381006C49096881F867
:10BD6000210004EB44006C4901EBC000807D00F031
:10BD7000100020B1012065490968487503E00020E2
:10BD800062490968487504EB4400634901EBC0004F
:10BD9000807D00F0200020B101205C490968887690
:10BDA00003E00020594909688876C4EBC4005B4968
:10BDB00001EB8000007B5549096881F82300554854
:10BDC000C06950F824005149096848620120C4EB59
:10BDD000C401524A02EB81018882601C50490870FC
:10BDE0004A480068007849490968C8774DA2D2E9F5
:10BDF00000109268CDE901020091287E697E084416
:10BE0000C0EBC000696801EB400081683F480068F2
:10BE1000C01C814235D146480078012831D100202C
:10BE20004349087004EB44003B4901EBC000807DAE
:10BE300000F0F00004EB4401374A02EBC1018875C1
:10BE400004EB4400114601EBC000807D2F490968D6
:10BE5000C978084304EB440102EBC10188750C204A
:10BE60003449087051203449087004EB440002EB57
:10BE7000C00000F116010122304800680AF02CF9D8
:10BE800082E1287E697E0844C0EBC000696801EB4E
:10BE9000400081681D4800681530814256D1244811
:10BEA0000078012852D10020214908701748006805
:10BEB000407D01280ED104EB4400174901EBC0007E
:10BEC000807D40F0100004EB4401134A02EBC101F5
:10BED00088750DE004EB44000F4901EBC000807D44
:10BEE00000F0EF0004EB44010B4A02EBC10188753E
:10BEF0000C201049087051200F49087004EB4400D1
:10BF0000054A02EBC00000F1160119E0B805002057
:10BF1000007C0020A41500201078002018230020A9
:10BF20005A0E002000010102020303040406050763
:10BF3000D8040020580E0020590E0020A404002030
:10BF40000122FC4800680AF0C7F899E7287E697E5C
:10BF50000844C0EBC000696801EB40008168F64806
:10BF600000681A3081423BD1F4480078012837D16B
:10BF70000020F2490870F0480068807E01280ED148
:10BF800004EB4400EE4901EBC000807D40F020004E
:10BF900004EB4401EA4A02EBC10188750DE004EBB1
:10BFA0004400E74901EBC000807D00F0DF0004EBB6
:10BFB0004401E34A02EBC10188750C20E149087095
:10BFC0005120E149087004EB4400DD4A02EBC00057
:10BFD00000F116010122D74800680AF07DF84FE70A
:10BFE000287E697E0844C0EBC000696801EB400010
:10BFF0008168D1480068001D814278D1CF4800781F
:10C000000128FAD10020CD49087004EB4400CC4946
:10C0100001EBC000C07D7B2824D1C74800680079AF
:10C020000B281FD0002012E0C849095CA1420CD1A6
:10C030000021C74A42F82010FF21C44A1154C549C3
:10C040000978491EC34A117003E0411CC8B2062892
:10C05000EADB0623BD4A4FF42051B648006809F0D8
:10C060008AFF4EE004EB4400B54901EBC000C07DFF
:10C070007B2846D0B048006800790B2841D1B648EB
:10C080008069005D02280AD004EB440001EBC00087
:10C09000C07D00F00F00A8490968087146E5002638
:10C0A00014E0AA48805DFF280ED1AB48006800EB81
:10C0B0004400A74941F82600A4488455A5480078C3
:10C0C000401CA449087003E0701CC6B2062EE8DBD1
:10C0D00000BF062E0CD104EB4400994901EBC000CF
:10C0E000C07D00F00F009449096808711EE54CE01E
:10C0F0000623964A4FF420518E48006809F03BFF12
:10C1000000BF8D48006800798B49096809791DF8DE
:10C11000011040EA011004EB4401894A02EBC1011D
:10C12000C87501208749087051208749087004EBC1
:10C130004400114601EBC000C07D7B2824D004EBF5
:10C14000440002EBC00000F11701012279480068A9
:10C1500009F0C2FF04EB4400794901EBC000C0883C
:10C160007E49488004EB4400754901EBC000C07D66
:10C170007A490870601C7A4908700820C4EBC40131
:10C18000784A02EB81018882A7E3287E697E084411
:10C19000C0EBC000696801EB400041686648006878
:10C1A000401D814234D14FF4FA6200216248006898
:10C1B000401DFEF732FE614800780128E4D10020DE
:10C1C0005E4908705C480068B0F8050004EB440163
:10C1D0005B4A02EBC10188820B205A49087051204A
:10C1E0005949087004EB440002EBC00000F114014F
:10C1F00002225048006809F06FFF0220C4EBC4011E
:10C20000584A02EB81018882601C5549087064E33A
:10C21000287E697E0844C0EBC000696801EB4000DD
:10C22000416845480068C01D814244D141F2B44292
:10C230004FF47A6140480068C01DFEF7EEFD3F48AC
:10C2400000780128A0D100203C4908703A480068D5
:10C25000B0F8070004EB4401394A02EBC101C88081
:10C2600004203849087051203749087004EB440015
:10C2700002EBC000811D02222E48006809F02CFF4D
:10C2800004EB44002E4901EBC000C08833494880CC
:10C2900004EB44002A4901EBC000C07D2F4908701F
:10C2A000601C2F4908700820C4EBC4012D4A02EB22
:10C2B0008101888211E3287E697E0844C0EBC000BA
:10C2C000696801EB400041681B4800680930814201
:10C2D0004AD11A480078012846D141F285624FF4CC
:10C2E0007A61154800680930FEF797FD1348007819
:10C2F00001288CD10020114908700F480068B0F85F
:10C30000090004EB44010E4A02EBC10148810620FA
:10C310000C49087051200C49087004EB440002EBF2
:10C32000C00000F10A0102220248006809F0D4FEB0
:10C33000D3E20000A4040020B8050020D8040020A7
:10C3400010780020580E0020590E0020920E002078
:10C35000CC150020820E0020A4150020700D0020B6
:10C360006D0D002018230020287E697E0844C0EB54
:10C37000C000696801EB40008168FE4800680B302E
:10C3800081427DD1FC480078012893D10020FA49F0
:10C390000870F8480068C07AB8BB40F26C7104EBD2
:10C3A0004400F64A52F8300061F31F5004EB440198
:10C3B00042F8310004EB4400114651F8300020F4FB
:10C3C000702000F5803004EB440142F8310004EBAA
:10C3D0004400114651F8300020F4784000F5006028
:10C3E00004EB440142F831000020C4EBC401E44AEC
:10C3F00002EB8101C8750720C4EBC40102EB810187
:10C400008882601CDF4908703EE0FFE7D948006879
:10C41000C07A012838D140F6340104EB4400D74AF1
:10C4200052F8300061F31F5004EB440142F8310030
:10C4300004EB4400114651F8300020F4702000F560
:10C44000803004EB440142F8310004EB4400114613
:10C4500051F8300020F4784000F5006004EB44010E
:10C4600042F831000120C4EBC401C54A02EB81014E
:10C47000C8750720C4EBC40102EB8101888200E08B
:10C4800013E0601CBF4908700220BF4908705120AA
:10C49000BE49087004EB4400B84A02EBC001042214
:10C4A000BB48006809F018FE17E2287E697E084440
:10C4B000C0EBC000696801EB40004168AD4800680E
:10C4C000113081422AD14FF4B4620121A948006899
:10C4D0001130FEF7A2FCA84800780128E4D1002022
:10C4E000A5490870A3480068B0F8110004EB4401A6
:10C4F000A24A02EBC10108810520A349087051201E
:10C50000A249087004EB440002EBC00000F10801EE
:10C5100002229F48006809F0DFFDDEE1287E697E87
:10C520000844C0EBC000696801EB400041689148D5
:10C5300000681330814225D18F480078012821D12D
:10C540008D4800780128AFD100208B4908708948B8
:10C550000068B0F8130004EB4401884A02EBC10103
:10C56000888003208849087051208849087004EBAE
:10C57000440002EBC000011D02228548006809F05A
:10C58000ABFDAAE1287E697E0844C0EBC000696863
:10C5900001EB40004168774800681630814248D17D
:10C5A0001722002173480068163000F0C9FA3B22B8
:10C5B000002170480068173000F0C2FA6E48007819
:10C5C0000128AAD100206C4908706A480068C07D23
:10C5D00068490968897DC1EB011100EB810004EB1A
:10C5E0004401664A02EBC101888107206649087050
:10C5F00051206649087004EB440002EBC00000F1D2
:10C600000C0102226248006809F066FD04EB440058
:10C610005A4901EBC000807D00F0EF0004EB4401BB
:10C62000564A02EBC1018875002052490968C87753
:10C6300053E1287E697E0844C0EBC000696801EBC5
:10C64000400041684B480068183081424CD14A484C
:10C650000078012848D11722002146480068183088
:10C6600000F06EFA3B22002142480068193000F0C9
:10C6700067FA414800780128DAD100203E49087065
:10C680003C480068407E3B490968097EC1EB0111C6
:10C6900000EB810004EB4401384A02EBC101C88180
:10C6A00008203949087051203849087004EB4400CB
:10C6B00002EBC00000F10E0102223548006809F0CB
:10C6C0000BFD04EB44002D4901EBC000807D00F020
:10C6D000EF0004EB4401294A02EBC10188750020F8
:10C6E00024490968C877F8E0287E697E0844C0EBD1
:10C6F000C000696801EB400041681E4800681B30BB
:10C7000081425AD1172200211A4800681B3000F0DC
:10C7100017FA3B220021174800681C3000F010FA7D
:10C7200015480078012847D10020134908701148A6
:10C730000068007F0F490968C97EC1EB011100EB59
:10C74000810004EB44010D4A02EBC101088209207B
:10C750000D49087051200D49087004EB440002EBAC
:10C76000C00000F1100102220948006809F0B4FC81
:10C7700010E00000B8050020D80400201078002048
:10C78000182300206D0D0020580E0020590E0020A7
:10C79000A404002004EB4400514901EBC000807D5B
:10C7A00000F0DF0004EB44014D4A02EBC101887543
:10C7B00000204C490968C8778FE0287E697E0844CC
:10C7C000C0EBC000696801EB400041684548006863
:10C7D0001D30814248D117220021424800681D3097
:10C7E00000F0AEF93B2200213E4800681E3000F008
:10C7F000A7F93D48007801286FD100203A49087018
:10C8000038480068807F37490968497FC1EB0111CA
:10C8100000EB810004EB4401314A02EBC101488284
:10C820000A203249087051203149087004EB440055
:10C8300002EBC00000F1120102222E48006809F04C
:10C840004BFC04EB4400264901EBC000807D00F066
:10C85000DF0004EB4401224A02EBC101887500208D
:10C8600020490968C87738E0287E697E0844C0EB13
:10C87000C000696801EB400041681A480068243034
:10C88000814216D118480078012826D10020164987
:10C89000087014480068406A174908600520C4EB16
:10C8A000C401164A02EB81018882601C1449087099
:10C8B00013E0287C032810D004EB4400084901EB66
:10C8C000C000808A07490968A1F805000D48C069C1
:10C8D00050F8240003490968486200BF06E40000DC
:10C8E00010780020B8050020D8040020580E002041
:10C8F000590E0020A4040020700D002018230020F1
:10C900006D0D0020A41500202DE9F0410446844857
:10C910000068C07840BB83480068C08880490968C7
:10C92000A1F80500804908891CF078F807467F4A7D
:10C930007F4B1CF0C3F805461CF02CF878490968B9
:10C94000A1F807007B49096808891CF067F80746C9
:10C95000764A774B1CF0B2F805461CF01BF870497C
:10C960000968A1F809002CE06D480068C07801282A
:10C9700027D16C480068008969490968A1F8050059
:10C98000694948891CF04AF80746684A684B1CF018
:10C9900095F805461BF0FEFF61490968A1F80700FC
:10C9A0006449096888891CF039F807465F4A604B7A
:10C9B0001CF084F805461BF0EDFF59490968A1F801
:10C9C0000900207E617E0844C0EBC000616801EB75
:10C9D0004000806852490968884224D1564800784E
:10C9E00001281FD14E4800680078012817D14C4813
:10C9F0000068C07828B94C4800894E490968088108
:10CA000009E047480068C078012804D146484089B9
:10CA10004849096888810020414909680870002058
:10CA20004549087079E0207E617E0844C0EBC00073
:10CA3000616801EB4000816839480068001D81424F
:10CA40001DD13D480078012867D135480068C0787D
:10CA500030B93348006800793649096848810AE0EE
:10CA60002F480068C078012805D12D48006800795A
:10CA700030490968C88100202F4908704DE0207EA8
:10CA8000617E0844C0EBC000616801EB4000416872
:10CA9000234800680B30814229D1274800780128BB
:10CAA0003BD11F480068C07860B91D480068B0F9E4
:10CAB0000B100022214800680AF0ECFD1D490968AE
:10CAC000088110E016480068C07801280BD114488E
:10CAD0000068B0F90B100122184800680AF0DAFD6E
:10CAE00014490968888100201349087015E00C4832
:10CAF0000068C07830B90F480068807A0849096832
:10CB000008710AE006480068C078012805D1094884
:10CB10000068807B024909680871BDE8F081000067
:10CB2000B8050020CC02002054140020C3F5285C76
:10CB30008FC2E93F94040020D8040020A404002000
:10CB400003461878904202DD1A7001207047187869
:10CB5000884202DA19700220F8E70020F6E70000A8
:10CB6000F0B506463546002428786C2874DAFE4A6B
:10CB7000917D2878FEF72CF9044604B9F0BD601EBB
:10CB8000C4B20020C4EBC401F84A02EB8101088161
:10CB9000C4EBC400114601EB8000408920F0010085
:10CBA000401CC4EBC40102EB81014881C4EBC4000A
:10CBB000114601EB8000408920F00200C4EBC40163
:10CBC00002EB810148813220E9490855687816282E
:10CBD00074D1E548807D002871D1EA7912062B7A5C
:10CBE00042EA03426B7A42EA0322AB7A42EA030149
:10CBF0000AB20A2392FBF3F2DE4B1B6823F81420DF
:10CC000001F0004242B1DB4A126832F8142052426D
:10CC1000D84B1B6823F81420EA7B12062B7C42EACF
:10CC200003426B7C42EA0322AB7C1A43D14BDB69A3
:10CC300043F82420AA7D112A01D1012200E000221C
:10CC4000AB7D122B01D1012300E000231A43AB7D01
:10CC5000232B02D1012301E0BEE200231A43AB7D66
:10CC6000242B01D1012300E000231A43AB7D352B97
:10CC700001D1012300E000231A43AB7D362B01D103
:10CC8000012300E000231A43AB7D472B01D1012390
:10CC900000E000231A43AB7D482B01D1012300E0C3
:10CCA00000231A43AB7D692B01D1012300E000234F
:10CCB0001A43AB7D5A2B03D1012302E013E268E053
:10CCC00000231A4372B104EB4402AB4B03EBC202E4
:10CCD000D27D7B2A06D0AA7D04EB4403A64F07EB46
:10CCE000C303DA7500202A7DEB7C42EA0320B0F50D
:10CCF0007A6F10DB41F2B44290420CDC04EB440248
:10CD00009D4B03EBC202D27D7B2A04D004EB44028C
:10CD100003EBC202D08095F82920C4EBC403934FE3
:10CD200007EB83031A73C4EBC4023B4603EB820296
:10CD3000127B502A04DB02228E4B9B691A5503E0BA
:10CD400001228C4B9B691A5595F82620A2B1C4EBA1
:10CD5000C402864B03EB8202927ECAB91E22C4EB48
:10CD6000C403824F07EB83031A830122C4EBC4037D
:10CD700007EB83039A760BE00022C4EBC4037B4FDE
:10CD800007EB83031A83C4EBC40307EB83039A7690
:10CD900075E07548807D012871D1E97909062A7A04
:10CDA00041EA02416A7A41EA0221AA7A41EA020092
:10CDB00001B20A2291FBF2F16E4A126822F81410B5
:10CDC000E97D09062A7E41EA02416A7E41EA0221A2
:10CDD000AA7E1143674AD26942F8241095F82C10B4
:10CDE000C4EBC402614B03EB82021173C4EBC401B8
:10CDF0001A4602EB8101097B502904DB02215D4ABE
:10CE00009269115503E001215A4A9269115595F82A
:10CE1000241001F0400139B10021C4EBC402534B8E
:10CE200003EB8202917506E00121C4EBC4024F4B73
:10CE300003EB82029175C4EBC4014C4A02EB810101
:10CE4000C97DFF291AD0C4EBC40102EB8101C97D61
:10CE5000C4EBC402454B03EB8202927D914206D1A2
:10CE6000FF21C4EBC40203EB8202D17506E0072167
:10CE7000C4EBC4023D4B03EB8202918200BF95F8E4
:10CE8000240000F08000D8B1C4EBC400374901EBA6
:10CE90008000408920F40070C4EBC401334A02EBE7
:10CEA00081014881C4EBC400114601EB8000408938
:10CEB00020F48070C4EBC40102EB810148811EE0C4
:10CEC000C4EBC400294901EB8000408920F40070C4
:10CED00000F50070C4EBC401244A02EB81014881D3
:10CEE000C4EBC400114601EB8000408920F480703F
:10CEF00000F58070C4EBC40102EB8101488195F814
:10CF0000230000F0020080B1C4EBC400174901EB1C
:10CF10008000408920F4004000F50040C4EBC401CB
:10CF2000124A02EB810148810DE0C4EBC4000F49B5
:10CF300001EB8000408920F40040C4EBC4010B4A9F
:10CF400002EB8101488195F8230000F00100E0B177
:10CF5000C4EBC400054901EB8000408920F4005077
:10CF600000F500500AE00000842100201823002072
:10CF7000007C0020A415002010780020C4EBC40120
:10CF8000C34A02EB810148810DE0C4EBC400C049F3
:10CF900001EB8000408920F40050C4EBC401BC4A7E
:10CFA00002EB81014881C4EBC400B94901EB800068
:10CFB000807D20B90020B749C968085566E1C4EBF7
:10CFC000C400B34901EB8000807D0128F6D1C4EB99
:10CFD000C40001EB8000807AC0F3C010E8BBC4EB52
:10CFE000C40001EB80004089C0F34020C0B1C4EB15
:10CFF000C40001EB80004089C0F3C02080B1C4EBC5
:10D00000C40001EB80004089C0F3003080B1A1482A
:10D01000C068005D40F001009E49C968085507E0FE
:10D020009C48C068005D00F0FE009A49C968085538
:10D03000C4EBC400964901EB80004089C0F3402056
:10D0400090B1C4EBC40001EB80004089C0F3C02064
:10D0500050B99048C068005D00E028E040F0400012
:10D060008C49C968085507E08A48C068005D00F02F
:10D07000BF008849C968085595F8260000F080006F
:10D0800020B995F8280000F0040040B18148C0683C
:10D09000005D40F008007F49C968085507E07D48F9
:10D0A000C068005D00F0F7007A49C9680855C4EB14
:10D0B000C400774901EB800040890121B1EBD03FEA
:10D0C00008D17448C068005D40F080007149C968AB
:10D0D0000855DBE06F48C068005D00F07F006D49D7
:10D0E000C9680855D2E0687810280ED1C4EBC40096
:10D0F000674901EB8000408920F00400C4EBC401C3
:10D10000634A02EB81014881C0E06878032862D15C
:10D1100061480078302810D15F48407805280CD14C
:10D120002879E97840EA01200A2190FBF1F004EB2C
:10D1300044015A4A02EBC1018882574800783028DE
:10D1400014D155484078042810D12879E97840EA6C
:10D15000012000EB80004FF6FF7101EA400004EB74
:10D1600044014E4A02EBC101888230E04A4800780F
:10D1700030282CD148484078222828D1E878C4EBC0
:10D18000C401434A02EB81018875C4EBC400114617
:10D1900001EB8000C07DFF2819D0C4EBC40001EB77
:10D1A0008000C07DC4EBC40102EB8101897D88420F
:10D1B00006D1FF20C4EBC40102EB8101C87506E073
:10D1C0000720C4EBC401324A02EB810188820020AF
:10D1D00031490870487059E028786E2856DB687825
:10D1E000032853D12E48006800B9C7E4E878000648
:10D1F000297940EA0140697940EA0120A979084388
:10D200000A2190FBF1F0264909688860287CE97BB7
:10D2100040EA012000EB80004FF6FF7101EA400078
:10D220001F4909680880687C0006A97C40EA014023
:10D23000E97C40EA0120297D08430A2190FBF1F0B6
:10D24000174909688882687D0006A97D40EA014087
:10D25000E97D40EA0120297E0843642190FBF1F03A
:10D260000F4909684883287FE97E40EA01200A21A6
:10D2700090FBF1F00A490968C8803C200949087010
:10D2800007480068806806490968086200BF75E4BD
:10D2900018230020A4150020740D00201078002011
:10D2A000F00200202E0D002070B5824E82480078DA
:10D2B00000B970BD01250024F7E0804800EBC400F0
:10D2C0004078000930B1012825D0022824D0032855
:10D2D0007ED1C4E07A480078284050B1601CC1B2C9
:10D2E00005221220F7F706FA75480078A84374491A
:10D2F00008707448005D01280CD100207149085560
:10D30000611CC8B20021FDF7A7F8611CC8B200215A
:10D3100007F032FAC4E000BF6B48007810BB6B48DE
:10D3200050F82400F0B9654800EBC40040780221B1
:10D33000B1EB101F16D162480078284050B9604800
:10D34000007828435E490870601CC1B20522122093
:10D3500007F02CF95E4830F8140040F002005C49F8
:10D3600021F814005B4800680088544901EBC401AF
:10D37000C988884219DA5848005DB0B95048007829
:10D38000284050B94E48007828434D490870601C29
:10D39000C1B20522122007F009F94D4830F81400F7
:10D3A00040F001004A4921F814004A48006800880A
:10D3B00036F8141088421BDD4749A01C085CB8B938
:10D3C000434830F814004FF6FE710840404900E031
:10D3D00065E021F814003C480078012808D108468F
:10D3E00030F814004FF6FD710840394921F8140057
:10D3F000374830F81400002810DD3248005D68BB63
:10D40000012030490855611CC8B20221FDF724F8FB
:10D41000611CC8B2012107F0AFF91FE02948005D87
:10D4200001280CD1002027490855611CC8B20021F1
:10D43000FDF712F8611CC8B2002107F09DF92048E1
:10D440000078284050B11E480078A8431C49087055
:10D45000601CC1B205221220F7F74CF920E01848F1
:10D460000078284050B9601CC1B20522122007F094
:10D470009DF8134800782843114908701148005D51
:10D4800060B901200F490855611CC8B20221FCF7A0
:10D49000E3FF611CC8B2012107F06EF900E000BF94
:10D4A00000BF6806050E601CC4B2022CFFF605AF73
:10D4B00000BFFEE6BC010020DC0200209401002039
:10D4C000F20C00203C0D0020D9020020200D00208D
:10D4D000300D0020CC020020280D002038B5044675
:10D4E000207E617E0844C0EBC000616801EB400013
:10D4F0008068EA490968884221D1E9480078012812
:10D500001DD1E64800680078012811D10020009064
:10D5100002236A464FF4A571E24800680AF0A6F8B3
:10D5200002236A46D901DF4800680AF09FF800BF6D
:10D530000020DA4909680870D9490870ACE1207EFA
:10D54000617E0844C0EBC000616801EB4000816867
:10D55000D2480068401C814245D1D148007801285A
:10D5600041D1CE4800684078012835D10020009094
:10D5700002236A469902CB4800680AF077F8002037
:10D58000C9490880C9490880C64800680AF050F8AF
:10D59000002009E04FF6FF71C54A22F81010C54A75
:10D5A00022F81010411CC8B20628F3DB0020C04945
:10D5B0004881C04948810C23BD4A46F2C451B9484C
:10D5C00000680AF053F80C23BA4A46F2D051B54825
:10D5D00000680AF04BF800BF0020B04909684870A5
:10D5E000AF49087058E1207E617E0844C0EBC0005E
:10D5F000616801EB40008168A8480068C01C814256
:10D6000030D1A748007801282CD1A4480068C07800
:10D61000012820D10020009002236A4646F2DC5106
:10D62000A04800680AF022F80020A3490880A34916
:10D6300008809C48006809F0FBFF0020A0490860B2
:10D64000084601880D2018F0DBF89D4841880E201F
:10D6500018F0D6F800BF002090490968C8709049BA
:10D66000087019E1207E617E0844C0EBC00061684B
:10D6700001EB4000816889480068001D81424ED15D
:10D680008748007801284AD1844800680079012839
:10D690003ED10020009002236A46002181480068A4
:10D6A0000AF050F8002087490880874908807D48A3
:10D6B000006809F0BDFF002006E00021834A126ADD
:10D6C00042F82010411CC8B20828F6DB00251CE0F7
:10D6D00000207F4941F825007E4941F825007E4918
:10D6E00041F825000A4632F825106A00521CD0B2D3
:10D6F00018F086F8784A02EB850251886A00921C7D
:10D70000D0B218F07DF8681CC5B2062DE0DB00BF72
:10D71000002062490968087161490870BCE0207EF8
:10D72000617E0844C0EBC000616801EB4000816885
:10D730005A480068401D814223D159480078012889
:10D740001FD1564800684079012813D1002000906D
:10D7500002236A4647F204615248006809F086FFD6
:10D7600000205E4908805E4908804E48006809F044
:10D770005FFF00BF002049490968487148490870A7
:10D780008AE0207E617E0844C0EBC000616801EB46
:10D790004000816841480068801D814219D140489D
:10D7A0000078012815D13D4800688079012809D109
:10D7B0000020009002236A4619033A48006809F0E5
:10D7C000C1FF00BF002035490968887134490870DD
:10D7D00062E0207E617E0844C0EBC000616801EB1E
:10D7E000400081682D480068C01D814211D12C483D
:10D7F000007801280DD129480068C079012801D19D
:10D8000038490870002025490968C8712449087002
:10D8100042E0207E617E0844C0EBC000616801EBFD
:10D82000400081681D4800680830814234D11C489E
:10D830000078012830D119480068007A012825D1E4
:10D84000002521E00020224941F82500214941F826
:10D8500025001E48016A681C51F820001E4941F845
:10D8600025000A4632F825106A00521CD0B217F083
:10D87000C7FF194A02EB850251886A00921CD0B298
:10D8800017F0BEFF681CC5B2062DDBDB0020034984
:10D89000096808720249087038BD0000B805002008
:10D8A000D8040020A4040020DC0C0020B4010020D7
:10D8B000D00C0020C40C0020FA020020B601002089
:10D8C000C00E0020FC020020C4010020A41500208E
:10D8D000547C00206C7C0020847C0020000300200D
:10D8E000B80100209F0E00202DE9F04186B080464F
:10D8F0003E4807683D1D05F10C0400263C4A07CA56
:10D9000001AB07C303974FF4FA6101A801F004FCCF
:10D9100006463848008838B9002020706070A07032
:10D92000E07006B0BDE8F0813348B0F90000B042C5
:10D930005AD006EB4600800000F6040081B20623B0
:10D9400004AA2E48006809F051FBBDF81400288095
:10D950000498C0F3835068800498C0F34440A880C2
:10D960000498C0F30430E8800498C0F3851028813F
:10D97000049800F03F0068810020009006EB46000C
:10D98000800000F60A0081B202236A461B48006844
:10D9900009F02CFB18480680BDF80000C0F3851084
:10D9A0002070BDF8000000F01F006070BDF800009E
:10D9B000000BA070BDF80000C0F34010E07060786C
:10D9C000202801DB0020207020782C2801DD002099
:10D9D0006070A078102801DB0020A070E07801289A
:10D9E00001DD0020E07000BF00BF9AE7B80500200D
:10D9F00060980208DC0C0020CE050020A404002062
:10DA00002DE9F0410446FE48056805F10A06207E2E
:10DA1000617E0844C0EBC000616801EB4000806893
:10DA2000B0420BD1F7480078012807D13078F64989
:10DA3000096808700020F3490870B8E2207E617E12
:10DA40000844C0EBC000616801EB40008068EF490A
:10DA5000884215D1EE4800880A3802B24FF47A6144
:10DA60002846FDF7DAF9E74800780128E5D1E749CB
:10DA7000E848006809F0DCFD0020E249087096E201
:10DA8000207E617E0844C0EBC000616801EB40006D
:10DA90008068DF49884215D141F20C72DB4800886A
:10DAA0000A3001B2A81CFDF7B8F9D6480078012861
:10DAB000C3D1D749D748006809F0BAFD0020D14941
:10DAC000087074E2207E617E0844C0EBC00061688B
:10DAD00001EB40008168701C81420ED1C94800787A
:10DAE00001280AD17078CC490870CA48006809F04A
:10DAF0009FFD0020C349087059E2207E617E0844E2
:10DB0000C0EBC000616801EB40008068C3498842F7
:10DB100012D14FF4FA720021281DFDF77EF9B948A1
:10DB20000078012889D1BD49BA48006809F080FD14
:10DB30000020B44908703AE2207E617E0844C0EBC0
:10DB4000C000616801EB40008068B54988422ED171
:10DB500047F230520021A81DFDF75FF9A94800786F
:10DB600001288CD1AE49AB48006809F061FDAD4891
:10DB7000006807F043FA002711E0A9480088AA4985
:10DB8000097890FBF1F0A94921F81700084600EB4D
:10DB90004701A048006809F04BFD781CC7B2A248B5
:10DBA00000788742E9DB002096490870FFE1207E7B
:10DBB000617E0844C0EBC000616801EB40008068F2
:10DBC0009B49884212D16422002105F10800FDF72B
:10DBD00024F98C48007801288ED195498D48006839
:10DBE00009F026FD002087490870E0E1207E617E73
:10DBF0000844C0EBC000616801EB400080688A49BE
:10DC0000884227D106220121B01CFEF799FF7D48EA
:10DC1000007801288FD184497E48006809F008FD0A
:10DC20000020784908707E49088000BF09E07F49DC
:10DC300031F810107A4A12881144794A1180411C37
:10DC4000C8B2794909788842F1DB7648006807F064
:10DC5000D5F9ACE1207E617E0844C0EBC00061686C
:10DC600001EB40008068714988422FD14FF4FA528D
:10DC7000002105F10E00FDF7D0F862480078012878
:10DC800094D16A496348006809F0D2FC00206449D5
:10DC9000088000BF09E0654931F81010604A128819
:10DCA00011445F4A1180411CC8B25F49097888421B
:10DCB000F1DB5B495748006809F0BAFC5948006835
:10DCC00007F09CF900204F49087070E1207E617ECA
:10DCD0000844C0EBC000616801EB40008168534814
:10DCE000801C814230D14FF4FA52002105F110001E
:10DCF000FDF793F8434800780128AAD14B49891CC5
:10DD00004448006809F094FC00204549088000BFA1
:10DD100009E0464931F81010414A12881144404A3E
:10DD20001180411CC8B2404909788842F1DB3C4966
:10DD30003848006809F07CFC3A48006807F05EF952
:10DD400000203049087032E1207E617E0844C0EB3B
:10DD5000C000616801EB400081683448001D8142C9
:10DD600030D14FF4FA52002105F11200FDF755F8B9
:10DD7000244800780128A8D12C49091D25480068AD
:10DD800009F056FC00202649088000BF09E0274919
:10DD900031F81010224A12881144214A1180411C86
:10DDA000C8B2214909788842F1DB1D491948006849
:10DDB00009F03EFC1B48006807F020F900201149DB
:10DDC0000870F4E0207E617E0844C0EBC00061680A
:10DDD00001EB400081681548801D81424CD14FF411
:10DDE000FA52002105F11400FDF717F805480078F4
:10DDF0000128A8D10D49891D064800681AE00000D5
:10DE0000B8050020D804002068000020A8000020E9
:10DE1000AA000020A40400206B020020F6000020CD
:10DE2000B00000201C0D0020B0020020D001002016
:10DE3000AE00002009F0FCFB00207349088000BF01
:10DE400009E0724931F810106F4A128811446E4A85
:10DE50001180411CC8B26E4909788842F1DB6A49D9
:10DE60006C48006809F0E4FB6B48006807F0C6F8EE
:10DE700000206A4908709AE0207E617E0844C0EB69
:10DE8000C000616801EB4000816860480830814251
:10DE900030D14FF4FA52002105F11600FCF7BDFF16
:10DEA0005E480078012824D1584908315948006853
:10DEB00009F0BEFB00205449088000BF09E0534927
:10DEC00031F81010504A128811444F4A1180411CF9
:10DED000C8B24F4909788842F1DB4B494D48006888
:10DEE00009F0A6FB4C48006807F088F800204B4971
:10DEF00008705CE0207E617E0844C0EBC000616871
:10DF000001EB4000816841480A30814230D14FF432
:10DF1000FA52002105F11800FCF77FFF3F48007816
:10DF2000012844D139490A313A48006809F080FB98
:10DF300000203549088000BF09E0344931F810104D
:10DF4000314A12881144304A1180411CC8B230490C
:10DF500009788842F1DB2C492E48006809F068FBFB
:10DF60002D48006807F04AF800202C4908701EE090
:10DF7000207E617E0844C0EBC000616801EB400078
:10DF800080682749884212D14FF4FA52002105F1E6
:10DF90001A00FCF742FF21480078012807D12049E8
:10DFA0001C48006809F044FB00201C490870207CD4
:10DFB000032827D01B48008828801B4800886880D9
:10DFC0001A480088A88010480088E880184800880F
:10DFD0002881184800680078307017480078707001
:10DFE0000B480078B070002007E0084931F8102095
:10DFF000C11D25F81120411CC8B20628F5DB0848D0
:10E0000000886883BDE8F081B0000020D0010020C6
:10E01000B0020020A40400201C0D0020D804002021
:10E02000F4000020A8000020AA000020F600002034
:10E03000AE000020680000206B0200202DE9F043B4
:10E040000546894603274FF0040800260024287857
:10E05000D638C4B2082C02DB0020BDE8F0830A20C9
:10E0600004EB4401C1EB4411FE4A02EB8101487408
:10E070006878032840D100200EE008EB4001695C7D
:10E0800007EB4002AA5C41EA0221F74A22F8161087
:10E09000711CCEB2411CC8B2A97801EBD172B0EBB1
:10E0A000620FEADB0026F148007830BBEE480088BA
:10E0B00004EB4401C1EB4411EA4A22F82100EA488A
:10E0C000408804EB4401C1EB441102EB810148801C
:10E0D000E548408904EB4401C1EB441102EB8101A6
:10E0E000A1F86400E048808904EB4401C1EB4411CD
:10E0F00002EB8101A1F8660082E2DC480078042886
:10E100000AD1D948008804EB4401C1EB4411D54A37
:10E1100002EB8101C88173E2D448007801287DD1E7
:10E12000D148008800B204EB4401C1EB4411CD4A50
:10E1300002EB8101C880CC48408800B204EB440166
:10E14000C1EB441102EB81018880C748808804EB51
:10E150004401C1EB441102EB81018881C24800896E
:10E1600004EB4401C1EB441102EB81010881BE487C
:10E17000408904EB4401C1EB441102EB8101488169
:10E18000B948807E04EB4401C1EB441102EB8101EC
:10E190000874B7480078401CB5490870B248C08A76
:10E1A00004EB4401C1EB441102EB8101A1F87000C2
:10E1B000AD48007C00F00400042813D104EB4400B7
:10E1C000C0EB4410114601EB8000B0F8700040F441
:10E1D000004004EB4401C1EB441102EB8101A1F8C2
:10E1E000700013E004EB4400C0EB44109D4901EBC8
:10E1F0008000B0F87000C0F30E0004EB4401C1EBE6
:10E200004411984A02EB8101A1F870009848007807
:10E2100098490978884269DB002000E067E0964968
:10E220000880964908609649086000BF51E000EBFD
:10E230004001C1EB40118B4A02EB8101B1F906109C
:10E240000A2291FBF2F18C4A1288114409B28A4ADF
:10E25000118000EB4001C1EB4011824A02EB8101C9
:10E26000098900EB4002C2EB40127E4B03EB8202B5
:10E2700052895143642291FBF2F100EB4002C2EB60
:10E28000401203EB82029289642392FBF3F27B4BF0
:10E290001B6801FB0231794A116000EB4001C1EBC0
:10E2A0004011704A02EB8101498900EB4002C2EB48
:10E2B00040126C4B03EB82029289514342F210727E
:10E2C00091FBF2F16E4A126811446D4A1160411CD3
:10E2D000C8B20828ABDB6948006869490968B0FB27
:10E2E000F1F06649086000206149087088E15F48E4
:10E2F0000078052848D15C48008804EB4401C1EB54
:10E300004411584A02EB810188825748408804EB47
:10E310004401C1EB441102EB8101C8825248C0881C
:10E3200004EB4401C1EB441102EB8101888304EB4F
:10E330004400C0EB4410114601EB8000808B514932
:10E34000C988884209D04F484078052805DA4D4AE7
:10E35000921D00210220FCF7DDF904EB4400C0EB24
:10E360004410404901EB8000808A464989888842F0
:10E37000BCD0444800780528B8DA424A121D002172
:10E380000120FCF7C7F93BE13848007806283FD167
:10E390003548008804EB4401C1EB4411314A02EBDB
:10E3A000810108833048408804EB4401C1EB4411EB
:10E3B00002EB8101488304EB4400C0EB441011469A
:10E3C00001EB8000008B2F490989884209D02D4834
:10E3D0008078052805DA2B4A083200210320FCF753
:10E3E00099F904EB4400C0EB44101E4901EB800096
:10E3F000408B244949898842C5D02248C0780528E5
:10E40000C1DA204A0A3200210420FCF783F9F7E040
:10E4100016480078022813D100200EE0124931F886
:10E42000102004EB4401C1EB44110E4B03EB8101BE
:10E43000443121F81020411CC8B21028EEDBDFE087
:10E440000A48007803287DD10748008804EB44027D
:10E45000C2EB4412034B03EB8202A2F840000248D5
:10E46000008811E0E4150020F2260020D90D0020DC
:10E47000E80D0020DC0D0020F40D0020F80D002038
:10E48000FC0D00201227002004EB4402C2EB4412D2
:10E4900003EB8202A2F842000F2104EB4400C0EB20
:10E4A00044101A4602EB8000C08930B104EB4400EE
:10E4B000C0EB441002EB8000817B00205FE0514AFA
:10E4C00032F8103004EB4402C2EB4412DFF838C1DA
:10E4D0000CEB8202203222F8103004EB4402C2EB33
:10E4E0004412634603EB8202203232F8102004EB20
:10E4F0004403C3EB44130CEB8303B3F840309A425C
:10E5000011DD04EB4402C2EB4412634603EB8202CA
:10E51000203232F8102004EB4403C3EB44130CEB1D
:10E520008303A3F8402004EB4402C2EB4412364BB1
:10E5300003EB8202203232F8102004EB4403C3EBD9
:10E54000441300E01EE0DFF8C0C00CEB8303B3F817
:10E5500042309A4211DA04EB4402C2EB44126346A1
:10E5600003EB8202203232F8102004EB4403C3EBA9
:10E5700044130CEB8303A3F84220421CD0B2884220
:10E580009DDB3DE021480078082828D11D484088BF
:10E590001C49098840EA014004EB4401C1EB4411E5
:10E5A000194A02EB8101C86600201949086000BFC2
:10E5B00010E01849095C01EB4102C2EB4111124A1B
:10E5C00002EB8101C96E124A12681144104A1160AF
:10E5D000411CC8B2104909788842EADB10E00B48B8
:10E5E000007807280CD10B480B49097844540A4895
:10E5F0000078082804DA08480078401C06490870AA
:10E6000000202AE5F2260020E4150020D90D002084
:10E61000EC0D0020BE0D0020DC0D00204D4A1268DC
:10E62000D1794C4A1268D27832B94B4A1268928832
:10E63000484B1B689A800AE0464A1268D278012A41
:10E6400005D1454A1268D289424B1B689A80414ADB
:10E650001268D2788A4227D03E4A1268D2783D4B5F
:10E660001B68DA713B4A1268D27862B93B4A126879
:10E670001288384B1B681A81384A12689278354BD9
:10E680001B681A7010E0334A1268D278012A0BD145
:10E69000324A126892882F4B1B681A812F4A1268DF
:10E6A00092792C4B1B681A70027E437E1A44C2EB8F
:10E6B000C202436803EB42029268264B1B689A42EF
:10E6C0001CD1274A1278012A18D10022244B1A7033
:10E6D000204A1268D27832B91E4A126812781F4B4B
:10E6E0001B685A800AE01B4A1268D278012A05D1B9
:10E6F000184A12681278194B1B68DA80027E437E32
:10E700001A44C2EBC202436803EB42025368114A47
:10E710001268083293421CD1114A1278012A18D18A
:10E7200000220F4B1A700B4A1268D27832B9094A8C
:10E7300012681289094B1B681A800AE0054A1268A0
:10E74000D278012A05D1034A12681289034B1B684B
:10E750009A807047B8050020CC0200209404002065
:10E76000D8040020017E427E1144C1EBC101426801
:10E7700002EB41014A680C490968491C8A4212D1DE
:10E780000A49097801290ED10021084A1170064969
:10E790000968B1F80110064A126811820549898892
:10E7A000034A126851827047B8050020D80400203F
:10E7B000940400205414002054490968097831B9A0
:10E7C00053490968898B514A126851801BE04F49AF
:10E7D00009680978012906D14D490968C98B4B4A56
:10E7E000126851800FE049490968097802290AD165
:10E7F00047490968B1F920100A2291FBF2F109B2E8
:10E80000424A12685180017E427E1144C1EBC1012F
:10E81000426802EB41014A683C490968091D8A4285
:10E8200025D13C490978012921D10021394A1170AB
:10E83000364909684A7835490968097802EB410187
:10E84000491C354A1170314909688988334A118059
:10E850002E4909680978022906D11146098801EB79
:10E860008101490009B2118001212D4A1170017EF8
:10E87000427E1144C1EBC101426802EB41018A684A
:10E8800022490968891D8A421BD122490978012938
:10E890001AD100211F4A11701C490968097829B949
:10E8A0001A49096889791F4A11750DE017490968E5
:10E8B0000978012908D1154909688979194A5175DA
:10E8C00002E00021134A1170017C03291DD00F4979
:10E8D0000968097829B91349097D0C4A12689171B0
:10E8E00013E00A4909680978012905D10D49497DD4
:10E8F000064A1268917108E00449096809780229FA
:10E9000003D10021014A126891717047B8050020B7
:10E91000CC020020D8040020890C00208A0C0020A2
:10E92000880C00208421002010B5002430E004EB86
:10E930004400C0EB4410324901EB8000407C0128C8
:10E9400010DD04EB4400C0EB441001EB8000407C80
:10E95000401E04EB4401C1EB4411294A02EB810142
:10E96000487413E004EB4400C0EB4410244901EB6D
:10E970008000407C012809D104EB4401C1EB441123
:10E980001F4A02EB81007421F3F7E6FE601CC4B25B
:10E99000082CCCDB1B480078401E1A49087008463A
:10E9A000007858B93C2008700120174908701748B2
:10E9B000007817490870002014490870154800684D
:10E9C00015490968884215D91348006890B100209C
:10E9D00010490978104A1278891AC8B20A2804DA4C
:10E9E0000E49098801440D4A11800A4909680A4AFA
:10E9F000116003E0074800680749086010BD000087
:10EA0000E4150020030E0020DD0D0020DC0D0020A9
:10EA1000DE0D0020EC0D0020F00D0020EA0D00209E
:10EA2000002057E02D49098879B92C49498861B9F6
:10EA30002A49898849B92A490978002908DD2849DD
:10EA40000978491E264A117002E08C21244A11706F
:10EA50002449097871B9244931F8101051B9234972
:10EA600051F8201031B1214951F82010491E1F4A98
:10EA700042F820101E49096809881E4A02EBC002AC
:10EA8000D288914209DA1C49095C002908DD1A493B
:10EA9000095C491E184A115402E01421164A115407
:10EAA00013490968098841F2883291420CDD124A03
:10EAB000811C515C00290BDD811C515C491ECAB2CE
:10EAC0000D4B811C5A5403E01E220B4B811C5A54DF
:10EAD000411CC8B20228A5DB704700009C7C0020C6
:10EAE0002F0D0020D9020020300D0020200D002025
:10EAF000CC02002094010020280D002070B586B0C3
:10EB00000646334805680024324A07CA03AB07C3E8
:10EB10000595302103A800F0FFFA04462E4800882E
:10EB200060B9002006E00022011D294B1B685A54E1
:10EB3000411CC8B21C28F6DB06B070BD2748B0F9EE
:10EB40000000A04241D046F2E050562202FB0400F1
:10EB500081B2062301AA2248006808F047FABDF8EE
:10EB600008001B49096888800198C0F38350184940
:10EB7000096888710198C0F3444015490968C87153
:10EB80000198C0F304301249096808720198C0F373
:10EB900085100F4909684872019800F03F000C4940
:10EBA000096888722B20604346F2E05202EB400075
:10EBB000263081B21823064802680B3208480068E4
:10EBC00008F014FA0548048000BF00BFB4E7000055
:10EBD000B80500206C980208FA020020D205002037
:10EBE000A4040020F0B585B007464C480568002411
:10EBF0004B4A07CA02AB07C304950A2102A800F0DA
:10EC00008BFA04464748008860B9002006E00022DD
:10EC1000011D424B1B685A54411CC8B21028F6DB38
:10EC200005B0F0BD4048B0F90000A04273D0002606
:10EC3000C4EBC40047F2086202EB400081B2062335
:10EC40006A463A48006808F0D1F9BDF80400334933
:10EC5000096888800098C0F383503049096888713A
:10EC60000098C0F344402D490968C8710098C0F36A
:10EC700004302A49096808720098C0F385102749B2
:10EC800009684872009800F03F00244909688872BA
:10EC9000C4EBC40047F20E6202EB400081B20623CF
:10ECA0006A462248006808F0A1F9BDF804001B4933
:10ECB0000968A1F80B000098C0F383501749096850
:10ECC00048730098C0F34440144909688873009859
:10ECD000C0F3043011490968C8730098C0F3851067
:10ECE0000E4909680874009800F03F000B49096854
:10ECF0004874C4EBC40047F2146202EB400081B2D6
:10ED000002230648026812320848006808F06EF9CB
:10ED10000548048000BF00BF82E70000B80500205E
:10ED20009098020800030020D0050020A4040020D1
:10ED30009F48007800287DD19E4800780028FAD1AD
:10ED40009D4840889D49096808809B4880889B4968
:10ED500009684880984800889849096888809648DA
:10ED6000C08896490968C88095480068008B934917
:10ED70000968888292480068408B90490968C88277
:10ED80008F480068C08A8D49096808838D4840888B
:10ED90000A2190FBF1F089490968488389488088F5
:10EDA0000A2190FBF1F0854909688883854800882D
:10EDB0000A2190FBF1F081490968C8838248006804
:10EDC0006421B0FBF1F07D49096808627A48008847
:10EDD00078B97948408860B97748808848B97848D8
:10EDE0000068008841F2B941884202DA7748007829
:10EDF000E0B17148008860B96F48408848B96E48F2
:10EE0000808830B96E480068B0F92B0010F1320FDD
:10EE10000CDB6948008818BB6748408800BB66481F
:10EE20008088E8B96A480078012819D169480078D3
:10EE3000012800E01FE012D16748808800EB400005
:10EE40004000664908606448808900EB400040004B
:10EE5000486000205F490870012061490870A5E002
:10EE60005C4800780028FAD101205A490870002037
:10EE70005B4908709AE051480068008840B94E48E4
:10EE80004088002804DD4C4840884C4909680880C7
:10EE90004A480068408840B947488088002804DD17
:10EEA000454880884549096848804448006880880A
:10EEB00040B941480088002804DD3F4800883F49A8
:10EEC000096888803D480068808A28B93C48006805
:10EED000008B3A490968888238480068C08A28B996
:10EEE00037480068408B35490968C8823348006854
:10EEF000008B28B932480068C08A30490968088305
:10EF00002E480068408B38B92E4840880A2190FB73
:10EF1000F1F02A490968488328480068808B38B98D
:10EF2000284880880A2190FBF1F0244909688883E9
:10EF300022480068C08B38B9224800880A2190FB1B
:10EF4000F1F01E490968C8831C480068008841F236
:10EF50008831884221DA19480068408888421CDAE2
:10EF6000164800688088884217DA1A480078012815
:10EF70001CD11948808800EB400040001749086008
:10EF80001548808900EB400040004860002011498E
:10EF9000087001201249087008E00E48007810B986
:10EFA00001200C49087000200D49087070470000CE
:10EFB000810E00202E0D00209C7C0020F0020020FD
:10EFC000CC020020700C0020C00E00202F0D00206D
:10EFD0006A020020D9020020A4010020200D002098
:10EFE0006C0D002010B52E490978092906DD2C4941
:10EFF00009780B2902DA0021294A11702849497839
:10F00000092906DD264949780B2902DA0021244A1C
:10F01000517023498978092906DD214989780B290E
:10F0200002DA00211E4A91701D49C978092906DDBE
:10F030001B49C9780B2902DA0021194AD170017ED7
:10F04000427E1144C1EBC101426802EB4101896873
:10F05000134A914223D11349097801291FD100BFD6
:10F06000114A12784FF47A735A430F4B5B7803EBD3
:10F07000C30404EB031302EB83020B4B9B7803EBFB
:10F08000830302EB4302084BDB781A4491B240F24F
:10F09000F232914202D10222044B1A7000BF10BD1D
:10F0A000D4040020D8040020D0040020820C0020CA
:10F0B00000202CE0C0EBC001164A02EB8101098957
:10F0C000322922D1C0EBC00102EB810189883C29A1
:10F0D0000CDAC0EBC00102EB81018988491CC0EB4E
:10F0E000C0020C4B03EB820291800EE0C0EBC0012A
:10F0F000084A02EB8101498921F00201891CC0EB19
:10F10000C002044B03EB82025181411CC8B2222889
:10F11000D0DB70471823002010B5024693681B8887
:10F1200013B901239468238093681B88546824884A
:10F13000A34203DD53681B889468238053681B88AF
:10F140009468638013681B88946824881B1B18B21A
:10F1500000280DDA53681B888B4205DA00201368FB
:10F160001B889468238003E053681B88034418B20B
:10F1700010BD0000F0B587B007463C480668002582
:10F180003B4A07CA04AB07C30696302104A8FFF721
:10F19000C3FF05463748008860B9002006E000221A
:10F1A000011D324B1B685A54411CC8B21C28F6DBA7
:10F1B00007B0F0BD3048B0F90000A84253D046F285
:10F1C000E050562202FB050081B2062302AA2B481A
:10F1D000006807F00BFFBDF80C002449096888801F
:10F1E0000298C0F383502149096888710298C0F3DE
:10F1F00044401E490968C8710298C0F304301B4995
:10F20000096808720298C0F38510184909684872A5
:10F21000029800F03F0015490968887200241DE03B
:10F220002B20684346F2E05202EB40003E300422BD
:10F2300002FB040081B2134601AA1048006807F0DF
:10F24000D5FE4FF47A710198B0FBF1F00B2101EB80
:10F250008401064A12685050601CC4B2062CDFDBE1
:10F260000548058000BF00BFA2E70000B8050020E8
:10F2700078980208FA020020D2050020A404002099
:10F28000012141737047000070B586B006464048C2
:10F2900004680025A088E188884201DD0120A08063
:10F2A000A088012801DAE088A0803A4A07CA03ABA7
:10F2B00007C305945A2103A8FFF72EFF05463648D9
:10F2C000008868B9002007E0002200F10801304BF7
:10F2D0001B685A54411CC8B20B28F5DB06B070BD40
:10F2E0002E48B0F90000A8422ED0562205FB02F0AD
:10F2F000001D81B2062301AA2948006808F084F99C
:10F30000BDF808002249096808810198C0F38350BC
:10F310001F49096888720198C0F344401C49096874
:10F32000C8720198C0F3043019490968087301983C
:10F33000C0F38510164909684873019800F03F0032
:10F3400013490968887300BF1448B0F90000A84247
:10F3500005D1A0881349B1F9001088420FD0562278
:10F3600005FB02F00A30A28800EB820081B2042380
:10F37000074802680F320A48006808F045F9074854
:10F380000580A08800B20749088000BFA6E70000FA
:10F39000B805002084980208FC020020D205002055
:10F3A000A4040020D405002010B50446207E617E10
:10F3B0000844C0EBC000616801EB40004068F849B8
:10F3C0000968884216D11C220121F5480068FDF722
:10F3D000B7FBF448007801280BD1F14800680078A9
:10F3E000F1490870F148006808F022F90020ED4961
:10F3F000087047E2207E617E0844C0EBC00061686F
:10F4000001EB40004168E6480068401C814217D18A
:10F4100080220121E2480068401CFDF791FBE14891
:10F4200000780128E5D1DE4800684078E04908709E
:10F43000DE48006808F0FCF80020DA49087021E294
:10F44000207E617E0844C0EBC000616801EB400093
:10F450004168D3480068801C814217D1C8220A2124
:10F46000CF480068801CFBF7D8FCCE480078012804
:10F47000BFD1CB4800688078CE490880CB4800686F
:10F4800008F0D6F80020C7490870FBE1207E617EB5
:10F490000844C0EBC000616801EB40008168C048CF
:10F4A0000068001D81420CD1BE4800780128A0D11F
:10F4B000BB4800680079C04988750020B9490870C8
:10F4C000E0E1207E617E0844C0EBC000616801EB92
:10F4D00040008168B2480068401D81420CD1B148AB
:10F4E0000078012885D1AE4800684079B249C875D6
:10F4F0000020AC490870C5E1207E617E0844C0EB65
:10F50000C000616801EB40008168A5480068801D6B
:10F51000814210D1A348007801280CD1A04800688E
:10F520008079A6490870A148006808F081F8002099
:10F530009C490870A6E1207E617E0844C0EBC000B3
:10F54000616801EB4000816895480068C01D8142F8
:10F5500010D19448007801280CD191480068C079F6
:10F56000974908709148006808F062F800208D49BA
:10F57000087087E1207E617E0844C0EBC0006168AE
:10F5800001EB40008168864800681430814210D148
:10F590008448007801280CD181480068007D8949A1
:10F5A00008708248006808F043F800207D49087020
:10F5B00068E1207E617E0844C0EBC000616801EB19
:10F5C00040008168764800680830814212D1754851
:10F5D000007801280ED172480068007A7A490870D4
:10F5E0007248006808F024F80020784908806D49C6
:10F5F000087047E1207E617E0844C0EBC00061686E
:10F6000001EB40008168664800681130814213D1E7
:10F610006448007801280FD16D48007840B96048EF
:10F620000068407C6A4908706048006808F000F88B
:10F6300000205C49087025E1207E617E0844C0EB13
:10F64000C000616801EB40008168554800681230D5
:10F65000814210D15348007801280CD150480068ED
:10F66000807C5C4908705148006807F0E1FF002089
:10F670004C49087006E1207E617E0844C0EBC00062
:10F68000616801EB400081684548006813308142A1
:10F6900010D14448007801280CD141480068C07C52
:10F6A0004D4908704148006807F0C2FF00203D49FD
:10F6B0000870E7E0207E617E0844C0EBC00061680E
:10F6C00001EB4000816836480068153081420CD15A
:10F6D00034480078012808D131480068407D364917
:10F6E000087600202F490870CCE0207E617E084417
:10F6F000C0EBC000616801EB4000816828480068E9
:10F70000163081420CD127480078012808D12448BE
:10F710000068807D28494876002022490870B1E0C1
:10F72000207E617E0844C0EBC000616801EB4000B0
:10F7300081681B480068173081420CD11948007855
:10F74000012808D116480068C07D1B498876002032
:10F750001449087096E0207E617E0844C0EBC0002A
:10F76000616801EB400081680D48006818308142F3
:10F770004DD10C480078012849D109480068007E25
:10F780000D49C8760846C07E48B941F24460134925
:10F7900088800A1D00210120F9F724FE2DE01FE0DA
:10F7A000B8050020D80400206C020020A40400202A
:10F7B000B2020020D4000020842100206602002034
:10F7C0006A02002076020020B30200205C000020C4
:10F7D000BF020020C002002075020020E0010020CE
:10F7E0005048C07E012808D14FF496504E49888079
:10F7F0000A1D00210120F9F7F5FD4B49091D4B4871
:10F80000006807F015FF0020494908703AE0207EA3
:10F81000617E0844C0EBC000616801EB40004168B4
:10F8200044480068093081420FD1414800780128DE
:10F830000BD10423404A4FF62A413C48006807F0A8
:10F8400015FF00203A4908701CE0207E617E0844C4
:10F85000C0EBC000616801EB4000416835480068BA
:10F860000D3081420ED13248007801280AD104239C
:10F87000324A4FF62E412D48006807F0F7FE00206F
:10F880002B490870207C03284AD02D48007829494C
:10F89000096808702B4800782649096848702A488A
:10F8A00000882449096848801E48807D21490968EC
:10F8B0000871264800781F49096888712448007833
:10F8C0001C490968C871234800781A4909680872F8
:10F8D0001448007E1749096848751248407E15494A
:10F8E000096888750F48807E12490968C8750D48F7
:10F8F000C07E10490968087600200FE00E490A5CB6
:10F9000000F109010B4B1B685A540C490A5C00F1C9
:10F910000D01084B1B685A54411CC8B20428EDDB8A
:10F9200010BD000084210020E0010020A40400207C
:10F93000D8040020B8050020320300203603002040
:10F940006C020020B2020020D400002066020020D9
:10F950006A020020B302002001B586B0FE49069875
:10F9600088426BD1FD48006808600846006800289E
:10F9700062D00120FA4BFB4AFBA10090F6480068D8
:10F98000F8F75AFC0120FA4B0022FAA10090104629
:10F99000F8F752FC0120FA4B0022FAA10090104621
:10F9A000F8F74AFC0120FA4B0022FAA10090104619
:10F9B000F8F742FC0120FA4B0022FAA10090104611
:10F9C000F8F73AFC0120FA4B0022FAA10090104609
:10F9D000F8F732FC0120FA4B0022FAA10090104601
:10F9E000F8F72AFC0120FA4B0022FAA100901046F9
:10F9F000F8F722FC0120FA4B0022FAA100901046F1
:10FA0000F8F71AFC0120FA4B0022FAA100901046E8
:10FA1000F8F712FC0120FA4B0022FAA100901046E0
:10FA2000F8F70AFC00200346024601460090F8F76A
:10FA300003FC012007B000BD0020FBE7C849069881
:10FA4000884260D14822F249F248006806F038FD49
:10FA5000C2480068C249086008460068002850D0C3
:10FA60000120ED4B0022EDA10090BD480068F8F7A1
:10FA7000E3FB0120EC4B0022ECA100901046F8F7CC
:10FA8000DBFB0120EC4B0022ECA100901046F8F7C4
:10FA9000D3FB0120EC4B0022ECA100901046F8F7BC
:10FAA000CBFB0120EC4B0022ECA100901046F8F7B4
:10FAB000C3FB0120EE4B0022EEA100901046F8F7A8
:10FAC000BBFBEF480078012812D10020EC490870F8
:10FAD0000220EC4BEC4AEDA100900020F8F7ACFBC3
:10FAE0000120EF4B0022EFA100901046F8F7A4FB95
:10FAF00000200346024601460090F8F79DFB0120D6
:10FB000098E7002096E7C449069888424AD193486E
:10FB10000068086008460068002841D00120E34BD7
:10FB20000022E3A10090BC480068F8F785FB0120A3
:10FB3000E34B0022E3A100901046F8F77DFB012083
:10FB4000E44B0022E4A100901046F8F775FB012079
:10FB5000E54B0022E5A100901046F8F76DFB01206F
:10FB6000E64B0022E6A100901046F8F765FB012065
:10FB7000E74B0022E7A100901046F8F75DFB01205B
:10FB8000E84B0022E8A100901046F8F755FB002052
:10FB90000346024601460090F8F74EFB012049E774
:10FBA000002047E7A049069888427DD1E2480078C6
:10FBB000E24909680870E2480078E049096848703D
:10FBC000E0480088DD49096848809148807DDB492C
:10FBD000096808718E48C07DD84909684871DA48BB
:10FBE0000078D64909688871D8480078D3490968EF
:10FBF000C871D7480078D14909680872002005907B
:10FC000011E0D4490598095C0930CC4A12681154B6
:10FC1000D1490598095C0D30C84A126811540598FD
:10FC2000401CC0B2059005980428EADBCB48007858
:10FC3000FF2802D10020C9490870C8480078BF4990
:10FC400009684874C6480078BC4909688874C54882
:10FC50000078BA490968C874C3480078B749096888
:10FC600008756B48007EB549096848756848407E4C
:10FC7000B249096888756648807EB0490968C875C8
:10FC80006348C07EAD490968087634480068664913
:10FC900008600846006800285CD00120B34B0022B1
:10FCA000B3A10090604800E023E20068F8F7C4FACE
:10FCB0000120B44B0022B4A100901046F8F7BCFA22
:10FCC0000120B54B0022B5A100901046F8F7B4FA18
:10FCD00002200090994803681833B44AB4A1002068
:10FCE000F8F7AAFA0220002300909448B4A1026811
:10FCF0001846F8F7A1FA02200090904803689B1D6F
:10FD0000B44AB5A10020F8F797FA022000908B487A
:10FD100003681433B54AB6A10020F8F78DFA022023
:10FD20000023009085480268521CB6A11846F8F7D7
:10FD300083FA22200023009080480268921CB6A11A
:10FD40001846F8F779FA022000907C4803680833D7
:10FD5000A04A6BE1CBE10000E0040020B4050020E4
:10FD6000840500205A0C0020C9E8D6C3000000001A
:10FD7000E4040020CAB5CAB1B8E6BEAF0000000076
:10FD8000F8040020BDBBC1F7C5E4B5E700000000E2
:10FD9000F0040020D5FBC1F7C4A3BFE900000000B8
:10FDA000F4040020B9E2B7FCC4A3BFE900000000DE
:10FDB000A4050020EFAEB5E7D0C5CFA2000000003B
:10FDC000FC040020C5E4B5E7D0C5CFA200000000C8
:10FDD00000050020D3C3BBA7D0C5CFA20000000000
:10FDE00004050020B7D6C2B7D0C5CFA200000000DE
:10FDF00060050020C0FACAB7BCC7C2BC0000000042
:10FE000088050020CFB5CDB3D0C5CFA2200000001B
:10FE100084210020A4040020E8040020B2CECAFD02
:10FE2000C9E8D6C3000000003C050020B9A4B3A770
:10FE3000C9E8D6C320000000A8050020EFAEB5E752
:10FE4000C9E8D6C3200000008C050020C5E4B5E752
:10FE5000C9E8D6C320000000A0050020C7A6CBE15A
:10FE6000B5E7B3D8B5A5D4AAC9E8D6C30000000049
:10FE700080050020C7E5B3FDBCC7C2BC2000000060
:10FE800064030020D4040020280B0020B9A4B3A7E9
:10FE9000C3DCC2EB3B202578257825782578000047
:10FEA0009C05002054534554200000000C05002000
:10FEB000B5E7B3D8B2CECAFDC9E8D6C3200000006A
:10FEC00010050020B5E7B3D8BEF9B3E4C9E8D6C33E
:10FED0002000000014050020B5E7B3D8B2E2CAD470
:10FEE000C9E8D6C3200000002C050020BDDAC4DC20
:10FEF000B2CECAFDC9E8D6C32000000058050020D4
:10FF0000B8E6BEAFB2CECAFDC9E8D6C32000000035
:10FF100024050020CAE4C8EBB8E6BEAFC9E8D6C3E2
:10FF20002000000028050020CAE4B3F6B8E6BEAF02
:10FF3000C9E8D6C3200000006C020020B8050020EC
:10FF4000B2020020D4000020660200206A020020D5
:10FF5000B30200203203002036030020BF0200203D
:10FF6000C002002075020020760200205C050020FF
:10FF7000CAB1BCE4C9E8D6C320202020202020201C
:10FF80000000000048050020B5E7C1F7D0A3D7BCAA
:10FF900020202020202000004C050020B5E7D1B90A
:10FFA000D0A3D7BC2020202020200000080600205D
:10FFB000EFAEB5E7256CC4A3CABD20202020000009
:10FFC000B3ADB1EDC8D5202020202020202025442D
:10FFD000C8D50000F8050020BDFBD3C3B7E4C3F9C2
:10FFE000C6F720202020256C000000001809002002
:10FFF000D4DACFDFCFE0CEBB202020202020256C1C
:020000040801F1
:1000000000000000CDA8D0C5B5D8D6B7202020204C
:100010002020254400000000C4A3BFE9CFDEC1F7C3
:10002000B5E320202020256425000000F9A1002050
:10003000F8F702F902200090FB4803681133FB4AED
:10004000FBA10020F8F7F8F8FE480078012845D118
:1000500002200090F4480368DB1DF44AFAA1002056
:10006000F8F7EAF802200090EF4803681633EF4AE9
:10007000FAA10020F8F7E0F802200090EA480368AF
:100080001533EA4AFAA10020F8F7D6F802200090CA
:10009000E54803681B1DFB4AFBA10020F8F7CCF8DC
:1000A00002200090E04803685B1DFC4AFCA1002090
:1000B000F8F7C2F802200090DB4803681333DB4AEC
:1000C000FCA10020F8F7B8F802200090D648036899
:1000D0001733FD4AFDA10020F8F7AEF800200346D3
:1000E000024601460090F8F7A7F80120A2E400209C
:1000F000A0E4F7490698884269D10020059008E0FD
:100100000021C9480268059811540598401CC0B2E6
:10011000059005981628F3DBEE484079ED490979FA
:10012000EC4AD278EB4B9B78CDE90032CDE9021056
:10013000E84840780590E748007804900246E6A138
:10014000B948059B0068F2F733F9E9480068E049CF
:10015000086008460068002837D0002003460246A1
:10016000E4A10090DA480068F8F766F82020002340
:10017000E44AE5A100901846F8F75EF8002003462F
:10018000E54AE6A10090F8F757F80020E74BE84A67
:10019000E8A10090F8F750F80020E44BE74AE8A106
:1001A0000090F8F749F800200346024600909E4868
:1001B00001680020F8F740F8002003460246014697
:1001C0000090F8F739F8012034E4002032E4DE49E9
:1001D0000698884229D1C648006808600846006829
:1001E00008B30120D94B0022D9A10090D64800685D
:1001F000F8F722F80120DA4B0022DAA1009010462D
:10020000F8F71AF80120DB4B0022DBA10090104622
:10021000F8F712F800200346024601460090F8F76E
:100220000BF8012006E4002004E4D7490698884230
:1002300037D100207C4909680870D4480078D34938
:100240004870AB480068D04908600846006830B381
:1002500002200023CD4A521CCDA10090CA4800685C
:10026000F7F7EAFF0020CE4BCE4ACFA10090F7F778
:10027000E3FF022000906C48CD4A94A1036800205F
:10028000F7F7DAFF00200346024601460090F7F731
:10029000D3FFBD480068FEF7F3FF012030E40020E3
:1002A0002EE4C449069888427ED1C34800785E494E
:1002B00009680870C14800785B4909684870C048FF
:1002C0000078594909688870BE480078564909681D
:1002D000C870BD4800785449096808710020524927
:1002E0000968A1F80D0082480068B2490860084614
:1002F0000068002867D0002000904B48B34AB4A1A2
:100300000368AC480068F7F797FF202000230090AF
:10031000B348B4A102681846F7F78EFF20200023E7
:100320000090AF480268921CB3A11846F7F784FF0B
:10033000202000230090AA4802680A32B3A1184680
:10034000F7F77AFF202000230090A54802682B329F
:10035000B3A11846F7F770FF202000230090A048B3
:1003600002680C32B3A11846F7F766FF202000237D
:10037000B54AB6A100901846F7F75EFF302000237B
:10038000B74AB8A100901846F7F756FF202000237F
:100390000090934802682632B7A11846F7F74CFF41
:1003A00020200023B94A00E00FE0B9A100901846D0
:1003B000F7F742FF00200346024601460090F7F798
:1003C0003BFF012092E6002090E6B649069888425D
:1003D0001ED1474800680860002013490968487327
:1003E000059008E00021104802680598115405980E
:1003F000401CC0B2059005981628F3DB02200A497C
:1004000009684870A84800780749096888774DE16D
:10041000C4E10000B5E7B3D8D4DACFDFBCECB2E278
:100420002020256C00000000B8050020F805002001
:10043000C4A3BFE9B7C0B5C1202020202020256C6F
:100440000000000064030020B9D8CDA3B5E7D1D3E4
:10045000B3D920202020256C00000000BFAABBFAE1
:10046000CFDEC1F7202020202020256C00000000D6
:10047000B7E5B9D8B3E4B5E74D4F53202020256C3C
:1004800000000000CC070020BFD5BFAAB3A7BCD294
:10049000202020202020256C00000000DC07002008
:1004A000B2DBCEBBB4CED0F2202020202020256CA1
:1004B00000000000B5E7C4DC3220202020202020EE
:1004C0002020256C00000000F4070020256C0000AF
:1004D000880500202C0300204D41433A25782D2526
:1004E000782D25782D25782D25782D25780000006C
:1004F000B4050020D3B2BCFEB0E6B1BE2056312E0A
:100500003000000054030020C8EDBCFEB0E6B1BED0
:10051000205625462E32000002000408D7D6BFE23E
:10052000B0E6B1BE2056254F2E254F00580C0020B6
:100530003C0C0020432F534E3A256C00480C002001
:10054000532F534E3A256C002C0500203005002017
:10055000D0DDC3DF2020202020202020200000002C
:1005600034050020B4EDB7E5D3C3B5E72020202043
:100570002000000038050020CAD0B5E7CFF7B7E566
:100580002020202020000000E4040020E10C0020B6
:10059000B8E6BEAFCAFD203A254F2F244F00000019
:1005A000DE0C0020A007002020256C256C256C00A7
:1005B000BC070020EC040020C8020020DA02002062
:1005C0006902002062000020DB0200204C080020AD
:1005D000256C2020256C20256C20256C20256C00A6
:1005E000CC020020D6B1C1F7B5E7D1B92020202038
:1005F00025462E3256000000D7DCB5E7C1F7202093
:100600002020202025462E3141000000B8BAD4D841
:10061000B5E7C1F72020202025462E3141000000FB
:10062000B5E7B3D8B5E7C1F72020202025462E3105
:1006300041000000B5E7B3D8534F432020202020CD
:1006400025462E3225000000F40D0020B4A2C4DCA3
:10065000B5E7C1F72020202025462E3141000000BB
:10066000F80D0020B4A2C4DC534F432020202020EA
:1006700025462E3225000000B5E7B3D8CEC2B6C855
:100680002020202025462E32A1E600007C000020FC
:10069000B5F7BDDAB5E7D1B920202025472E33566E
:1006A00000000000F0040020B50E0020FB480068A8
:1006B000002871D002200023F94AFAA10090F748DF
:1006C0000068F7F7B9FD00200090FC48FC4AFDA146
:1006D00003680020F7F7B0FD202000230090F748C2
:1006E0000268921CFBA11846F7F7A6FD2020002304
:1006F0000090F2480268921DFBA11846F7F79CFD96
:10070000202000230090ED4802680A32FBA1184621
:10071000F7F792FD02200090E84803680C33FB4A8B
:10072000AFF248110020F7F787FDF948007801285B
:1007300024D100200346F74AF7A10090F7F77CFD8B
:1007400000200090DD4803681F33F54AF5A1002022
:10075000F7F772FD02200090D84803680E33F44A80
:10076000F4A10020F7F768FD022000230090D34891
:1007700002681E32F6A11846F7F75EFD0020034618
:10078000024601460090F7F757FDC4480068FEF79F
:1007900077FD0120AAE4FFE70020A7E4F0490698CE
:1007A000884266D1EF48006808600020C3490968A4
:1007B0004873059008E00021C0480268059811546C
:1007C0000598401CC0B2059005980C28F3DB022068
:1007D000BA4909684870E2480068002847D00220FA
:1007E0000023AF4AAFA10090DD480068F7F724FD71
:1007F00000200090B148B24AB2A103680020F7F788
:100800001BFD202000230090AC480268921CB1A17F
:100810001846F7F711FD202000230090A748026832
:10082000921DD1A11846F7F707FD20200023009064
:10083000A24802680A32B1A11846F7F7FDFC02206F
:1008400000909E4803680C33B04AAFF2702100203C
:10085000F7F7F2FC00200346024601460090F7F746
:10086000EBFCBF480068FEF70BFD01203EE40020D2
:100870003CE4C2490698884279D1BA4800680860C9
:1008800008460068002873D0BD48007800F00400D6
:1008900004281ED1202000230090BA48BAA1026883
:1008A000B6480068F7F7C8FC202000230090B54840
:1008B00002681432B8A11846F7F7BEFC20200023C6
:1008C0000090B04802681A32B7A11846F7F7B4FC96
:1008D00016E0002003460246B8A10090A748006831
:1008E000F7F7AAFC002003460246B9A10090F7F7EB
:1008F000A3FC002003460246BAA10090F7F79CFC37
:100900009F48007800F0020002281ED1202000231A
:1009100000909C480268921CB7A11846F7F78CFC1F
:10092000202000230090974802681632B6A118468E
:10093000F7F782FC202000230090924802681C32C6
:10094000B5A11846F7F778FC17E0002003460246E9
:10095000B6A10090F7F770FC002003460246B8A14C
:100960000090F7F769FC00200346024601E00FE221
:100970000CE2B8A10090F7F75FFC8148007800F026
:100980000100F0B12020002300907E480268121D73
:10099000B5A11846F7F750FC2020002300907948B5
:1009A00002681832B4A11846F7F746FC202000234D
:1009B0000090744802681E32B3A11846F7F73CFC59
:1009C00014E0002003460246B4A10090F7F734FC7F
:1009D000002003460246B6A10090F7F72DFC002048
:1009E00003460246B7A10090F7F726FC202000231B
:1009F000009064480268921DB7A11846F7F71CFCE6
:100A0000B948007890B93020002300905D48026812
:100A10002032B6A11846F7F70FFC30200023B74A62
:100A2000B7A100901846F7F707FCA6E1002003469F
:100A30000246B7A10090F7F7FFFB30200023B74A2A
:100A4000B7A100901846F7F7F7FB30200023B34A10
:100A5000121DB7A100901846F7F7EEFB30200023D7
:100A6000AE4A0832B6A100901846F7F7E5FB3020F1
:100A70000023AA4A0C32B6A100901846F7F7DCFB17
:100A800030200023A54A1032B5A100901846F7F790
:100A9000D3FB30200023A14A121F69E1F00400209B
:100AA000680C0020B5B1C7B0C4A3BFE92020202046
:100AB00020202020254F2F244F000000B8050020C3
:100AC000A0080020B9A4D7F7D7B4CCAC2020256C5F
:100AD0002F256C00CAE4B3F62025462E325620207E
:100AE00025462E3241000000CAE4C8EB2025462EE0
:100AF0003156202025462E31487A0000CEC2B6C895
:100B0000202020202025462E32A1E600A808002023
:100B1000BF020020540C00204D2F534E3A256C008C
:100B2000B00B0020BDE2B0F3D7B4CCAC3A256C00DA
:100B30007C0B0020BDE2B0F3BFDAC1EE3A256C2594
:100B40006C256C256C256C256C256C256C000000D3
:100B5000CBF8B6A8D1D3CAB120254FD0A1CAB100D5
:100B6000F4040020B4050020CAE4C8EB2025462E7A
:100B70003156202025462E3241000000F804002086
:100B800076020020F002002041CFE0B5E7D1B92085
:100B9000202025462E32560041CFE0B5E7C1F72090
:100BA000202025462E32410041CFE0B9A6C2CA20FE
:100BB000202025462E324B570000000041CFE0B5E3
:100BC000E7D1B92020202D2D2D2D2D2D56000000F0
:100BD00041CFE0B5E7C1F72020202D2D2D2D2D2D63
:100BE0004100000041CFE0B9A6C2CA2020202D2D2F
:100BF0002D2D2D2D4B57000042CFE0B5E7D1B92068
:100C0000202025462E32560042CFE0B5E7C1F7201E
:100C1000202025462E32410042CFE0B9A6C2CA208C
:100C2000202025462E324B570000000042CFE0B571
:100C3000E7D1B92020202D2D2D2D2D2D560000007F
:100C400042CFE0B5E7C1F72020202D2D2D2D2D2DF1
:100C50004100000042CFE0B9A6C2CA2020202D2DBD
:100C60002D2D2D2D4B57000043CFE0B5E7D1B920F6
:100C7000202025462E32560043CFE0B5E7C1F720AD
:100C8000202025462E32410043CFE0B9A6C2CA201B
:100C9000202025462E324B570000000043CFE0B500
:100CA000E7D1B92020202D2D2D2D2D2D560000000F
:100CB00043CFE0B5E7C1F72020202D2D2D2D2D2D80
:100CC0004100000043CFE0B9A6C2CA2020202D2D4C
:100CD0002D2D2D2D4B570000C6B5C2CA2020202532
:100CE000462E31487A00000068020020B5E7C4DCD7
:100CF0003A25462E314B574800000000C00E002018
:100D0000B5E7C4DC3A25472E334B574800000000B6
:100D1000B4EDB7E5B5E7C4DC00000000287C002096
:100D2000BCE2B7E53A25462E314B5748000000009B
:100D3000B8DFB7E53A25462E314B57480000000092
:100D4000C6BDB6CE3A25462E314B574800000000AE
:100D5000B5CDB9C83A25462E314B574800000000A2
:100D6000D7DCB9B23A25462E314B57480000000077
:100D7000F7A100901846F7F75FFA002003460246F5
:100D800001460090F7F758FA012003E5002001E53D
:100D9000F349069888425DD10020F249096808802D
:100DA0000120F049096888700020EE490968C87080
:100DB00005900FE0EC490598085C002806DDE9483D
:100DC0000068C078401CE7490968C8700598401C55
:100DD000C0B2059005982228ECDB0020E1490968A3
:100DE0008880E0490968C1F80600E0480068DC49ED
:100DF00008600846006858B3022000230090D948D4
:100E00000268921CDAA1D6480068F7F715FA20208C
:100E100000230090D3480268121DDAA11846F7F7A4
:100E20000BFA302000230090CE480268921DD8A112
:100E30001846F7F701FA00200346024601460090E3
:100E4000F7F7FAF9C6480068FEF71AFA0120A1E49C
:100E500000209FE4D249069888425CD10120C14914
:100E6000096888700620BF490968C8700020BD491C
:100E700009688880BB490968C1F80600B949096852
:100E8000C1F80A00B9480068C5490860084600680A
:100E9000F0B302200090B34803689B1CC14AC2A172
:100EA000BF480068F7F7C8F9202000230090AD483C
:100EB0000268121DB3A11846F7F7BEF930200023CF
:100EC0000090A8480268921DB1A11846F7F7B4F93E
:100ED000202000230090A348B6A102681846F7F727
:100EE000ABF93020002300909E4802680A32B5A179
:100EF0001846F7F7A1F90020034602460146009084
:100F0000F7F79AF9A6480068FEF7BAF9012041E41C
:100F1000FFE700203EE4AF490698884254D1012003
:100F200090490968887002208E490968C8700020BD
:100F30008C49096888808B490968C1F80600A64871
:100F40000068808887490968888088480068A149C6
:100F5000086008460068A0B3022000230090814882
:100F60000268921C9DA19B480068F7F765F9202054
:100F7000002300907B480268121D82A11846F7F7F3
:100F80005BF930200023009076480268921D98A1FA
:100F90001846F7F751F9202000230090714885A1E9
:100FA00002681846F7F748F9002003460246014652
:100FB0000090F7F741F987480068FEF761F90120D2
:100FC00054E4FFE7002051E48D49069888427DD122
:100FD00001208C4908706548006889490860084606
:100FE0000068002873D002200023864A86A1009062
:100FF00083480068F7F720F9202000230090594823
:1010000087A102681846F7F717F9202000230090FF
:1010100054480268921C87A11846F7F70DF9202062
:10102000002300904F480268121D87A11846F7F769
:1010300003F9022000904B4803681A33874A88A1BD
:101040000020F7F7F9F82120894B00904548026805
:10105000083288A10020F7F7EFF802200023009063
:10106000404802680A3288A11846F7F7E5F82020C0
:10107000002300903B4802680C3288A11846F7F71D
:10108000DBF8202000230090364802680E3288A149
:101090001846F7F7D1F821208A4B009031480268B2
:1010A0001C3289A10020F7F7C7F820200023009008
:1010B0002C480268103289A11846F7F7BDF80220C3
:1010C0000090284803681233894A01E027E024E0B1
:1010D00088A10020F7F7B0F80220009021480368AB
:1010E0001433834A87A10020F7F7A6F820200023B5
:1010F00000901C480268163286A11846F7F79CF843
:1011000000200346024601460090F7F795F83C4858
:101110000068FEF7B5F8012037E6002035E65449AF
:101120000698884212D11148006808600846006895
:1011300058B10020034602467BA100904C4800684D
:10114000F7F77AF80020059026E131E132E100005E
:10115000C6E4CBFC3A25462E314B57480000000030
:10116000FC040020B8050020007C0020B40500200D
:10117000C5E4B5E7B7D6C2B72020202020254F2FE1
:1011800024440000B5E7C1F7202025462E31410058
:10119000B5E7C1BF202025472E324B57480000003D
:1011A0000005002084090020D7E2BBA72020256C81
:1011B00000000000B0D9B7D6B1C82025462E312591
:1011C00000000000B5E7C1BF32202025472E314B7B
:1011D0005748000004050020CC020020D3C3BBA761
:1011E000B7D6C2B7202020202020254F2F2444002E
:1011F000B5E7C1BF202025472E314B5748000000DE
:10120000A4050020D60D0020B5B1C7B0B5E7B3D80E
:101210002020202020202020254F2F244F000000B8
:10122000D7DCCFDFB5E7D1B92020202025462E32EC
:1012300056000000B5E7B3D8B5E7D1B9202020208B
:1012400025462E3256000000B5E7B3D8B5E7C1F702
:101250002020202025462E3241000000300C0020A6
:10126000B3E4B7C5D7B4CCAC20202020256C000057
:10127000B0050020B5E7B3D8CEC2B6C820202020E4
:101280002564A1E600000000B5E7B3D8D0BECAFDD2
:10129000202020202544B8F600000000534F4320B2
:1012A000202020202020202025462E32250000004E
:1012B000534F4820202020202020202025462E3259
:1012C00025000000AC050020B5A5CCE5B5E7D1B9F7
:1012D0002025462E332D25462E335600B6EEB6A8D1
:1012E000C8DDC1BF2020202025462E324148000005
:1012F000F80500204D4F53B3E4B1D5BACF202020DC
:10130000256C00004D4F53B7C5B1D5BACF20202072
:10131000256C0000B7C5B5E7B5E7C1F72020202050
:1013200025462E3241000000B5A5CCE5CEC2B6C898
:101330002034B8F6000000000598401CC1B2FE48F9
:1013400002680598115400200090FB480168059838
:10135000084400230246F9A104901846F6F76CFFF2
:1013600020200090F9480078401E00EB4001C1EBBE
:101370004010F74901EB80004430059900EB410033
:1013800000230246AFF2081104901846F6F754FF06
:101390000598401CC0B2059005980428CCDB0020BD
:1013A0000346024601460090F6F746FF0120ECE4B2
:1013B0000020EAE4E7490698884267D1E6480068D9
:1013C000086008460068E8B300200090DF48007815
:1013D000401E00EB4001C1EB4010DD4901EB8000F5
:1013E0000E3000230246DDA10590DA480068F6F7CA
:1013F00023FF0020059030E00598401CC1B2CE4884
:1014000002680598115400200090CB4801680598A7
:10141000084400230246D5A104901846F6F70CFFB5
:1014200020200090C9480078401E00EB4001C1EB2D
:101430004010C74901EB80002030059900EB4100C6
:10144000002300E020E00246CCA104901846F6F705
:10145000F3FE0598401CC0B20590BC480078401EC1
:1014600000EB4001C1EB4010B94901EB8000C1899C
:1014700005988142C0DC00200346024601460090E8
:10148000F6F7DAFE012080E400207EE4BD490698EC
:10149000884277D1A84800680590BB480188059824
:1014A0000180BA48018805984180B94801880598AB
:1014B0008180B84801880598C180B748018805989F
:1014C000018105980A300490B448006801780498B6
:1014D0000170B348017804984170B24801780498CB
:1014E0008170B14801780498C170B04801880598AE
:1014F000C181AE48418805980182AC488188059831
:101500004182AA48C18805988182A8480189059826
:10151000C182A648418905980183A548018805989C
:1015200041838D4800689749086008460068002894
:101530007ED0022000909F4A9FA19248049B0068A1
:10154000F6F77AFE2220904B0090A0A10020059A89
:10155000F6F772FE22208D4B0090059A921CA0A1F6
:101560000020F6F769FE2220914B0090059A1A326E
:10157000A0A10020F6F760FE22200090049B5B1CD7
:10158000A14A00E067E0A1A10020F6F755FE222065
:101590007F4B0090059A121DA1A10020F6F74CFE8A
:1015A00022207D4B0090059A0832A3A10020F6F777
:1015B00043FE0020774B0090059A921DA3A1F6F7F9
:1015C0003BFE79480078002808DD002003460090A3
:1015D000049AD21CA2A1F6F72FFE31E072480078DF
:1015E00038BB02206F4B0090049A921CA1A10020EE
:1015F000F6F722FE6B480078002821DD00200390DA
:1016000019E0022069490090039801EB4000029024
:101610000398C01D059901EB40000190024699A175
:101620000020029BF6F708FE0398401CC0B201E0C0
:101630000FE005E003905B49097803988842E0DBFE
:1016400000200346024601460090F6F7F5FD012012
:101650005DE400205BE49049069888424FD18F48B2
:1016600000783549096808708D4800783249096862
:1016700048708C4800783049096888708A4800882A
:101680002D490968A1F803003348006882490860C1
:101690000846006880B30220009027485A4A83A178
:1016A00003687D480068F6F7C7FD0220002300901C
:1016B00021480268521C82A11846F6F7BDFD02209F
:1016C000002300901C480268921C82A11846F6F77D
:1016D000B3FD2220744B009017480268D21C82A1EF
:1016E0000020F6F7A9FD00200346024601460090BF
:1016F000F6F7A2FD01200AE4FFE7002007E47F4996
:101700000698884216D17E4800780B49096808700F
:101710007C4800780849096848707B480088064979
:101720000968A1F803007948008803490968A1F80D
:101730000500EDE063E10000B8050020B5A5CCE5AB
:10174000CEC2B6C82020202025440000D60D00209F
:10175000E4150020AC050020B4050020B5A5CCE5BB
:10176000B5E7D1B9202544B8F6000000B5A5CCE511
:10177000B5E7D1B9202020202544000025462E338E
:10178000560000000C050020A8000020AA00002040
:10179000F6000020B0000020AE000020680000200D
:1017A0006B020020B0020020820E0020D001002039
:1017B000F400002074080020CAD6B6AFB9A4D7F749
:1017C000C4A3CABD20256C2000000000B8A1B3E46A
:1017D000B5E7D1B920202020202025462E32560002
:1017E000BEF9B3E4B5E7D1B920202020202025465A
:1017F0002E325600B9E2B7FCB5E7D1B9B2EE2020DF
:10180000202025462E335600F8050020CEC2B6C84B
:10181000B2B9B3A5CAB9C4DC2020256C0000000011
:10182000CEC2B2B9CFB5CAFD202020202020256429
:101830006D562FA1E6000000D7DCB5E7B3D8CFDEA8
:10184000C1F720202025462E32430000D7DCB5E723
:10185000B3D8C8DDC1BF2020202564416800000046
:10186000BFD5BFAAB5E7B3D8B7D6C2B7CAFD202047
:1018700025440000C7A6CBE1B5A5D4AAD7E920200E
:1018800025440000C7A6CBE1B5E7B3D8C8DDC1BF8A
:101890002020256441680000140500206502002016
:1018A0007402002079020020AC000020D6DCC6DAE9
:1018B000B7C5B5E7B2E2CAD4202020256C200000CD
:1018C000B2E2CAD4D6DCC6DA20202020202025446B
:1018D000CCEC0000B2E2CAD4CAB1B3A420202020CC
:1018E000202544D0A1CAB100B2E2CAD4BDE1CAF8F1
:1018F000B5E7D1B92025462E32560000100500204C
:1019000073020020B6000020B2000020B4000020C6
:10191000FE480088FE4909688881FE480078FC4935
:101920000968C871FC480078F94909684872FB48A1
:101930000078F74909688872F9480068F949086031
:1019400008460068002858D002200090F04803683C
:101950000933F54AF5A1F3480068F6F76DFC02205B
:10196000F74B0090EA48F7A102680020F6F764FC04
:10197000022000230090E6480268D21DF6A1184616
:10198000F6F75AFC022000230090E14802680A3270
:10199000F6A11846F6F750FC2220F94B0090DC48DF
:1019A0000268D21CF7A10020F6F746FC2220FA4B71
:1019B0000090D7480268521DF8A10020F6F73CFCC1
:1019C0000220FB4B0090D2480268521CF9A1002073
:1019D000F6F732FC0220CD4B0090CD4802680C3265
:1019E000F9A10020F6F728FC002003460246014634
:1019F0000090F6F721FC0120D9E40020D7E4F74954
:101A0000069888427CD1F6480088C1490968088058
:101A1000F4480088BE4909684880F3480088BC49FA
:101A200009688880F1480088B9490968C880F04889
:101A30000088B74909680881EE480088B4490968F8
:101A40004881ED480088B24909688881EB480088E0
:101A5000AF490968C881EA480088AD490968088229
:101A6000E8480088AA4909684882AD480068DB490F
:101A700008600846006800286ED02220D84B0090ED
:101A8000A348E1A10268D5480068F6F7D5FB2220FB
:101A9000D44B00909E480268921CE0A10020F6F70B
:101AA000CBFB2220D04B009099480268121DE0A188
:101AB0000020F6F7C1FB2220CC4B0090944802682E
:101AC000921DE0A10020F6F7B7FB2220C84B009042
:101AD0008F4802680832E0A10020F6F7ADFB222013
:101AE000C84B00908A4802681232E0A10020F6F745
:101AF000A3FB2220BF4B0090854802680A3200E019
:101B00002CE0DFA10020F6F797FB2220BA4B0090D3
:101B10007F4802680C32E0A10020F6F78DFB2220FE
:101B2000B64B00907A4802680E32E1A10020F6F729
:101B300083FB2220B24B0090754802681032E1A16D
:101B40000020F6F779FB002003460246014600908C
:101B5000F6F772FB01202AE4002028E4DE4906980B
:101B600088427CD101206A4909680870DB480590E9
:101B7000674800680078401ED94901EBC0004078F2
:101B80000009634909684870614800680078401E90
:101B9000D34901EBC000C0885D49096848805C48B2
:101BA00000680078401ECF4901EBC000808858498A
:101BB00009688880C948008855490968A1F80D005E
:101BC0000320C949087056480068C34908600846A0
:101BD0000068E0B30220002300904D48C3A10268D2
:101BE000BD480068F6F728FB0220009048480368CB
:101BF0005B1CC24AAFF68C110020F6F71DFB2220B9
:101C00000023009042480268921CBDA11846F6F7D6
:101C100013FB2220002300903D4802680D32BDA135
:101C20001846F6F709FB2220002300903848026886
:101C3000121DBDA11846F6F7FFFAA7480068FDF788
:101C40001FFB0020034602460146009001E004E02D
:101C500005E0F6F7F1FA012015E4002013E4B84995
:101C60000698884224D12E480068086005209E49C5
:101C70000870B3480068C8B100200346B14AB2A159
:101C80000090AF480068F6F7D7FA00200346AD4A47
:101C9000921CB2A10090F6F7CFFA0020034602464C
:101CA00001460090F6F7C8FA0120D1E40020CFE405
:101CB000AF490698884227D1AE480078401EAE4909
:101CC00011F8100000F07F00114909680870A94858
:101CD0000078401EA84931F81000C0F3C1100C492B
:101CE00009684870A3480078401EA34931F81000E5
:101CF000C0F342200649096888709E480078401E5B
:101D00009D4931F8100039E190E10000B800002051
:101D1000B80500207802002064020020B4020020F0
:101D2000B405002010050020F8050020D7D4B6AF78
:101D3000BEF9B3E42020202020256C200000000004
:101D400073020020BEF9B3E4D6DCC6DA20202020DE
:101D5000202544CCEC000000BEF9B3E4CAB1B3A422
:101D600020202020202544D0A1CAB100D7EED0A148
:101D7000B7C5B5E7CAB1B3A4202544B7D600000063
:101D8000B2000020BEF9B3E4C6F4B6AFCFB5CAFDC9
:101D90002025462E32430000B4000020BEF9B3E4F3
:101DA000BDE1CAF8CFB5CAFD2025462E324300005A
:101DB000B6000020BEF9B3E4C6F4B6AFD1D3CAB1C1
:101DC000202544B7D6000000BEF9B3E4BDE1CAF84F
:101DD000D1D3CAB1202564B7D60000005805002031
:101DE000BA000020BC000020BE000020C00000207F
:101DF000C2000020C4000020C6000020C80000204F
:101E0000CA000020C2010020CAE4C8EBC7B7D1B99C
:101E10002020202025462E3256000000CAE4C8EBC0
:101E2000B9FDD1B92020202025462E3256000000D1
:101E3000CAE4C8EBB9FDC1F72020202020202546A8
:101E40002E324100B5E7B3D8B5CDD1B9202020203E
:101E5000202025462E325600CAE4B3F6B9FDD1B98A
:101E600020202020202025462E325600CAE4B3F63A
:101E7000C7B7D1B920202020202025462E32560079
:101E8000C6B5C2CAC9CFCFDE2020202020202546DB
:101E90002E32487A00000000C6B5C2CACFC2CFDEDB
:101EA00020202020202025462E32487A00000000E5
:101EB000B5E7B3D8CEC2B6C8B8DF202025462E324B
:101EC000A1E60000B5E7B3D8CEC2B6C8B5CD202094
:101ED00025462E32A1E600001C050020BC01002092
:101EE00094010020A4010020880C0020B5E7B3D89D
:101EF000B7D6C2B720202020254400004409002086
:101F0000CFC2B5E7B5E7D1B92020202025462E3233
:101F100056000000BBD6B8B4B5E7D1B920202020C8
:101F200025462E3256000000CFC2B5E7CAB1BCE448
:101F30002020202025462E31B7D6D6D30000000021
:101F400020050020710E0020C8EDBCFEB0E6B1BE39
:101F500020205625442E254400000000D3B2BCFEAC
:101F6000B0E6B1BE20205625442E254400000000D6
:101F700024050020CA050020F8000020000B0621DF
:101F800090FBF1F201FB1200FB490968C8700120C7
:101F90000590FA480178491E05988840F849098853
:101FA000084018B90020F549487002E00120F349C3
:101FB0004870F4480068F44908600846006890B327
:101FC0000220EE4BF14AF2A10090EF480068F6F7CC
:101FD00033F902200090E848F14AF2A1036800209A
:101FE000F6F72AF902200090E34803685B1CF14AE7
:101FF000F1A10020F6F720F902200090DE480368E6
:102000009B1CF14AF1A10020F6F716F900200346C7
:10201000024601460090F6F70FF9DB480068FDF72D
:102020002FF90120E8E4FFE70020E5E4EA490698FB
:1020300088422FD10120D04909680870E7480088FC
:10204000000BCD4909684870CE480068E249086035
:1020500008460068E0B1022000230090C648E0A1D5
:102060000268DD480068F6F7E7F802200090C248F1
:1020700003685B1CDD4ACEA10020F6F7DDF80020E6
:102080000346024601460090F6F7D6F80120B3E475
:102090000020B1E4D649069888427ED1D548007820
:1020A000B54909680870D4480078B3490968487090
:1020B000D2480078B04909688870D1480078AE49A4
:1020C0000968C870CF480078AB4909680871CE48E4
:1020D0000078A94909684871CC480088A649096870
:1020E000A1F80700A7480068C149086008460068D1
:1020F000C0B302200090A048C54AC6A10368BC48EE
:102100000068F6F799F8022000909B4803685B1C72
:10211000BF4AC5A10020F6F78FF80220B74B009008
:1021200095480268921CC5A10020F6F785F80220A8
:10213000B34B009090480268D21CC5A10020F6F76E
:102140007BF80220AF4B00908B480268121DC5A19E
:102150000020F6F771F80220AB4B00908648026829
:10216000521D00E017E0C4A10020F6F765F8022038
:10217000A64B009080480268D21DC5A10020F6F74A
:102180005BF800200346024601460090F6F754F83B
:10219000012031E401E000202EE4C2490698884283
:1021A00076D1C1480078744909680870BF48008832
:1021B00071490968A1F80100BD4800886E490968A5
:1021C000A1F80300BB4800886B490968A1F8050025
:1021D000B948008868490968A1F80700B74800882D
:1021E00065490968A1F80900B5480088624909688D
:1021F000A1F80B00B34800895F490968A1F80D00F8
:10220000B04880885C490968A1F80F00AD48408853
:1022100059490968A1F81100AA48C08856490968B7
:10222000A1F81300574800689E49086008460068F6
:1022300078B3022000905048754AA3A103689948DA
:102240000068F5F7F9FF2220984B00904A48026891
:10225000521CA1A10020F5F7EFFF2220944B009023
:1022600045480268D21CA1A10020F5F7E5FF222015
:10227000904B009040480268521DA1A10020F5F744
:10228000DBFF22208C4B00903B480268D21D01E00E
:102290002BE028E09FA10020F5F7CEFF2220874BFE
:1022A00000903548026809329FA10020F5F7C4FF6D
:1022B0002220834B0090304802680B329FA10020FF
:1022C000F5F7BAFF0120A24B0022A2A10090104610
:1022D000F5F7B2FF00200346024601460090F5F7ED
:1022E000ABFF012037E4002035E499490698884285
:1022F00040D19B48007820490968087099480078C7
:102300001D49096848701F480068914908600846DF
:10231000006870B3022000230090174892A1026861
:102320008B480068F5F788FF0220002300901248D0
:102330000268921C92A11846F5F77EFF0220002346
:1023400000900D480268921D92A11846F5F774FF9F
:1023500002200090084803680A33934A93A10020A2
:10236000F5F76AFF222000230090034802680C3230
:1023700022E132E133E10000B8050020CA05002067
:10238000BC0C0020B405002024050020180A002001
:1023900044493A256C20B8E6BEAF3A246C000000F0
:1023A000080A0020B8E6BEAFC0E0D0CD2020202033
:1023B000256C0000040A0020B4A5B7A2D0CDCABD88
:1023C00020202020256C0000140A0020B8E6BEAFB3
:1023D000BAC52020256C000028050020F800002048
:1023E000BCCCB5E7C6F73A2544200000580A0020C7
:1023F0003005002067020020DD0200206E02002070
:102400006F0200207002002072020020D200002023
:10241000F8050020CAB9C4DC20202020202020207C
:102420002020256C00000000D0DDC3DFD4DDCDA36B
:10243000202020202020256C00000000BBF9CAFDD0
:1024400020202020202020202020254400000000E3
:10245000D0DDC3DFB4F8D4D8C2CA20202020254460
:1024600025000000BBBDD0D1B4F8D4D8C2CA20200A
:102470002020254425000000C2D6BBBBD6DCC6DA2E
:102480002020202020202544D0A1CAB10000000037
:10249000B2E2CAD4D6DCC6DA20202020202025646F
:1024A000C3EB00003405002068020020D6000020A5
:1024B000D8000020F2000020E2000020DE00002012
:1024C000E0000020C6010020B4EDB7E5CAB9C4DCC5
:1024D000202020256C000000B0B2C8ABB7C5B5E71E
:1024E000B5E7D1B9202025462E325600B5E7B3D83E
:1024F000B7C5B5E7C9EEB6C8202025462E3225005F
:10250000EFAEB5E7B1A3B5D7C8DDC1BF20202546E2
:102510002E322500EFAEB5E7BBD8B3E4C8DDC1BFAE
:10252000202025462E322500EFAEB5E7B7C5B5E72A
:10253000B5E7D1B9202025462E325600EFAEB5E7DB
:10254000B3E4B5E7B5E7D1B9202025462E325600D1
:1025500054050020CAB1B6CEC9E8D6C300000000B9
:10256000800C0020810C0020B5B1C7B0CAB1B6CE36
:1025700020202020202020254F2F254F0000000064
:10258000C8D5C6DAB6CE2020254F2F254F2D244F93
:102590002F244F00CAB1BCE4B6CE2020254F3A25E7
:1025A0004F2D244F3A244F00C4080020C4A3CABDB5
:1025B00020202020256C0000FEA11846F5F73CFEE7
:1025C00000200346024601460090F5F735FEFD481F
:1025D0000068FCF755FE012024E5002022E5FA49B9
:1025E0000698884266D1F9480078F9490968087068
:1025F000F8480088F6490968A1F80100F648008803
:10260000F3490968A1F80300F4480088F049096813
:10261000A1F80500F2480088ED490968A1F8070013
:10262000F0480078EA490968C872EF480068E6494E
:10263000086008460068D0B302200090E448EB4AE6
:10264000EBA10368E0480068F5F7F6FD2220E14BB6
:102650000090DF480268521CEAA10020F5F7ECFD6B
:102660002220DD4B0090DA480268D21CE9A100204C
:10267000F5F7E2FD2220D94B0090D5480268521DA3
:10268000E9A10020F5F7D8FD2220D54B0090D048D5
:102690000268D21DE9A10020F5F7CEFD0020034617
:1026A000024601460090F5F7C7FD0120BAE4FFE7B6
:1026B0000020B7E4E649069888427CD1CA48006801
:1026C00008600020C24909680870C1490968C870DB
:1026D000BF4909680871BE4909684871BC49096861
:1026E0008871BB490968C871B94909680872B84955
:1026F00009684872B64909688872B5490968C8729C
:10270000B34909680873D2480068C8B30220009032
:10271000AF480368DB1CCF4AAFF26C31CC4800688D
:10272000F5F78AFD02200090A94803681B1DCA4ADC
:10273000CAA10020F5F780FD202000230090A448C6
:102740000268521DC9A11846F5F776FD2020002326
:102750000090CB480268921CCAA11846F5F76CFDA0
:10276000022000909A48A14ACBA103680020F5F707
:1027700063FD20200023009095480268D21D00E0F0
:1027800017E0C8A11846F5F757FD22200023009056
:102790008F4802680B32C6A11846F5F74DFD0020A0
:1027A0000346024601460090F5F746FD012039E454
:1027B00001E0002036E4C349069888425FD100203A
:1027C00083490968C870AE480068808880490968F4
:1027D000888000207E4909688871FF207C4909684B
:1027E000C87142F210707A49096808817E48006811
:1027F000B449086008460068F0B3022000907448AD
:102800000368DB1C934A98A1AE480068F5F714FDF5
:102810002020002300909A480268921CAAA1184622
:10282000F5F70AFD20200023009069480268121D78
:10283000AAA11846F5F700FD022000906448AB4AB3
:10284000ABA103680020F5F7F7FC222000230090DD
:102850005F4802680832A9A11846F5F7EDFC002090
:102860000346024601460090F5F7E6FC95480068ED
:10287000FCF706FD01200AE4FFE7002007E4A24977
:102880000698884230D1002051490968087041F209
:1028900088304F490968A1F80100534800689A49F7
:1028A000086008460068E8B120200023009097489F
:1028B0000268223296A194480068F5F7BDFC2220F8
:1028C0000023009042480268521C95A11846F5F773
:1028D000B3FC00200346024601460090F5F7ACFC2D
:1028E000012056E4002054E491490698884224D1FE
:1028F0003D480068086008460068E0B102200023F7
:10290000009033488BA1026889480068F5F794FC71
:102910000220002300902E480268921D89A11846CB
:10292000F5F78AFC00200346024601460090F5F7C1
:1029300083FC01202DE400202BE486490698884280
:1029400037D12948006808600846006880B3012034
:10295000814B002281A100907E480068F5F76CFC55
:102960000120814B002281A100901046F5F764FC04
:102970000120814B002281A100901046F5F75CFCFC
:102980000120824B002282A100901046F5F754FCF2
:102990000120834B002283A100901046F5F74CFCE8
:1029A00000200346024601460090F5F745FCFFE093
:1029B00000E101E1B7C5B5E7C1BF202025462E30B3
:1029C000414800005405002038050020690200201D
:1029D000B805002078030020E4000020E600002075
:1029E000E800002076020020B4050020F805002051
:1029F000C6F4D3C320202020202020202020202007
:102A000020256C00D7DCB9A6C2CA202025462E316D
:102A10004B7700004C31CFE0B9A6C2CA202020205D
:102A200025462E314B7700004C32CFE0B9A6C2CA02
:102A30002020202025462E314B7700004C33CFE05C
:102A4000B9A6C2CA2020202025462E314B7700008F
:102A500048050020A00A0020F00A0020B7D6C1F7E0
:102A6000C6F7C1BFB3CC3A20256C0000D0A3D7BCB9
:102A7000B5E7C1F73A202025462E3141000000007D
:102A8000CC020020C4A3BFE9B5E7C1F73A20202556
:102A9000462E314100000000C1E3B5E33A20202575
:102AA0006C00000025462E33562F25462E33560047
:102AB000CAB5B2E2B5E7C1F73A202025462E31412A
:102AC0000000000040050020C4A3BFE9B5E7C1F73E
:102AD00020202020202025462E314100D0A3D7BC25
:102AE000B5E7C1F73A2025462E314100F008002015
:102AF000C1BFB3CC3A20256C00000000C1E3B5E3B0
:102B00003A202564200000004C050020A404002089
:102B1000D0A3D7BCB5E7D1B93A2025462E3256000E
:102B2000D0A3D7BCD6B53A20202025462E32560059
:102B30005C0500202564C4EA2564D4C22564C8D598
:102B4000200000002564CAB12564B7D62564C3EB14
:102B5000200000006005002064050020B8E6BEAF3C
:102B6000BCC7C2BC2000000068050020B3ADB1EDB9
:102B7000BCC7C2BC2000000070050020D3C3BBA7A7
:102B8000B5E7C1BFBCC7C2BC20000000740500206F
:102B9000B5E7B3D8B2E2CAD4BCC7C2BC20000000BB
:102BA00078050020C9FDBCB6C8D5D6BE20000000FF
:102BB000012011E500200FE5FE490698884267D103
:102BC000FD480068086008460068E8B3FB480068F4
:102BD00005900598001D049004980C3003904FF068
:102BE000FF30F7490880012105980180F5480188E8
:102BF000059841800020029008E000220299049884
:102C000020F811200298401CC0B2029002980628B9
:102C1000F3DB0020029007E00022DDE902104254BD
:102C20000298401CC0B2029002980428F4DB0220F3
:102C300000230090E4A1DF48059A0068F5F7FCFA4C
:102C400000200346009000E020E0E4A1049AF5F79C
:102C5000F3FA00200090039BDB1CE54AAFF2F81169
:102C6000F5F7EAFA00200090E24AE3A1039BF5F7AA
:102C7000E3FA00200346024601460090F5F7DCFA2D
:102C8000CC480068FCF7FCFA0120A5E40020A3E48E
:102C9000DB49069888427DD10020049008E000219D
:102CA000C6480268049811540498401CC0B20490AD
:102CB00004982028F3DBC14800680590012105989D
:102CC0000180D0480188059841804FF0FF30CE49FF
:102CD0000880B9480068CA49086008460068E8B337
:102CE000022000230090C9A1C548059A0068F5F7A5
:102CF000A3FA002003460090B0480268121DC8A144
:102D00000020F5F799FACB48007850B9302000231D
:102D10000090AA4802680B32C7491846F5F78CFAAA
:102D20004CE0002003460246C34924310090F5F7E9
:102D300083FA302000230090A04802680F32BE4979
:102D400034311846F5F778FA3020002300909B487C
:102D500002681332B8494431184600E03BE0F5F709
:102D60006BFA302000230090944802681732B24971
:102D700054311846F5F760FA3020002300908F4850
:102D800002681B32AC4964311846F5F755FA302019
:102D9000002300E021E00090884802681F32A64925
:102DA00074311846F5F748FA302000230090834824
:102DB00002680B32A1491846F5F73EFA0020034697
:102DC000024601460090F5F737FA8D480068FCF797
:102DD00057FA01206AE4002068E49949069888427D
:102DE0007ED10020049008E0002174480268049815
:102DF00011540498401CC0B2049004982028F3DBBE
:102E00006E48006805900121059801807D48018881
:102E1000059841804FF0FF307B4908806648006884
:102E20008749086008460068F0B30220002300903C
:102E300076A18348059A0068F5F7FEF9002003465D
:102E400000905E480268121D75A10020F5F7F4F9A4
:102E5000302000230090594802680B3279A11846AF
:102E6000F5F7EAF9302000230090544802680F3249
:102E700079A11846F5F7E0F93020002300904F487B
:102E80000268133279A11846F5F7D6F930200023ED
:102E900000904A480268173279A11846F5F7CCF934
:102EA00030200023009000E01FE0444802681B32FD
:102EB00078A11846F5F7C0F93020002300903F486C
:102EC00002681F3278A11846F5F7B6F900200346CC
:102ED000024601460090F5F7AFF94948006800E066
:102EE00005E0FCF7CDF9012061E400205FE47349BF
:102EF000069888425DD10020049008E000212F4808
:102F00000268049811540498401CC0B204900498BC
:102F10001328F3DB294800680590012105980180FA
:102F20006748018805984180012105988180062124
:102F30000598C180C81F34490880624908801E482E
:102F400000685E4908600846006888B302200023D4
:102F500000905DA15948059A0068F5F76DF90220C7
:102F600000230090059A121D5DA11846F5F764F93B
:102F700000200346009011480268083228A1002072
:102F8000F5F75AF93020002300900C4802680F3200
:102F900059A11846F5F750F90020034602460146AC
:102FA0000090F5F749F916480068FCF769F9ABE0BD
:102FB000ACE0ADE064050020B4050020B8050020B9
:102FC000CE050020B4010020B5B1C7B0BCC7C2BC5B
:102FD00020202020256F2F246F00000025642F253E
:102FE000642F25642025643A25643A256400000096
:102FF00018060020A0070020256C256C256C000019
:1030000068050020B6010020D2050020B5B1C7B088
:10301000BCC7C2BC2020202020256F2F246F0000B9
:1030200025642F25442F25442025443A25443A255C
:103030004400000068020020EC0C01085011010857
:103040006C050020B3A3CCACB5E7B7D13A20254638
:103050002E32D4AA00000000BCE2B7E5B5E7B7D134
:103060003A2025462E32D4AA00000000B8DFB7E58A
:10307000B5E7B7D13A2025462E32D4AA0000000089
:10308000C6BDB7E5B5E7B7D13A2025462E32D4AA5A
:1030900000000000B5CDB7E5B5E7B7D13A20254629
:1030A0002E32D4AA00000000B9C8C6BDB7E5B7D11A
:1030B0003A2025462E32D4AA0000000070050020D8
:1030C000C4010020D4050020B5B1C7B0BCC7C2BC44
:1030D00020202020202020256F2F246F00000000BA
:1030E000B5B1C7B0D3C3BBA7202020202020202506
:1030F0006F2F246F00000000B5E7C1BF3A202546BE
:103100002E314B5748000000012013E4002011E449
:10311000FC49069888424CD1FB4800680590012183
:1031200005980180F9480188059841804FF0FF30EB
:10313000F7490880F7480068F249086008460068C7
:10314000A0B3022000230090AFF24011ED48059A91
:103150000068F5F771F8002003460090EA4802681D
:10316000121DEDA10020F5F767F80020034600903E
:10317000E54802680B32EDA10020F5F75DF820204C
:1031800000230090E04802681232EDA11846F5F7DE
:1031900053F800200346024601460090F5F74CF82C
:1031A000D8480068FCF76CF8012002E5FFE7002032
:1031B000FFE4E8490698884264D1D3480068059046
:1031C0000020049008E00021CF48026804981154C0
:1031D0000498401CC0B2049004981228F3DB00212C
:1031E00005980180FF2105984180AFF29811C648EB
:1031F00000681230EFF7DCF8022341F65471D6482C
:10320000059A006804F000FAC2480068D1490860D5
:103210000846006898B3022000230090CFA1CD4853
:10322000059A0068F5F708F8002003460090B648B4
:103230000268121DB8A10020F4F7FEFF002003462B
:103240000090B14802680B32B8A10020F4F7F4FFF7
:103250000020034602460090AB480168123100206E
:10326000F4F7EAFF00200346024601460090F4F717
:10327000E3FFB8480068FCF703F8012099E4FFE792
:10328000002096E4B9490698884219D1A1480068FF
:1032900008600846006888B10220B54BB54AB6A15F
:1032A0000090B2480068F4F7C7FF002003460246CA
:1032B00001460090F4F7C0FF01207AE4002078E492
:1032C000B149069888427DD1924800680860002084
:1032D0008D49096808708C49096848708A490968ED
:1032E000887089490968C8708749096808718649E2
:1032F0000968487184490968887183490968C871F7
:10330000814909680872A0480068E8B39F480078BE
:1033100000907D489E4A9FA103689B480068F4F78F
:103320008BFF02200090784803685B1C984A9EA19E
:103330000020F4F781FF0220009073480368DB1C33
:10334000934A9EA10020F4F777FF022000906E4878
:1033500003681B1D8E4A9EA10020F4F76DFF02201A
:103360000090694803685B1D894A9EA10020F4F71C
:1033700063FF02200090644803689B1D844A9EA15D
:103380000020F4F759FF00E01AE0022000905E48A8
:10339000036808337E4A9DA10020F4F74DFF00200A
:1033A00003469F4A9FA10090F4F746FF0020034682
:1033B000024601460090F4F73FFF012065E401E07A
:1033C000002062E49C490698884232D15148006846
:1033D000086000200346994A99A100909648006829
:1033E000F4F72AFF00200346994A9AA10090F4F7C7
:1033F00023FF302000239B4A9BA100901846F4F73E
:103400001BFF002003469D4A9DA10090F4F714FF86
:1034100000200346994A521C9DA10090F4F70CFF2E
:1034200000200346024601460090F4F705FF012004
:103430002BE49B490698884229D1364800680860E9
:103440000846006808B30120964B002296A1009020
:1034500093480068F4F7F0FE0120974B002297A1F3
:1034600000901046F4F7E8FE0120984B002298A146
:1034700000901046F4F7E0FE0020034602460146A5
:103480000090F4F7D9FE0120A4E40020A2E48549CD
:103490000698884234D11F480068086000200590D3
:1034A00008E0002118480268059811540598401C4E
:1034B000C0B2059005982828F3DB0120124909685D
:1034C0000870002005900FE085490598085C0028E9
:1034D00006DD0D4800684078401C0B4909684870BB
:1034E0000598401CC0B2059005982228ECDB6D4879
:1034F0000068002805D00220002300900248F1E077
:10350000B3E1B0E174050020B8050020B801002047
:10351000D0050020B4050020533A25642F25442F00
:1035200025442025443A25443A254400453A25645B
:103530002F25442F25442025443A25443A2544008C
:10354000B7C5B5E7B5E7C1BF202020202025462E0E
:103550003141680078050020A4040020B5B1C7B04F
:10356000BCC7C2BC2020202020256F007C05002085
:10357000D4040020280B0020C3DCC2EB3A202578BD
:10358000257825782578000080050020820C002011
:10359000F8050020BBD6B8B4B3F6B3A7C9E8D6C3C4
:1035A0002020202020256C00C7E5B3FDB8E6BEAF83
:1035B000BCC7C2BC2020202020256C00B3ADB1EDDB
:1035C000BCC7C2BCC7E5B3FD2020202020256C006D
:1035D000D3C3BBA7B5E7C1BFC7E5B3FD20202020FB
:1035E00020256C00B5E7B3D8B2E2CAD4BCC7C2BCD0
:1035F000C7E5B3FD20256C00BBD6B8B4BFAAB9D8C7
:10360000B2CECAFD2020202020256C00CDACB2BD5A
:10361000D7E2BBA7B5E7C4DC2020202020256C0022
:103620009F0E00202020202020202020202020204D
:1036300020202020254400009C0500205D03002060
:103640007465737431202020202020202025440020
:103650005E03002074657374322020202020202017
:1036600020254400600300207465737433202020FB
:10367000202020202025462E31000000650C00204F
:103680004D312020202020202020202020254400F3
:103690004D322020202020202020202020254400E2
:1036A0008C05002090050020C5E4B5E7B7D6C2B769
:1036B000C9E8D6C30000000094050020B5E7B3D8E0
:1036C000B2CECAFDC9E8D6C30000000098050020AC
:1036D000B5E7B3D8B7D6C2B7C9E8D6C30000000073
:1036E000007C0020F7A10268FC480068F4F7A4FD04
:1036F00000200090FA4803682033FA4AFAA100201B
:10370000F4F79AFD22200090F5480368DB1CFA4A82
:10371000FAA10020F4F790FD02200090F048036821
:103720001B1DFA4AFAA10020F4F786FDFC48007838
:1037300040F0200000230090E9480268521DF9A1E2
:103740001846F4F779FD222000230090E44802682F
:10375000D21DF9491846F4F76FFD2220002300908E
:10376000DF4802680932F44914311846F4F764FD61
:10377000EB4800780090DA4803680B33EF4AF0A179
:103780000020F4F759FD222000230090D44802685D
:103790001132EFA11846F4F74FFD222000230090CC
:1037A000CF4802681332EFA11846F4F745FD022016
:1037B0000090CB4803681533E04AEFA10020F4F7EE
:1037C0003BFD022000230090C54802681632EFA19D
:1037D0001846F4F731FD022000230090C04802682B
:1037E0001832EFA11846F4F727FD02200090BC48DC
:1037F00003681A33D14AEFA10020F4F71DFD02201F
:1038000000230090B64802681B32EFA11846F4F777
:1038100013FD022000230090B14802681D32EFA181
:103820001846F4F709FD022000230090AC48026816
:103830002332EFA11846F4F7FFFCB948007840F0B6
:10384000300000230090A64802682432EC49184654
:10385000F4F7F2FC00200346024601460090F4F71C
:10386000EBFC012051E400204FE4E6490698884231
:1038700064D1FF209A4909684870E34890F8EE0344
:1038800000F00F0096490968C870DF48B0F8DE0301
:1038900093490968A1F80700DB48B0F8E2039049B2
:1038A0000968A1F809008E4800680078223000EB12
:1038B0004000D54901EBC000008989490968A1F899
:1038C0001100D2480068CF4908600846006890B3EC
:1038D0002220009082480368DB1C874ACCA1C9489B
:1038E0000068F4F7A9FC2220002300907C480268BD
:1038F000D21DCBA11846F4F79FFC22200023009094
:103900007748026809328C4914311846F4F794FC60
:10391000222000230090724802681132C5A1184687
:10392000F4F78AFC00200346024601460090F4F7B3
:1039300083FC012039E4FFE7002036E4C249069801
:1039400088427BD10020059015E0C0490598085CAD
:10395000401CC1B26248026805981154BC490598E0
:1039600031F810104000801D5D4A12681152059810
:10397000401CC0B2059005980628E6DBA348006805
:10398000B149086008460068F0B3022000230090A7
:103990005348B0A10268AC480068F4F74DFC02201F
:1039A000002300904E480268521CAFA11846F4F75D
:1039B00043FC02200023009049480268921CAFA1FA
:1039C0001846F4F739FC02200023009044480268AE
:1039D000D21CAFA11846F4F72FFC02200023009060
:1039E0003F480268121DAFA11846F4F725FC0220DB
:1039F000002300903A480268521DAFA11846F4F720
:103A00001BFC0220002300E044E0009034480268E0
:103A1000921DAEA11846F4F70FFC0220002300907F
:103A20002F4802680832ADA11846F4F705FC0220C1
:103A3000002300902A4802680A3200E02CE0ABA183
:103A40001846F4F7F9FB022000230090244802688E
:103A50000C32AAA11846F4F7EFFB022000230090D5
:103A60001F4802680E32A9A11846F4F7E5FB0220B0
:103A7000002300901A4802681032A8A11846F4F7F3
:103A8000DBFB00200346024601460090F4F7D4FB1E
:103A9000012012E4002010E4A449069888420FD1C6
:103AA0005A48006808600120A14B0022A1A10090A3
:103AB0009E480068F4F7C0FB0120A24B002243E1BE
:103AC00060E10000B7D6C2B73A254F2F244F20201F
:103AD000B2DBCEBB3A244F2020200000900500200E
:103AE000B8050020D0090020BFAAB9D8C0E0D0CDC9
:103AF00020202020256C00005C090020CFC2B5E703
:103B0000C4A3CABD20202020256C0000BC090020D1
:103B1000B7D6C2B7D3C3BBA720202020256C000096
:103B2000820C0020B9FDD4D8B5E7C1F720202020B1
:103B300025462E3141000000001F0108F805002035
:103B4000CADAC8A82020202020202020256C0000D0
:103B5000CFC2B5E7CAB1BCE4202020202564B7D687
:103B6000D6D30000CFC2B5E7B5E7C1BF20202020E3
:103B700025472E324B574800B6A8CAB1CFC2B5E789
:103B8000CAB9C4DC2020202020256C00BFAACABCF2
:103B9000B6A8CAB1202020202544483A25444D002B
:103BA000B6A8CAB1CAB1B3A4202020202544483AFF
:103BB00025444D00C3E2D4F0CAB9C4DC2020202043
:103BC00020202020256C0000BFAACABCC3E2D4F08C
:103BD000202020202544483A25444D00C3E2D4F05B
:103BE000CAB1B3A4202020202544483A25444D00E2
:103BF000B6EEB6A8B5E7C1F7202020202544410045
:103C0000901101089405002010780020B4050020D0
:103C1000CFC2B5E7C4A3CABD202020256C00000098
:103C2000CFC2B5E7B5E7D1B920202025462E3256C0
:103C300000000000CFC2B5E7CAB1BCE420202025B7
:103C400064B7D6D6D300000098050020920E00205D
:103C5000D0010020B5E7B3D8313C2D2D3EB5DA2593
:103C60004FB2DBCEBB000000B5E7B3D8323C2D2D00
:103C70003EB5DA254FB2DBCEBB000000B5E7B3D8C6
:103C8000333C2D2D3EB5DA254FB2DBCEBB00000014
:103C9000B5E7B3D8343C2D2D3EB5DA254FB2DBCE97
:103CA000BB000000B5E7B3D8353C2D2D3EB5DA2575
:103CB0004FB2DBCEBB000000B5E7B3D8363C2D2DAC
:103CC0003EB5DA254FB2DBCEBB000000B5E7B3D876
:103CD00031C8DDC1BF3A202564414800B5E7B3D8FB
:103CE00032C8DDC1BF3A202564414800B5E7B3D8EA
:103CF00033C8DDC1BF3A202564414800B5E7B3D8D9
:103D000034C8DDC1BF3A202564414800B5E7B3D8C7
:103D100035C8DDC1BF3A202564414800B5E7B3D8B6
:103D200036C8DDC1BF3A202564414800A005002007
:103D300040050020B5E7B3D8B5E7C1F7D0A3D7BC9D
:103D400020000000440500206AA100901046F4F70E
:103D500073FA01206B4B00226BA100901046F4F720
:103D60006BFA01206C4B00226CA100901046F4F716
:103D700063FA00200346024601460090F4F75CFA1D
:103D800001206FE56949069888424ED1684800686D
:103D900008600020059008E0002166480268059848
:103DA00011540598401CC0B2059005980C28F3DB0F
:103DB000022000905F48604AAFF2342103685B48FC
:103DC0000068F4F739FA202000230090594802686F
:103DD000921C5AA11846F4F72FFA02200090554879
:103DE00003685B1C594AAFF2F4210020F4F724FA6F
:103DF0002220002300904F480268121D54A118464B
:103E0000F4F71AFA022000904A4803689B1D544AAE
:103E100054A10020F4F710FA0020034602460146A0
:103E20000090F4F709FA01201CE5514906988842F0
:103E30005DD15048808A3F49096808804D48C08A52
:103E40003C49096848804B48008B3A49096888809A
:103E50004848408B37490968C880012046490870A6
:103E6000334800684249086008460068E0B3022011
:103E70000023414A414900903D480068F4F7DCF9CD
:103E80002220002300902B483DA102681846F4F739
:103E9000D3F922200023009026480268921C3DA1FD
:103EA0001846F4F7C9F902200090224803681B1D48
:103EB0002B4A3DA10020F4F7BFF9022000901D48D5
:103EC00003689B1D264A3DA10020F4F7B5F90020A8
:103ED0000346024601460090F4F7AEF92448006814
:103EE000FBF7CEF90120BDE4FFE70020BAE4002093
:103EF000B8E40000B5E7B3D8B5A5D4AAD0A3D7BC21
:103F0000200000001C050020B5E7B3D8CFC2B5E7FC
:103F1000C9E8D6C32000000020050020B0E6B1BEED
:103F2000D0C5CFA220202020200000004405002082
:103F3000B4050020B8050020B40A0020D0A3D7BCE7
:103F4000D6B53A2025462E3100000000D4080020C6
:103F5000C9E8D6C3D6B53A2025462E310000000068
:103F6000F8050020C6F4D3C320202020256C0000D3
:103F7000A8050020E4150020D60D0020A40A0108A1
:103F8000B7C5B5E7B5E7D1B92020202020202546C8
:103F90002E325600B3E4B5E7B5E7C1F72020202064
:103FA000202025462E3241004D4F53B3E4B1D5BAFF
:103FB000CF202020202020256C0000004D4F53B73B
:103FC000C5B1D5BACF202020202020256C000000CC
:103FD00088B00024FBE00CE07D4804A902687D481D
:103FE00000680FF0E5FB0446012C01D0022C00D143
:103FF00007E004AA00217848006806F0D2FC0028F7
:10400000EAD100BF012C05D104A97348006806F06D
:1040100087FE8FE071480078C0B9714800780128A8
:1040200014D1FF206D49087000260CE0324604A927
:104030006848006810F0D2FB04A96748006806F0E1
:104040006FFE701CC6B20B2EF0DB73E06548007883
:10405000012817D100206349087000260CE0324681
:1040600004A95C4800680FF017FA04A95A480068D0
:1040700006F056FE701CC6B2062EF0DB3C205749F7
:10408000087057E05748007802280ED100205549A3
:104090000870052204A94F4800680FF0A7FA04A988
:1040A0004D48006806F03CFE44E04F48007840BBB5
:1040B0004B480078012824D1FF204B49087000228A
:1040C00004A9444800680FF091FA04A94248006826
:1040D00006F026FE032204A93E4800680FF086FA87
:1040E00004A93D48006806F01BFE042204A93948D3
:1040F00000680FF07BFA04A93748006806F010FE4C
:1041000018E0334804A902683248006810F0E8FA61
:1041100028B104A93048006806F002FE0AE004A9AC
:104120002C48006810F08EF920B104A92A480068D4
:1041300006F0F6FD264801682648006810F05AFA95
:1041400003E06946294808F0C1F86A46002128487A
:10415000006806F026FC0028F3D103E069462348F6
:1041600008F0B4F86A4601212148006806F019FCFD
:104170000028F3D11F480078401C1E4908700846EB
:104180000078042817DD0020087000BF1A4869462F
:104190000268164808F05AFB0546184800780128BE
:1041A00007D169461248006806F0BAFD002013499D
:1041B0000870012DEAD00D4808F056FF0B4808F0B2
:1041C000CFFFF5F77BF9282013F0E4FD00BF02E7ED
:1041D000D0020020B80E002000000020B40E002005
:1041E000BF0200208C0C00206D0C0020C80E0020A7
:1041F00004000020C90E0020DC0400209D0E0020D9
:104200002DE9F84F4FF40C7012F078FEBE490860AB
:10421000282012F073FEBD490860302012F06EFEB7
:10422000BB490860242012F069FEBA490860CA2020
:1042300012F064FEB8490860CA21B7480068EEF77A
:1042400069FA082012F05AFEB44908601E220121C2
:10425000B24800680FF08CF80021B04800680FF0F9
:104260008AF80121AD4800680FF085F80621AB48B7
:1042700000680FF080F80721A84800680FF07BF86D
:104280000921A64800680FF076F80E21A3480068BF
:104290000FF071F80A21A14800680FF06CF80521B1
:1042A0009E4800680FF067F814219C4800680FF0E2
:1042B00062F81521994800680FF05DF803219748CE
:1042C00000680FF058F80821944800680FF053F880
:1042D0001621924800680FF04EF817218F480068A9
:1042E0000FF049F802218D4800680FF044F80F21C3
:1042F0008A4800680FF03FF8082012F0FFFD884957
:1043000008600521854800680FF024F80646302231
:104310001E213046EEF7F6F98248008814F0DCFFE3
:104320008246814914F08EFE814614F0F1FD074665
:104330003A460B467DA17F48EEF73AF800BF07E00A
:104340007C49095C11B920217A4A1154411CC8B238
:104350000728F5DB1521714800680EF0FBFF0446C5
:10436000002003E001212154411CC8B21E28F9DBC2
:104370004FF4D46012F0C2FD05466F480560006836
:1043800058306D49486008464068C8600846C068B3
:104390002C300861084600692C30C8610846C069A5
:1043A000B03008620846006A20308860084680689D
:1043B00010304861084640690830886122215F4812
:1043C000EEF7A8F95E48006802F024FE5D495E48F9
:1043D000006806F089FB5D495D48006805F0E6F974
:1043E0005748016818315A48006806F01EFA4748D5
:1043F0000068584B584A00904548016812315748A8
:10440000006803F0FFFC5648006807F0FDF84C48D0
:10441000006802F085FA534801F04CF851494C48C5
:10442000006806F089FA00F0E3FA4F494F4809F0B6
:1044300051FB04214D4808F05DFF4D484D490A6885
:1044400002604A68426089688160002012E0FF21B2
:10445000C0EBC002484B03EB82029175C0EBC00277
:1044600003EB8202D175C0EBC00203EB8202D18064
:10447000411CC8B22228EADB00201CE03F49095C4D
:10448000222916DA2C4909683C4A125C01EB4201E8
:104490003B4A42F820107B21384A125C02EB420270
:1044A000384B03EBC202D17537490978491C364AAB
:1044B0001170411CC8B20628E0DB00203349088097
:1044C0003148007878B9002009E0314931F81010FE
:1044D0002E4A128811442D4A1180411CC8B22D4920
:1044E00009788842F1DB2C48006800F0CFFC2B48AB
:1044F00000882B49098808442A49098808442A4920
:104500000880BDE8F88F0000B4050020B805002041
:10451000CC020020F0020020F4020020D002002093
:10452000D4020020540300200000C8425625342E37
:104530003266000056030020A4150020007C0020F5
:10454000A40400202C0F00200400002059F90008CA
:10455000DC040020BC050020D8020020780C0020DC
:10456000680000201410002084190020F47C002032
:1045700012270020E001002018230020920E0020C6
:10458000CC15002010780020820E0020B000002002
:10459000D0010020B00200201C0D0020E40000200B
:1045A000E6000020E80000207803002070B58AB003
:1045B00004460D46164600200990BDF8200064F31D
:1045C00004000890BDF8200020F020000890BDF8FD
:1045D000200065F38B100890BDF8200066F30F30C3
:1045E0000890BDF820002F4909782F4A126822F858
:1045F00011002C480078401C2A49087008460078B1
:10460000632801DD0020087026488078642804DAD9
:1046100024488078401C23498870224880782149AA
:104620004870224903C9CDE90501BDF82000ADF865
:104630001A001F4AD2E900109268CDE903020291E4
:1046400001204FF4FA6302AAC102009019480068E1
:1046500001F0DEFC0990BDF8240000EB4000800072
:1046600000F6040081B20C2305AA1248006802F08B
:10467000FDFFBDF82400401C80B20990BDF8240065
:10468000B0F5FA6F01DB00200990022309AA40F679
:1046900002010848006802F0E9FF0320064908709B
:1046A0000AB070BDE10C0020F40200208404002058
:1046B000A8980208A4040020190D0020014608064D
:1046C000000C40EA112070470146080E01F47F02F9
:1046D00040EA122001F47F4240EA022040EA0160F1
:1046E0007047000010B5044604F0010098B11F485F
:1046F0000078012807D100220C211D4800681430E1
:1047000001F0D4F80EE001220C21194800681430A1
:1047100001F0CCF806E001220C21154800681430A5
:1047200001F0C4F804F00200022816D10F48007806
:1047300001280AD10F480078B0B900220E210C4898
:104740000068143001F0B2F80EE001220E21084892
:104750000068143001F0AAF806E001220E21044896
:104760000068143001F0A2F810BD0000000D002018
:10477000A404002066020020012808D1094A12681A
:10478000127C61F38202074B1B681A7409E002284D
:1047900007D1044A1268127C61F30002014B1B68C6
:1047A0001A747047A404002010B502480078FFF77F
:1047B00099FF10BD190D002050E0F8F775FD28484D
:1047C000006801F039FA2648006801F0C1FEFAF7E6
:1047D000AFFAF3F7C1FE23480078401C2149087066
:1047E00008460078322803DD00200870F0F724F82E
:1047F000FFF7DAFF1C480078FA280FDA1B48007828
:10480000FA280BDA18480078401C17490870174836
:104810000078401C1549087011F07AFE14480078A1
:10482000052804DD00201249087000F0C7F811487F
:104830000078052802DD01200F4908700F48007834
:104840000A2808DD00200D4908700D4800F0B5FE6B
:104850000B4800F02FFE282013F09CFAADE7000073
:10486000A4040020CA0E00205D0300205E03002087
:104870007C0300207D030020640300207E030020D1
:104880001410002010B5044647484078652802D12E
:1048900064204549487044484078434989788842B3
:1048A00002DD0120404948703F48407818B93E4831
:1048B00080783D4948703C48407880B33A48407819
:1048C000401E3A49096831F81000C0F38510384994
:1048D000087035484078401E3449096811F81000C6
:1048E00000F01F00324948702F484078401E2F4981
:1048F000096831F81000000B2D498870084640788F
:104900000F2807D0084640780E2809D1084680783D
:10491000072805D101202749096808700AE004E04A
:10492000002024490968087004E00020204908702C
:1049300048708870207E617E0844C0EBC0006168CA
:1049400001EB400080681B49096888422AD11A4857
:104950000078012826D118480078012822D10020AB
:104960001549087013480068007801281AD1002002
:104970001049096808700E4800780F2805D10C49C5
:1049800048780F21F3F738F90CE0094800780E2831
:1049900008D107488078072804D1054948780E21B6
:1049A000F3F72AF910BD0000E10C0020F40200200A
:1049B000DE0C0020B8050020D8040020012080F380
:1049C000138800BF00BFBFF34F8F0748006800F493
:1049D000E06006490843001D03490860BFF34F8F9C
:1049E00000BF00BFFEE700000CED00E00000FA058C
:1049F0001FB54FF0804012F057FE4FF4E06012F008
:104A00009DFC684612F047FF4FF4E150ADF80000FE
:104A10000020ADF80200ADF804000920029000204B
:104A2000ADF80C0069464FF0804012F0B1FE012154
:104A3000880712F021FF002203211C2012F06EF8DB
:104A40000121880712F014FF4FF0804012F09AFE07
:104A50001FBD00001FB539E01D491E48006810F059
:104A600097F81D491D48006810F07CF90024F2F702
:104A70000DFC1B49087008460078222814DC6946A2
:104A800017480078F6F72EFA0446002C12DD22466D
:104A900069461248006810F035FA224669460F4808
:104AA000006810F04FFA05E008220E490B48006834
:104AB00010F048FA0C490D48006810F053F9F3F76C
:104AC000CFFC4FF4967013F065F900BFC4E7000007
:104AD000ED7000080800002061CB00080C000020E9
:104AE000E40E0020DC0E00203DE000081000002055
:104AF00030B502460B464FF6FF7010E012F8014B3E
:104B00006040002109E000F0010424B140104AF2A5
:104B10000104604000E04010491C0829F3DB1C0040
:104B2000A3F10103EAD130BD70B504469A4800787C
:104B30000C2802DD01209849087097480078012868
:104B400002DA0C209449087094480068807805289F
:104B500003DD012091490968887001268E4800789C
:104B6000401E06FA00F08E490988084018B9002056
:104B70008949487002E001208749487089480078D7
:104B800001287DD185480068417883480078401E1F
:104B9000854A32F8100061F3C8107F490978491E30
:104BA00022F811007C48407800286AD17B480068D0
:104BB00000787E49085CFF2804D0784800680078B7
:104BC0000B2807DD0C20754909680870002075491D
:104BD000087070BD70490978491E734A32F8111087
:104BE000C1F34220C11700EB5171C910A0EBC10203
:104BF00001219140684A1278521E6B4B13F8122023
:104C000002F07F02694B9A5C22EA0101624A127843
:104C1000521E654B13F8122002F07F02634B995429
:104C20005E48006801785C480078401E5E4A32F8B1
:104C3000100061F3060058490978491E22F8110056
:104C400000250BE00120A840544909680978574A1B
:104C5000515C084000B903E0681CC5B2082DF1DBC7
:104C600000BF4D480078401E4F4931F8100065F3F1
:104C70004B2049490978491E4B4A22F8110001E0AE
:104C80004DE049E045480068C17843480078401E3F
:104C900032F8100061F30F303F490978491E22F8BD
:104CA00011003D490978491E32F81110C1F3422024
:104CB000C11700EB5171C910A0EBC1020121914055
:104CC000354A1278521E384B13F8122002F07F0238
:104CD000364B9A5C1143CAB22F490978491E324BB0
:104CE00013F8111001F07F01304B5A542A48007814
:104CF000401E2D4A02EB40012D48006802F098FC4E
:104D000025480078401E284931F81000C0F34220A1
:104D100022490968887000BF002022490870207E5F
:104D2000617E0844C0EBC000616801EB4000806810
:104D30001949884202D0207C03282AD016480078DE
:104D4000401E194911F8100000F07F00134909684E
:104D5000087011480078401E134931F81000C0F364
:104D6000C1100E49096848700B480078401E0E4972
:104D700031F81000C0F342200849096888700648DD
:104D80000078401E084931F81000000B03490968FB
:104D9000C87000BF1DE70000CA050020B80500204C
:104DA000BC0C0020D8040020F8000020C422002001
:104DB000A404002010B504462E480068007818B9F5
:104DC00001202C49096808702A48006800780928E1
:104DD00003DD0920274909680870207E617E0844A8
:104DE000C0EBC000616801EB4000816821480068A9
:104DF000401C814222D12048007801281ED11D4844
:104E0000006841781B4800680078401E1B4A32F851
:104E1000100061F30F30174909680978491E22F81C
:104E20001100144800680078401E02EB400114484D
:104E3000006802F0FDFB00200F490870207E617EB3
:104E40000844C0EBC000616801EB400040680949BC
:104E50000968884202D0207C03280AD005480068EF
:104E60000078401E054931F81000000B014909681F
:104E7000487010BDB8050020D8040020F8000020BC
:104E8000A404002000210162C161704770B542F2A4
:104E900010714182002101744174C16101628182FB
:104EA0000C4909884FF46162A1FB0221C0E900218D
:104EB00042F210740021D0E90023A2FB045603FB48
:104EC000046302FB0131C0E9025100218161818448
:104ED00070BD0000B00000202DE9F05F044691464F
:104EE0001D46607C012816D100206074414800886E
:104EF0004FF46161A0FB0110C4E9001042F210738D
:104F00000021D4E90002A0FB037C02FB03C200FBEA
:104F10000120C4E90270A069A84204D8208B281A95
:104F2000A084A56106E0A069C0F1FF302844401CC0
:104F3000A084A561B4F9141001EB090000EBD07155
:104F40004910A28C5143CA17D4E90237C9187A41D3
:104F5000C4E9021200221146D4E902309A1A8841AB
:104F600002DA0021A160E16042F210720023D4E96C
:104F700002713846EDF7F7F9D4E90032181A8A4180
:104F80000CDA42F210700022D4E90031A3FB007C5D
:104F900001FB00C003FB0200C4E90270D4E9007306
:104FA0003A46D4E902A15046EDF7DDF980B26082BD
:104FB000B9F1000F01DD032600E00126012E04D126
:104FC000A18C206A084420620EE0032E0CD1207CC4
:104FD000012809D10849206A884203D3D4E907018E
:104FE0000844E06100202062A4F814902674BDE813
:104FF000F09F0000B0000020E093040000B50246DE
:10500000012050741046FFF73DFF00BD7047704708
:1050100070B50546082600248021134811F08AFA4D
:1050200016E06006040E40210F4811F081FA284670
:1050300000F090F840210C4811F07CFA284600F06E
:1050400089F88021084811F0D2FA08B144F001042F
:105050003000A6F10101CEB2E3D14021024811F0A7
:1050600067FA204670BD0000000C014010B50446F0
:1050700040210E4811F05CFA204600F06BF88021C8
:105080000A4811F055FA204600F064F8402107481C
:1050900011F050FA204600F05DF88021034811F02D
:1050A00049FA204600F056F810BD0000000C0140FF
:1050B00010B5044640210E4811F03AFA204600F09F
:1050C00049F880210A4811F035FA204600F042F8EC
:1050D0004021074811F02EFA204600F03BF840210D
:1050E000034811F025FA204600F034F810BD000006
:1050F000000C014010B504468021154811F01AFA41
:10510000204600F027F84021114811F013FA2046FC
:1051100000F020F880210E4811F069FA08B900204B
:1051200010BD80210A4811F003FA204600F012F861
:105130008021074811F05BFA08B10020F0E78021D8
:10514000034811F0F5F9204600F004F80120E7E7E4
:10515000000C0140018801E04A1E91B20029FBD1F8
:105160007047000010B504464021124811F0E0F9E4
:105170002046FFF7EFFF80210E4811F0DBF92046B3
:10518000FFF7E8FF40210B4811F0D4F92046FFF764
:10519000E1FF8021074811F02AFA28B14021054893
:1051A00011F0C6F9002010BD4021024811F0C0F9ED
:1051B0000120F8E7000C014070B505460C460826B2
:1051C0001EE04021134811F0B3F92846FFF7C2FF53
:1051D00004F0800020B180210E4811F0ABF903E00B
:1051E00080210C4811F0A4F96006040E2846FFF750
:1051F000B1FF4021074811F09DF92846FFF7AAFFAB
:105200003000A6F10101CEB2DBD14021014811F0FE
:105210008FF970BD000C014010B50446F4F7C2FAD6
:10522000204610BD2DE9F04F87B081460024ADE047
:105230005B4931F8140014F04FF85A4901EB04119E
:10524000C860594A02EB04121168584AD06814F039
:105250008BF8554A02EB041206905168534A906845
:1052600014F082F8504A02EB0412059091684F4AFC
:10527000506814F079F84B4A02EB0412049011685C
:105280004B4AD06814F070F8464A02EB04120390BF
:105290005168474A906814F067F88346414A02EB28
:1052A00004129168424A506814F05EF83D4A02EBDD
:1052B00004120290D1683E4A106814F055F801902B
:1052C000029913F051FE8246594613F04DFE804676
:1052D000039913F049FE0746049914F04DF9064668
:1052E000059914F049F90546069914F045F92E4937
:1052F00001EB0411C8602B4800EB041040682949F9
:1053000001EB04110860274800EB04108068254970
:1053100001EB04114860234800EB0410C0682149E8
:1053200001EB04118860204800EB041040681E491E
:1053300001EB041108601C4800EB041080681A4956
:1053400001EB04114860184800EB0410C0681649CE
:1053500001EB04118860144901EB0411C8680021B5
:1053600014F0CEF810D2104901EB0411C86813F004
:10537000CFFD07460F4A104B13F048F9054613F0CE
:1053800009FB0E4921F81400601CC4B2072CFFF67B
:105390004FAF484600F014F807B0BDE8F08F0000AA
:1053A0001814002064140020D414002040000020B1
:1053B00030000020A4703D0AD7A3F23F541400200F
:1053C00010B504460121024810F0C2F910BD0000DA
:1053D0000024014070B504460E46154610F022F92F
:1053E0002946304610F092FD10F04EF86660258197
:1053F00000202070204670BDF0B584460A460D4856
:1054000003681678521C177800210CE013F811403D
:1054100033F811000512A64203D1AF4201D108B200
:10542000F0BD481C81B2044800888142EEDB4FF099
:10543000FF30F5E7280000201C00002070B506466C
:10544000002417E004F1B001C8B2EEF7E1FD02203C
:10545000EEF7DEFD1020EEF7DBFD002506E006EBA3
:10546000C501085DEEF7F4FD681CC5B2802DF6DBC2
:10547000601CC4B2082CE5DB70BD2DE9F04F8146FD
:105480000E4617469846DDE909AB34460DE03D4629
:1054900007E05B462A462146484600F01FF9681C93
:1054A000C5B25545F5DD601CC4B24445EFDDBDE82D
:1054B000F08F000010B5044610212D4811F038F887
:1054C0000A21204600F069F81021294811F032F82D
:1054D0000A21204600F061F8AE20EEF799FD402049
:1054E000EEF796FD8120EEF793FD8020EEF790FD1C
:1054F000A020EEF78DFDA420EEF78AFDA620EEF7A2
:1055000087FDA820EEF784FD3F20EEF781FDC02047
:10551000EEF77EFDAD20EEF77BFD8A20EEF778FDFD
:10552000D320EEF775FD0020EEF772FDD520EEF7E3
:105530006FFD8020EEF76CFDD920EEF769FD1F208E
:10554000EEF766FDDA20EEF763FD1220EEF760FD60
:10555000DB20EEF75DFD4020EEF75AFDAF20EEF7C1
:1055600057FD204600F006F82046FFF767FF10BD04
:105570000008014010B5024600200BE0002105E0C4
:10558000002302EBC10423544B1CD9B28029F7DB62
:10559000431CD8B20828F1DB10BD10B502460B46FB
:1055A000002007E0002101E04C1CE1B2C829FBDB30
:1055B000441CE0B23228F5DB10BD10B5044611F0F2
:1055C00087FF11F057FF10BD2DE9FF4F81B00D4649
:1055D00090461E46DDF83CA00095C346A6F120008B
:1055E000C6B25E2E02DD05B0BDE8F08F00242FE0CC
:1055F000D84639480068092101FB060010F80490DC
:1056000000271FE009F0800060B1BAF1000F01D15E
:10561000012000E00020034642462946019800F0A0
:105620005DF805E0534642462946019800F056F8D9
:105630004FEA49604FEA106908F1010000F0FF08E5
:10564000781CC7B2082FDDDB681CC5B2601CC4B271
:10565000062CCDDB009D3AE00BF1080000F0FF08BE
:105660001D480068092101FB060010F8049000277E
:1056700027E009F0800060B1BAF1000F01D10120EC
:1056800000E00020034642462946019800F026F833
:1056900005E0534642462946019800F01FF84FEABC
:1056A00049604FEA106908F1010000F0FF08781C1A
:1056B000C7B2042F05D10BF1080000F0FF08681CE9
:1056C000C5B2082FD5DB681CC5B2601CC4B2092C5A
:1056D000C2DB00BF87E7000020000020F0B51D46B8
:1056E00000277F2901DC3F2A00DDF0BD14464FEA88
:1056F000E27C02EB5C7C4FEAEC0CCCF1070C0CF08A
:10570000FF034FEAE27C02EB5C7C4FEAEC0CA2EB7D
:10571000CC0C0CF0FF06C6F1070C012404FA0CF4C3
:10572000E7B265B1C1F17F0400EBC404E45C3C4323
:10573000C1F17F0C00EBCC0C0CF803400BE0C1F185
:105740007F0400EBC404E45CBC43C1F17F0C00EBBC
:10575000CC0C0CF8034000BFC7E700002DE9FF4F59
:1057600081B00D4617469846DDF838A00095BB4637
:105770004FF6FF70804502D105B0BDE8F08F0024E0
:105780002DE05F4635480068122101FB080010F843
:10579000049000261DE009F0800060B1BAF1000F0E
:1057A00001D1012000E0002003463A462946019835
:1057B000FFF794FF05E053463A4629460198FFF764
:1057C0008DFF4FEA49604FEA1069781CC7B2701C20
:1057D000C6B2082EDFDB681CC5B2601CC4B20C2C3C
:1057E000CFDB009D36E00BF10800C7B21B48006814
:1057F000122101FB080010F80490002624E009F0B3
:10580000800060B1BAF1000F01D1012000E000205A
:1058100003463A4629460198FFF760FF05E05346E4
:105820003A4629460198FFF759FF4FEA49604FEA87
:105830001069781CC7B2701CC6B2042E04D10BF1DB
:105840000800C7B2681CC5B2082ED8DB681CC5B2F8
:10585000601CC4B2122CC6DB00BF8DE72400002000
:105860001CB5044600203F217F230246CDE90010ED
:1058700001462046FFF701FE1CBD10B5044611F09D
:1058800027FE11F0F7FD204610BD000070B505465B
:105890000C46054A02EBC4025168034A52F8340030
:1058A00010F0A5FE70BD00008003002070B5064614
:1058B0000C4615464DB90A4A02EBC4025168084A23
:1058C00052F8340010F034FE08E0054A02EBC4023E
:1058D0005168034A52F8340010F02CFE70BD0000ED
:1058E0000004002070B504460D46207800F00F003B
:1058F000012810DA0C212046FFF7C8FF30B92078C4
:10590000401C217860F30301217010E0207820F022
:105910000F0020700BE00C212046FFF7B7FF012895
:1059200005D103202071207820F00F0020706078CE
:1059300000F00F00012810DA0D212046FFF7A6FF26
:1059400030B96078401C617860F3030161702FE02A
:10595000607820F00F0060702AE00D212046FFF7EC
:1059600095FF01280CD102202071607820F00F00F3
:105970006070607820F0F000607000204C49087082
:105980006078012101EB1010617860F307116170FC
:1059900060780A21B1EB101F0AD1022020716078D3
:1059A00020F0F000607042480078401C40490870C8
:1059B000A07800F00F00012810DA0E212046FFF732
:1059C00065FF30B9A078401CA17860F30301A17095
:1059D0002EE0A07820F00F00A07029E00E212046D4
:1059E000FFF754FF01280BD12071A07820F00F00A1
:1059F000A070A07820F0F000A07000202D49087061
:105A0000A078012101EB1010A17860F30711A170BB
:105A1000A0780A21B1EB101F0AD101202071A078D3
:105A200020F0F000A07023480078401C2149087045
:105A3000E07800F00F00012810DA0F212046FFF770
:105A400025FF30B9E078401CE17860F30301E17094
:105A50002DE0E07820F00F00E07028E00F212046D4
:105A6000FFF714FF01280CD104202071E07820F00A
:105A70000F00E070E07820F0F000E07000200E49A8
:105A80000870E078012101EB1010E17860F3071154
:105A9000E170E0780A21B1EB101F08D1E07820F026
:105AA000F000E07004480078401C0349087070BDA5
:105AB0007E0300207D0300207C03002070B5064695
:105AC0000C460B4A02EBC4025168094A52F83400F2
:105AD00010F08DFDC0F10100C5B2054A02EBC40211
:105AE0005168034A52F834002A4610F025FD70BD73
:105AF0000004002070B5044640F2036011F01EFC63
:105B000040F2046011F01AFC40F2056011F016FC3E
:105B100040F2066011F012FC01220E212046FFF730
:105B2000C5FE002209212046FFF7C0FE00220A21FF
:105B30002046FFF7BBFE00220B212046FFF7B6FEF2
:105B400001220C212046FFF7B1FE00250CE0194987
:105B500001EBC5014B68174951F835000322482174
:105B600010F0EFFC681CC5B2102DF0DB00250CE036
:105B7000114901EBC5014B680F4951F8350003226B
:105B8000102110F0DEFC681CC5B20F2DF0DB0020E8
:105B9000207100BF09E0215C21F00F012154215C3C
:105BA00021F0F0012154411CC8B20428F3DB204647
:105BB00070BD00008003002000040020F8B50746F7
:105BC0000C4615461E460020009002236A462146D8
:105BD000384601F019FDA01C81B233462A463846EA
:105BE00001F012FD6A4631462846EEF781FA401C64
:105BF00008BB0020009004F5205081B202236A46C1
:105C0000384601F001FD04F52050801C81B2334676
:105C10002A46384601F0F8FC6A4631462846EEF737
:105C200067FA401C38B9002003E0FF212954411CC9
:105C3000C8B2B042F9DBF8BD10B50446207C00F0D4
:105C4000010030B10122092104F11400FFF72EFEFA
:105C500005E00022092104F11400FFF727FE207C53
:105C6000C0F3400030B101220A2104F11400FFF713
:105C70001DFE05E000220A2104F11400FFF716FEC4
:105C8000207CC0F3800030B101220B2104F114000C
:105C9000FFF70CFE05E000220B2104F11400FFF7D2
:105CA00005FE207CC0F3401030B10122062104F132
:105CB0001400FFF7FBFD05E00022062104F11400AB
:105CC000FFF7F4FD207CC0F3801030B101220721E2
:105CD00004F11400FFF7EAFD05E00022072104F1BA
:105CE0001400FFF7E3FD207CC00930B10122082138
:105CF00004F11400FFF7DAFD05E00022082104F1A9
:105D00001400FFF7D3FD607C00F0010030B10122E8
:105D1000002104F11400FFF7C9FD05E0002211463F
:105D200004F11400FFF7C2FD607CC0F3400030B105
:105D30000122114604F11400FFF7B8FD05E000222E
:105D4000012104F11400FFF7B1FD607CC0F3800075
:105D500030B10122022104F11400FFF7A7FD05E094
:105D60000022022104F11400FFF7A0FD607CC0F3C3
:105D7000C00030B10122032104F11400FFF796FDA9
:105D800005E00022032104F11400FFF78FFD607C81
:105D9000C0F3001030B10122042104F11400FFF718
:105DA00085FD05E00022042104F11400FFF77EFDCB
:105DB000607CC0F3401030B10122052104F11400D1
:105DC000FFF774FD05E00022052104F11400FFF740
:105DD0006DFD002104F11400FFF758FD012805D1E5
:105DE000A07C20F00100401CA07403E0A07C20F007
:105DF0000100A074012104F11400FFF747FD012800
:105E000005D1A07C20F00200801CA07403E0A07CDF
:105E100020F00200A074022104F11400FFF736FD07
:105E2000012805D1A07C20F00400001DA07403E02F
:105E3000A07C20F00400A074032104F11400FFF7FB
:105E400025FD012805D1A07C20F008000830A074B1
:105E500003E0A07C20F00800A074042104F11400E9
:105E6000FFF714FD012805D1A07C20F010001030B0
:105E7000A07403E0A07C20F01000A074052104F1C0
:105E80001400FFF703FD012805D1A07C20F02000BD
:105E90002030A07403E0A07C20F02000A074062134
:105EA00004F11400FFF7F2FC012805D1A07C20F0DA
:105EB00040004030A07403E0A07C20F04000A074BB
:105EC000072104F11400FFF7E1FC012805D1A07CB3
:105ED00020F080008030A07403E0A07C20F08000DF
:105EE000A074082104F11400FFF7D0FC012805D1AB
:105EF000E07C20F00100401CE07403E0E07C20F036
:105F00000101E174092104F11400FFF7BFFC01282D
:105F100005D1E07C20F00200801CE07403E0E07C0E
:105F200020F00201E1740A2104F11400FFF7AEFC35
:105F3000012805D1E07C20F00400001DE07403E09E
:105F4000E07C20F00401E1740B2104F11400FFF760
:105F50009DFC012805D1E07C20F008000830E074A9
:105F600003E0E07C20F00801E174002104F114005A
:105F7000FFF7B8FC10BDF8B507460C4615461E469F
:105F8000002000906A4631462846EEF7B1F8022319
:105F90006A462146384601F0D5FBA01C81B2334643
:105FA0002A46384601F0CEFB04F5205081B2022388
:105FB0006A46384601F0C6FB04F52050801C81B2C9
:105FC00033462A46384601F0BDFBF8BDF8B5074612
:105FD0000C4615460D48008800900C4EB61C6A46CB
:105FE00029463046EEF784F810B14FF0FF30F8BD87
:105FF000002003E0315C2154411CC8B2A842F9DB07
:106000006A4629462046EEF773F8F0E700F80708DD
:106010002DE9FC4781460D4617461E46DDF82880CF
:106020003C4600200090B8F1010F1CD1022301AAC8
:106030002946484600F0DAFFBDF804004AF2A551AF
:10604000884208D008460190022301AA2946484602
:1060500001F00CFB26E0A81C81B202236A464846E8
:1060600000F0C4FF1EE0B8F1020F1BD1022301AA09
:106070002946484601F0C8FABDF804004AF2A55185
:10608000884208D008460190022301AA29464846C2
:1060900001F058FB06E0A81C81B202236A4648467C
:1060A00001F0B2FA60680088B0420CDABDF8000076
:1060B000401C6168088060680088B04203D148468F
:1060C000616801F0B5FABDF80000401C2168088045
:1060D000BDF80000BDE8FC872DE9F04107460C46FD
:1060E00015460B4EA01B1FFA80F8B44201D2BDE842
:1060F000F0810848844200D9F9E742F204004044A4
:1061000081B22B462246384601F01CFB00BFEEE769
:1061100010780020FF7B00202DE9F04F87B0044667
:106120008946B9F1000F33D1CC48008840F6E441EC
:106130004843000B00B2A083B4F91C0000EB8000C0
:10614000C74909680988A0EB010AC5490968488858
:1061500012F064FC07468846504612F048FC0022C4
:10616000C04BCDE9020112F0A9FC3A464346CDE905
:10617000040112F0A3FC054612F0DCFB82460A2063
:106180009AFBF0F001B204F11C0020F8191061E153
:10619000B9F1010F33D1B148408840F6E44148439A
:1061A000000B01B2E183B4F91E0000EB8000AC49A2
:1061B00009688988A0EB010AA9490968C88812F012
:1061C0002DFC05460E46504612F011FC0022A54B50
:1061D000CDE9020112F072FC07462A46334612F05E
:1061E0006DFCCDE9040112F0A5FB82460A209AFB62
:1061F000F0F001B204F11C0020F819102AE1B9F105
:10620000020F43D196480068408A88B194490968D2
:10621000488A13F061F8054691490968B1F9100000
:1062200013F042F80646294612F00CFF8E4908602A
:106230008B490968488A13F04FF807468A48016875
:10624000384613F091F8054685490968B1F9100000
:1062500013F02AF80646294613F08EF983490860A0
:106260007E49888813F038F807467F480168384629
:1062700013F07AF806467D480168304612F074FE45
:10628000054612F0D5FF01B26184E3E0B9F1030FD6
:106290007ED17249C88813F01FF80646744913F07E
:1062A00063F805464FF08B4112F0CCFE82466B48F6
:1062B000C088704908807049504613F055F805466B
:1062C00012F0D2FF6D4908800846008840F634512C
:1062D000081A4FF47A7148432F2190FBF1F0684976
:1062E0000880504612F014FE0546664A664B12F0CE
:1062F00019FD07468846504612F00AFE0546634AD5
:10630000634B12F0DBFB3A464346CDE9000112F045
:106310007DF9CDE9020110F0BBF9CDE9040112F0DD
:1063200087F8824651465B4813F01EF805465A49E5
:1063300012F088FE82464FF07E51504612F014FE55
:106340000590504612F0E4FD4FF06632534BCDE914
:10635000020112F0B3FB07460022514B12F0E2FC9F
:10636000054612F065F88346059912F06BFE8246E9
:106370004C49504613F0C4F80DD24B49504612F028
:10638000F3FF054612F054FF00B24849096800E0E7
:1063900007E0C88404E040F6C41044490968C88492
:1063A00058E0B9F1040F25D12D490968488912F048
:1063B00035FB05460E4629490989294A1268128982
:1063C000881A12F014FB3A4A3A4BCDE9020112F056
:1063D00075FB2A463346CDE9040112F06FFB0746F0
:1063E000354A364B12F012F9824612F0A3FA01B286
:1063F00021842FE0B9F1050F25D119490968C88911
:1064000012F00CFB05460E4614494989144A1268DD
:106410009289881A12F0EBFA8246254A254B12F02F
:106420004DFB07462A46334612F048FB224A234BCF
:10643000CDE9020112F0EAF8CDE9040112F07AFA8E
:1064400001B2A18406E0B9F1060F03D103488089A7
:1064500001B2E18407B0BDE8F08F000054140020C1
:106460009404002000000440B0040020AC0400208C
:10647000EC515840A004002000007A449C04002005
:106480009E0400200AD7A3703D0A0B4014AE47E1DA
:106490007A14DE3F3313954300E07645661271406F
:1064A000000039400000F0C10000C842CC020020CA
:1064B000151DC9E53F24544069006F8104355A40D9
:1064C0002DE9F84F82460E461546002000901F48E1
:1064D00007886A4629463046EDF70AFEBDF80000F7
:1064E000B84207D14FF6FF70874203D06FF001002A
:1064F000BDE8F88F0FF056FF14480FF0DDFEBDF831
:10650000001012480FF062FEB046002409E038F88F
:1065100014100E4A921C02EB44000FF057FE601C50
:10652000C4B205EBD571B4EB610FF0DB0FF0AEFE3A
:10653000DFF8189009F102090448008800906A46C3
:1065400029464846EDF7D4FDD2E7000000F80708D9
:1065500070B586B00446BF480078012866D1002691
:106560000020BC490870BC4AD2E900109268CDE90D
:106570000302029101200A2302AA47F2046100905B
:10658000B6480068FFF744FD0590BDF814000A21E5
:1065900090FBF1F201FB1200C0EBC00047F2086172
:1065A00001EB400085B20623AD4A2946204601F0A2
:1065B0005DF8BDF814000A2190FBF1F201FB120016
:1065C000C0EBC00047F20E6101EB400085B206232C
:1065D000A44A2946204601F049F8BDF814000A21D2
:1065E00090FBF1F201FB1200C0EBC00047F2146116
:1065F00001EB400085B202239B480268083229461D
:10660000204601F033F8BDF81400401C80B205901C
:10661000BDF814000A2801DB00200590022305AA1A
:1066200047F20661204601F021F800BF8F4800685C
:10663000C0F344408E49097888427DD18B48008858
:10664000C0F38510352808D188480068C0F30430AD
:10665000172802D101208749087084480088C0F3B8
:106660008510362870D181480068C0F3043017289F
:106670006AD180480078012866D100207D490870E1
:10668000754A0C3207CA02AB07C30120302302AAA5
:1066900046F2DC51009071480068FFF7B9FC0590A4
:1066A000BDF81400302190FBF1F201FB12002B2108
:1066B000484346F2E05101EB400085B206236B4AA5
:1066C0002946204600F0D2FFBDF81400302190FB8F
:1066D000F1F201FB12002B21484346F2E05101EB9D
:1066E0004000801D85B2644820232946026A204666
:1066F00000F0BCFFBDF81400302190FBF1F201FB6B
:1067000012002B21484346F2E05101EB40002630B5
:1067100085B23023594A2946204600F0A7FFBDF82C
:106720001400401C80B20590BDF81400302801DB35
:1067300000200590022300E006E005AA46F2DE51A3
:10674000204600F093FF00BF48480088C0F3851042
:106750003A2808D145480068C0F30430172802D110
:1067600001204449087041480088C0F385103B2847
:106770006DD13E480068C0F30430172867D13D480A
:106780000078012863D100203A4908700026324A77
:106790001832D2E900109268CDE90302029102207A
:1067A0005A2302AA002100902C480068FFF730FC11
:1067B0000590BDF814005A2190FBF1F201FB120084
:1067C0002B214843042101EB400085B20623274AD0
:1067D0002946204600F0B6FFBDF814005A2190FB70
:1067E000F1F201FB12002B214843042101EB400090
:1067F000801D85B2204820232946026A204600F0E9
:10680000A1FFBDF814005A2190FBF1F201FB120028
:106810002B214843042101EB4000263085B2302370
:10682000164A2946204600F08DFFBDF81400401C92
:1068300080B20590BDF814005A2801DB00200590B5
:10684000022305AA1946204600F07CFF00BF06B0CF
:1068500070BD0000FF0200203C980208A404002044
:1068600068030020700300206800002084040020DA
:106870006C020020A8040020A4150020247C002025
:106880002DE9F04180460C4615462F460E488542BC
:1068900003D160001730C6B205E00C48854202D132
:1068A00060002130C6B2600037F8101030460EF09C
:1068B000A7FF6200521C37F81210721CD0B20EF003
:1068C0009FFFBDE8F0810000247C00203C7C00207C
:1068D0002DE9F04180460C4615462F460E4885426C
:1068E00003D160001730C6B205E00C48854202D1E2
:1068F00060002130C6B230460EF066FF610027F816
:106900001100711CC8B20EF05FFF6100491C27F82E
:106910001100BDE8F0810000247C00203C7C0020B8
:1069200010B50446482222492046FFF74FFB0028B5
:106930003CD042F210701F490968088000201D49B0
:106940000968488042F210701A490968888000205E
:1069500018490968C88041F2E6401649096808826A
:1069600040F6585013490968488240F626101149EC
:106970000968088100200F490968488140F64910DC
:106980000C490968888100200A490968C8810120EA
:10699000074988750020C8750876487601208876F2
:1069A0000020C87648222046FFF78AFD10BD00006F
:1069B000842100209404002010B50122038A02FAE9
:1069C00001F4A343038210BD10B50122038A02FA29
:1069D00001F42343038210BD2DE9F0410446002653
:1069E00005E031462046FFF797FB701CC6B2072E24
:1069F000F7DBF7480078002801DDBDE8F081B4F945
:106A00002000F4490968498901EB810188420BDAC9
:106A1000B4F92000EF490968498901EB8101494235
:106A2000884201DD00212184B4F92400E949096884
:106A3000C98901EB810188420BDAB4F92400E549E8
:106A40000968C98901EB81014942884201DD0021C1
:106A5000A184B4F91C00DF490968498801EB810170
:106A600088420BDAB4F91C00DA490968498801EB5D
:106A700081014942884201DD0020A083B4F91E0053
:106A8000D4490968C98801EB810188420BDAB4F95D
:106A90001E00D0490968C98801EB8101494288423A
:106AA00001DD0021E183A08BCB4909688880E08B60
:106AB000C9490968C881208CC7490968C880A08C69
:106AC000C54909680881B4F92600A0F275301B2178
:106AD00090FBF1F0143000B2BF4909680885002529
:106AE0000021BE4800680CF035FC0746002004E099
:106AF00037F910100D44411CC8B2B9498978814258
:106B0000F6DCB748407895FBF0F5608CB24909682F
:106B10000880B4F9220041F2446188420DDDB4F9E5
:106B20002200401B642817DD41F26800854213DD16
:106B300028B2A949096808800EE0B4F9220041F2A0
:106B40005C21884208DAB4F92200281A642803DD9F
:106B500028B2A14909680880A2480078002875D1A8
:106B60009D490968A1F82B009B480068B0F82B10DC
:106B7000208C084400B298490968A1F82B00964877
:106B80000068B0F82B10A08C084400B29249096844
:106B9000A1F82B00B4F91C00002819DD92490989DD
:106BA000924A128812B251430A2291FBF2F188B242
:106BB000002809DDB4F91C106422514391FBF0F167
:106BC00009B28B4A118002E00021894A118002E05B
:106BD000002087490880B4F91E00002819DD824989
:106BE0004989824A128812B251430A2291FBF2F17A
:106BF00088B2002809DDB4F91E106422514391FBCC
:106C0000F0F109B27A4A518002E00021784A5180BD
:106C100002E0002076494880B4F9200000281ADDFF
:106C200071498988714A128812B251430A2291FB34
:106C3000F2F188B200280ADDB4F920106422514331
:106C400091FBF0F109B26A4A918003E0B5E00021BE
:106C5000674A918002E0002065498880B4F92400E9
:106C6000002819DD6049C988604A128812B2514370
:106C70000A2291FBF2F188B2002809DDB4F9241050
:106C80006422514391FBF0F109B2594AD18002E0EC
:106C90000021574AD18002E000205549C8800020D9
:106CA00034E000EB4001C1EB4011524A02EB81019C
:106CB000898B002923DD00EB4001C1EB401102EB81
:106CC0008101B1F90610002919DD00EB4001C1EB8B
:106CD000401102EB8101B1F906106422514300EB2F
:106CE0004002C2EB4012434B03EB8202928B91FBBA
:106CF000F2F10AB2011D3E4B23F8112004E00022FC
:106D0000011D3B4B23F81120411CC8B20428C8DBED
:106D10003948007D012817D133490988334A128840
:106D200012B251430A2291FBF2F188B200280ADD27
:106D300029490968B1F91C106422514391FBF0F113
:106D400009B22B4A118202E00020294908822A4810
:106D5000407D012817D124494988244A128812B25B
:106D600051430A2291FBF2F188B200280ADD1A4948
:106D70000968B1F91E106422514391FBF0F109B288
:106D80001B4A518202E000201949488200201B4919
:106D9000088000BF0EE0164931F91010174AB2F909
:106DA0000020914204DD124931F81010134A11807D
:106DB000411CC8B20A28EEDBB8E00A480078002877
:106DC0007EDD0020044A1268A2F82B0000BF2BE0F1
:106DD000C902002094040020CC020020D002002030
:106DE000640C0020820E0020D0010020AE000020A4
:106DF000F4210020E41500208421002098040020C4
:106E00006B4A52F820206AB16A4A1268B2F82B2005
:106E1000674B53F820301B881A4412B2654B1B682D
:106E2000A3F82B20421CD0B20628E9DB6148006899
:106E3000B0F82B00604A1288104400B25D4A126814
:106E4000A2F82B00002024E05C4A32F810205C4BB2
:106E50001B881BB25A430A2392FBF3F291B200291A
:106E600011DD534A52F820206AB1514A52F82020CD
:106E7000128812B264235A4392FBF1F212B2514BC0
:106E800023F8102003E000224E4B23F81020421C70
:106E9000D0B20628D8DB00202FE000EB4002C2EB86
:106EA0004012494B03EB8202928B002A1DDD00EB5E
:106EB0004002C2EB401203EB8202B2F9062000E06E
:106EC00034E064235A4300EB4003C3EB4013DFF884
:106ED000F8C00CEB83039B8B92FBF3F213B2821D81
:106EE000DFF8E0C02CF8123005E00023821DDFF847
:106EF000D4C02CF81230421CD0B20428CDDB0020C4
:106F0000324A108000BF0EE02E4A32F910202F4B7B
:106F1000B3F900309A4204DD2A4A32F810202B4B94
:106F20001A80421CD0B20A28EEDB00BF2848007845
:106F3000401C27490870274800782749097888426B
:106F400034D0254800782349087000202349088060
:106F500021480078002812DD00200DE02049095C5E
:106F6000222907DA154931F810101C4A12881144F9
:106F70001A4A1180411CC8B20628EFDB12E01648FD
:106F8000007878B9002009E00C4931F81010134A54
:106F900012881144114A1180411CC8B21149097864
:106FA0008842F1DB10480068FEF728F800BF24E5AE
:106FB000CC150020CC020020F40D0020D0010020D0
:106FC000AE000020F4210020E415002098040020E9
:106FD0009B040020A9040020820E0020B0000020A5
:106FE000920E0020B00200201C0D00202DE9F0417F
:106FF00007460C4615461E4610F072FE33462A46DA
:107000002146034800F0D5FB10F07AFEBDE8F08180
:1070100050000020FEB50446022302AA4FF4A571D9
:107020002046FFF7E3FFBDF8080044F649218842F7
:1070300024D0A089E189084483B24FF4A871204686
:10704000626800F013FB44F649200290022302AA72
:107050004FF4A571204600F009FB022304F10C0255
:107060004FF4A671204600F001FB022304F10E024A
:107070004FF4A771204600F0F9FAAEE0022301AA0E
:107080004FF4A6712046FFF7B1FF02236A464FF482
:10709000A7712046FFF7AAFFA089BDF80410884217
:1070A0000FD1E089BDF8001088420AD1A089E1899A
:1070B000084483B24FF4A87120466268FFF796FF38
:1070C0008BE0E089BDF80010884202DDBDF8006069
:1070D00000E0E689A089BDF80410884202DDBDF811
:1070E000045000E0A58933464FF4A8712046626839
:1070F000FFF77CFFBDF8000000F5A87081B22B46B9
:1071000020462268FFF772FFE089BDF80010884230
:107110001FDDE089BDF80070C01B83B26068C21932
:1071200007F5A87081B2204600F0A0FAE08900F5CA
:10713000A87081B2BDF804302046226800F096FAAB
:10714000022304F10E024FF4A771204600F08EFADC
:1071500016E0E089BDF80010884211DA022304F13C
:107160000E024FF4A771204600F080FAE08900F586
:10717000A87081B2BDF804302046226800F076FA8B
:10718000A089BDF80410884219DDE7896068384499
:10719000BDF80470C219A089C01B83B2E08900F554
:1071A000A870384481B2204600F060FA022304F14E
:1071B0000C024FF4A671204600F058FA0CE0A089AA
:1071C000BDF80410884207DA022304F10C024FF4E0
:1071D000A671204600F04AFA00BF00201CE0F54AE4
:1071E00032F81020C2F34221CA1701EB5272D210BA
:1071F000A1EBC20301229A40EE4B13F8103003F0CA
:107200007F03ED4DEB5C1A43EA4B13F8103003F0AB
:107210007F03EA54411CC8B20C28E0DB022302AA17
:107220009902E6480068FFF7E1FEBDF808004AF25F
:10723000A551884220D10223E14A40F60201DF48ED
:107240000068FFF7D3FEDF480088B0F5FA6F03DA75
:10725000DB480088DB4908800C23DB4A46F2C45136
:10726000D6480068FFF7C2FE0C23D84A46F2D05138
:10727000D2480068FFF7BAFE022302AA46F2DC51A8
:107280002046FFF7B3FEBDF808004AF2A551884238
:107290000ED10123CE4A46F2DE512046FFF7A6FE6C
:1072A000CC480088302803DAC9480088C9490880DA
:1072B000022302AA0021204600F0A6F9BDF808002A
:1072C0004AF2A55188420DD10123C34A022120462A
:1072D00000F09AF9C14800885A2803DABE480088AD
:1072E000BE490880022302AA47F204612046FFF744
:1072F0007DFEBDF808004AF2A55188420ED1012357
:10730000B74A47F206612046FFF770FEB54800888D
:107310000A2803DAB2480088B24908800020B2493E
:107320004861B249486100251DE0AF4A2946204620
:10733000FFF7CEFAAD4A29462046FFF7C9FA002DDD
:107340000FDDA9484069A84951F825100844A6490D
:107350004861A6484069A54951F825100844A34949
:107360004861681CC5B2052DDFDB002512E069000D
:10737000491CC8B20EF028FA9D4921F82500690081
:10738000891CC8B20EF020FA994901EB85014880AA
:10739000681CC5B2062DEADB0D200EF015FA9549E2
:1073A00008800E200EF010FA9249488011200EF04D
:1073B0000BFA9149088012200EF006FA8E49488097
:1073C000022302AA4FF47C412046FFF70FFEBDF8CE
:1073D00008004AF2A551884207D13023874A4FF668
:1073E00002412046FFF702FE10E04AF2A55002904B
:1073F000022302AA4FF47C41204600F037F93023E3
:107400007E4A4FF60241204600F030F9022302AADC
:107410001903204600F0F8F8BDF808004AF2A5511B
:10742000884208D14FF47C73754A42F20401204629
:1074300000F0EAF8B5E000207EE040F26C7200EB6C
:1074400040016F4B53F8311062F31F5100EB4002C3
:1074500043F8321000EB40011A4652F8311021F483
:10746000702101F5803100EB400243F8321000EB4F
:1074700040011A4652F8311021F4784101F50061BB
:1074800000EB400243F8321000EB40011A4652F87C
:10749000311021F4F86101F5407100EB400243F82E
:1074A000321000EB40011A4652F8311021F03F0132
:1074B000491C00EB400243F83210002100EB40026F
:1074C00003EBC202918100EB400203EBC202118286
:1074D00000EB400203EBC202D18100EB400203EB60
:1074E000C202518241F2F81100EB400203EBC202EA
:1074F000D18041F2883100EB400203EBC20251819E
:10750000B42100EB400203EBC2021181012100EB28
:10751000400203EBC20291754FF47A7100EB400216
:1075200003EBC20291804FF4207100EB400203EBA9
:10753000C2029182411CC8B22A28FFF67EAF002009
:1075400009E040F2E24100EB40022D4B03EBC202A6
:107550009182411CC8B20628F3DB1C2010E040F2E7
:10756000E24100EB4002264B03EBC20291824FF452
:10757000875100EB400203EBC202D180411CC8B22C
:107580002228ECDB4AF2A5500290022302AA19033A
:10759000204600F0D7F84FF47C7219492046FEF7D8
:1075A0009BFD0623174A4FF420512046FEF706FBA9
:1075B000FEBD0000F8000020C4220020A40400202A
:1075C000DC0C0020B4010020D00C0020C40C0020F2
:1075D000FA020020B6010020FC020020C4010020B5
:1075E00000030020B8010020247C00203C7C002007
:1075F000847C0020C00E0020BC0E00200A03002066
:1076000010780020920E00202DE9F04107460C462C
:1076100015461E4610F064FB33462A4621460348B1
:1076200000F0C7F810F06CFBBDE8F08154000020BA
:107630002DE9F04105460C466868A04201D9BDE835
:10764000F081A868A04200D2F9E76868A0420BD890
:107650000227A888201A86B206F5A87081B23B4698
:107660002246284600F002F800BFE8E72DE9F04185
:1076700007460C4615461E4610F032FB33462A4696
:107680002146034800F0A9F810F03AFBBDE8F0816C
:10769000500000202DE9F04F85B08A4614460020A6
:1076A000049024B920480068807A049005E0012CF9
:1076B00003D11D480068807B0490049811F0AEF956
:1076C00007461A4A1A4B11F0F9F90022194BCDE975
:1076D000000111F0F3F9184A184BCDE9020110F03E
:1076E00095FF054610F0A4FE81460CB9042402E083
:1076F000012C00D10524504611F0D6FD80464946A4
:1077000011F0A0FC06460E4931F8140011F0E4FD1A
:107710000746314611F030FF054611F0A5FD8346BE
:10772000584605B0BDE8F08F94040020BF1072DE0B
:10773000FFC7E93F0000594069006F8104355A4096
:10774000541400202DE9F04107460C4615461E460C
:1077500010F0C6FA33462A462146034800F03DF8A9
:1077600010F0CEFABDE8F0815400002010B50446B8
:1077700004F11400FEF7BEF9A0F1140400202082E9
:10778000608208482060084860600848A06020883F
:10779000A188401AE08120892188401AA0812046D2
:1077A00010BD000064020020A8000020C1020020DB
:1077B00070472DE9F04180460D4616461F460024CD
:1077C00007E0281981B2404600F01BF83055601CD4
:1077D00084B2BC42F5DBBDE8F0812DE9F041804682
:1077E0000D4616461F46002407E0281982B2315D77
:1077F000404600F045F8601C84B2BC42F5DBBDE8B1
:10780000F08170B504460D46A01CFDF773FC08B965
:10781000002070BD207800F0FE01A01CFDF7CCFC1C
:10782000A01CFDF79FFC20B9A01CFDF71FFC002049
:10783000EFE7290AA01CFDF7BFFCA01CFDF792FC96
:10784000E9B2A01CFDF7B8FCA01CFDF78BFCA01C46
:10785000FDF750FC207800F0FE00411CA01CFDF755
:10786000ABFCA01CFDF77EFCA01CFDF7D1FB06467F
:10787000A01CFDF71DFCA01CFDF7F8FB3046C8E777
:107880002DE9F04104460F461546A01CFDF732FCD9
:1078900010B90020BDE8F081207800F0FE01A01CA6
:1078A000FDF78AFCA01CFDF75DFC20B9A01CFDF7CC
:1078B000DDFB0020EEE7290AA01CFDF77DFCA01CE3
:1078C000FDF750FCE9B2A01CFDF776FCA01CFDF70B
:1078D00049FC3946A01CFDF76FFCA01CFDF742FCDB
:1078E000A01CFDF7C3FB002603E0A01CFDF732FC43
:1078F000761C40F2DC508642F7D30120CAE770B50F
:1079000004460E461546A01CFDF786FC841EA01CEE
:10791000058000BF2670204670BD00002DE9F74F9E
:1079200088B004460E460025002060762076FE4989
:107930000880A0680079A1688978884202DD01206A
:10794000A1680871A0680079401E85B2F068606186
:1079500001210A980BF0FEFC079007210A980BF012
:10796000F9FC81460A210A980BF0F4FC06900221EA
:107970000A980BF0EFFC059008210A980BF0EAFC3E
:10798000804609210A980BF0E5FC824615210A98E9
:107990000BF0E0FC049016210A980BF0DBFC03903E
:1079A0000020216888802168C88021680881DF491B
:1079B00008804880888000BF91E001218140626991
:1079C000114000297ED018F8001003290DD1079925
:1079D00031F810100A2291FBF2F12268528811440A
:1079E00022685180617E491C617618F800100229D6
:1079F00061D1079931F810100A2291FBF2F1226847
:107A00001288114422681180217E491C21761AF8BF
:107A10000010032291FBF2F302FB1311A9B91AF82B
:107A20000010002911DD39F810100A2291FBF2F143
:107A300022689288114422689180BC490A8805997D
:107A400031F810101144B94A11801AF800100322BD
:107A500091FBF2F302FB1311012911D139F8101037
:107A60000A2291FBF2F12268D28811442268D18067
:107A7000AE494A88059931F810101144AB4A51803B
:107A80001AF80010032291FBF2F302FB13110229F2
:107A900011D139F810100A2291FBF2F122681289F3
:107AA000114422681181A1498A88059931F8101082
:107AB00011449E4A91800399095C9B4A12881144A3
:107AC000994A00E000E01180002162681170049979
:107AD000095C11B9012162681170411CC8B296F8A5
:107AE0002F1081423FF769AF607E217E08448E49A6
:107AF000098891FBF0F08E4908700846007800284C
:107B000009DD084600788B49098848430A2190FB23
:107B1000F1F089490880E068007800F00100002851
:107B20007DD0E068007800F0F000E1680870002087
:107B30000290E068007800F01000102805D10220C3
:107B40000290207EA16848710AE0E068007800F0A9
:107B50002000202804D103200290607EA168487193
:107B6000A0680079A1684979884202DD0120A168F6
:107B7000087100200190002510E018F80510029807
:107B8000814203D10198401CC0B20190A0680179E4
:107B90000198814200D105E0681C85B2A068807818
:107BA000A842EADC00BFA0688078A84201D0019812
:107BB00050B996F82E00A168487096F82F00A16879
:107BC00088700BB0BDE8F08F0020E16808700521D7
:107BD0000A980BF0BFFB83461BF8050000F001007C
:107BE00020B90498405D2169087002E002202169F3
:107BF000087000210A980BF0ADFB07461FB137F85B
:107C0000150021694880079830F81500216988809F
:107C100006210A980BF09EFB074647B100E0C2E040
:107C200037F815000A2190FBF1F02169C88018F897
:107C30000500022808D1069830F815000A2190FBAB
:107C4000F1F0216908810AE018F80500032806D13F
:107C500039F815000A2190FBF1F021690881032110
:107C60000A980BF077FB07461FB137F8150021691A
:107C7000488114210A980BF06DFB00900098E0B346
:107C80000098405DA0B901202169487021690873FE
:107C90002A480068407B01282FD100202749096825
:107CA0004873681CC1B2012230460CF0C1FB24E0CD
:107CB00018F8050002280BD121480078012803D1CB
:107CC00000202169487006E002202169487002E026
:107CD0000220216948700020216908731748006854
:107CE000407B012809D10020144909684873681CA9
:107CF000C1B2002230460CF09BFB124800780128EC
:107D000005D11BF8050000090C490968C8770E4821
:107D10000078A84225D001200C4908700A48007854
:107D2000401C86F8440013E06A0C0020700C002010
:107D30006C0C0020D4000020E0020020B8050020D8
:107D4000DB020020BF0200207E0C00207F0C002000
:107D5000102086F84500012086F84200002030619E
:107D600020E02248007801281CD102201F49087019
:107D7000681C86F84400102086F84500012086F82B
:107D80004200022030611A48007801280AD12022DE
:107D900010211848EAF7B6FC00201649087405209F
:107DA0001549087013E01148007802280FD101200E
:107DB0000E49087011480078401C86F844001020D5
:107DC00086F84500012086F84200002030610B490A
:107DD0000D7096F82E00A168487096F82F00A168E3
:107DE0008870681C0649087000BFEAE67F0C002016
:107DF000BF020020D60500206D0C00207E0C002064
:107E00006E0C002010B5029C01604260C3600461EA
:107E100010BD81607047704710B50446024909687B
:107E20000868FDF71DFD10BDDC04002003B587B018
:107E3000079840690078012809D002287ED00328DD
:107E400001F0FA80042841F0A68401F0DBBBB420E5
:107E5000F94908700798007CB0B90798407E401E29
:107E6000C1B2079841760798407EFF280CD10021C7
:107E7000079841760798007E002805DD0798007E68
:107E8000401EC1B2079801760798007C032874D180
:107E9000079890F85B00642812D008DC44286DD065
:107EA00046286CD047286BD04F286AD16CE06628F2
:107EB00068D06C2867D06F2841D07828F5D1DBE3F3
:107EC0000798407EC0EBC001089800EB4100406875
:107ED000069001200590002004900BE0059800EB2F
:107EE00080004FF6FF7101EA400005900498401CA5
:107EF000C0B20490079890F85A0000F00F0107985C
:107F000090F85A00A1EB1010401E04998842E5DC5D
:107F1000079890F859000121C1EB1011069830F82C
:107F200011100598084481B2079890F85900012271
:107F3000C2EB1012069820F81210E7E3ECE3079862
:107F4000407EC0EBC001089800EB410040680690FD
:107F5000079890F859000121C1EB1011069830F8EC
:107F60001100401C81B2079890F859000122C2EB21
:107F70001012069820F81210C8E3C8E320E0F7E0DA
:107F80003AE2C2E362E078E30798407EC0EBC001CA
:107F9000089800EB410040680690079890F8590057
:107FA0000121C1EB10110698405C401CC1B207983A
:107FB00090F859000122C2EB101206988154A5E3F3
:107FC0000798407EC0EBC001089800EB4100406874
:107FD0000690012005900020049009E0059800EB30
:107FE00080004006000E05900498401CC0B204902A
:107FF000079890F85A0000F00F01079890F85A007F
:10800000A1EB1010401E04998842E7DC079890F815
:1080100059000121C1EB10110698415C05980844F4
:10802000FF2812DC079890F859100120C0EB1111BD
:108030000698415C05980844C1B2079890F8590029
:108040000122C2EB1012069881545FE30798407E2C
:10805000C0EBC001089800EB41004068069007980B
:1080600090F859000009059000EBD0704110059878
:10807000A0EB4100F0B301200590002004900BE03C
:10808000059800EB80004FF6FF7101EA4000059073
:108090000498401CC0B20490079890F85A0000F071
:1080A0000F01079890F85A00A1EB1010401E049998
:1080B0008842E5DC059811F00FF90390079890F8D5
:1080C00059100120C0EB1110049000EBD07041104A
:1080D000069850F8210001460290039810F044FFE2
:1080E000079991F859100122C2EB1111049101EB8B
:1080F000D17100E004E04A10069941F8220036E010
:108100004FF07E5005900020049008E04B49059800
:1081100010F098FF05900498401CC0B20490079896
:1081200090F85A00012101EB101104988142EDDC16
:10813000079890F859100120C0EB1110049000EB43
:10814000D0704110069850F821000390059910F066
:108150000BFF079991F859100122C2EB11110491FC
:1081600001EBD1714A10069941F8220000BFCDE21F
:108170000798407EC0EBC001089800EB4100007BEF
:1081800000F03000202809D10798407EC0EBC001E4
:10819000089800EB41004068069014E00798407E84
:1081A000C0EBC001089800EB4100007B00F03000FC
:1081B000302808D10798407EC0EBC001089800EB3A
:1081C000410040680590079890F859000009049014
:1081D00000EBD07041100498A0EB410000287DD046
:1081E000012004900020019008E0049800EB80003A
:1081F000400004900198401CC0B20190079890F88C
:108200005A0000F00F01079890F85A00A1EB1010E7
:10821000401E01998842E8DC002003900798407EC8
:10822000C0EBC001089800EB4100407B03900120A7
:108230000290002001900FE0C60E002000002041B7
:10824000029800EB80004FF6FF7101EA40000290B7
:108250000198401CC0B20190039901988842EFDB5D
:1082600002990498484304900798407EC0EBC001EF
:10827000089800EB4100007B00F0300020281DD161
:10828000079890F859000121C1EB1010019000EB04
:10829000D0704110069830F811100498084401B2CB
:1082A000079890F859000122C2EB1010019000EBE2
:1082B000D0704210069820F8121029E00798407EEE
:1082C000C0EBC001089800EB4100007B00F03000DB
:1082D00030281DD1079890F8590000E019E00121DD
:1082E000C1EB1010019000EBD0704110059850F8D0
:1082F000211004980144079890F859200120C0EB00
:108300001210019000EBD0704210059840F8221036
:1083100071E001200490002003900BE0049800EB32
:1083200080004FF6FF7101EA400004900398401C62
:10833000C0B20390079890F85A0000F00F01079818
:1083400090F85A00A1EB1010401E03998842E5DC1A
:108350000798407EC0EBC001089800EB4100007B0D
:1083600000F0300020281DD1079890F85900012115
:10837000C1EB1010039000EBD0704110069830F85C
:1083800011100498084401B2079890F8590001228E
:10839000C2EB1010039000EBD0704210069820F84A
:1083A000121027E00798407EC0EBC001089800EB50
:1083B0004100007B00F0300030281BD1079890F876
:1083C00059000121C1EB1010039000EBD070411057
:1083D000059850F8211004980144079890F8590026
:1083E0000122C2EB1010039000EBD07042100598F0
:1083F00040F8221000BF89E10798407EC0EBC00121
:10840000089800EB4100007B00F03000202809D1E3
:108410000798407EC0EBC001089800EB410040681F
:10842000069014E00798407EC0EBC001089800EB6E
:108430004100007B00F03000302808D10798407ED2
:10844000C0EBC001089800EB410040680590079818
:1084500090F859000009049000EBD0704110049886
:10846000A0EB410000287DD0012004900020019065
:1084700008E0049800EB8000400004900198401C44
:10848000C0B20190079890F85A0000F00F010798C9
:1084900090F85A00A1EB1010401E01998842E8DCC8
:1084A000002003900798407EC0EBC001089800EBC5
:1084B0004100407B039001200290002001900BE0DE
:1084C000029800EB80004FF6FF7101EA4000029035
:1084D0000198401CC0B20190039901988842EFDBDB
:1084E00002990498484304900798407EC0EBC0016D
:1084F000089800EB4100007B00F0300020281DD1DF
:10850000079890F859100120C0EB1110019000EB72
:10851000D0704110069830F811100498084481B2C8
:10852000079890F859000122C2EB1010019000EB5F
:10853000D0704210069820F8121029E00798407E6B
:10854000C0EBC001089800EB4100007B00F0300058
:1085500030281DD1079890F859100120C0EB111058
:10856000019000E015E000EBD0704110059850F844
:10857000211004980144079890F859000122C2EB99
:108580001010019000EBD0704210059840F82210B6
:1085900071E001200490002003900BE0049800EBB0
:1085A00080004FF6FF7101EA400004900398401CE0
:1085B000C0B20390079890F85A0000F00F01079896
:1085C00090F85A00A1EB1010401E03998842E5DC98
:1085D0000798407EC0EBC001089800EB4100007B8B
:1085E00000F0300020281DD1079890F85900012193
:1085F000C1EB1010039000EBD0704110069830F8DA
:1086000011100498084481B2079890F8590001228B
:10861000C2EB1010039000EBD0704210069820F8C7
:10862000121027E00798407EC0EBC001089800EBCD
:108630004100007B00F0300030281BD1079890F8F3
:1086400059000121C1EB1010039000EBD0704110D4
:10865000059850F8211004980144079890F85900A3
:108660000122C2EB1010039000EBD070421005986D
:1086700040F8221000BF49E000BF079890F8590069
:108680000121C1EB1010C0B206900798407EC0EBEC
:10869000C001089800EB410081680698085C401C06
:1086A000C1B20798407EC0EBC002089800EB4200C0
:1086B0008268069811540798407EC0EBC001089864
:1086C00000EB410040680590DDE9050150F821000C
:1086D00004900798407EC0EBC001089800EB410071
:1086E00081680698095C049850F82100039003986B
:1086F00050B900210798407EC0EBC002089800EBFB
:10870000420082680698115400E000BF00BF0021BB
:10871000079840690170FDE3B420FE49087007988E
:10872000007C88BB0798407E401CC1B20798417608
:1087300007984168407EC0EBC00001EB4000006834
:1087400028B90798407E401EC1B207984176079825
:10875000407E042818D10321079841760798007EAF
:10876000401CC1B20798017607984168007EC01C82
:10877000C0EBC00001EB4000006828B90798007EFC
:10878000401EC1B2079801760798007C03287DD16E
:10879000079890F85B00642812D008DC442876D053
:1087A000462875D0472874D04F2873D178E06628C2
:1087B00071D06C2870D06F284CD07828F5D1DBE3CD
:1087C0000798407EC0EBC001089800EB410040686C
:1087D000069001200590002004900BE0059800EB26
:1087E00080004FF6FF7101EA400005900498401C9C
:1087F000C0B20490079890F85A0000F00F01079853
:1088000090F85A00A1EB1010401E04998842E5DC54
:10881000079890F859000121C1EB1011069830F823
:10882000110000B2002814DD079890F859000121CA
:10883000C1EB1011069830F811100598081A81B292
:10884000079890F859000122C2EB1012069820F800
:108850001210EBE30798407EC0EBC001089800EBD4
:10886000410040680690079890F859000121C1EB3B
:108870001011069830F81100401E81B2079890F848
:1088800059000122C2EB1012069806E0CFE323E064
:10889000EEE030E2C9E359E06FE320F81210C5E3DF
:1088A0000798407EC0EBC001089800EB410040688B
:1088B0000690079890F859000121C1EB1011069815
:1088C000405C401EC1B2079890F859000122C2EBEB
:1088D000101206988154A9E30798407EC0EBC001AE
:1088E000089800EB410040680690012005900020A8
:1088F000049009E0059800EB80004006000E05900A
:108900000498401CC0B20490079890F85A0000F0F8
:108910000F01079890F85A00A1EB1010401E04991F
:108920008842E7DC079890F859000121C1EB10114B
:108930000698415C0598081AC1B2079890F859004A
:108940000122C2EB1012069881546FE30798407E13
:10895000C0EBC001089800EB410040680690079802
:1089600090F859000009059000EBD070411005986F
:10897000A0EB4100F0B301200590002004900BE033
:10898000059800EB80004FF6FF7101EA400005906A
:108990000498401CC0B20490079890F85A0000F068
:1089A0000F01079890F85A00A1EB1010401E04998F
:1089B0008842E5DC059810F08FFC0390079890F84A
:1089C00059000121C1EB1010049000EBD070411050
:1089D000069850F8210001460290039810F0C1FD5E
:1089E000079991F859100122C2EB1111049101EB82
:1089F000D17100E004E04A10069941F8220036E007
:108A00004FF07E5005900020049008E04249059800
:108A100010F018FB05900498401CC0B20490079811
:108A200090F85A00012101EB101104988142EDDC0D
:108A3000079890F859000121C1EB1010049000EB49
:108A4000D0704110069850F821000390059910F05D
:108A500093FD079991F859100122C2EB111104916D
:108A600001EBD1714A10069941F8220000BFDDE206
:108A70000798407EC0EBC001089800EB4100007BE6
:108A800000F03000202809D10798407EC0EBC001DB
:108A9000089800EB41004068069014E00798407E7B
:108AA000C0EBC001089800EB4100007B00F03000F3
:108AB000302808D10798407EC0EBC001089800EB31
:108AC000410040680590079890F85900000904900B
:108AD00000EBD07041100498A0EB410080B301205E
:108AE00004900020019008E0049800EB8000400012
:108AF00004900198401CC0B20190079890F85A0069
:108B000000F00F01079890F85A00A1EB1010401EDA
:108B1000019903E0C60E0020000020418842E3DCFA
:108B2000002003900798407EC0EBC001089800EB3E
:108B30004100407B039001200290002001900CE056
:108B400066E0029800EB80014FF6FF7000EA4100FA
:108B500002900198401CC0B201900399019888428C
:108B6000EFDB02990498484304900798407EC0EBDD
:108B7000C001089800EB4100007B00F03000202885
:108B80001DD1079890F859000121C1EB10100190F8
:108B900000EBD0704110069830F811100498081AB4
:108BA00001B2079890F859000122C2EB1010019011
:108BB00000EBD0704210069820F8121027E00798BA
:108BC000407EC0EBC001089800EB4100007B00F044
:108BD000300030281BD1079890F859000121C1EBD3
:108BE0001010019000EBD0704110059850F8211042
:108BF0000498091A079890F859000122C2EB101046
:108C0000019000EBD0704210059840F8221071E0FE
:108C100001200490002003900BE0049800EB8000FA
:108C20004FF6FF7101EA400004900398401CC0B267
:108C30000390079890F85A0000F00F01079890F8F9
:108C40005A00A1EB1010401E03998842E5DC0798FA
:108C5000407EC0EBC001089800EB4100007B00F0B3
:108C6000300020281DD1079890F859000121C1EB50
:108C70001010039000EBD0704110069830F81110DE
:108C80000498081A01B2079890F859000122C2EB23
:108C90001010039000EBD0704210069820F81210CC
:108CA00027E00798407EC0EBC001089800EB410028
:108CB000007B00F0300030281BD1079890F8590055
:108CC0000121C1EB1010039000EBD070411005980A
:108CD00050F821100498091A079890F859000122B9
:108CE000C2EB1010039000EBD0704210059840F8D2
:108CF000221000BF9AE10798407EC0EBC00108989F
:108D000000EB4100007B00F03000202809D10798DB
:108D1000407EC0EBC001089800EB4100406806901F
:108D200014E00798407EC0EBC001089800EB4100BA
:108D3000007B00F03000302808D10798407EC0EB5F
:108D4000C001089800EB410040680590079890F832
:108D500059000009049000EBD07041100498A0EB7A
:108D60004100E8B3012004900020019008E004983D
:108D700000EB8000400004900198401CC0B20190BC
:108D8000079890F85A0000F00F01079890F85A00E1
:108D9000A1EB1010401E01998842E8DC00200390EE
:108DA0000798407EC0EBC001089800EB4100407B73
:108DB000039001200290002001900BE0029800EB4C
:108DC00080004FF6FF7101EA400002900198401CBC
:108DD000C0B20190039901988842EFDB029900E04C
:108DE00055E00498484304900798407EC0EBC001CA
:108DF000089800EB4100007B00F0300020281DD1D6
:108E0000079890F859000121C1EB1010019000EB78
:108E1000D0704110069830F811100498081A81B2E9
:108E2000079890F859000122C2EB1010019000EB56
:108E3000D0704210069820F8121027E00798407E64
:108E4000C0EBC001089800EB4100007B00F030004F
:108E500030281BD1079890F859000121C1EB101060
:108E6000019000EBD0704110059850F82110049843
:108E7000091A079890F859000122C2EB10100190CE
:108E800000EBD0704210059840F8221073E00120EA
:108E90000490002003900BE0049800EB80004FF654
:108EA000FF7101EA400004900398401CC0B2039097
:108EB000079890F85A0000F00F01079890F85A00B0
:108EC000A1EB1010401E03998842E5DC0798407E14
:108ED000C0EBC001089800EB4100007B00F03000BF
:108EE00020281FD1079890F859000121C1EB1010DC
:108EF000039000EBD0704110069830F811100498E0
:108F0000081A81B2079890F859000122C2EB10109C
:108F1000039000E075E300EBD0704210069820F853
:108F2000121027E00798407EC0EBC001089800EBC4
:108F30004100007B00F0300030281BD1079890F8EA
:108F400059000121C1EB1010039000EBD0704110CB
:108F5000059850F821100498091A079890F85900BC
:108F60000122C2EB1010039000EBD0704210059864
:108F700040F8221000BF59E000BF079890F8590050
:108F80000121C1EB1010C0B206900798407EC0EBE3
:108F9000C001089800EB410081680698085C002831
:108FA00016DD0798407EC0EBC001089800EB410039
:108FB00081680698085C401EC1B20798407EC0EBED
:108FC000C002089800EB42008268069811542BE01A
:108FD0000798407EC0EBC001089800EB4100406854
:108FE0000590DDE9050150F8210004904FF0FF30B5
:108FF000029008E00298401C40B202900299049846
:1090000050F82100039003980028F3D10298401EE5
:10901000C1B20798407EC0EBC002089800EB420046
:1090200082680698115400BF00E000BF00BF002115
:10903000079840690170AFE3B420FB4908700798B6
:1090400090F91000401C30B90798007C401C41B2D8
:1090500007980174D1E20798007C002874D1079822
:10906000407EC0EBC001089800EB4100007B00F09F
:109070000300012869D10798407EC0EBC001089821
:1090800000EB41004068E94988425FD1E848008828
:10909000F0BBE84806900798407EC0EBC0010898F6
:1090A00000EB41008068E44908600798C0680590BB
:1090B000DDE90510884760B30698006805900798B9
:1090C000807E06283EDA0798417E807E00EB800293
:1090D00007981D3000EB420001720798017E807EE8
:1090E00000EB800207981D3000EB420041720798A8
:1090F000807E401CC1B2079881760798807E401E12
:1091000000EB800107981D3000EB4100416801E051
:109110001CE018E00798807E00EB800207981D3065
:1091200000EB42000160DDE90610807E00EB80026A
:1091300007981D3000EB4200416000220599079816
:1091400001F012FB00BF58E290E056E00798407E25
:10915000C0EBC001089800EB4100806806900798BA
:10916000C0680590DDE905108847E8B306980068F7
:1091700005900798807E06283DDA0798417E807E1C
:1091800000EB800207981D3000EB42000172079847
:10919000017E807E00EB800207981D3000EB4200CC
:1091A00041720798807E401CC1B20798817607986B
:1091B000807E401E00EB800107981D3000EB4100CF
:1091C00041680798807E00EB800207981D3000EB15
:1091D00042000160DDE90610807E00EB8002079806
:1091E0001D3000EB420000E006E0416000220599DE
:1091F000079801F0B9FA00BFFFE10798807E00EB05
:10920000800107981D3000EB410041680798806895
:10921000814208D101220021079801F0A5FA00201F
:1092200086490870E9E10798407EC0EBC0010898C4
:1092300000EB4100007B00F00300022803D1032172
:1092400007980174D9E10798407EC0EBC0010898E7
:1092500000EB4100007B00F003000028CCD0079811
:10926000007C401C41B207980174C6E10798007C5D
:109270000328C1D1079890F85A00012101EB101181
:10928000079890F85A2061F3071280F85A2007983F
:1092900090F85B006C2833D1079890F85A0000F0E2
:1092A0000F01079890F85A00B1EB101FA4D107984E
:1092B00090F85900012101EB1010079991F859100D
:1092C00060F30711079880F85910079890F8590033
:1092D00000F00F01079890F85900B1EB101F8BDADE
:1092E000002107980174012054490870079890F8EC
:1092F000590020F0F0001030079981F859007CE106
:10930000079890F85A0000F00F01079890F85A005B
:10931000B1EB101F86D1079890F85A0020F0F001A9
:10932000079880F85A10079890F85B0078281ED1AB
:10933000079890F859000009002818DD079890F860
:1093400059000121C1EB10103D49095C079890F8C4
:1093500059000122C2EB10103A4A11540B21079810
:1093600090F859000122C2EB1010354A11540798A9
:1093700090F85900012101EB1010079991F859104C
:1093800060F30711079880F85910079890F8590072
:1093900000F00F01079890F85900B1EB101F7CDA2C
:1093A000079890F8590020F0F0001030079981F8E4
:1093B00059000798407EC0EBC001089800EB4100BF
:1093C000806800282FD0079890F85B00442804D0CC
:1093D000079890F85B004F2836D10798407EC0EB85
:1093E000C001089800EB4100406806900798407E55
:1093F000C0EBC001089800EB410080680590002098
:10940000049008E004990698425C05984254049838
:10941000401CC0B20490079890F8590000F00F016A
:1094200004988142EEDCE2E0C60E00205A0C0020D7
:10943000080300207C050020CC040020D804002074
:10944000D4040020D0040020079890F85B00642822
:109450002AD10798407EC0EBC001089800EB41007C
:10946000406806900798407EC0EBC001089800EB6A
:10947000410080680590002004900AE00499069855
:1094800030F81120059820F811200498401CC0B233
:109490000490079890F8590000E0AEE000F00F014A
:1094A00004988142EADCA2E0079890F85B00462825
:1094B0000BD10798407EC0EBC001089800EB41003B
:1094C000007B00F03000202810D0079890F85B0057
:1094D000472838D10798407EC0EBC001089800EBC0
:1094E0004100007B00F0300020282CD10798407EFE
:1094F000C0EBC001089800EB410040680690079857
:10950000407EC0EBC001089800EB410080680590E8
:10951000002004900AE00499069830F8112005987C
:1095200020F811200498401CC0B20490079890F8CD
:10953000590000F00F0000EBD07103900498B0EBDD
:10954000610FE8DB53E0079890F85B00662821D0B4
:10955000079890F85B0046280BD10798407EC0EB37
:10956000C001089800EB4100007B00F0300030287B
:1095700010D0079890F85B00472838D10798407EB4
:10958000C0EBC001089800EB4100007B00F0300008
:1095900030282CD10798407EC0EBC001089800EB22
:1095A0004100406806900798407EC0EBC0010898D3
:1095B00000EB410080680590002004900AE00499C7
:1095C000069850F82120059840F821200498401C66
:1095D000C0B20490079890F8590000F00F0000EB1B
:1095E000D07103900498B0EB610FE8DB00BF01205D
:1095F0006B490870002107980174002107984069A1
:109600000170C9E0B420674908700798007CD0B9A0
:109610000798807E00EB800107981D3000EB410029
:10962000416807988068814206D15F48007800F061
:10963000FD005D49087053E00798007C401E41B270
:10964000079801744CE00798007C032848D10798DC
:1096500090F85A000121C1EB1011079890F85A2098
:1096600061F3071280F85A20079890F85A000E21EB
:10967000B1EB101F34DA079890F85A0020F0F0018F
:10968000079880F85A10079890F859000121B1EB1B
:10969000101F25DC079890F85900C1EB10110798AE
:1096A00090F8590061F30710079981F8590007985D
:1096B00090F85900000998B900210798017407989B
:1096C00090F85A0020F0F001079880F85A10079897
:1096D00090F8590020F0F0001030079981F85900F7
:1096E000079890F91000401C58B90798807E002810
:1096F00007DD01220021079801F036F800202849F3
:109700000870079890F91000401CE8BB0798807E0D
:10971000D0BB0798417E807E00EB800207981D3009
:1097200000EB420001720798017E807E00EB800210
:1097300007981D3000EB420041720798807E401C64
:10974000C1B20798817607988168807E00EB80021D
:1097500007981D3000EB420041600020104908705E
:109760000798806806900798C0680590DDE90510A5
:10977000884748B107988068006806900022DDE9B4
:10978000061000F0F1FF00E000E000BF00210798A4
:109790004069017000E000BF00BF09B000BD0000DB
:1097A000D8040020C60E0020190D002070B5044614
:1097B0000D46E560D4E902018847A0680068606052
:1097C00070BD2DE9FE4F044625460027217EC1EBE2
:1097D000C101606800EB41092068FCF741F8494687
:1097E0002046FEF723FB207C032804D1E07E80F096
:1097F0000100E07601E00120E076207F012807D11A
:10980000217EC1EBC101606800EB41090020207797
:109810004E464FF000086CE0306800B96CE0607EA6
:10982000404536D194F91000401C08B94FF0000AA9
:10983000207C68B9012107F10C00C0B2CDE900011C
:109840007F233A4600212068FBF717FE4FF0010AFC
:10985000207C012801D14FF0020A207C022802D08E
:10986000207C032817D15B20005D6C280BD05B2087
:10987000005D782807D05B20005D4F2803D05B2077
:10988000005D6F2802D14FF0020A04E04FF0030A96
:1098900001E04FF0000A04F15900E17E53463A46D8
:1098A000CDE9001602900021204600F029F85A2048
:1098B000005D00F00F015A20005DB1EB101F10D1C8
:1098C0005A20005D00F00F0000280ADD5A20005DDC
:1098D0000121C1EB10105A21095D60F307115A20D4
:1098E000015507F11000C7B20E3608F1010000F073
:1098F000FF08B8F1040F8FDB2846BDE8FE8F00009B
:109900000FB599B0002015901490139012901F98E5
:1099100000681190002010901F9840680F90002060
:109920000E900D9012E31198007817901798A028C8
:1099300069DD199800680C901199FBF75DFD18908E
:109940009DF868007A2806DD00201A909DF86C00CA
:109950001030C0B21B909DF86C003A2807DD002043
:109960001A901B90199800680C90FBF703FE1C9846
:1099700005280ED11F98007B9DF83810B1EB400FE1
:1099800004D11E9800F00100129018E000201290FF
:1099900015E01C98042804D11E9800F001001290D4
:1099A0000DE01C98032802D10020129007E01C98BB
:1099B000022802D10020129001E01C981290129807
:1099C0000090189880B20C90199800680B909DF840
:1099D0006C209DF868100C9BFBF7C0FE9DF868009A
:1099E0000C30C0B21A901198401C11901198401C74
:1099F00011909DF83800401CC0B20E909DF83800C0
:109A0000401CC0B20E901798A02874DA9DF8680028
:109A10007A2812DD00201A909DF86C001030C0B238
:109A20001B909DF86C003A2807DD00201A901B90CF
:109A3000199800680C90FBF79DFD1798252802D017
:109A4000179824287ED11598401CC0B215901798FD
:109A5000252803D10D98401CC0B20D909DF8380008
:109A6000401CC0B20E9011984078642825D00EDCBE
:109A7000472868D006DC252866D044287ED04628B2
:109A80007DD165E24F287BD05A28F9D1A2E06F281A
:109A90000ED004DC662874D06C28F1D1EFE378286E
:109AA00070D07A28ECD1109840F00200109000BFDE
:109AB000109840F00100109000BF209800287AD044
:109AC0001C9802280BD1209801781598B0EB111F33
:109AD00002D10420129014E00020129011E01C9892
:109AE00003280CD1209801781598B0EB111F03D1F1
:109AF0000520129005E0F8E30020129001E01C9888
:109B000012900023209949780909129A1E98CDE9EC
:109B10000303CDE901210F980EAB1BAA1AA90090EF
:109B2000199800F085FE14900F980C900C98801CEA
:109B30000C900C980F901198401C11901198401C9B
:109B4000119002E0FEE38DE3FDE320980178159883
:109B5000B0EB111F37D11998407E9DF86C10B1EB16
:109B6000001F30D120984078149961F303002099A8
:109B70004870109800F00200022804E02FE0FDE396
:109B800023E0A9E0FBE305D17A2120988170002031
:109B9000109018E0109800F0010068B16F21209833
:109BA00081702098407820F00F00401C2099487068
:109BB0000020109007E007E0109820B96421209859
:109BC000817000201090ADE64BE3109840F0020049
:109BD000109000BF109840F00100109000BF209836
:109BE000002878D01C9802280BD12098017815986D
:109BF000B0EB111F02D10420129013E0002012904C
:109C000010E01C9803280BD1209801781598B0EB30
:109C1000111F02D10520129004E00020129001E0F3
:109C20001C9812900D23209949780909129A1E98C0
:109C3000CDE90303CDE901210F980EAB1BAA1AA9A8
:109C40000090199800F0F4FD14900F980C900C9867
:109C5000401C0C900C980F901198401C119011987A
:109C6000401C1190209801781598B0EB111F31D14C
:109C70001998407E9DF86C10B1EB001F2AD12099F5
:109C80004978149860F3030120984170109800F00F
:109C9000020002280CD14F21209881702098407832
:109CA00020F00F00401C209948700020109011E017
:109CB000109800F0010030B15A21209881700020E6
:109CC000109007E007E0109820B944212098817097
:109CD0000020109026E677E7209800287DD0139882
:109CE000A8BB0F9800680C9000210C980FF008FB9F
:109CF0001CD2FE490C980FF037FB0C900C211298E7
:109D0000CDE90010199800682D2309909DF86C206A
:109D10009DF86810FBF758FC9DF86800801DC0B2E4
:109D20001A909DF83800401CC0B20E900C980FF0AD
:109D30009BFA80B20B901C9802280CD120980178D5
:109D40001598B0EB111F03D10420129014E045E0E8
:109D50000020129010E01C9803280BD12098017865
:109D60001598B0EB111F02D10520129004E00020DD
:109D7000129001E01C98129000232099497809095B
:109D8000129A1E98CDE90303CDE901210BA80EAB71
:109D90001BAA1AA90090199800F04AFD1490209867
:109DA00001781598B0EB111F10D11998407E9DF8DD
:109DB0006C10B1EB001F09D120994978149860F319
:109DC0000301209841706621209881701198807855
:109DD0002E2876D101201390A4E5B8E00F980068F2
:109DE0000C9000210C980FF08BFA04D2BF490C980C
:109DF0000FF0BAFA0C90BDF82C000FF06DFA099034
:109E00000C990FF0AEFB0C901C98022802D01C9805
:109E1000032802D10020129001E01C9812900C211E
:109E20001298CDE90010199800682E2309909DF82A
:109E30006C209DF86810FBF7C7FB9DF86800801D3B
:109E4000C0B21A909DF83800401CC0B20E90119814
:109E5000C0783038C0B216901698042801DD04206E
:109E600016900020099008E0A1490C980FF07CFAA8
:109E70000C900998401CC0B2099016990998884224
:109E8000F2DB0C980FF0F0F980B20B901C980228CE
:109E90000BD1209801781598B0EB111F02D1042046
:109EA000129014E00020129011E01C9803280CD1AD
:109EB000209801781598B0EB111F03D1052012905E
:109EC00005E036E00020129001E01C981290209AE4
:109ED00052781209129B1E991698CDE90132CDE9EC
:109EE00003100BA80EAB1BAA1AA90090199800F03A
:109EF0009FFC14901198401C11901198401C1190D7
:109F0000209801781598B0EB111F10D11998407E58
:109F10009DF86C10B1EB001F09D120994978149875
:109F200060F3030120984170662120988170002021
:109F300013900F980A900A98001D0A900A980F90A3
:109F40001198401C11901198401C1190F4E3ACE35F
:109F50002098002871D001200B901198C0783038DB
:109F6000C0B2169000200A900AE00B9800EB800027
:109F70004FF6FF7101EA40000B900A98401C0A90CE
:109F800016990A988842F0DB1398E8BB1F98007B6B
:109F900000F03000202804D10F98B0F900000C9098
:109FA00008E01F98007B00F03000302802D10F98A5
:109FB00000680C900C9800281ADA0C9840420C901B
:109FC0000C211298CDE90010199800682D230A90F1
:109FD0009DF86C209DF86810FBF7F6FA9DF8680074
:109FE000801DC0B21A909DF83800401CC0B20E907F
:109FF000DDE90B0191FBF0F00C901C9802280DD1CB
:10A0000020980178159800E05BE0B0EB111F02D1B9
:10A010000420129014E00020129011E01C980328F4
:10A020000CD1209801781598B0EB111F02D10520B2
:10A03000129005E00020129002E012E11C981290AC
:10A040000E23209949780909129A1E98CDE9030335
:10A05000CDE901210CA80EAB1BAA1AA900901998F2
:10A0600000F0E6FB1490209801781598B0EB111FD2
:10A0700010D11998407E9DF86C10B1EB001F09D1EA
:10A0800020994978149860F3030120984170462183
:10A0900020988170119880782E2805D11698002874
:10A0A00002DD0120139047E31698002808D111988B
:10A0B000401C11901198401C119000211F98417371
:10A0C000ACE01F98007B00F08000802805D011983C
:10A0D000C0783038C1B21F9841731F98007B00F0E0
:10A0E000300020280AD10F9804E00000000080BF53
:10A0F00000002041B0F900000C9008E01F98007BA0
:10A1000000F03000302802D10F9800680C900C98B5
:10A11000002802DA0C9840420C901C98022802D0C9
:10A120001C98032802D10020129001E01C98129084
:10A130000C211298CDE90010199800682E230A907E
:10A140009DF86C209DF86810FBF73EFA9DF86800BA
:10A15000801DC0B21A909DF83800401CC0B20E900D
:10A160001198C0783038C0B21690DDE90B0191FB30
:10A17000F0F200FB12100C901C9802280BD12098D2
:10A1800001781598B0EB111F02D10420129013E052
:10A190000020129010E01C9803280BD12098017821
:10A1A0001598B0EB111F02D10520129004E0002099
:10A1B000129001E01C981290209A52781209129B7A
:10A1C0001E991698CDE90132CDE903100CA80EAB0B
:10A1D0001BAA1AA90090199800F02AFB1490119854
:10A1E000401C11901198401C1190209801781598EE
:10A1F000B0EB111F10D11998407E9DF86C10B1EB97
:10A20000001F09D120984078149961F30300209928
:10A210004870462120988170002013901F98007B81
:10A2200000F03000202807D10F980A900A98801C6F
:10A230000A900A980F900DE01F98007B00F0300004
:10A24000302807D10F980A900A98001D0A900A98A2
:10A250000F9000BF1198401C11901198401C119054
:10A260006AE222E2209800286ED001200B9011981B
:10A27000C0783038C0B2169000200A900BE059E147
:10A280000B9800EB80004FF6FF7101EA40000B9045
:10A290000A98401C0A9016990A988842F0DB139895
:10A2A00098BB1F98007B00F03000202803D10F9846
:10A2B00000880C9008E01F98007B00F030003028E8
:10A2C00002D10F9800680C90DDE90B01B1FBF0F0B2
:10A2D0000C901C9802280CD1209801781598B0EBAE
:10A2E000111F03D10420129015E024E200201290E7
:10A2F00011E01C9803280CD1209801781598B0EB38
:10A30000111F03D10520129005E04BE000201290B0
:10A3100001E01C9812900E23209949780909129A9D
:10A320001E98CDE90303CDE901210CA80EAB1BAAB1
:10A330001AA90090199800F07BFA149020980178DF
:10A34000159802E0B2E19EE1F0E0B0EB111F10D1F0
:10A350001998407E9DF86C10B1EB001F09D120992F
:10A360004978149860F303012098417046212098A1
:10A370008170119880782E2808D101E087E1D6E01D
:10A380001698002802DD01201390D5E1169888BBAD
:10A390001198401C11901198401C119000211F9899
:10A3A0004173A0E01F98007B00F08000802805D05A
:10A3B0001198C0783038C1B21F9841731F98007B44
:10A3C00000F03000202803D10F9800880C9008E09E
:10A3D0001F98007B00F03000302802D10F980068F1
:10A3E0000C901C98022802D01C98032803D100204E
:10A3F000129002E077E01C9812900C211298CDE99F
:10A400000010199800682E230A909DF86C209DF882
:10A410006810FBF7D9F89DF86800801DC0B21A904B
:10A420009DF83800401CC0B20E901198C0783038AA
:10A43000C0B21690DDE90B01B1FBF0F200FB121087
:10A440000C901C9802280BD1209801781598B0EB3D
:10A45000111F02D10420129013E00020129010E08E
:10A460001C9803280BD1209801781598B0EB111F88
:10A4700002D10520129004E00020129001E01C9807
:10A480001290209A52781209129B1E991698CDE9C3
:10A490000132CDE903100CA80EAB1BAA1AA900903B
:10A4A000199800F0C5F914901198401C119011985A
:10A4B000401C1190209801781598B0EB111F10D115
:10A4C0001998407E9DF86C10B1EB001F09D12098BF
:10A4D0004078149961F3030020994870472120982F
:10A4E0008170002013901F98007B00F0300020281E
:10A4F00007D10F980A900A98801C0A900A980F902A
:10A500000DE01F98007B00F03000302807D10F9835
:10A510000A900A98001D0A900A980F9000BF11989F
:10A52000401C11901198401C119005E1BDE00120E4
:10A53000109000BF2098E8B30F980A900A9800681E
:10A540000B900A98006809900020089003E0089892
:10A55000401CC0B20890099802C809900029F6D1A1
:10A560001F9881681598401E095C0898814209DA95
:10A570001F9881681598401E095C0B9850F82100BF
:10A580000C9008E000211F9882681598401E115415
:10A590000B9800680C900C98E8F712F8C0B216906F
:10A5A0001C9802280DD1209801781598B0EB111F46
:10A5B00004D100E066E00420129013E00020129025
:10A5C00010E01C9803280BD1209801781598B0EB67
:10A5D000111F02D10520129004E00020129001E02A
:10A5E0001C9812900C9804902098407800098DF8DF
:10A5F0001C00002104AA1E98CDE9012100909DF8BD
:10A600006C209DF86810129B1998FFF779F99DF856
:10A6100068100622169802FB0010C0B21A909DF82E
:10A62000381016980844C0B20E900A98001D0A907F
:10A630000A980F901198401C11901198401C11908D
:10A6400016981490209801781598B0EB111F18D126
:10A650001998407E9DF86C10B1EB001F11D1209825
:10A66000407820F00F00401C20994870109818B9CD
:10A670006C212098817004E078212098817000205E
:10A68000109059E011E01198401C11900DE09DF8D8
:10A690003800401EC0B20E901598401EC0B21590F2
:10A6A0000D98401EC0B20D9000BF00BF1C98052839
:10A6B0000DD11F98007B9DF83810884204D11E9858
:10A6C00000F00100129018E00020129015E01C9894
:10A6D000042804D11E9800F0010012900DE01C988F
:10A6E000032802D10020129007E01C98022802D112
:10A6F0000020129001E01C9812900C211298CDE9D4
:10A700000010119800780C90199800680B909DF833
:10A710006C209DF868100C9BFAF756FF9DF86800B6
:10A72000801DC0B21A901198401C11909DF83800FD
:10A73000401CC0B20E9000BF1198007800287FF432
:10A74000F2A8209868B11998407E9DF86C10B1EB82
:10A75000001F06D1209909780D9860F30301209815
:10A76000017000201DB000BD70B504460D461646B0
:10A7700065600020616908702076607694F8590061
:10A7800020F0F000103084F8590000202074E076AA
:10A79000012E41D1A27E02EB820304F11D0202EBE5
:10A7A00043021068E168884700B970BDA07E00EBE5
:10A7B000800104F11D0000EB41000068006860604A
:10A7C000A07E00282DDDA07E401EA07600202074F3
:10A7D000A07E00EB800104F11D0000EB4100007A37
:10A7E0006076A07E00EB800104F11D0000EB4100CB
:10A7F000407A2076A07E401C00EB800104F11D0011
:10A8000000EB41000168A07E00EB800204F11D0016
:10A8100000EB4200416004E0687B012801D1032085
:10A8200020740120207700BFBFE74161704700001E
:10A830002DE9FF4F8DB0884691469A46DDF868B005
:10A840001E9D012698F80000089099F800000790D6
:10A850009AF800000690BBF800400D2D02D19BF83D
:10A86000004003E00E2D01D1DBF800400DB10A2DB0
:10A870001BDD0A2C1CD30226642C19D30326B4F545
:10A880007A7F15D3042642F21070844210D3052635
:10A89000264884420CD306262548844208D307263E
:10A8A0002448844204D3082602E00A2D00DA2E460A
:10A8B000374611E00A20B4FBF0F100FB11403030C4
:10A8C000791E03AA50540A20B4FBF0F40698401CE9
:10A8D000C0B20690781EC7B2002FEBDC002003A99F
:10A8E000885503A809901C988DF83000002109AA0A
:10A8F0001D98CDE9012100901B9BDDE907210D98F2
:10A90000FEF7FEFF0621089801FB0600C0B2089082
:10A91000089888F80000079889F8000006988AF8D7
:10A920000000304611B0BDE8F08F0000A0860100A5
:10A9300040420F00809698000160704710B50446B1
:10A94000024909680868FAF779FD10BDDC040020A7
:10A9500010B581600123837600234361437603743D
:10A96000C376037690F8593023F0F003103380F863
:10A97000593000245C231C54837E03EB830400F1D4
:10A980001D0303EB44035960837E03EB830400F152
:10A990001D0303EB44031A600023C360037710BD5B
:10A9A00070472DE9F04105460F4616460FB9AC68D1
:10A9B00000E0EC6814B90020BDE8F08120460DF0FD
:10A9C0000AFD08B10020F7E70EB90020F4E72046A1
:10A9D0000DF049FC90E80E00C06886E80E00F060BB
:10A9E00020460DF02EFC0120E6E70000F0B585B012
:10A9F00006460C4600272078012805D104208DF852
:10AA000008006068019004E000208DF8080060688C
:10AA100000906078012803D102208DF8090010E031
:10AA200000208DF80900A0788DF80A00002506E0C6
:10AA300004F10800415D0DF10B0041556D1C082D1E
:10AA4000F6D33178064A52F8210069460BF02CF90A
:10AA50000746032F02D1002005B0F0BD0120FBE71F
:10AA6000789702082DE9FF4106460C4617464FF03D
:10AA7000000817B9D6F8088001E0D6F80C80B8F1C4
:10AA8000000F01D1BDE8FF8140460DF095FC00B1FB
:10AA9000F8E7207A28B900208DF80000206801909E
:10AAA00004E001208DF8000060680190607A0228BF
:10AAB00003D101208DF801000FE000208DF8010086
:10AAC000A07A8DF80200002505E004F10B00415D3D
:10AAD00002A841556D1C082DF7D3694640460DF07C
:10AAE000C8FB00BFCEE70000F0B585B004460F46B6
:10AAF000E7602178614A52F8210002210BF059F8F1
:10AB0000237803EB43035E4D2B449A78237803EBC1
:10AB100043032B445978237803EB4303E85C0BF0A1
:10AB2000FDFF002505F1E065ED002D1D002606F175
:10AB3000F856F600B61D0F20ADF80A000020ADF85B
:10AB40000C000120ADF80E00280CADF80000A8B2F2
:10AB5000ADF80200300CADF80400B0B2ADF806005C
:10AB60000020ADF8080001208DF8100068460AF0BA
:10AB7000D7FE002505F180658021284661F39110FC
:10AB80000546ED002D1D002606F1F85640F6FF7132
:10AB9000304661F391100646F600361D1020ADF8E0
:10ABA0000A000020ADF80C000120ADF80E00280CC2
:10ABB000ADF80000A8B2ADF80200300CADF804000A
:10ABC000B0B2ADF806000020ADF8080001208DF805
:10ABD000100068460AF0A4FE002505F13065ED007E
:10ABE0002D1D002606F1F856F600B61D1120ADF811
:10ABF0000A000020ADF80C000120ADF80E00280C72
:10AC0000ADF80000A8B2ADF80200300CADF80400B9
:10AC1000B0B2ADF806000020ADF8080001208DF8B4
:10AC2000100068460AF07CFE1220ADF80A000020F1
:10AC3000ADF80C000120ADF80E000020ADF80000CA
:10AC4000ADF80200ADF80400ADF806000120ADF843
:10AC500008008DF8100068460AF062FE2178074A65
:10AC600052F8210002210AF0A8FF2178034A52F885
:10AC7000210010210AF0A1FF05B0F0BD789702086D
:10AC80009497020830B585B004460D460020009028
:10AC900001908DF808008DF80A008DF813008DF8EA
:10ACA0000B0000218DF80C1045B921780C4A52F8A0
:10ACB00021006A4600210AF084FF07E02178084A53
:10ACC00052F821006A4601210AF07BFF012020751D
:10ACD0002A4669462046FFF7C5FE05B030BD000094
:10ACE0007897020870B5044620690DF074FB38B1FE
:10ACF00021780A4A52F8210001210AF05AFF0CE09B
:10AD000020690DF0B0FA054629462046FFF76EFE91
:10AD1000012802D120690DF094FA70BD78970208DD
:10AD200070B504460D46206908B9002070BD206941
:10AD30000DF051FBB8B121780F4A52F821000121E2
:10AD40000AF03BFF29462046FFF750FE012801D1BB
:10AD50000220EBE7294620690DF08BFA08B10120AB
:10AD6000E4E70020E2E7294620690DF082FA08B105
:10AD70000120DBE70020D9E7789702082DE9F041B0
:10AD800004460D4616461F46DDF818803146284613
:10AD9000E8F7DEFE25706660A760C4F810802046E4
:10ADA000BDE8F0812DE9FC4781460C460DF028F9FD
:10ADB0008246C548007838B90120C349087000228E
:10ADC0001146204609F034FB2146484601F010FAAE
:10ADD0002146484601F0CAF82146484601F0BCF930
:10ADE0002146484600F046FC484600F095F999F89F
:10ADF000280000287ED199F8010000287BD184F832
:10AE00004300B2480078012811D1B14800780128E8
:10AE10000DD1B0480078022803D0AE480078012850
:10AE200005D1AD48007810B9052084F84300002012
:10AE3000AA490870AA480068B0F92B0010F10F0F5A
:10AE400006DAA84800684078022801D0032008707C
:10AE5000A5480078012805D1042084F84300022089
:10AE60009E490870A14800880DF0D8FDA04AA14B6A
:10AE7000CDE900010DF022FE05460E46984909680D
:10AE8000B1F92B000DF0B3FD07462A4633460DF00D
:10AE9000D9FD39D2954800880DF0C0FD0546944A89
:10AEA000954B0DF00BFECDE900018D490968B1F914
:10AEB0002B000DF09CFD0746DDE900230DF0FCFEA4
:10AEC00022D28E48007801281ED18D48007818B90A
:10AED0008C480078012806D08B48008808BB83483E
:10AEE000008800281DDD4FF461608749088001203B
:10AEF0007D4901E078E037E008701420834908704C
:10AF000001207F4908700CE002207D4908704FF451
:10AF100061607D49088001207D49087000207249E8
:10AF2000087077480078012864D1784800780028B4
:10AF300060D16B480068B0F9000041F28831884266
:10AF400009DD02206E490870002067490870012061
:10AF50006F4908704EE0032069490870002062497B
:10AF600008706B49087045E099F8010001281BD171
:10AF700084F8430055480078012811D154480078DE
:10AF800001280DD153480078022803D05148007899
:10AF9000012805D15048007810B9052084F84300F5
:10AFA00001204E49087025E099F80100022821D1BE
:10AFB00084F8430045480078012811D144480078BE
:10AFC00001280DD143480078022803D04148007879
:10AFD000012805D14048007810B9052084F84300C5
:10AFE00002203E49087005E0042084F84300022056
:10AFF0003A49087042480078022817D1514648461D
:10B0000000F052FA36480068B0F92B203448006846
:10B01000008881B253463F480068F9F75DFF3D481C
:10B020000068408A2E490968888103E000202C4985
:10B030000968888132480078032843D12B4800886A
:10B040000DF0ECFC05462A4A2A4B0DF037FD074669
:10B05000884623490968B1F92B000DF0C8FC3A462F
:10B060004346CDE900010DF027FE09D21F480088B4
:10B07000002805DD022022490870012024490870BB
:10B080001A4800880DF0CAFC0546194A1A4B0DF003
:10B0900015FD0746884612490968B1F92B000DF0E5
:10B0A000A6FC3A464346CDE900010DF0CBFC09D29F
:10B0B0000E480088002805DD022011490870012093
:10B0C00013490870BDE8FC87820000206802002058
:10B0D000D9020020DA020020DE0D0020C802002084
:10B0E000CC0200206800002083000020B000002077
:10B0F0009A9999999999B93F9999B9BFB302002042
:10B100005A000020DC0200205C0000205B000020D0
:10B11000580000201C0D002010B50446C9480088C6
:10B12000C949098848430A2190FBF1F06080C7486B
:10B130000088C549098848430A2190FBF1F0A080A6
:10B140006078002870D1C2480068C0694FF47A71F5
:10B15000B0FBF1F0BF490978C1EB0111B0EB810FF1
:10B1600002D90120BC490870BC48007801280BD1E5
:10B17000BB480078012807D1BA480078012803D0DD
:10B18000B5480078012817D0B448007801284CD180
:10B19000B3480078012848D1B2480078012844D14A
:10B1A000B1480078042803D0AF48007803283CD188
:10B1B000A9480078012838D12069B0F900006188D9
:10B1C000884227DD6088002824DD94F8240058B9DF
:10B1D000012084F82400A5480088C0EB00104FF639
:10B1E000FF7101EA80006085608D08BB01206070FE
:10B1F000002084F824009E480078C0EB4011C1EB89
:10B2000000204FF6FF7101EA0010A085002092494E
:10B21000087010BD2069B0F900006188884207DA23
:10B22000002084F8240003E098E0002084F8240043
:10B230009048007800280BDD89480078012807D164
:10B2400088480078012803D07F48008800281BDC4C
:10B250008848007800282DDD81480078012829D110
:10B2600080480078012825D17F480078042803D041
:10B270007D48007803281DD173480088002819DD17
:10B2800075480078012815D1206BB0B90120607095
:10B29000002084F8240076480078C0EB4011C1EB10
:10B2A00000204FF6FF7101EA0010A08500206A49D6
:10B2B0000870AEE7002084F824006F480078012869
:10B2C00018D1606BB0B9002084F824006B48007876
:10B2D000C0EB4011C1EB00204FF6FF7101EA0010F6
:10B2E000A08502206070032020706548654A06CA68
:10B2F00006C08EE72078022816D1002084F82400AA
:10B300005E480078C0EB4011C1EB00204FF6FF71A2
:10B3100001EA0010A08502206070032020705848C8
:10B32000584A06CA06C074E7207801286FD1002069
:10B3300084F824004E480078C0EB4011C1EB002097
:10B340004FF6FF7101EA0010A08501206070032014
:10B3500020704FF496704C4908805AE760780128B5
:10B3600037D1002049490860A08D80B90020607065
:10B3700084F824003F480078454948432063344816
:10B380000068F9F77FFD00204249087041E7207806
:10B3900070B903202070002084F8240060703548C4
:10B3A00000783B494843206300203A49087030E761
:10B3B0003848007858BB0020607084F824002D487D
:10B3C000007833494843206321480068F9F75AFD63
:10B3D0001FE76078022832D1A08D28B1E06800888C
:10B3E0002D490988884213DA0320207000206070FC
:10B3F0002A48244906C906C0012029490870E08866
:10B4000020812848007822494843606301E716E01C
:10B410002078A0B903202070002084F824006070F8
:10B420001E48184A06CA06C001201D490870E08857
:10B4300020811C480078164948436063E9E600BF54
:10B44000E7E60000B2000020B0000020B4000020B9
:10B450001C0D0020B4020020CC0500206402002056
:10B460005800002068020020DA020020B600002008
:10B47000780200207302002065020020790200207B
:10B48000680300208404002066000020CC0E002009
:10B490008051010062000020AC00002070030020F9
:10B4A000FF0200207402002030B50A460369B3F998
:10B4B000003013F1140F0ADD0023244C2380244CA8
:10B4C0002380244C23600123234C23703DE0224B36
:10B4D0001B78012B03D10023C3801F4C23701D4B0D
:10B4E0001B68D11A1B4B1B689A4201D24C1E611C6F
:10B4F0000369B3F90030C3F100034FF00A0493FB72
:10B50000F4F3124C248803FB0143104C23802346A0
:10B510001B8848F6A04493FBF4F30D4C2488234485
:10B520000B4C2380094B1B8848F6A04493FBF4F591
:10B5300004FB1533054C2380054B1B884FF00A0490
:10B5400093FBF4F3C380034B1A6030BD84000020EA
:10B550008C000020880000208E0000204178022905
:10B5600005D1818D002902DD818D491E818590F8EC
:10B570002410012905D1418D002902DD418D491E8C
:10B5800041854178012905D1818D002902DD818D18
:10B59000491E8185417889B917490978002904DD58
:10B5A000016B11B1016B491E01631449097801292E
:10B5B00004D1416B11B1416B491E416310490978B7
:10B5C000012918D10F490978012914D1818F002947
:10B5D00002DD818F491E8187C18F002902DDC18F65
:10B5E000491EC18790F82610012904D1816B11B141
:10B5F000816B491E81637047730200206502002041
:10B60000670200205800002003210170002180F80B
:10B61000241013490978134A5143016312490978E8
:10B620005143416300214170104909784FF4616230
:10B63000514381631E2181870D490968C1600C490E
:10B6400009682B3101610A4909680A314161012108
:10B6500080F825104DF2D8618161C161704700000A
:10B660007302002080510100740200207202002049
:10B67000CC0200202DE9F05F04460D460026FE486E
:10B680000068B0F802B0FD48807818B90020A087A3
:10B69000BDE8F09FFA48007830B9F8488078401E3D
:10B6A00040B284F82000F3E72069B0F900000028D8
:10B6B00005DA20690088ABEB00001FFA80FBEE483A
:10B6C0000068808AABEB00001FFA80FBED48007831
:10B6D00001287DD1EC4800780128FAD1E08F0028BC
:10B6E00077D1D5F80C801421E848006807F032FEC5
:10B6F00007460821E548006807F02CFE8146E4482B
:10B70000D0E90010E34B1940002041404040014384
:10B710000AD00520E0490870E04800784FF46161E4
:10B720004843DF4909688863DE48007801280DD165
:10B730000020DC4908700520D7490870D7480078F8
:10B740004FF461614843D649096888632069B0F9BC
:10B75000000010F1320F1ADAD3480078012816D110
:10B76000D2480078401CD1490870084600789628D5
:10B7700010DD002008700520C7490870C748007810
:10B780004FF461614843C6490968886302E00020BC
:10B79000C6490870A06B00287ED000200EE0012171
:10B7A000814001EA080139B1395C29B919F8001062
:10B7B000022901D1711CCEB2411CC8B2AF498978AF
:10B7C0008142ECDC4FF47A700BFB00F0B84901E0E9
:10B7D00099E397E30978714301EB8101490090FBFC
:10B7E000F1F01FFA80FAAC480078002870D1B14817
:10B7F000007800EB8000BAEB400F03DA701EAE4910
:10B80000087014E0AD48007800EB8000BAEB400F00
:10B8100003DD701CA849087009E0A7480670974826
:10B820004078012802DD012084F8260030E7A24894
:10B830000078B04216DD01209749087097480078DB
:10B840004FF461614843964909688863002084F891
:10B85000260084F8270032209949088096209949CB
:10B8600008704FE394480078B042FADA96480078BE
:10B8700091490978884226DC0020914908800220FD
:10B8800085490870854800784FF4616148438449D0
:10B8900009688863002000E0E2E184F8260084F86B
:10B8A0002700012EDDDD686AA061A0697043711E6A
:10B8B00090FBF1F0A0614CF25031A0698842D0DADF
:10B8C000A06968621EE3012084F82600E0E6FFE735
:10B8D00071480078012839D1002194F920002FE027
:10B8E000421C50B2654A9278824205D100204A1C1F
:10B8F000D1B2012900DD24E00122824002EA0802DF
:10B90000D2B13A5C012A1BD119F80020022A17D1C2
:10B91000421C85F844200F2285F84520012285F835
:10B92000422000222A6101225F4B1A7006225A4BE4
:10B930001A7084F82000ABE6504A527802B900E051
:10B94000CEE700BF0022544B1A70A1E6524800789F
:10B9500002287ED15749097801EB8101BAEB410FEA
:10B9600004DD00214C4A117053490E705449098876
:10B97000491C534A118011460988322900DA87E6AA
:10B98000002094F8201084F822105CE094F8222023
:10B990000121914001EA0801D1B394F92210795CA8
:10B9A000B9BB94F9221019F80110022936D13E4989
:10B9B000097819BB2169B1F9001011F10A0F03DAF6
:10B9C0000521354A117063E62169B1F900100A2991
:10B9D00003DD0121344A117010E03C490978022945
:10B9E00003D03A490978012903D101212E4A117067
:10B9F00004E0012184F828101E21A187C821344ABF
:10BA000011700321244A117000212D4A11803FE654
:10BA100000E003E01949497801B915E014F8221F44
:10BA2000491E49B2217014F9221900290BDA134971
:10BA30008978491E49B284F82210411CC8B20128F5
:10BA400001DD01E005E0A1E700BF0521124A117008
:10BA50001EE611480078032878D1012E09DD686AB6
:10BA6000A061A0697043711E90FBF1F0A061A06914
:10BA70006862134800882DE0CC020020640C00208E
:10BA8000DC0200206702002058000020D0020020C5
:10BA9000E8020020EE07072092000020720200203A
:10BAA00068000020DD020020DB020020970000205B
:10BAB0006C0C00206F020020930000207002002018
:10BAC00090000020940000206E020020DA02002086
:10BAD00095000020401CFE490880A08F10B9FD4849
:10BAE000007838B1FA480088322837D1F948007810
:10BAF000012833D1E068008841F2F221884226DB38
:10BB00000020203420720120F2490870A078401CE7
:10BB100085F844000F2085F84500012085F8420093
:10BB20002861A078401E40B2207014F92009002836
:10BB300005DAE9488078401E40B284F820000720EA
:10BB4000E64908700020E2490880A1E514E00020E1
:10BB500084F828000520E149087099E5E06800882C
:10BB600041F2F221884206DA002084F82800A087FA
:10BB70000520DA4908708BE5D848007804280BD1F5
:10BB8000D7480078401ED64908700846007810B99A
:10BB90000020D24908707BE5D0480078052827D1DD
:10BBA000D0480088E087D04800784FF4616148436E
:10BBB000CE49096888630020C849087084F82600C7
:10BBC000C3490880CA49087084F82800C148007831
:10BBD00001280CD1002085F844000F2085F845008D
:10BBE000012085F8420000202861BA49087089E1E7
:10BBF000BA480078062816D194F92000385C30B98C
:10BC00006420B74908700420B449087040E5B94879
:10BC10000078401EB74908700846007810B9002027
:10BC2000AE49087034E5AD4800780728DFD194F9B3
:10BC30002000401C385C012806D16420A849087007
:10BC40000420A649087023E5AB480078401EAA49A5
:10BC500008700846007810B90020A049087017E560
:10BC6000A06B0028C3D194F8270018B9012084F8EC
:10BC700027000DE594F8270001282DD114F8200F96
:10BC8000401C40B2207014F92009934989788842F9
:10BC900002D1002084F8200094F9200019F8000057
:10BCA000022812D114F8200F401C85F844000F2000
:10BCB00085F84500012085F8420000202861032016
:10BCC000E071FE206072203C05E0032084F827002C
:10BCD000012084F82900DBE494F82700022834D1FD
:10BCE00094F9210094F9201088420FD1002084F8A3
:10BCF0002800A0870520794908707B4800784FF418
:10BD000061614843794909688863C1E494F9210075
:10BD100019F80000022811D114F8210F401C85F8F1
:10BD200044000F2085F84500012085F84200286175
:10BD30000420A07132202072213C05E0042084F808
:10BD40002700012084F82900A2E494F827000328A2
:10BD500019D194F92000385C50B914F8290F401E0D
:10BD6000207014F8290968B9022084F8270009E036
:10BD700014F8290F401E207014F8290910B9012069
:10BD800084F8270084E494F82700042875D194F9F6
:10BD90002100385C01283FD1052184F82710962125
:10BDA0004F4A117094F921204B498978491E8A42E3
:10BDB00002D1FF2184F8211094F82110491CC8B247
:10BDC0000CE00121814001EA080129B1395C19B96F
:10BDD00041B284F8211005E0411CC8B23E4989787F
:10BDE0008142EEDC00BF3C498978814213D10020BA
:10BDF0000CE00121814001EA080129B1395C19B93F
:10BE000041B284F8211005E0411CC8B2324989785A
:10BE10008142EEDC00BF45E014F8290F401E20707F
:10BE200014F8290950BB022184F8271094F9212025
:10BE300029498978491E8A4202D1FF2184F82110BC
:10BE400094F82110491CC8B20CE00121814001EA9C
:10BE5000080129B1395C19B941B284F8211005E013
:10BE6000411CC8B21C4989788142EEDC00BF1A49E6
:10BE70008978814215D100200EE014E012E0012102
:10BE8000814001EA080129B1395C19B941B284F84D
:10BE9000211005E0411CC8B20F4989788142EEDCCF
:10BEA00000BF00BFC2E494F8270005282AD10C483F
:10BEB0000078401E0A4908700846007808BB012037
:10BEC00084F82700084800784FF46161484315E082
:10BED00090000020DB020020640C00209200002073
:10BEE00096000020D200002072020020680000208E
:10BEF0009300002094000020950000201549096857
:10BF0000886393E424E000202034E08312488078A2
:10BF1000401E40B22070002060702072203C0F480C
:10BF20000078012814D100200D4908700B490870D1
:10BF300084F826000B4908800B49087085F84400F6
:10BF40000F2085F84500012085F842000020286177
:10BF500000BF6BE468000020640C0020DB020020BE
:10BF60009200002090000020930000202DE9F04F67
:10BF700087B004460E4637460020069005906A4872
:10BF8000B0F800906948B0F800A000200490F8686C
:10BF9000039001216648006807F0DCF90290142143
:10BFA0006348006807F0D6F90190002061490968EC
:10BFB000488000BF17E001218140039A114081B100
:10BFC0000199095C69B9029931F810100A2291FBB4
:10BFD000F2F1584A12685288114409B2554A12685F
:10BFE0005180411CC8B22028E5DB524800684088D7
:10BFF0002169B1F90010884207DD4E480068408889
:10C000002169B1F90010401A00E000206169088040
:10C01000494800886421484378626078012803D148
:10C020000AEB8A00400002E009EB8900400085B27B
:10C0300042480078F0B96078012804D04048B0F94F
:10C04000000014286CDB01203C4908703948006866
:10C05000B0F9000000EB80004FF6FF7101EA4008E4
:10C06000294640460CF0E6F836490880002036495B
:10C07000088055E031480078012851D133480078D4
:10C08000401C3249087008460078192811DB2C48FA
:10C09000B0F90000C0F164000FFA80FB41F25C23AC
:10C0A0002A4628495846ECF7B9F900202749087074
:10C0B00000BF244800884BF29871884206DD214871
:10C0C0000088A84202DA00201F4908802048008822
:10C0D000C0EB00104FF6FF7101EA80082069B0F94B
:10C0E0000000A18809B2884203DD17480088404556
:10C0F00011DD18480088002803DD16480088401E1E
:10C1000000E00020134908800846008838B9002064
:10C110000A49087003E04FF496700E49088000BF8A
:10C1200007B0BDE8F08F0000A8000020AA000020A2
:10C13000D0020020CC020020E0020020620000209B
:10C14000980400207C000020800000209B04002038
:10C15000B80000206600002070B506460C46204856
:10C16000007801283AD11F481F4909784056401CE1
:10C17000F8B10E211D48006807F0ECF80546194893
:10C1800019490978405635F81000206115481649BC
:10C190000978405C401C84F84400012084F8420087
:10C1A000072084F8450010480078401C0E490870AC
:10C1B00014E00C480C4909784056401C70B90A48F4
:10C1C0000078401C08490870084600781E2805DBE6
:10C1D00002200349087000200349087070BD000068
:10C1E00059000020841500206D000020D00200209E
:10C1F00070B504462C480068B0F926202B4800880A
:10C2000000EB8000400048612948007801281AD1DD
:10C21000A2F6C41528B2B0F5FA6F01DD4FF4FA604A
:10C2200010F5FA6F00DA2348234D2D884543642624
:10C2300095FBF6F51D4E368806EB8606C5EB4605E2
:10C24000ABB24B6100BF1D48008800EB800040008E
:10C2500088611748007801281AD1A2F6C41528B2BF
:10C26000B0F5FA6F01DD4FF4FA6010F5FA6F00DAFD
:10C270001048114D2D884543642695FBF6F50F4E69
:10C28000368806EB8606C5EB4605ABB28B6100BF70
:10C290000B480078012805D10A4800884861094800
:10C2A0000088886170BD0000CC020020A80000203A
:10C2B0006B02002030F8FFFFF6000020AA000020EB
:10C2C000620000207C000020704770472DE9FC5F71
:10C2D0000C464FF0000A0025261D3068C0F385404B
:10C2E000F74908703068C0F30460F6490870306898
:10C2F000C0F38B10F4490880307800F03F0008B993
:10C30000BDE8FC9F307800F03F00401EEF49087008
:10C31000EC480078012812D0EA48007802280FD1B2
:10C32000E748007804280AD1002006E004F108015B
:10C33000095CE74A1154411CC8B20428F6DB2FE21D
:10C34000E0480078042804D1DD4800780128F6D0C0
:10C3500026E2DC480078072831D1D9480078012846
:10C36000EDD0D74800780528E9D0D54800782A28AC
:10C37000E5D0D34800780428E1D1617A207A401EC4
:10C38000D44A02EBC000407861F30710217A491EBD
:10C3900002EBC10148706189207A401E02EBC000A7
:10C3A000C180A08900EB80004FF6FF7101EA4001D7
:10C3B000207A401EC84A02EBC0008180F0E1C148EB
:10C3C000007808287ED1BE4800780128B7D0BC4844
:10C3D0000078032877D1BC480088C0F30B00B0F583
:10C3E000807F71D10020BD4908700120BC490870D0
:10C3F000207A00F03F09B9F1000F32D16089B949C4
:10C4000009688882B7490968888A0CF065FF834605
:10C410000CF07EFD07464FF03332B34B0CF04EFB71
:10C42000CDE900010CF0B6FAAE4909688882A0890E
:10C43000AC4909684883AB490968488B0CF04CFF4C
:10C4400083460CF065FD4FF03332A74BCDE9000178
:10C450000CF034FB07460CF09DFAA24909684883AA
:10C460006EE0B9F1010F36D160899E490968C88232
:10C470009C490968C88A0CF02FFF83460CF048FDE0
:10C4800007464FF03332984B0CF018FBCDE9000112
:10C490000CF080FA93490968C882A089914909681B
:10C4A000888390490968888B0CF016FF83460CF04E
:10C4B0002FFD4FF033328C4BCDE900010CF0FEFA2A
:10C4C000074602E01EE17EE03BE00CF063FA85499E
:10C4D0000968888334E0B9F1020F31D1608981495C
:10C4E000096808837F490968088B0CF0F5FE8346CC
:10C4F0000CF00EFD07464FF033327B4B0CF0DEFAAA
:10C50000CDE900010CF046FA764909680883A08954
:10C5100074490968C88373490968C88B0CF0DCFE4C
:10C5200083460CF0F5FC4FF033326F4BCDE9000140
:10C530000CF0C4FA07460CF02DFA6A490968C88362
:10C540002EE161480088C0F30B00B0F5887FF7D179
:10C550000021624A11700121614A1170217A01F0B3
:10C560003F0070B961895F4A126811805D490968AE
:10C570000988B1F5FA5F25DDA1895A4A1268D18090
:10C5800020E001280ED16189564A12685180554930
:10C5900009684988B1F5FA5F14DDA189514A12682A
:10C5A000D1800FE002280DD161894E4A1268918036
:10C5B0004C4909688988B1F5FA5F03DDA189494AC8
:10C5C0001268D180ECE03E4800780528B8D03C489D
:10C5D00000781128B4D03A4800781228B0D03848F2
:10C5E00000781828ACD0364800782A2850D1364830
:10C5F000008800F47F60B0F5807FA1D13B49D1F87D
:10C6000000A0CD68C8213A4A304B1B78D154374935
:10C61000C86900212D4A1278A9542C4A12782AF8A8
:10C62000121034490968294A127802EB4202324B4F
:10C6300053F8322091420DD8617A244A1278A954D5
:10C640006189224A12782AF81210204A1278E16889
:10C6500040F8221025490D691C490978695C01F0F0
:10C66000F001194A127802F00F021143174A1278AA
:10C67000A9541E498D690121144A1278A954217ABE
:10C6800001F0400119B10221104A1278A95487E043
:10C690000B480078042812D11E2018490870208900
:10C6A0001749096808846089154909688883A08941
:10C6B00013490968C883E0891149096848846FE013
:10C6C000750E0020760E0020780E0020770E0020D8
:10C6D000710E002094010020A4010020800E002093
:10C6E000810E0020F00200203333EF3FA41500201C
:10C6F000007C00208C04002010780020D60E002042
:10C70000CC020020274800780B2848D12648007822
:10C71000052845D024480078032841D1217A01F02A
:10C720003F0058B92149097841F001011F4A1170B1
:10C730001F490A68D4F8091091601AE001280BD14A
:10C740001A49097841F00201184A117018490A681B
:10C75000D4F80910D1600CE002280AD113490978F5
:10C7600041F00401114A117011490A68D4F8091006
:10C7700011610E490978072910D100210B4A117067
:10C780000B49096889680A4A1268D2681144084A44
:10C79000126812691144064A1268116200E000BF73
:10C7A00000BFADE5760E0020750E0020700E002053
:10C7B000F002002070B5064600243EE0204850F804
:10C7C000240088B31F4810F824001D4911F82410D4
:10C7D000401A45B2002D20DD3C2D1EDC1A4850F8D1
:10C7E00024002844184941F82400164850F8240031
:10C7F000134941F82400144A32F824106200521CF4
:10C80000D0B208F0FDFF104A02EB840251886200AA
:10C81000921CD0B208F0F4FF0DE00A4850F8240052
:10C82000074941F8240006E0FFE7064850F82400D5
:10C83000034941F82400601CC4B2062CBEDB70BD65
:10C84000547C00206C7C0020847C00202DE9F04189
:10C8500080460D46164637462C1D2068C0F385409D
:10C86000F9490870207800F03F0010B90020BDE8B9
:10C87000F081207800F03F00401EF4490870F44831
:10C88000007801285CD1206820F47C0000F580202D
:10C890002060206820F0F85000F180602060802146
:10C8A000206861F391102060206820F03F00206034
:10C8B000002068700820A870E6488188E648B0F833
:10C8C000030061F38F00E449A1F80300E148006828
:10C8D000810DE148408861F38910DF494880DD48D7
:10C8E0000068410CDC48807861F34500DA498870C3
:10C8F000D8480068010BD848B0F8010061F308106F
:10C90000D549A1F80100D34800888109D2480088A0
:10C9100061F38B10D0490880CE480078097860F325
:10C920000501CD4801700168A960007928730120D4
:10C93000CA4908700020C6490870C9490880A3E1A7
:10C94000C848007800284FDD206820F47C0000F5FE
:10C9500028002060206820F0F85000F1E06020609E
:10C96000C1480178206861F391102060BF480178C8
:10C97000206861F305002060002068700820A8701E
:10C980000020A860E860B848007851280DD1B74869
:10C990000078401E00EB4000B54901EBC00229467B
:10C9A000B0480078EAF788FF17E0AF4800785228CF
:10C9B00013D1AE4800780F2802D10020AB4908708F
:10C9C000AA480078223000EB4000A94901EBC002E0
:10C9D0002946A4480078EAF76FFF0020A1490870B3
:10C9E00001209E4908704FE1A2480078002873DDBD
:10C9F000206820F47C0000F528002060206820F0EA
:10CA0000F85000F1E06020609A480178206861F3F6
:10CA100005002060002068700820A8709648007803
:10CA2000A8B98021206861F39110206091480078B6
:10CA3000401E00EB40008E4901EBC00103C9C5E96F
:10CA4000020101208C490870844908700FE78A4868
:10CA50000078012817D18121206861F391102060AE
:10CA600084480078401E00EB4000814901EBC00083
:10CA70008168A960C068E86002207F4908700120D1
:10CA800076490870F3E67C4800780228ABD1822111
:10CA9000206861F39110206076480078401E00EB1A
:10CAA0004000734901EBC0000169A9604069E8607A
:10CAB0000020714908700120684908706D480078AD
:10CAC000401C6C49087008460078222801DD0020CF
:10CAD00008700020CBE6FFE768480078012838D1CD
:10CAE000206820F47C0000F540202060206820F0C1
:10CAF000F85000F1006020604FF48871206861F305
:10CB000091102060206820F03F00206000206870B5
:10CB10000820A870002005E0002205F108010A5451
:10CB2000411CC8B20828F7DB00202872544800785E
:10CB3000012803D145F6D811698103E05148006806
:10CB40000188698102204D4908700120434908701D
:10CB50008DE64A480078022838D1206820F47C000D
:10CB600000F540202060206820F0F85000F10060BF
:10CB700020604FF48871206861F391102060206874
:10CB800020F03F002060002068700820A87000207E
:10CB900005E0002205F108010A54411CC8B208282A
:10CBA000F7DB0120287236480078012803D145F6CA
:10CBB000D811698103E03348006841886981032006
:10CBC0002E49087001202549087050E62B4800784E
:10CBD000032859D1002029490870206820F47C00DE
:10CBE00000F540202060206820F0F85000F100603F
:10CBF00020604FF48871206861F3911020602068F4
:10CC000020F03F002060002068700820A8700020FD
:10CC100005E0002205F108010A54411CC8B20828A9
:10CC2000F7DB0220287216480078012803D145F668
:10CC3000D811698103E01348006881886981012067
:10CC400006490870002012E6750E0020770E0020BD
:10CC50009E0E0020840400205B0E00209D0E00200C
:10CC6000900E0020580E0020590E00205A0E002071
:10CC7000107800209F0E0020A10E0020D50E00206D
:10CC8000D9020020F002002091480078012824D128
:10CC90003C209049087000208D490870206820F4DD
:10CCA0007C0000F540202060206820F0F85000F162
:10CCB000306020604FF48071206861F39110206033
:10CCC000206820F03F00401C206001206870002098
:10CCD000A860E86001208049087080480078012839
:10CCE0002ED100207D490870206820F47C0000F5DA
:10CCF00080102060206820F0F85000F1E060206093
:10CD00000021206861F391102060206820F03F002E
:10CD1000401C2060002068700820A8700320287242
:10CD20006F48017869726F48B0F90010698100217D
:10CD300029736973A973E973012067490870C4E016
:10CD40006648007802284ED10020644908702068A7
:10CD500020F47C0000F580102060206820F0F8505E
:10CD600000F1E06020600021206861F391102060F4
:10CD7000206820F03F00401C2060002068700820E0
:10CD8000A87057480078287255480078042802D1C6
:10CD900001205349087052480078401E524901EB67
:10CDA000C0004078010969724D480078401E4E4924
:10CDB00001EBC000C188698149480078401E4B4999
:10CDC00001EBC00080880A2190FBF1F0A881444863
:10CDD0000078401E454901EBC000C188E98101206F
:10CDE0003D49087071E03D480078032820D10420B7
:10CDF0003A490870206820F47C0000F5801020601B
:10CE0000206820F0F85000F1E060206000212068E8
:10CE100061F391102060206820F03F00401C2060EA
:10CE2000002068700120A87028722B4908701EE548
:10CE30002A480078042822D1002028490870206858
:10CE400020F47C0000F580102060206820F0F8506D
:10CE500000F1E06020600021206861F39110206003
:10CE6000206820F03F00401C2060002068700120F6
:10CE7000A8700220287201201749087025E0174881
:10CE80000078052821D1002014490870206820F47A
:10CE90007C0000F580102060206820F0F85000F140
:10CEA000007020600021206861F3911020602068EC
:10CEB00020F03F00401C2060002068700120A87016
:10CEC000002028720120044908700020CFE40000EF
:10CED000440D0020D40E00209D0E0020880C002060
:10CEE000890C00208A0C002094010020A40100205D
:10CEF0002DE9F04781464E48006800287ED04D4815
:10CF00000068006A4A490968884208D349480068AD
:10CF1000006A47490968401A4749086009E04448DF
:10CF20000068C0F1FF3043490968096A0844424972
:10CF300008604148006807280ED940480078401C26
:10CF40003E49087008460078052803DD0020087077
:10CF500037490860BDE8F08739483A49097850F800
:10CF600021003949374A127831F81210324A1268D2
:10CF700002FB01003249334A127841F822000A4686
:10CF80003048017831480068F9F77AFC30482D497B
:10CF9000097850F821002849096808442C49294A91
:10CFA000127841F8220008680CF096F980460BF0E0
:10CFB000AFFF0646274A284B0BF080FD04460BF0D6
:10CFC000E9FC26490860224A1E4801781F4800688B
:10CFD000F9F756FC1B480078002815DD1848416910
:10CFE0001948184A127830F81200134A126802FBE6
:10CFF0000010134948611648406900E009E00E49F5
:10D000000968084412494861154800780D490870BC
:10D0100003E0134800780B4908703C201149087060
:10D0200004480068006A0249086000BF92E70000F7
:10D03000880E0020F0020020840E0020830E0020C5
:10D040003C7C0020430D0020C6010020A4040020E9
:10D05000247C0020295C8FC2F528F03F8C0E002034
:10D06000DA020020D40E002010B504463849886842
:10D070001021E5F74FFB364840690021016041600F
:10D080003349086A2021E5F767FB002141E001EB05
:10D090004102304B03EBC202D27D1011082836DA70
:10D0A0002B4A926832F81020294B1B6833F8113054
:10D0B0001A44274B9B6823F81020254A126A52F81D
:10D0C0002020234BDB6953F821301A44204B1B6A84
:10D0D00043F820201E4AD268525C02F007023AB19F
:10D0E0001B4A5269125C42F00102194B5B691A54E7
:10D0F000174AD268525C02F04002402A07D1144A13
:10D100005269125C42F04002114B5B691A54481C90
:10D11000C1B22229BBDB00200F49088000BF13E009
:10D120000B490A6A411C52F821100C4A42F820109F
:10D1300007498A68411C32F81110074A12881144C5
:10D14000054A1180411CC8B20628E9DB10BD000069
:10D15000A415002010780020600E00206C7C0020B8
:10D1600010B50446064800683C2808D3002004494E
:10D1700008602046FFF71EFB2046FFF7B9FE10BDF2
:10D180004C0D002070B5054602231078302802DBD4
:10D190001078462801DD002070BD5078302802DB71
:10D1A0005078462801DD0020F6E70020087012E0E4
:10D1B0001078402802DA10783038C4B2107840284D
:10D1C00002DD10783738C4B2521C08789E0004FA89
:10D1D00006F6304308701800A3F10106F3B2E7D158
:10D1E0000120D9E77CB506460D461446224601A922
:10D1F000304600F01FFC621C0DF10501304600F0C6
:10D2000019FCA21C0DF10601304600F013FCE21CD3
:10D210000DF10701304600F00DFC9DF804009DF86B
:10D22000051008449DF8061008449DF807100844AE
:10D2300000F00F0008B100207CBD002000902246C5
:10D240006946304600F0D2F8BDF80000C0F30B008C
:10D2500028800120F0E770B5044602230EE09D000F
:10D2600042FA05F505F00F000A2803DA00F130054F
:10D270000D7002E000F137050D70491C1D00A3F18F
:10D280000106F3B2EBD170BD2DE9F04F05460C4617
:10D290004FF00008C146C2460026B3460027C4F33B
:10D2A0000328C4F3031904F00F0A08EB090101EB8A
:10D2B0000A00C11700EB11710911A0EB0111C9435C
:10D2C000491CCEB23007060E44EA06274FEA172B58
:10D2D000686900F109015A462846FFF7BCFF07F0CC
:10D2E000FF0B686900F10B015A462846FFF7B3FFB0
:10D2F000BDE8F08F21B9222282720022C2721AE0A8
:10D30000012904D1222282720122C27213E0022971
:10D3100004D1122282720222C2720CE0032904D1CB
:10D32000102282720322C27205E0042903D1122264
:10D3300082720422C272704738B504460D4600203E
:10D3400061690870E081A071EA1D611D2046FFF748
:10D3500019FF6A1D211D2046FFF714FFEA1CE11D7D
:10D360002046FFF70FFF6A1C04F108012046FFF773
:10D3700009FFE0791C490978884201D0022038BDB4
:10D3800005F1090204F10C012046FFF72BFF08B953
:10D390000020F4E700200090A0890D304219694672
:10D3A000204600F023F8012007E0295CBDF80020AA
:10D3B000114489B20091411C88B2A1890D3181428A
:10D3C000F3DCBDF8000050B10220A071E1892046D5
:10D3D000FFF75AFF204600F0ABF80020CFE705F139
:10D3E0000D0020600120CAE7B2020020F0B5064619
:10D3F0000B4604241078302802DB1078462801DD23
:10D400000020F0BD5078302802DB5078462801DD3E
:10D410000020F6E79078302802DB9078462801DD7E
:10D420000020EEE7D078302802DBD078462801DDF6
:10D430000020E6E7002111E01078402802DA107899
:10D440003038C5B21078402802DD10783738C5B2C0
:10D45000521CA70005FA07F0084381B22000A4F18E
:10D460000107FCB2E8D119800120CAE778B5064669
:10D470000D4614462078302802DB2078462801DD4E
:10D48000002078BD6078302802DB6078462801DD16
:10D490000020F6E7A078302802DBA078462801DDDE
:10D4A0000020EEE7E078302802DBE078462801DD56
:10D4B0000020E6E72079302802DB2079462801DDCC
:10D4C0000020DEE76079302802DB6079462801DD44
:10D4D0000020D6E7A079302802DBA079462801DDBC
:10D4E0000020CEE7E079302802DBE079462801DD34
:10D4F0000020C6E700200090A21D0DF10301304678
:10D50000FFF740FE221D0DF102013046FFF73AFE03
:10D51000A21C0DF101013046FFF734FE2246694698
:10D520003046FFF72FFE009828600120A9E7000091
:10D5300070B5044600257E2061690870A27A606992
:10D54000411C2046FFF787FE6069C11C2148027814
:10D550002046FFF780FE22796069411D2046FFF7D3
:10D560007AFEA2796069C11D2046FFF774FE012092
:10D5700005E06169095C29448DB2411C88B2E189EA
:10D580000D318142F5DC2846E91705EB11410914FC
:10D59000A5EB0141C943491C8DB22E0AE0890D302B
:10D5A0006269111832462046FFF755FEEEB2E08957
:10D5B0000F306269111832462046FFF74CFE0D21EC
:10D5C000E0891130626911540021E08912306269EA
:10D5D000115470BDB202002030B504460D46A5714D
:10D5E000E1892046FFF750FE2046FFF7A1FF30BD3E
:10D5F00070B504460D461646012E08D1E0890D305F
:10D60000626911182A462046FFF725FE08E020210E
:10D61000E0890D3062691154E0890E30626911545D
:10D62000E089801CE08170BD77B505461646002470
:10D6300007E001A8015D32462846FFF7D9FF601CCC
:10D64000C4B2042CF5DB7EBD37B5044615469DF803
:10D6500005102A462046FFF7CBFF9DF804102A4606
:10D660002046FFF7C5FF3EBD10B5044660794F2840
:10D6700009D10020A071E1892046FFF705FE204670
:10D68000FFF756FFD3E16079502809D10020A0713F
:10D69000E1892046FFF7F8FD2046FFF749FFC6E184
:10D6A000207A12286FD1A072E079E1490978884286
:10D6B000E8D16079412833D12079402803D1204630
:10D6C00000F014FAB3E12079412803D1204600F09C
:10D6D00085FCACE12079422803D1204600F0DAFE37
:10D6E000A5E12079432803D1204602F0FDFB9EE10D
:10D6F0002079E22803D1204603F010FC97E120793D
:10D700004A2803D1204602F0C5FD90E10420A07113
:10D71000E1892046FFF7B8FD2046FFF709FF86E1C3
:10D720006079432825D12079402803D1204600F094
:10D7300091FA7CE12079412803D1204600F0D6FC03
:10D7400075E12079432803D1204602F03BFC6EE1CD
:10D7500020794A2803D1204602F08AFF67E104209D
:10D76000A071E1892046FFF78FFD2046FFF7E0FE1C
:10D770005DE1607944283BD12079402804D12046DE
:10D7800000F0AAFA53E12FE12079412803D1204685
:10D7900000F02AFD4BE12079422803D1204600F019
:10D7A000CFFF44E12079432803D1204602F068FCF2
:10D7B0003DE12079E12803D1204603F017FB36E153
:10D7C0002079E22803D1204603F044FC2FE12079A0
:10D7D0004A2803D1204602F0BBFF28E10420A071B3
:10D7E000E1892046FFF750FD2046FFF7A1FE1EE12C
:10D7F0006079452817D12079412803D1204600F0CF
:10D8000067FD14E12079432803D1204602F09AFCF9
:10D810000DE10420A071E1892046FFF735FD204687
:10D82000FFF786FE03E16079462825D1207940285C
:10D8300003D1204600F0DAFAF9E02079422803D13A
:10D84000204601F037F8F2E02079E22803D12046A3
:10D8500003F084FCEBE020794A2803D1204603F052
:10D8600095F9E4E00420A071E1892046FFF70CFD62
:10D870002046FFF75DFEDAE0607948281ED1207966
:10D88000402803D1204600F01DFBD0E0207942283B
:10D8900003D1204601F0FAF9C9E020794A2803D1E2
:10D8A000204603F015FAC2E00420A071E189204669
:10D8B000FFF7EAFC2046FFF73BFEB8E060798028DE
:10D8C00003D1204601F08EFDB1E06079A02803D19C
:10D8D000204603F0AFFAAAE06079A12803D12046E0
:10D8E00003F0D4FAA3E06079A32803D1204603F023
:10D8F00011FD9CE06079A42803D1204603F0EEFDE1
:10D9000095E06079A52803D1204603F0DBFE8EE088
:10D910006079A62803D1204604F0F6F887E0607904
:10D92000A72803D1204601F0A5FD80E06079A82852
:10D9300003D1204601F0C4FE79E06079A92803D123
:10D94000204601F049FF72E06079AA2803D1204601
:10D9500001F0B2FF6BE06079AB2803D1204602F002
:10D96000CDF964E06079AC2803D1204604F0D6FDFF
:10D970005DE06079AD2803D1204604F0EDFE56E06D
:10D9800060794D2803D1204605F08EF94FE060798B
:10D990004E2803D1204605F0C7F948E060795128A8
:10D9A00003D1204605F072FA41E06079D42803D112
:10D9B000204605F003FB3AE06079D82803D12046E1
:10D9C00005F09EFB33E06079DD2803D1204605F0A9
:10D9D00043FC2CE00420A071E1892046FFF754FCB1
:10D9E0002046FFF7A5FD22E0207A222816D1A0725A
:10D9F000E0790F490978884219D16079DD2803D18F
:10DA0000204605F029FC12E00420A071E18920469F
:10DA1000FFF73AFC2046FFF78BFD08E00120A071DC
:10DA2000E1892046FFF730FC2046FFF781FD10BD5D
:10DA3000B202002003461078302802DB1078462816
:10DA400001DD002070471078402802DA1078303865
:10DA500008701078402802DD1078373808700120EF
:10DA6000F0E777B505461646002409E0C4F1030047
:10DA700001AA115C32462846FFF7BAFD601CC4B209
:10DA8000042CF3DB7EBDF0B504460D4616461F465A
:10DA9000012F12D146B1E0890D30626911182A4672
:10DAA0002046FFF7D8FB11E0E0890D3062691118BC
:10DAB00000222046FFF7CFFB08E02021E0890D304F
:10DAC00062691154E0890E3062691154E089801C4A
:10DAD000E081F0BD41611122427222228272002255
:10DAE000C27202820023438270470000F8B50446E8
:10DAF00000200090617A01222046FFF779FD6946F7
:10DB000020462268FFF73EFB20B906212046FFF79A
:10DB100063FDF8BD9DF80000FF2804D101221146E5
:10DB20002046FFF765FD012211462046FFF760FD04
:10DB30004549096808880BF0CFFB064643490BF0BE
:10DB400081FA0546012229462046FFF76DFD3E4930
:10DB5000096848880BF0C0FB06463C490BF072FA96
:10DB60000546012229462046FFF75EFD3649096831
:10DB700088880BF0B1FB064634490BF063FA054682
:10DB8000012229462046FFF74FFD2F490968C88822
:10DB90000BF0A2FB06462E490BF054FA0546012273
:10DBA00029462046FFF740FD012211462046FFF797
:10DBB0001FFD25490968086A0BF08EFB06462449BB
:10DBC0000BF040FA0546012229462046FFF72CFDBE
:10DBD000012200212046FFF70BFD1B490968888AB6
:10DBE0000BF07AFB064619490BF02CFA0546012288
:10DBF00029462046FFF718FD13490968C88A0BF02B
:10DC00006BFB064611490BF01DFA05460122294619
:10DC10002046FFF709FD0C490968088B0BF05CFBF7
:10DC200006460A490BF00EFA05460122294620460F
:10DC3000FFF7FAFCE1892046FFF726FB2046FFF7B5
:10DC400077FC00BF65E70000F00200200000C8423A
:10DC50000000204118B5044600200090617A01229E
:10DC60002046FFF7C5FC694620462268FFF78AFA7E
:10DC700020B906212046FFF7AFFC18BD9DF8000033
:10DC8000FF2804D1012211462046FFF7B1FC0122F2
:10DC900011462046FFF7ACFC012202212046FFF787
:10DCA000A7FC012211462046FFF7A2FC01220948E9
:10DCB00001782046FFF79CFC012200212046FFF757
:10DCC00097FCE1892046FFF7DFFA2046FFF730FC9A
:10DCD00000BFD2E7EE0C002038B5044600200090CB
:10DCE000617A01222046FFF783FC694620462268BC
:10DCF000FFF748FA20B906212046FFF76DFC38BD32
:10DD00009DF80000FF2804D1012211462046FFF7AC
:10DD10006FFC012211462046FFF76AFC3248017869
:10DD200001222046FFF764FC2F484178012220465B
:10DD3000FFF75EFC2C48817801222046FFF758FC53
:10DD40002948C17801222046FFF752FC01221146E2
:10DD50002046FFF74DFC002205211F20E9F770FA4D
:10DD60000546012229462046FFF742FC0022E12118
:10DD70001720E9F765FA0546012229462046FFF7F4
:10DD800037FC012202212046FFF732FC0022052148
:10DD90001A20E9F755FA0546012229462046FFF7E1
:10DDA00027FC1148C17901222046FFF721FC0122FE
:10DDB00000212046FFF71CFC012200212046FFF72E
:10DDC00017FC012200212046FFF712FC012200214E
:10DDD0002046FFF70DFCE1892046FFF755FA204663
:10DDE000FFF7A6FB00BF8AE7E40C002070B50446ED
:10DDF0002E4800880BF070FA06462D490BF022F9E8
:10DE00000546012229462046FFF70EFC29480088D6
:10DE10000BF062FA064626490BF014F9054601227A
:10DE200029462046FFF700FC234800880BF054FAEF
:10DE300006461F490BF006F90546012229462046F1
:10DE4000FFF7F2FB1D4800880BF046FA064618491A
:10DE50000BF0F8F80546012229462046FFF7E4FBBF
:10DE6000174800880BF038FA064611490BF0EAF81B
:10DE70000546012229462046FFF7D6FB012211461E
:10DE80002046FFF7B5FB012200212046FFF7CCFB1F
:10DE9000012200212046FFF7ABFBE1892046FFF776
:10DEA000F3F92046FFF744FB70BD0000BC000020E2
:10DEB0000000C842BA000020BE000020C4000020BC
:10DEC000C60000207CB50446002001900090694601
:10DED00020462268FFF756F920B906212046FFF7B1
:10DEE0007BFB7CBD2068821C01A92046FFF7BEFA9F
:10DEF00020B906212046FFF76FFBF2E79DF80000EE
:10DF000080280DD12E4901980BF02EFA05460BF012
:10DF1000ABF92C4908802C480068F9F789FB46E0EA
:10DF20009DF8000081280DD1254901980BF01CFABD
:10DF300005460BF099F92549088023480068F9F750
:10DF400077FB34E09DF8000082280DD11C49019830
:10DF50000BF00AFA05460BF087F91D4908801A48AC
:10DF60000068F9F765FB22E09DF8000083280DD1D9
:10DF7000134901980BF0F8F905460BF075F91549AE
:10DF8000088011480068F9F753FB10E09DF8000085
:10DF900084280CD10A4901980BF0E6F905460BF0EC
:10DFA00063F90D49088008480068F9F741FBE189E9
:10DFB0002046FFF769F92046FFF7BAFA00BF90E75D
:10DFC0000000C842BC000020A4040020BA000020C9
:10DFD000BE000020C4000020C60000202DE9FC5F28
:10DFE00005460026B04601213C48006805F0B2F91C
:10DFF000814603213948006805F0ACF982460821C2
:10E000003648006805F0A6F907461621334800682F
:10E0100005F0A0F90190697A01222846FFF7E8FA95
:10E020002F490968B1F900000BF03EF983462D49EC
:10E030000BF008F80446012221462846FFF7F4FABF
:10E04000B5F80E80012200212846FFF7D1FA0024FE
:10E050002FE0385D022802D0385D0F2827D1701CD0
:10E0600086B239F814000BF037F91E4900900AF017
:10E07000E9FF8346012259462846FFF7D5FA0122D7
:10E0800011462846FFF7B4FA3AF914000BF00CF9E0
:10E09000144900900AF0D6FF8346012259462846CB
:10E0A000FFF7C2FA012200212846FFF7A1FA601CFF
:10E0B000C4B20D488078A042CBDC08F10D006B693A
:10E0C0001918F2B22846FFF7C6F8E9892846FFF783
:10E0D000DBF82846FFF72CFABDE8FC9FD0020020B1
:10E0E000CC0200200000C842640C00202DE9F05F43
:10E0F0000546697A01222846FFF77AFA0821364850
:10E10000006805F027F9064614213348006805F039
:10E1100021F9804615213048006805F01BF9814639
:10E1200005212D48006805F015F983460027BA46F9
:10E13000B5F80EA0012200212846FFF759FA002465
:10E1400034E0305D022802D0305D0F282CD1781CDD
:10E1500087B218F8041001222846FFF749FA19F887
:10E16000041001222846FFF743FA01221B480178D8
:10E170002846FFF73DFA012211462846FFF738FAF4
:10E1800017480078012805D1012200212846FFF711
:10E190002FFA04E0012211462846FFF729FA01224E
:10E1A00000212846FFF724FA601CC4B20D4880788D
:10E1B000A042C6DC0AF10D006B691918FAB22846B4
:10E1C000FFF749F8E9892846FFF75EF82846FFF788
:10E1D000AFF9BDE8F09F0000D0020020C802002087
:10E1E000BF020020640C00202DE9F0470546697A43
:10E1F00001222846FFF7FCF90027B94605213248DD
:10E20000006805F0A7F8804608212F48006805F04F
:10E21000A1F80646B5F80E90012200212846FFF726
:10E22000E7F900243AE0305D022802D0305D0F2883
:10E2300032D1781C87B218F8040000F001010122E5
:10E240002846FFF7D5F9012202212846FFF7D0F929
:10E25000305D0F2805D1012211462846FFF7C8F985
:10E2600004E0012200212846FFF7C2F918F8040053
:10E270000121B1EB101F05DA012211462846FFF7F4
:10E28000B7F904E0012200212846FFF7B1F9012285
:10E2900000212846FFF7ACF9601CC4B20B48807817
:10E2A000A042C0DC09F10D006B691918FAB22846CA
:10E2B000FEF7D1FFE9892846FEF7E6FF2846FFF77B
:10E2C00037F9BDE8F0870000D0020020640C002080
:10E2D0002DE9FC41044600200190009001A9204650
:10E2E0002268FEF74FFF28B906212046FFF774F990
:10E2F000BDE8FC812068821C69462046FEF742FF8B
:10E3000020B906212046FFF767F9F1E79DF80400E0
:10E31000102804D10120594909680870A4E09DF82B
:10E3200004001F2804D100205449096808709BE0AC
:10E330009DF80400112804D1022050490968087092
:10E3400092E09DF80400202836D14D4880789DF851
:10E350000010884202DB9DF8000010B90620A07171
:10E3600082E0002708214748006804F0F3FF0646D2
:10E37000E220A07100251AE0705D022802D0705DD5
:10E380000F2812D1781CC7B29DF8000087420CD12B
:10E39000705D022809D1681CC1B200223A480068A9
:10E3A00006F046F80020A07105E0681CC5B23448AC
:10E3B0008078A842E0DC57E09DF804002F2836D191
:10E3C0002F4880789DF80010884202DB9DF80000FD
:10E3D00010B90620A07147E00027082129480068ED
:10E3E00004F0B8FF0646E220A07100251AE0705D37
:10E3F000022802D0705D0F2812D1781CC7B29DF898
:10E40000000087420CD1705D022809D1681CC1B29E
:10E4100001221D48006806F00BF80020A07105E0FD
:10E42000681CC5B216488078A842E0DC1CE09DF864
:10E430000400302807D101201449087014480068EE
:10E44000F9F7F6F810E09DF804003F2807D1002006
:10E450000E4908700E480068F9F7EAF804E0062152
:10E460002046FFF7B9F843E7E1892046FEF70CFFA5
:10E470002046FFF75DF800BF3AE700006800002083
:10E48000640C0020D0020020B80E0020BF02002043
:10E49000A40400202DE9F84F044600200090617A82
:10E4A00001222046FFF7A4F8694620462268FEF7BD
:10E4B00069FE28B906212046FFF78EF8BDE8F88FDF
:10E4C0009DF80000FF2804D1012211462046FFF7E5
:10E4D0008FF890490968B1F900000AF0E5FE80461E
:10E4E0008D490AF0AFFD0546012229462046FFF777
:10E4F0009BF888490968B1F90A000AF0D5FE804600
:10E5000086490AF09FFD0546012229462046FFF76D
:10E510008BF883480078A8B9012211462046FFF7FE
:10E5200067F87C490968B1F906000AF0BDFE80462B
:10E530007A490AF087FD0546012229462046FFF761
:10E5400073F82EE07648007800282ADD4FF00008A6
:10E55000734890F800800078062801DD4FF0060827
:10E56000012241462046FFF743F8002516E06D489A
:10E5700050F8250080B16B4951F82510B1F9000021
:10E580000AF092FE824665490AF05CFD814601224E
:10E5900049462046FFF748F8681CC5B2062DE6DB61
:10E5A00000BF614800880AF097FE81465B490AF087
:10E5B00049FD054657490968B1F92B000AF074FE78
:10E5C000834656490AF03EFD814652490968B1F931
:10E5D00002000AF069FE834650490AF033FD824684
:10E5E00049460AF0C9FF804629460AF0C5FF06469B
:10E5F000002130460AF084FE00D200260122114696
:10E600002046FEF7F5FF012231462046FFF70CF8C1
:10E61000012205212046FEF7EBFF3E490968B1F9CA
:10E6200000000AF041FE80463B490AF00BFD05461A
:10E63000012229462046FEF7F7FF364909688889F6
:10E640000AF04AFE804639490AF08EFE05463849EE
:10E650000AF0F8FC0746374800880AF03DFE0546F8
:10E6600039460AF081FE07462A480068807A002869
:10E6700010DD28490968B1F90A000AF015FE804644
:10E6800026490AF0DFFC0546294638460AF0DAFC3E
:10E69000074600E0284F294938460AF031FF00D2EA
:10E6A000264F012239462046FEF7BEFF1949096868
:10E6B00088890AF011FE804617490AF0C3FC054616
:10E6C000012229462046FEF7AFFF01224FF07E517E
:10E6D0002046FEF7A9FF0F490968B1F926000AF0A4
:10E6E000E3FD80460C490AF0ADFC054601222946AF
:10E6F0002046FEF799FF012200212046FEF778FF11
:10E70000E1892046FEF7C0FD2046FEF711FF00BF5D
:10E71000D4E60000CC0200200000C84200002041E6
:10E72000820E0020CC150020600E002000007042F8
:10E7300000401C46B00000200020B4440000B44457
:10E740003EB5044600200290617A01222046FEF781
:10E750004FFF00200090019050480078002825DDF0
:10E76000002100201FE04E4A125C222A19DA4D4A8D
:10E77000D2684B4B1B5CD25C02F0400222B10629EE
:10E7800002DA03220DF80120464AD268444B1B5C92
:10E79000D25C02F0070212B180228DF806204A1CDA
:10E7A000D1B2421CD0B20628DDDB05E03E4800783D
:10E7B00010B180208DF8060002A920462268FEF7DD
:10E7C000E1FC20B906212046FEF706FF3EBD9DF87C
:10E7D0000800FF2804D1012211462046FEF708FF59
:10E7E00001231A46314801782046FFF74CF92B489F
:10E7F0000078002814DD0122284801782046FEF721
:10E80000F7FE002507E01DF8051001222046FEF75F
:10E81000EFFE681CC5B2214800788542F3DB0FE0AB
:10E82000012211462046FEF7E3FE002203211D20AF
:10E83000E8F706FD0546012229462046FEF7D8FEE8
:10E84000012200212046FEF7D3FE012200212046AE
:10E85000FEF7CEFE012203212046FEF7C9FE9DF8F9
:10E86000061001222046FEF7C3FE01221146204673
:10E87000FEF7BEFE01220E4801782046FEF7B8FEE4
:10E88000012200212046FEF7B3FEE1892046FEF773
:10E89000FBFC2046FEF74CFE00BF97E7820E0020EF
:10E8A000920E0020A4150020F20C0020EC0C002099
:10E8B000EF0C002070B58AB00646D94800880AF0EF
:10E8C0000BFD0546D7490AF0BDFB0446012221464F
:10E8D0003046FEF7A9FED44800880AF0FDFC054644
:10E8E000D0490AF0AFFB0446012221463046FEF72C
:10E8F0009BFECE480078D0B9012404F11601012214
:10E900003046FEF775FE20460AF0E6FC0546012279
:10E9100029463046FEF788FEC54988880AF0DCFCA7
:10E920000546012229463046FEF77EFE46E0BF48F6
:10E930000078002839DDBD480078062835DC18212C
:10E940006846E3F709FF002400250FE0B948405D61
:10E95000222809DAB64931F815000AF0BDFC214633
:10E96000621CD4B24DF82100681CC5B2062DEDDB47
:10E9700004F11600C1B201223046FEF739FE2046EE
:10E980000AF0AAFC0546012229463046FEF74CFE55
:10E99000002507E05DF8251001223046FEF744FE11
:10E9A000681CC5B2A542F5DB08E0A048007806283F
:10E9B00004DD012216213046FEF71AFE9E4800882B
:10E9C0000AF08AFC054697490AF03CFB04460122FE
:10E9D00021463046FEF728FE984800880AF07CFC65
:10E9E000054690490AF02EFB044601222146304696
:10E9F000FEF71AFE924800880AF06EFC0546894927
:10EA00000AF020FB0446012221463046FEF70CFEA8
:10EA10008C4800880AF060FC054682490AF012FB27
:10EA20000446012221463046FEF7FEFD8648007866
:10EA30000AF052FC0446012221463046FEF7F4FD5E
:10EA4000824800780AF048FC0446012221463046FC
:10EA5000FEF7EAFD7E4800780AF03EFC05467D4957
:10EA60000AF0F0FA0446012221463046FEF7DCFDAA
:10EA7000794800780AF030FC0446012221463046ED
:10EA8000FEF7D2FD6948007810BB7449497808093F
:10EA90000AF022FC069071484078000910B9002065
:10EAA000079002E04FF07E5007906C49C8880AF04A
:10EAB00013FC04465B490AF0C5FA08906849888847
:10EAC0000AF00AFC044667490AF0BCFA099027E0FC
:10EAD00056480078002823DD634991F8EE1301F0D1
:10EAE0000F000AF0E1FB06905F4890F8EE0300F09B
:10EAF0000F0010B90020079002E04FF07E50079001
:10EB00005949B1F8DE030AF0E7FB044645490AF02B
:10EB100099FA08905449B1F8E0030AF0DDFB099036
:10EB2000012230460699FEF77FFD01223046079903
:10EB3000FEF77AFD012230460899FEF775FD0122A5
:10EB400030460999FEF770FD484800780AF0C4FB8A
:10EB50000446012221463046FEF766FD44480088FF
:10EB60000AF0BAFB05462F490AF06CFA0446012266
:10EB700021463046FEF758FD3E4800780AF0ACFBCF
:10EB80000446012221463046FEF74EFD3A48007801
:10EB90000AF0A2FB0446012221463046FEF744FD5E
:10EBA000364800880AF098FB05461E490AF04AFAE2
:10EBB0000446012221463046FEF736FD30480078F3
:10EBC0000AF08AFB0446012221463046FEF72CFD5E
:10EBD0002C4800780AF080FB04460122214630468A
:10EBE000FEF722FD284800780AF076FB0446012251
:10EBF00021463046FEF718FD01224FF08141304694
:10EC0000FEF712FD012200213046FEF7F1FCF189EA
:10EC10003046FEF739FB3046FEF78AFC0AB070BD7D
:10EC2000C20000200000C842C2010020820E002065
:10EC3000D0010020920E0020A8000020AE0000208D
:10EC4000C8000020CA000020670200206E020020D9
:10EC5000720200200000C0417102002094010020D7
:10EC6000A401002000002041107800206402002050
:10EC7000AA0000207302002065020020AC000020E2
:10EC80007402002079020020680200202DE9FC4176
:10EC90000546002001900090694628462A68FEF744
:10ECA00071FA28B906212846FEF796FCBDE8FC81DA
:10ECB0002868821C01A92846FEF7D8FB20B9062146
:10ECC0002846FEF789FCF1E79DF8000080280DD169
:10ECD000FE4901980AF048FB04460AF0C5FAFC49CF
:10ECE0000880FC480068F8F7A3FC48E39DF80000A2
:10ECF00081280DD1F54901980AF036FB04460AF047
:10ED0000B3FAF5490880F3480068F8F791FC36E358
:10ED10009DF80000A02867DB9DF80000A52863DCB3
:10ED2000EE480078D0B99DF8000000F00F04052CE3
:10ED300013DC01980AF098FAE9498880091DE54832
:10ED40000068F8F775FC0020E6490880E4488088F0
:10ED50000880E5480068F6F751F910E3DF480078CD
:10ED60000028C2DD9DF8000000F00F00461C062EB2
:10ED700039DC002700240AE0DC48005D222804DAA0
:10ED8000781CC7B2B74200D103E0601CC4B2062CA5
:10ED9000F2DB00BF062C25DA01980AF065FAD049AB
:10EDA00021F81400084600EB4401CA480068F8F74F
:10EDB0003FFC0020CB49088000BF0DE0CB49095C37
:10EDC000222907DAC64931F81010C64A12881144C0
:10EDD000C44A1180411CC8B20628EFDBC248006853
:10EDE000F6F70CF900BFCAE29DF80000A8280DD183
:10EDF000B64901980AF0B8FA04460AF035FABC4957
:10EE00000880B4480068F8F713FCB8E29DF80000E9
:10EE1000A9280DD1AD4901980AF0A6FA04460AF0D6
:10EE200023FAB4490880AB480068F8F701FCA6E271
:10EE30009DF80000AA280DD1A44901980AF094FA7F
:10EE400004460AF011FAAC490880A2480068F8F7B5
:10EE5000EFFB94E29DF80000AB280ED19B4901988E
:10EE60000AF082FA04460AF0E3F900B2A3490880E6
:10EE700098480068F8F7DCFB81E29DF80000AE28B6
:10EE800009D101980AF0F0F99D490870914800688D
:10EE9000F8F7CEFB73E29DF80000AF2809D1019886
:10EEA0000AF0E2F9974908708A480068F8F7C0FB51
:10EEB00065E29DF80000B02816D1934901980AF048
:10EEC00053FA04460AF0D0F99049087008460078D1
:10EED0004FF4616148438E49096888638B497D48D6
:10EEE0000068F8F7A5FB4AE29DF80000B12809D1B7
:10EEF00001980AF0B9F98749087076480068F8F770
:10EF000097FB3CE29DF80000B2285DD17348007881
:10EF100018BB01980AF0A8F97F49497860F30711F6
:10EF20007D48417001466B480068F8F781FB019805
:10EF30000AF09AF97849497A60F3071176484172E4
:10EF400000F1080163480068F8F772FB0420734978
:10EF5000087002207249087011E2724890F8EE03BE
:10EF600000F0F0016F4880F8EE1301980AF07CF988
:10EF7000C0B26C4991F8EE1308436A4981F8EE0378
:10EF80000C206949087052206849087007206849B8
:10EF90000870002015E000EB4001624A02EBC1015D
:10EFA000C97D634A1278B2EB211F08D15D4991F8FF
:10EFB000EE1300EB40025B4B03EBC2029175411C68
:10EFC000C8B22228E7DBDAE19DF80000B3285DD162
:10EFD0004248007818BB01980AF046F94E49497832
:10EFE00060F307114C48417001463A480068F8F751
:10EFF0001FFB01980AF038F94749497A60F3071175
:10F000004548417200F1080132480068F8F710FBEA
:10F01000042042490870022041490870AFE141488C
:10F0200090F8EE0300F0F0013E4880F8EE130198EE
:10F030000AF01AF9C0B23B4991F8EE130843394976
:10F0400081F8EE030C2038490870522037490870C7
:10F05000072037490870002015E000EB4001314AD5
:10F0600002EBC101C97D324A1278B2EB211F08D1EF
:10F070002C4991F8EE1300EB40022A4B03EBC2023D
:10F080009175411CC8B22228E7DB78E19DF80000A9
:10F09000B42874D111480078B0B90C4901980AF02D
:10F0A00063F904460AF0E0F81B49C880891D094845
:10F0B0000068F8F7BDFA054901980AF055F90446C9
:10F0C0000AF0D2F881B235E043E000000000C84207
:10F0D000C2000020A4040020C2010020820E0020F3
:10F0E000D0010020B00000201C0D0020920E002056
:10F0F000A8000020AE000020C8000020CA000020A8
:10F10000670200206E0200200000C0417202002051
:10F11000680000207102002094010020890C00206A
:10F12000880C002010780020580E0020590E002076
:10F130005A0E00209648C18100F10E0195480068E2
:10F14000F8F776FA04209449087002209349087071
:10F1500015E1934901980AF007F904460AF084F88A
:10F1600081B29048A0F8DE1304208F490870522025
:10F170008E49087007208E490870002016E018E0BC
:10F1800000EB4001874A02EBC101C97D884A127831
:10F19000B2EB211F08D18349B1F8DE1300EB400226
:10F1A000804B03EBC202D180411CC8B22228E7DBAE
:10F1B000E5E09DF80000B52855D17E48007838BBC1
:10F1C00001980AF051F800EB80004FF6FF7101EA58
:10F1D000400079498880091D6E480068F8F728FAD0
:10F1E00001980AF041F800EB80004FF6FF7101EA48
:10F1F00040017148818100F10C0166480068F8F710
:10F2000017FA042064490870022064490870B6E0C7
:10F2100001980AF029F881B26248A0F8E0130520AD
:10F2200061490870522061490870072060490870E0
:10F23000002015E000EB40015A4A02EBC101C97DF4
:10F240005B4A1278B2EB211F08D15649B1F8E0139E
:10F2500000EB4002534B03EBC2021181411CC8B2C8
:10F260002228E7DB8BE09DF80000B62809D1019841
:10F2700009F0FAFF5149087046480068F8F7D8F9D4
:10F280007DE09DF80000B7280DD1454901980AF0AE
:10F290006BF8044609F0E8FF494908803D480068DA
:10F2A000F8F7C6F96BE09DF80000B82811D1019875
:10F2B00009F0DAFF4349087008460078424948439C
:10F2C0004249096808633F4932480068F8F7B0F9D5
:10F2D00055E09DF80000B92809D1019809F0C4FF54
:10F2E0003B4908702B480068F8F7A2F947E09DF801
:10F2F0000000BA280DD12A4901980AF035F80446D1
:10F3000009F0B2FF3349088022480068F8F790F905
:10F3100035E09DF80000BB2809D1019809F0A4FF51
:10F320002D4908701B480068F8F782F927E09DF81E
:10F330000000BC2809D1019809F096FF2749087000
:10F3400014480068F8F774F919E09DF80000BD282A
:10F3500010D1019809F088FF21490870084600780B
:10F36000012801DD012008701D490A480068F8F7EE
:10F370005FF904E006212846FEF72EF996E4E989B4
:10F380002846FDF781FF2846FEF7D2F800BF8DE43E
:10F3900094010020A4040020890C0020880C002087
:10F3A0000000C84210780020580E0020590E00209E
:10F3B0005A0E0020820E0020A401002064020020CA
:10F3C000AA00002073020020805101006800002084
:10F3D00065020020AC0000207402002079020020A9
:10F3E0006802002018B5044600200090617A0122CE
:10F3F0002046FEF7FDF8694620462268FDF7C2FE6A
:10F4000020B906212046FEF7E7F818BD9DF8000058
:10F41000FF2804D1012211462046FEF7E9F8012217
:10F42000114801782046FEF7E3F801220F480178E1
:10F430002046FEF7DDF8012211462046FEF7D8F8F7
:10F4400001220B4801782046FEF7D2F80122002164
:10F450002046FEF7CDF8E1892046FDF715FF20464E
:10F46000FEF766F800BFD0E7C80200206702002060
:10F4700069020020F8B50646012267213046FEF7F2
:10F48000B7F88848008800B209F00EFF05468649A3
:10F4900009F0D8FD0446012221463046FEF7C4F8A3
:10F4A0008248008800B209F0FFFE05467E4909F057
:10F4B000C9FD0446012221463046FEF7B5F8012277
:10F4C00000213046FEF7B0F8012200213046FEF759
:10F4D000ABF87749088809F0FFFE0546754909F041
:10F4E000B1FD0446012221463046FEF79DF87049E1
:10F4F000488809F0F1FE05466E4909F0A3FD04466F
:10F50000012221463046FEF78FF86949888809F0C4
:10F51000E3FE0546674909F095FD044601222146B0
:10F520003046FEF781F86249C88809F0D5FE0546E5
:10F53000604909F087FD0446012221463046FEF766
:10F5400073F85D48007809F0C7FE044601222146A1
:10F550003046FEF769F800200090002414E00020F7
:10F56000009004EB840101EBC401544A32F81110FD
:10F5700088B201226946E8F707FF01223046009968
:10F58000FEF76FFA601CC4B2052CE8DB002416E01D
:10F5900000200090611C01EB810202EBC101474A8F
:10F5A00032F81110491E88B201226946E8F7ECFED4
:10F5B000012230460099FEF754FA601CC4B2042CB4
:10F5C000E6DB002000903D490988491E88B20122EF
:10F5D0006946E8F7D9FE012230460099FEF741FA64
:10F5E000002417E0002511E0002000902946204665
:10F5F000E7F7ECFD0090009809F06EFE0746012247
:10F6000039463046FEF710F8681CC5B20C2DEBDB0E
:10F61000601CC4B2052CE5DB002411E00020009042
:10F620002649891C31F8141088B201226946E7F78F
:10F63000E7FD012230460099FEF713FA601CC4B2C0
:10F640000C2CEBDB002413E0002000901B49891CEC
:10F65000621C31F81210491E88B201226946E7F790
:10F66000CFFD012230460099FEF7FBF9601CC4B2C1
:10F670000B2CE9DB0020009010494988491E88B214
:10F6800001226946E7F7BCFD012230460099FEF7EA
:10F69000E8F9F1893046FDF7F7FD3046FDF748FF00
:10F6A000F8BD0000DA0000200000C842DC000020A5
:10F6B000C601002000401C46680200201201002004
:10F6C000F8B5064600200090012262213046FDF781
:10F6D0008FFF002453E0002518E000200090611CFB
:10F6E00001EB810202EBC101384A02EB4101891CA6
:10F6F00031F8151088B201226946E7F781FD012231
:10F7000030460099FEF7ADF9681CC5B20C2DE4DB5C
:10F7100000251AE000200090611C01EB810202EB41
:10F72000C1012A4A02EB4101891C6A1C31F81210FE
:10F73000491E88B201226946E7F762FD0122304680
:10F740000099FEF78EF9681CC5B20B2DE2DB002094
:10F750000090611C01EB810202EBC1011B4A02EB2C
:10F7600041014988491E88B201226946E7F748FDF0
:10F77000012230460099FEF774F9601CC4B2042CD3
:10F78000A9DB1348008809F0A7FD0546114909F0D7
:10F7900059FC0446012221463046FDF745FF0C483E
:10F7A000008809F099FD05460A4909F04BFC04461A
:10F7B000012221463046FDF737FFF1893046FDF73B
:10F7C00063FD3046FDF7B4FEF8BD000012010020D5
:10F7D000D60000200000C84270B50446012208216E
:10F7E0002046FDF705FF01222C4801782046FDF751
:10F7F000FFFE012200212046FDF7FAFE284800887E
:10F8000009F06AFD0646274909F01CFC054601225D
:10F8100029462046FDF708FF2348008809F05CFDD3
:10F820000646204909F00EFC0546012229462046DD
:10F83000FDF7FAFE1D48008809F04EFD06461949FD
:10F8400009F000FC0546012229462046FDF7ECFEA2
:10F850001748008809F040FD0646124909F0F2FBFE
:10F860000546012229462046FDF7DEFE0122114908
:10F870002046FDF7D9FE01224FF07E512046FDF7CC
:10F88000D3FE012200212046FDF7B2FEE189204689
:10F89000FDF7FAFC2046FDF74BFE70BD6902002023
:10F8A0007803002000002041E4000020E600002052
:10F8B000E800002000005C432DE9FE4305460020DF
:10F8C0000290019001A928462A68FDF75BFC28B93F
:10F8D00006212846FDF780FEBDE8FE832868821CCD
:10F8E00002A92846FDF7C2FD20B906212846FDF7EA
:10F8F00073FEF1E7029E9DF8087000249DF8040055
:10F9000010281EDB9DF8040013281ADCF34C304647
:10F9100009F0AAFC00EBC00101EB00104FF6FF71EB
:10F9200001EA80019DF80400103824F810109DF8B9
:10F930000400103804EB4001E9480068F7F778FE4E
:10F94000C3E19DF8040014281DDB9DF8040017286E
:10F9500019DCE44C304609F087FC40F27121484341
:10F960004FF6FF7101EA00119DF80400143824F8E5
:10F9700010109DF80400143804EB4001D8480068CA
:10F98000F7F756FEA1E19DF80400182811D1D648DA
:10F990000770007838B9012000906A4600210320E2
:10F9A000E9F720FD00BFD049CD480068F7F740FED9
:10F9B0008BE19DF8040019281EDB9DF804001E2829
:10F9C0001ADC0DF1080898F8032098F802109DF849
:10F9D0000430193BD8B2E7F795FF9DF804001938B9
:10F9E00000EB800202EBC000C04A02EB4001BC48C1
:10F9F0000068F7F71DFE68E19DF8040023281EDB70
:10FA00009DF804002E281ADC304609F02DFC00F089
:10FA1000FF089DF804002338C1B242460020E8F7F1
:10FA2000BFF89DF80400A0F1230808EBD870B04A95
:10FA300002EB6001AA480068F7F7FAFD45E19DF87E
:10FA400004002F281FDB9DF804003A281BDC3046F9
:10FA500009F00AFC00F0FF089DF804002F38C1B23D
:10FA600042460120E8F79CF89DF80400A0F12F0819
:10FA700008EBD8704010801D9D4A81189848006896
:10FA8000F7F7D6FD21E19DF804003B281FDB9DF828
:10FA9000040046281BDC304609F0E6FB00F0FF08B6
:10FAA0009DF804003B38C1B242460220E8F778F8DE
:10FAB0009DF80400A0F13B0808EBD87040100C3012
:10FAC0008B4A811886480068F7F7B2FDFDE09DF883
:10FAD000040047281FDB9DF8040052281BDC304639
:10FAE00009F0C2FB00F0FF089DF804004738C1B2DE
:10FAF00042460320E8F754F89DF80400A0F14708B7
:10FB000008EBD87040101230794A811874480068A8
:10FB1000F7F78EFDD9E09DF8040053281FDB9DF810
:10FB200004005E281BDC304609F09EFB00F0FF0855
:10FB30009DF804005338C1B242460420E8F730F87B
:10FB40009DF80400A0F1530808EBD870401018305D
:10FB5000674A811862480068F7F76AFDB5E09DF8CA
:10FB600004005F281CDB9DF804006A2818DC0DF1F6
:10FB7000080898F8033098F802209DF804005F38D0
:10FB8000C1B20020E9F766FC9DF804005F38574ACF
:10FB9000921C02EB400152480068F7F749FD94E0DF
:10FBA0009DF8040077281CDB9DF80400822818DCEF
:10FBB0000DF1080898F8033098F802209DF8040029
:10FBC0007738C1B20120E9F745FC9DF80420773A67
:10FBD00046481C3000EB420141480068F7F728FD19
:10FBE00073E09DF804008F281CDB9DF804009A2820
:10FBF00018DC0DF1080898F8033098F802209DF8F9
:10FC000004008F38C1B20220E9F724FC9DF80420DB
:10FC10008F3A3648363000EB420131480068F7F73A
:10FC200007FD52E09DF80400A7281CDB9DF80400A6
:10FC3000B22818DC0DF1080898F8033098F8022073
:10FC40009DF80400A738C1B20320E9F703FC9DF832
:10FC50000420A73A2548503000EB420120480068B4
:10FC6000F7F7E6FC31E09DF80400BF281CDB9DF8A7
:10FC70000400CA2818DC0DF1080898F8033098F839
:10FC800002209DF80400BF38C1B20420E9F7E2FB6E
:10FC90009DF80420BF3A15486A3000EB4201104835
:10FCA0000068F7F7C5FC10E09DF80400D7280CDBCE
:10FCB0001049304609F058FB804609F0D5FA0E4944
:10FCC000088007480068F7F7B3FCE9892846FDF784
:10FCD000DBFA2846FDF72CFC00BFFDE5DA0000202A
:10FCE000A4040020C80100206802002012010020A6
:10FCF0007A0200200000C842D6000020FEB504466B
:10FD000000200290019001A920462268FDF73AFAEE
:10FD100020B906212046FDF75FFCFEBD2068821C4D
:10FD200002A92046FDF7A2FB60B99DF80400102847
:10FD300008D09DF80400112804D006212046FDF7C4
:10FD40004BFCEAE7029D9DF8080000909DF8040036
:10FD5000102814D12068821C69462046FDF712FA4B
:10FD600020B906212046FDF737FCD6E79DF80000B4
:10FD70005549087055480068F7F75AFC9AE09DF815
:10FD800004001128FAD09DF80400122830D15049FF
:10FD9000284609F0E9FA064609F066FA4D49088056
:10FDA00008460088032190FBF1F04B490880494840
:10FDB0000088032190FBF1F04849088045480088FD
:10FDC000032190FBF1F04649088043493F48006811
:10FDD000F7F72EFC41493D480068F7F729FC4049F8
:10FDE0003A480068F7F724FC00203E49087061E0BB
:10FDF0009DF8040013281AD13549284609F0B4FAB1
:10FE0000064609F031FA3449088030480068F7F7AF
:10FE10000FFC0020334908702F4800882F490988BB
:10FE200008442F49098808442A49088042E09DF87F
:10FE3000040014281AD12649284609F095FA0646E6
:10FE400009F012FA2549088020480068F7F7F0FB0E
:10FE50000020244908702048008820490988084467
:10FE60001F49098808441B49088023E09DF80400C5
:10FE700015281AD11649284609F076FA064609F0DF
:10FE8000F3F91749088011480068F7F7D1FB002003
:10FE9000144908701048008810490988084410491E
:10FEA000098808440B49088004E09DF804001628DE
:10FEB00000D000BFE1892046FDF7E6F92046FDF7B6
:10FEC00037FB00BF29E7000069020020A4040020DE
:10FED0000000204178030020E4000020E60000201C
:10FEE000E80000206C0000202DE9F05F04460026A9
:10FEF000B04601212F48006803F02CFA8146082102
:10FF00002C48006803F026FA0746617A0122204651
:10FF1000FDF76EFBB4F80E80012200212046FDF7AC
:10FF200067FB002531E0785D032802D0785D0E285C
:10FF300029D1701C86B220490968B1F9000009F086
:10FF4000B3F983461D4909F07DF8824601225146E6
:10FF50002046FDF769FB39F8150009F0BDF9834625
:10FF6000164909F06FF88246012251462046FDF7F6
:10FF70005BFB012200212046FDF73AFB0122002114
:10FF80002046FDF735FB681CC5B20D488078A842B5
:10FF9000C9DC08F10D0063691918F2B22046FDF7BB
:10FFA0005AF9E1892046FDF76FF92046FDF7C0FABE
:10FFB000BDE8F09FD0020020CC0200200000C84223
:10FFC000640C00202DE9F0470446617A01222046A6
:10FFD000FDF70EFB08212848006803F0BBF9064630
:10FFE00014212548006803F0B5F980461521224800
:10FFF000006803F0AFF982460027B946B4F80E90C6
:020000040802F0
:10000000012200212046FDF7F3FA00251EE0705D75
:10001000032802D0705D0E2816D1781C87B2012209
:1000200000212046FDF7E4FA18F8051001222046C9
:10003000FDF7DEFA012200212046FDF7D9FA012260
:1000400000212046FDF7D4FA681CC5B20B48807821
:10005000A842DCDC09F10D0063691918FAB22046E8
:10006000FDF7F9F8E1892046FDF70EF92046FDF786
:100070005FFABDE8F0870000D0020020640C002089
:100080002DE9F0470546697A01222846FDF7B0FAC6
:100090000027B84605212948006803F05BF981462E
:1000A00008212648006803F055F90646B5F80E8089
:1000B000012200212846FDF79BFA002429E0305D4B
:1000C000032802D0305D0E2821D1781C87B219F8A0
:1000D000040000F0010101222846FDF789FA0122FF
:1000E00011462846FDF784FA305D0E2805D101221D
:1000F00011462846FDF77CFA04E00122002128463B
:10010000FDF776FA012200212846FDF771FA601CFE
:10011000C4B20B488078A042D1DC08F10D006B69B5
:100120001918FAB22846FDF796F8E9892846FDF72E
:10013000ABF82846FDF7FCF9BDE8F087D0020020B7
:10014000640C00202DE9FC41044600200190009041
:1001500001A920462268FDF715F828B90621204696
:10016000FDF73AFABDE8FC812068821C694620460A
:10017000FDF708F820B906212046FDF72DFAF1E732
:100180009DF80400102836D13F4880789DF8001073
:10019000884202DB9DF8000010B90620A0716AE0D9
:1001A000002708213948006803F0D4F80646E22009
:1001B000A07100251AE0705D032802D0705D0E2842
:1001C00012D1781CC7B29DF8000087420CD1705D37
:1001D000032809D1681CC1B200222D48006804F030
:1001E00027F90020A07105E0681CC5B22648807878
:1001F000A842E0DC3FE09DF804001F2836D12248E9
:1002000080789DF80010884202DB9DF8000010B94C
:100210000620A0712FE0002708211C48006803F089
:1002200099F80646E220A07100251AE0705D0328C7
:1002300002D0705D0E2812D1781CC7B29DF8000064
:1002400087420CD1705D032809D1681CC1B201221C
:100250000F48006804F0ECF80020A07105E0681C6D
:10026000C5B209488078A842E0DC04E006212046B7
:10027000FDF7B2F976E7E1892046FDF705F820465B
:10028000FDF756F900BF6DE7640C0020D002002096
:10029000B80E00202DE9F84305460020009069467D
:1002A00028462A68FCF76EFF28B906212846FDF784
:1002B00093F9BDE8F8839DF80000FF287ED1697AA4
:1002C00001222846FDF794F9012208212846FDF76E
:1002D0008FF90024C0E004EB4401C1EB4411E14A72
:1002E00002EB8101088908F0F7FF0746DE4908F0B4
:1002F000A9FE0646012231462846FDF795F904EB92
:100300004401C1EB4411D74A02EB8101488808F04F
:10031000E3FF0746D44908F095FE06460122314620
:100320002846FDF781F9012210212846FDF760F9E2
:10033000002617E004EB4401C1EB4411C94A02EB6B
:100340008101203131F8160008F0C6FF8046C74908
:1003500008F078FE0746012239462846FDF764F981
:10036000701CC6B2102EE5DB04EB4401C1EB441156
:10037000BC4A02EB8101B1F8640008F0ADFF06460B
:10038000012231462846FDF74FF901220621284671
:10039000FDF72EF9002619E004EB4401C1EB4411EE
:1003A000B04A02EB8101443131F8160008F094FFA5
:1003B0008046AE4908F046FE074600E050E00122C4
:1003C00039462846FDF730F9701CC6B2062EE3DB2D
:1003D00004EB4401C1EB4411A24A02EB8101B1F9E3
:1003E000060008F061FF07469F4908F02BFE06460D
:1003F000012231462846FDF717F904EB4401C1EB11
:100400004411984A02EB8101488908F065FF0746CC
:10041000954908F017FE0646012231462846FDF7A9
:1004200003F9012211462846FDF7E2F804EB4401E6
:10043000C1EB44118B4A02EB8101888908F04CFF23
:100440000746894908F0FEFD064601223146284646
:10045000FDF7EAF8601CC4B2082CFFF63CAFF8E0E8
:100460009DF8000000287DDD9DF80000082879DC5B
:100470009DF80000401E00EB4001C1EB401079499F
:1004800001EB8000407C01286DDD697A012228465D
:10049000FDF7AEF89DF80010491E01EB4102C2EBDA
:1004A0004111704A02EB8101088908F015FF0646E8
:1004B0006D4908F0C7FD0446012221462846FDF794
:1004C000B3F89DF80010491E01EB4102C2EB411147
:1004D000644A02EB8101488808F0FEFE0646624944
:1004E00008F0B0FD0446012221462846FDF79CF89D
:1004F000012210212846FDF77BF800241AE09DF820
:100500000010491E01EB4102C2EB4111554A02EBBA
:100510008101203131F8140008F0DEFE074653490E
:1005200008F090FD0646012231462846FDF77CF88A
:10053000601CC4B2102CE2DB9DF80010491E01EBD8
:100540004102C2EB4111474A02EB8101B1F864005C
:1005500008F0C2FE0446012221462846FDF764F851
:10056000012201E070E06AE006212846FDF740F82C
:10057000002416E09DF80010491E01EB4102C2EB79
:100580004111384A02EB8101443131F8140008F07E
:10059000A3FE0646012231462846FDF745F8601CB9
:1005A000C4B2062CE6DB9DF80010491E01EB4102A7
:1005B000C2EB41112B4A02EB8101B1F9060008F0B0
:1005C00073FE0646284908F03DFD044601222146F7
:1005D0002846FDF729F89DF80010491E01EB41025D
:1005E000C2EB41111F4A02EB8101488908F074FEF9
:1005F00006461D4908F026FD0446012221462846EC
:10060000FDF712F8012211462846FCF7F1FF9DF88C
:100610000010491E01EB4102C2EB4111114A02EBED
:100620008101888908F058FE06460F4908F00AFD46
:100630000446012221462846FCF7F6FF09E0E621A0
:100640002846FCF7C9FF34E606212846FCF7C4FF1C
:100650002FE6E9892846FCF717FE2846FCF768FFD5
:1006600000BF26E6E41500200000C84200007A44DE
:1006700038B5044600200090694620462268FCF701
:1006800081FD20B906212046FCF7A6FF38BD9DF864
:100690000000FF281CD1617A01222046FCF7A8FF48
:1006A000012208212046FCF7A3FF00250DE005EB01
:1006B0004500C0EB4510254A02EB8000017C012279
:1006C0002046FCF795FF681CC5B2082DEFDB33E030
:1006D0009DF8000000282ADD9DF80000082826DC8F
:1006E0009DF80000401E00EB4001C1EB401017498F
:1006F00001EB8000407C012814DD617A0122204654
:10070000FCF776FF9DF80000401E00EB4002C2EBB4
:1007100040100E4A02EB8000017C01222046FCF7CB
:1007200067FF09E0E6212046FCF756FFAEE7062109
:100730002046FCF751FFA9E7E1892046FCF7A4FD1C
:100740002046FCF7F5FE00BFA0E70000E4150020FE
:1007500038B5054600200090694628462A68FCF70F
:1007600011FD20B906212846FCF736FF38BD9DF85B
:100770000000FF287DD1697A01222846FCF738FF66
:10078000012208212846FCF733FF0024D2E004EBC5
:100790004400C0EB4410F74901EB800090F8720070
:1007A00000F01002012319462846FDF76CF904EB0E
:1007B0004400C0EB4410EF4901EB800090F8720058
:1007C00000F02002012319462846FDF75CF904EBEE
:1007D0004400C0EB4410E74901EB8000B0F8720020
:1007E00000F40052012319462846FDF74CF9012276
:1007F00000212846FCF7FCFE012200212846FCF7D8
:10080000F7FE012209212846FCF7F2FE04EB440022
:10081000C0EB4410D74901EB8000B0F8720000F43F
:100820000042012319462846FDF72DF904EB440048
:10083000C0EB4410CF4901EB800090F8720000F04B
:100840000402012319462846FDF71DF904EB440074
:10085000C0EB4410C74901EB800090F8720000F033
:100860000802012319462846FDF70DF904EB440060
:1008700000E063E0C0EB4410BE4901EB800090F85B
:10088000720000F00102012319462846FDF7FBF82B
:1008900004EB4400C0EB4410B64901EB800090F833
:1008A000720000F00202012319462846FDF7EBF81A
:1008B00004EB4400C0EB4410AE4901EB8000B0F8FB
:1008C000720000F48042012319462846FDF7DBF848
:1008D00004EB4400C0EB4410A64901EB8000B0F8E3
:1008E000720000F48072012319462846FDF7CBF808
:1008F00004EB4400C0EB44109E4901EB8000B0F8CB
:10090000720000F40072012319462846FDF7BBF877
:1009100004EB4400C0EB4410964901EB8000B0F8B2
:10092000720000F40062012319462846FDF7ABF877
:10093000601CC4B2082CFFF62AAF1DE19DF8000030
:1009400000287DDD9DF80000082879DC9DF8000076
:10095000401E00EB4001C1EB4010864901EB8000D6
:10096000407C01286DDD697A01222846FCF740FEB3
:100970009DF80000401E00EB4001C1EB40107D4996
:1009800001EB800090F8720000F01002012319467C
:100990002846FDF778F89DF80000401E00EB400166
:1009A000C1EB4010734901EB800090F8720000F039
:1009B0002002012319462846FDF765F89DF800003E
:1009C000401E00EB4001C1EB40106A4901EB800082
:1009D000B0F8720000F40052012319462846FDF7D2
:1009E00052F8012200212846FCF702FE01220021D4
:1009F0002846FCF7FDFD012209212846FCF7F8FDF9
:100A00009DF80000401E00EB4001C1EB4010594929
:100A100001EB8000B0F8720000F400420123194697
:100A20002846FDF730F89DF80000401E00EB40011D
:100A3000C1EB40104F4901EB800090F8720001E0DB
:100A400092E08CE000F00402012319462846FDF7ED
:100A50001AF89DF80000401E00EB4001C1EB401069
:100A6000444901EB800090F8720000F00802012375
:100A700019462846FDF707F89DF80000401E00EBD8
:100A80004001C1EB40103B4901EB800090F872003F
:100A900000F00102012319462846FCF7F4FF9DF8F7
:100AA0000000401E00EB4001C1EB4010314901EB5A
:100AB000800090F8720000F00202012319462846D7
:100AC000FCF7E1FF9DF80000401E00EB4001C1EB88
:100AD0004010284901EB8000B0F8720000F4804219
:100AE000012319462846FCF7CEFF9DF80000401E62
:100AF00000EB4001C1EB40101E4901EB8000B0F853
:100B0000720000F48072012319462846FCF7BBFFEF
:100B10009DF80000401E00EB4001C1EB401015495C
:100B200001EB8000B0F8720000F400720123194656
:100B30002846FCF7A8FF9DF80000401E00EB40018E
:100B4000C1EB40100B4901EB8000B0F8720000F4DB
:100B50000062012319462846FCF795FF0CE0E621C8
:100B60002846FCF739FD01E606212846FCF734FD4E
:100B7000FCE50000E4150020E9892846FCF784FB29
:100B80002846FCF7D5FC00BFF0E50000F8B50546A7
:100B900000200090694628462A68FCF7F3FA20B93D
:100BA00006212846FCF718FDF8BD9DF80000FF2837
:100BB00033D1012208212846FCF71AFD002429E040
:100BC00004EB4401C1EB44113F4A02EB8101888AE6
:100BD00008F082FB07463D4908F034FA0646012238
:100BE00031462846FCF720FD04EB4401C1EB4411DB
:100BF000354A02EB8101888B08F06EFB07463349CA
:100C000008F020FA0646012231462846FCF70CFD82
:100C1000601CC4B2082CD3DB4DE09DF80000002816
:100C200044DD9DF80000082840DC9DF80000401ECF
:100C300000EB4001C1EB4010234901EB8000407CF8
:100C400001282EDD9DF80010491E01EB4102C2EB88
:100C500041111D4A02EB8101888A08F03DFB0646DE
:100C60001A4908F0EFF90446012221462846FCF70C
:100C7000DBFC9DF80010491E01EB4102C2EB411163
:100C8000114A02EB8101888B08F026FB06460F49CA
:100C900008F0D8F90446012221462846FCF7C4FC96
:100CA00009E0E6212846FCF797FC7DE70621284667
:100CB000FCF792FC78E7E9892846FCF7E5FA284634
:100CC000FCF736FC00BF6FE7E41500200000C842C7
:100CD0003EB50446002002900190009069462046EF
:100CE0002268FCF74FFA20B906212046FCF774FC75
:100CF0003EBD2068821C01A92046FCF743FA20B9BA
:100D000006212046FCF768FCF2E72068021D02A9D4
:100D10002046FCF7ABFB20B906212046FCF75CFC23
:100D2000E6E79DF80400A52814D12D49029808F0A3
:100D30001BFB054608F098FA2A4988800A1D002105
:100D40000120E8F74FFB2749091D27480068F6F7FF
:100D50006FFC43E09DF80400A62814D120490298B6
:100D600008F002FB054608F07FFA1E49C8808A1D7C
:100D700000210220E8F736FB1A49891D1A4800684D
:100D8000F6F756FC2AE09DF80400A72811D1029836
:100D900008F06AFA1349088101F1080200210320D2
:100DA000E8F720FB0F4908310F480068F6F740FCD0
:100DB00014E09DF80400A82810D1029808F054FA15
:100DC0000849488101F10A0200210420E8F70AFBE2
:100DD00004490A3104480068F6F72AFC00BF87E797
:100DE0000000C842E0010020A404002070B50446C1
:100DF000617A01222046FCF7FBFB01220C212046F0
:100E0000FCF7F6FB00250BE001212846E3F79AFBEF
:100E10000646012231462046FCF7EAFB681CC5B2B3
:100E20000C2DF1DBE1892046FCF72EFA2046FCF779
:100E30007FFB70BD1CB5044600200190009001A905
:100E400020462268FCF79EF920B906212046FCF7CF
:100E5000C3FB1CBD2068821C69462046FCF792F942
:100E600020B906212046FCF7B7FBF2E79DF8040005
:100E7000802801D1F3F7A2FDE1892046FCF704FAAE
:100E80002046FCF755FB00BFE3E7000070B588B0D3
:100E90000546002004E020210DF80010411CC8B2D6
:100EA0002028F8DB48208DF8000035208DF801005F
:100EB00032208DF8020043208DF8030030208DF899
:100EC0000400002407E01DF8041001222846FCF766
:100ED0008FFB601CC4B2202CF5DB0E4949780E4A0A
:100EE000127801FB02F008F0DFF9064601223146D4
:100EF0002846FCF799FB0748417801222846FCF771
:100F000077FBE9892846FCF7BFF92846FCF710FB78
:100F100008B070BD640C00206C0C0020F8B50446CD
:100F200000200090694620462268FCF72BF920B982
:100F300006212046FCF750FBF8BD9DF80000FF2875
:100F40003CD1617A01222046FCF752FB01220621A6
:100F50002046FCF74DFB00252DE03B498A68691CC3
:100F600032F8110008F0B8F90746384908F06AF875
:100F70000646012231462046FCF756FB0122114667
:100F80002046FCF735FB30490A6A691C52F82100FB
:100F900008F0A2F907462E4908F054F80646012247
:100FA00031462046FCF740FB012200212046FCF799
:100FB0001FFB681CC5B2062DCFDB3CE09DF800008E
:100FC000062833DC617A01222046FCF711FB1E491A
:100FD00089689DF8002031F8120008F07DF9064676
:100FE0001A4908F02FF80546012229462046FCF749
:100FF0001BFB012211462046FCF7FAFA1249096A46
:101000009DF8002051F8220008F066F906461049C4
:1010100008F018F80546012229462046FCF704FB93
:10102000012200212046FCF7E3FA04E006212046D5
:10103000FCF7D2FA80E7E1892046FCF725F9204643
:10104000FCF776FA00BF77E7A415002000002041E6
:101050000000C84238B5044600200090694620468A
:101060002268FCF78FF820B906212046FCF7B4FA75
:1010700038BD9DF80000FF2830D1617A012220465A
:10108000FCF7B6FA012206212046FCF7B1FA00254A
:1010900021E031484169681C085C00F0010201232D
:1010A00080212046FCF7EFFC2B484169681C085C56
:1010B00000F04002012303212046FCF7E4FC01225A
:1010C00000212046FCF794FA012200212046FCF77B
:1010D0008FFA681CC5B2062DDBDB34E09DF80000FA
:1010E00000282BDD9DF80000062827DC617A01220C
:1010F0002046FCF77DFA184840699DF80010405CD6
:1011000000F00102012380212046FCF7BCFC1248BC
:1011100040699DF80010405C00F04002012303216B
:101120002046FCF7B0FC012200212046FCF760FAC3
:10113000012200212046FCF75BFA04E0062120464C
:10114000FCF74AFA94E7E1892046FCF79DF820462F
:10115000FCF7EEF900BF8BE7A41500202DE9F8435A
:10116000054600200090694628462A68FCF70AF8E0
:1011700028B906212846FCF72FFABDE8F8839DF828
:101180000000FF2859D1012206212846FCF730FA39
:1011900000244FE0002604F1230000EB40005B49EF
:1011A00001EBC000807D00F00F00002800DD01266B
:1011B000304608F091F80746012239462846FCF7E8
:1011C00033FA04F1230101EB4101504A02EBC10162
:1011D000088908F081F80746012239462846FCF7BD
:1011E00023FA04F1230101EB4101484A02EBC1015A
:1011F000C88808F071F88046454907F023FF074684
:10120000012239462846FCF70FFA012211462846EA
:10121000FCF7EEF9601C08F047F807460122394652
:101220002846FCF701FA012200212846FCF7E0F9E4
:10123000601CC4B2062CADDB5FE09DF80000002806
:1012400056DD9DF80000062852DC00249DF80000C1
:10125000223000EB40002D4901EBC000807D00F002
:101260000700002800DD0124204608F035F8064676
:10127000012231462846FCF7D7F99DF800102231AB
:1012800001EB4101214A02EBC101088908F024F871
:101290000646012231462846FCF7C6F99DF80010A3
:1012A000223101EB4101194A02EBC101C88808F063
:1012B00013F80746164907F0C5FE064601223146D7
:1012C0002846FCF7B1F9012211462846FCF790F9AF
:1012D0009DF8000008F000F8064601223146284635
:1012E000FCF7A2F9012200212846FCF781F904E06D
:1012F00006212846FCF770F93FE7E9892846FBF705
:10130000C3FF2846FCF714F900BF36E71078002029
:101310000000C8422DE9F84F044600200090002646
:10132000002700BF8146694620462268FBF72AFF56
:1013300028B906212046FCF74FF9BDE8F88F9DF843
:101340000000FF2854D1617A01222046FCF750F9B1
:10135000E789012200212046FCF74AF900253CE0FC
:101360005948405D002836DD701C86B2574909682F
:1013700031F9150007F098FF8246554907F062FEE3
:101380008046012241462046FCF74EF90122032106
:101390002046FCF72DF94D49C96951F8250007F0A1
:1013A0009BFF82464B4907F04DFE80460122414695
:1013B0002046FCF739F9012247492046FCF734F969
:1013C000681CC1B201222046FCF712F9012200215B
:1013D0002046FCF70DF9681CC5B2222DC0DB07F1D1
:1013E0000D0063691918F2B22046FBF734FF61E083
:1013F0009DF80000002858DD9DF80000222854DCEC
:10140000002500BF46E03048405D002840DD701CEC
:1014100086B29DF80000B0423AD1617A012220469E
:10142000FCF7E6F82949096831F9150007F03CFF97
:101430008246274907F006FE8046012241462046A3
:10144000FCF7F2F8012203212046FCF7D1F81F49EE
:10145000C96951F8250007F03FFF82461D4907F092
:10146000F1FD8046012241462046FCF7DDF80122CD
:1014700019492046FCF7D8F8681CC1B20122204661
:10148000FCF7B6F8012200212046FCF7B1F803E092
:10149000681CC5B2222DB6DB00BF222D04D1E62187
:1014A0002046FCF799F848E704E006212046FCF7BF
:1014B00093F842E7E1892046FBF7E6FE2046FCF779
:1014C00037F800BF39E70000007C0020A415002099
:1014D000000020410000C8420000C841F8B50546A0
:1014E000002000900026002700BF694628462A6891
:1014F000FBF748FE20B906212846FCF76DF8F8BD39
:101500009DF80000FF2861D1697A01222846FCF786
:101510006FF8EF89012200212846FCF769F80024C2
:1015200049E06648005D002843DD701C86B26448CF
:10153000C068005D00F00102012380212846FCF70D
:10154000A2FA5F48C068005D00F040020123032159
:101550002846FCF798FA012200212846FCF748F8B3
:101560005748C068005D00F008020123802128462A
:10157000FCF789FA5248C068005D00F08002012340
:1015800080212846FCF77FFA012200212846FCF73B
:101590002FF8601CC1B201222846FCF729F801226D
:1015A00000212846FCF724F8012200212846FCF7F8
:1015B0001FF8601CC4B2222CB3DB07F10D006B696D
:1015C0001918F2B22846FBF746FE6EE09DF80000BF
:1015D000002865DD9DF80000222861DC002400BFA2
:1015E00053E03648005D00284DDD701C86B29DF842
:1015F0000000B04247D1697A01222846FBF7F8FF84
:101600002F48C068005D00F00102012380212846B8
:10161000FCF739FA2A48C068005D00F04002012357
:1016200003212846FCF72FFA012200212846FBF768
:10163000DFFF2348C068005D00F00802012380211D
:101640002846FCF720FA1E48C068005D00F08002C2
:10165000012380212846FCF716FA012200212846A2
:10166000FBF7C6FF601CC1B201222846FBF7C0FF92
:10167000012200212846FBF7BBFF0122002128465A
:10168000FBF7B6FF03E0601CC4B2222CA9DB00BF4D
:10169000222C04D1E6212846FBF79EFF2FE704E029
:1016A00006212846FBF798FF29E7E9892846FBF73A
:1016B000EBFD2846FBF73CFF00BF20E7007C002045
:1016C000A41500202DE9FE4F05460020029002A936
:1016D00028462A68FBF756FD28B906212846FBF75D
:1016E0007BFFBDE8FE8F002400279DF80800FF283F
:1016F0007ED09DF80800222802DC9DF8080020B961
:10170000E6212846FBF768FFEBE7F948C07D012892
:1017100018D100240CE0F748005D002806DD781C95
:10172000C7B29DF80800874200D103E0601CC4B234
:10173000222CF0DB00BF222C13D1E6212846FBF738
:101740004BFFCEE7EA48C07D58B99DF80800401E1F
:10175000C4B2E848005D20B9E6212846FBF73CFF0B
:10176000BFE74FF0000804EB4400E34901EBC00081
:10177000807D00F00300002801DD4FF001084046A5
:1017800007F0AAFD8146012249462846FBF74CFF97
:1017900004EB4401D84A02EBC101088907F09CFD23
:1017A0008146012249462846FBF73EFF04EB4401EF
:1017B000D14A02EBC101C88807F08EFD8246CF49AD
:1017C00007F040FC8146012249462846FBF72CFFE2
:1017D000012207212846FBF70BFF4FF0000804EB1E
:1017E0004400C54901EBC000C07D00F00F0800E0D7
:1017F00081E0B8F10B0F01D14FF00008404607F02F
:101800006BFD8146012249462846FBF70DFF00206B
:10181000019001AE04EB4400B74951F83000000DCF
:10182000708004EB440051F83000C0F30340707046
:1018300004EB440031F83000C0F3C42030700122C2
:1018400028460199FCF70DF94FF00008C4EBC400DD
:10185000AB4901EB8000807D012800D180464046E5
:1018600007F03AFD8146012249462846FBF7DCFE97
:101870004FF0000804EB44009F4901EBC000C07D1D
:101880007B2801D14FF00208404607F025FD814634
:10189000012249462846FBF7C7FE04EB4401964A5D
:1018A00002EBC101888A07F017FD8246954907F0CF
:1018B000C9FB8146012249462846FBF7B5FE04EBE9
:1018C00044018D4A02EBC101897D01F0030007F05C
:1018D000EBFC8146012249462846FBF7A5FE601C29
:1018E000C1B201222846FBF783FE012200212846CF
:1018F000FBF77EFEF3E09DF80800FF28FAD14FF0D9
:10190000000895F80EA0012200212846FBF770FE82
:101910000024D7E07748005D00287DDD4FF0000906
:1019200008F1010000F0FF08B8F1180F00DBCCE06F
:1019300004EB4400704901EBC000807D00F003001F
:10194000002801DD4FF00109484607F0C5FC834639
:10195000012259462846FBF767FE04EB4401664A1C
:1019600002EBC101088907F0B7FC83460122594602
:101970002846FBF759FE04EB44015F4A02EBC10124
:10198000C88807F0A9FC5D49009007F05BFB83461F
:10199000012259462846FBF747FE01220721284627
:1019A000FBF726FE4FF0000904EB4400524901EB1F
:1019B000C000C07D00F00F09B9F10B0F01D14FF04D
:1019C0000009484607F088FC83460122594628460C
:1019D000FBF72AFE0020019001AE04EB44004649CB
:1019E00051F83000000D708004EB440051F83000D5
:1019F000C0F30340707004EB440031F83000C0F3D2
:101A0000C4203070012228460199FCF72AF84FF0D3
:101A10000009C4EBC40000E052E0394901EB80004A
:101A2000807D012800D18146484607F055FC834659
:101A3000012259462846FBF7F7FD4FF0000904EB59
:101A400044002D4901EBC000C07D7B2801D14FF03F
:101A50000209484607F040FC8346012259462846C1
:101A6000FBF7E2FD04EB4401234A02EBC101888A43
:101A700007F032FC2349009007F0E4FA8346012284
:101A800059462846FBF7D0FD04EB44011A4A02EB05
:101A9000C101897D01F0030007F006FC83460122A5
:101AA00059462846FBF7C0FD601CC1B201222846FA
:101AB000FBF79EFD012200212846FBF799FD00BFA0
:101AC000601CC4B2222CFFF625AF00BF0AF10D0046
:101AD0006A69111842462846FBF7BDFB00BFE98939
:101AE0002846FBF7D1FB2846FBF722FD00BFF8E5AF
:101AF00084210020007C0020107800200000C842D3
:101B000018230020000020412DE9F04186B0064650
:101B1000002005900490039003A930463268FBF73B
:101B200031FB30B906213046FBF756FD06B0BDE863
:101B3000F0813068821C04A93046FBF723FB20B9F2
:101B400006213046FBF748FDF0E73068021D05A985
:101B50003046FBF78BFC20B906213046FBF73CFDF5
:101B6000E4E70024A0469DF80C00FF2840D09DF833
:101B70000C00222802DC9DF80C0020B9E62130463A
:101B8000FBF72AFDD2E7FE48C07D01281AD10024C8
:101B90000EE0FC48005D002808DD08F1010000F0BF
:101BA000FF089DF80C00804500D103E0601CC4B222
:101BB000222CEEDB00BF222C13D1E6213046FBF7AE
:101BC0000BFDB3E7EE48C07D58B99DF80C00401EF0
:101BD000C4B2EC48005D20B9E6213046FBF7FCFCBE
:101BE000A4E75120E8490870601CE849087006E045
:101BF0005220E54908700F20E449087022249DF81E
:101C00001000802852D104EB4400E14901EBC000F0
:101C1000807D00F0F00004EB4401DD4A02EBC101DD
:101C20008875059807F020FBC0B204EB4401D84A40
:101C300002EBC101897D084304EB440102EBC101C1
:101C400088750C20D349087004EB440002EBC000F7
:101C500000F116010122D0480068F4F73DFACF48A0
:101C60000068807E00EB8001CC4800681D3000EBEE
:101C700041004068CA49884204D10120C949096825
:101C800081F822009DF80C00FF280ED100200AE008
:101C9000BF4991F8461300EB4002BD4B03EBC20273
:101CA0009175411CC8B22228F2DB04E29DF81000B5
:101CB00081283DD1059807F0D7FA04EB4401B44AD6
:101CC00002EBC10108810520B249087004EB440011
:101CD00002EBC00000F108010222AF480068F4F7EF
:101CE000FBF9AE480068807E00EB8001AB480068DD
:101CF0001D3000EB41004068A949884204D1012011
:101D0000A849096881F822009DF80C00FF28CCD171
:101D100000200AE09E49B1F8381300EB40029C4BCA
:101D200003EBC2021181411CC8B22228F2DBDEE3C0
:101D30009DF8100082285AD19B49059807F014FBA2
:101D4000054607F091FA04EB4401914A02EBC10108
:101D5000C88004208F49087004EB440002EBC000E7
:101D6000811D02228C480068F4F7B6F904EB4400A8
:101D7000874901EBC000C0888C49488004EB4400CF
:101D8000834901EBC000C07D88490870601C884908
:101D900008700820C4EBC401864A02EB81018882E6
:101DA0007E480068807E00EB80017C4800681D3022
:101DB00000EB410040687A49884204D1012079490A
:101DC000096881F822009DF80C00FF28AFD100209F
:101DD0000AE06F49B1F8361300EB40026C4B03EB9D
:101DE000C202D180411CC8B22228F2DB7FE39DF8F9
:101DF0001000A02879D170A207CA8DE807000598C5
:101E000007F032FAC7B29DF80C00FF2806D10B2F5D
:101E100004D1E2213046FBF7DFFB87E604EB440008
:101E20005B4901EBC000C07D7B2821D10B2F1FD067
:101E300000251AE06348405DA04214D100206249A9
:101E400041F82500FF205F49485560480078401E52
:101E50005E49087006235B4A4FF420514E480068E3
:101E6000F4F789F843E0681CC5B2062DE2DB3EE0DA
:101E700004EB4400464901EBC000C07D7B2836D00E
:101E80000B2F34D152488069005D022804D0E22132
:101E90003046FBF7A1FB49E600251CE04948405DC0
:101EA000FF2816D14A48006800EB4400464941F833
:101EB00025004448445545480078401C4349087073
:101EC0000623404A4FF4205133480068F4F753F892
:101ED00003E0681CC5B2062DE0DB00BF062D05D16E
:101EE000E2213046FBF778FB20E69BE000BF1DF8BF
:101EF000070047EA001004EB4401254A02EBC10148
:101F0000C87501202349087004EB4400114601EB19
:101F1000C000C07D7B2824D004EB440002EBC0004D
:101F200000F1170101221C480068F4F7D5F804EB12
:101F30004400174901EBC000C0881C49488004EBED
:101F40004400134901EBC000C07D18490870601CB3
:101F5000174908700820C4EBC401164A02EB81013E
:101F600088820E480068807E00EB80010B48006884
:101F70001D3000EB41004068094988422FD129E01B
:101F800084210020007C0020590E00205A0E0020E1
:101F900010780020580E0020A4040020DC0400204B
:101FA00090050020B80500200000C842700D0020F8
:101FB0006D0D00201823002000010102020303041C
:101FC00004060507920E0020CC150020820E00208A
:101FD000A41500200120FE49096881F822009DF81F
:101FE0000C00FF281DD100200AE0FA4991F84713A0
:101FF00000EB4002F74B03EBC202D175411CC8B2A3
:102000002228F2DB00200AE00021F34A42F82010E7
:10201000FF21F24A11540021F14A117001E0062813
:10202000F2DB64E29DF81000A12845D105AD687887
:10203000297840EA012104EB4400E64A52F83000D6
:1020400061F31F5004EB440142F83100A97804EB1E
:10205000440052F8300061F3134004EB440142F8AD
:102060003100E97804EB440052F8300061F3CF20EE
:1020700004EB440142F831000220DA49087004EB15
:10208000440002EBC0010422D7480068F4F724F8AA
:10209000D6480068807E00EB8001D44800681D307F
:1020A00000EB41004068D249884204D10120C84970
:1020B000096881F822001AE29DF81000A2287DD15B
:1020C000059807F0D1F8C5B2012D37D140F633019C
:1020D00004EB4400BF4A52F8300061F31F5004EB98
:1020E000440142F8310004EB4400114651F830003D
:1020F00020F4702000F5402004EB440142F8310048
:1021000004EB4400114651F8300020F4784000F50B
:10211000784004EB440142F831000220B1490870D4
:102120000120C4EBC401B34A02EB8101C87507204A
:10213000C4EBC40102EB8101888237E0B5BB40F2F9
:102140006C7104EB4400A34A52F8300061F31F5055
:1021500004EB440142F8310004EB4400114651F80D
:10216000300020F4702000F5402004EB440142F8D8
:10217000310004EB4400114651F8300020F478405F
:1021800000F5784004EB440142F831000220954903
:1021900008700020C4EBC401964A02EB8101C875A7
:1021A0000720C4EBC40102EB8101888204EB4400E8
:1021B000884A02EBC00104228B4800E04BE0006833
:1021C000F3F78AFF89480068807E00EB800187482A
:1021D00000681D3000EB410040688549884204D109
:1021E00001207B49096881F822009DF80C00FF2836
:1021F00030D100202CE07749D1F830130A0D00EBE4
:102200004001744B53F8311062F31F5100EB400250
:1022100043F832101946D1F830130A0C00EB400194
:1022200053F8311062F3134100EB400243F83210CF
:102230001946B1F83013CA0A00EB400153F83110C7
:1022400062F3CF2100EB400243F83210411CC8B2C8
:102250002228D0DB4BE19DF81000A3287ED19DF809
:102260000C00FF2804D1E2213046FBF7B5F95DE40C
:10227000059806F0F9FFC7B2022F01D0032F6AD1EB
:1022800004EB4400534901EBC000C07D7B2862D0C1
:1022900059488069005D022804D0E2213046FBF7EE
:1022A0009BF943E400251CE04C48405DFF2816D113
:1022B0005148006800EB4400474941F82500474871
:1022C000445547480078401C454908700623434A56
:1022D0004FF4205144480068F3F74DFE03E0681CBA
:1022E000C5B2062DE0DB00BF062D04D1E221304649
:1022F000FBF772F91AE47B2004EB4401354A02EB48
:10230000C101C87501203749087004EB440002EB95
:10231000C00000F11701012233480068F3F7DCFE2A
:1023200004EB44002B4901EBC000C08833494880CE
:1023300004EB4400274901EBC000C07D2F49087021
:10234000601C2F4908700820C4EBC401294A02EB25
:102350008101888200BF2548006800E011E0807E8E
:1023600000EB8001214800681D3000EB410040680F
:102370001F49884204D101201549096881F82200CB
:10238000B5E09DF81000A42868D11E49059806F014
:10239000EBFF054606F068FF04EB44010D4A02EB33
:1023A000C10188820B200F49087004EB440002EB46
:1023B000C00000F1140102220B480068F3F78CFE04
:1023C0000220C4EBC4010B4A02EB810188821BE0AE
:1023D000B805002010780020CC150020920E0020B7
:1023E000820E0020580E0020A4040020DC040020EF
:1023F0009005002018230020A4150020700D002057
:102400006D0D002000002041601C3D4908703D48D2
:102410000068807E00EB80013A4800681D3000EBC8
:10242000410040683849884204D101203749096891
:1024300081F822009DF80C00FF2858D100200AE006
:102440003349B1F8441300EB4002314B03EBC202B5
:102450009182411CC8B22228F2DB48E09DF81000AE
:10246000A5283FD104EB4400294901EBC000807D41
:1024700000F0F00004EB4401254A02EBC10188752D
:10248000059806F0F1FEC0B204EB4401204A02EBCD
:10249000C101897D084304EB440102EBC101887549
:1024A0000C201C49087004EB440002EBC00000F152
:1024B0001601012218480068F3F70EFE1148006863
:1024C000807E00EB80010F4800681D3000EB41006A
:1024D00040680D4988420AD101200C49096881F8F9
:1024E000220004E006213046FBF776F895E4F189F6
:1024F0003046FAF7C9FE3046FBF71AF800BF8CE405
:102500006D0D0020DC04002090050020B80500209F
:1025100010780020580E0020A40400202DE9F84F68
:10252000064600200090694630463268FAF72AFED7
:1025300028B906213046FBF74FF8BDE8F88F002494
:1025400000279DF80000222802DC9DF8000020B939
:10255000E6213046FBF740F8EFE77B48C07D0128D5
:1025600018D100240CE07948005D002806DD781CB5
:10257000C7B29DF80000874200D103E0601CC4B2DE
:10258000222CF0DB00BF222C13D1E6213046FBF7D2
:1025900023F8D2E76C48C07D58B99DF80000401E72
:1025A000C4B26A48005D20B9E6213046FBF714F852
:1025B000C3E7012218213046FBF71AF804EB440167
:1025C000634A02EBC101888806F086FE82466149B3
:1025D00006F038FD8146012249463046FBF724F8D3
:1025E0004FF0000804EB4400594901EBC000807D26
:1025F00000F0100008B14FF00108404606F06CFEF4
:102600008146012249463046FBF70EF8002504EBCF
:1026100044004F4901EBC00080893C2190FBF1F060
:1026200045EA002504EB4400494901EBC0008089DC
:102630003C2190FBF1F201FB1200054301222946E7
:102640003046FBF70EFA04EB4401414A02EBC101AC
:10265000C88906F041FE8146012249463046FAF714
:10266000E3FF4FF0000908E0012200213046FAF7AD
:10267000DBFF09F1010000F0FF09B9F1080FF3DBFE
:102680004FF0000804EB4400314901EBC000807DAD
:1026900000F0200008B14FF00108404606F01CFE93
:1026A0008146012249463046FAF7BEFF002504EB79
:1026B0004400274901EBC000008A3C2190FBF1F067
:1026C00045EA002504EB4400214901EBC000008AE3
:1026D0003C2190FBF1F201FB120005430122294647
:1026E0003046FBF7BEF904EB4401194A02EBC10185
:1026F000488A06F0F1FD8146012249463046FAF744
:1027000093FF4FF0000908E0012200213046FAF75C
:102710008BFF09F1010000F0FF09B9F1080FF3DBAD
:10272000601CC1B201223046FAF762FF012200218B
:102730003046FAF75DFFF1893046FAF7A5FD3046DD
:10274000FAF7F6FE00BFF8E684210020007C0020A6
:10275000107800200000C8422DE9FE430546002005
:10276000029001900090694628462A68FAF70AFD0F
:1027700028B906212846FAF72FFFBDE8FE8328680E
:10278000821C01A92846FAF7FDFC20B9062128463B
:10279000FAF722FFF1E72868021D02A92846FAF796
:1027A00065FE20B906212846FAF716FFE5E7002462
:1027B00000269DF80000FF283ED09DF8000022284A
:1027C00002DC9DF8000020B9E6212846FAF704FF54
:1027D000D3E7FC48C07D012818D100240CE0FA485A
:1027E000005D002806DD701CC6B29DF80000864220
:1027F00000D103E0601CC4B2222CF0DB00BF222C0D
:1028000013D1E6212846FAF7E7FEB6E7ED48C07D8A
:1028100058B99DF80000401EC4B2EB48005D20B9D5
:10282000E6212846FAF7D8FEA7E75120E7490870C5
:10283000601CE749087006E05220E44908700F2048
:10284000E349087022249DF80400A0282DD1E14915
:10285000029806F089FD074606F006FD04EB4401E8
:10286000DD4A02EBC10188800320DC49087004EBDB
:10287000440002EBC000011D0222D9480068F3F7B2
:102880002BFCD8480068807E00EB8001D5480068AA
:102890001D3000EB41004068D349884204D101203B
:1028A000D249096881F82200E9E19DF80400A128D5
:1028B00058D14FF07E51029806F086FC0ED104EB01
:1028C0004400C54901EBC000807D40F0100004EBDE
:1028D0004401C14A02EBC10188750DE004EB4400DC
:1028E000BD4901EBC000807D00F0EF0004EB440126
:1028F000B94A02EBC10188750C20B849087004EB95
:102900004400B54A02EBC00000F116010122B448B0
:102910000068F3F7E1FBB3480068807E00EB8001BC
:10292000B04800681D3000EB41004068AE49884265
:1029300004D10120AD49096881F822009DF800000A
:10294000FF28B1D100200AE0A34991F8461300EB1B
:102950004002A14B03EBC2029175411CC8B2222870
:10296000F2DB8CE19DF80400A22843D10298070E07
:102970000298C0F30748C8EB081007EB800004EB8F
:102980004401954A02EBC1018881072093490870F0
:1029900004EB440002EBC00000F10C01022290485D
:1029A0000068F3F799FB8F480068807E00EB800198
:1029B0008C4800681D3000EB410040688A4988421D
:1029C00004D101208949096881F822009DF800009E
:1029D000FF280ED100200AE07F49B1F83C1300EB3C
:1029E00040027D4B03EBC2029181411CC8B22228F8
:1029F000F2DB44E19DF80400A3283DD1029806F0E3
:102A000033FC04EB4401744A02EBC101C881082085
:102A10007249087004EB440002EBC00000F10E01A3
:102A200002226F480068F3F757FB6E480068807E0B
:102A300000EB80016B4800681D3000EB41004068EE
:102A40006949884204D101206849096881F8220057
:102A50009DF80000FF2884D100200AE05E49B1F80B
:102A60003E1300EB40025C4B03EBC202D181411CE0
:102A7000C8B22228F2DB02E19DF80400AC2858D14C
:102A80004FF07E51029806F09FFB0ED104EB4400FC
:102A9000514901EBC000807D40F0200004EB44016F
:102AA0004D4A02EBC10188750DE004EB44004A4930
:102AB00001EBC000807D00F0DF0004EB4401464ADA
:102AC00002EBC10188750C204449087004EB4400F6
:102AD000414A02EBC00000F11601012240480068A3
:102AE000F3F7FAFA3F480068807E00EB80013D482A
:102AF00000681D3000EB410040683B49884204D12A
:102B000001203A49096881F822009DF80000FF2859
:102B10000ED100200AE0304991F8461300EB400244
:102B20002D4B03EBC2029175411CC8B22228F2DB87
:102B3000A5E09DF80400AD285AD10298070E02982E
:102B4000C0F30748C8EB081007EB800004EB440112
:102B5000214A02EBC101088209202049087004EBD8
:102B6000440002EBC00000F1100102221C48006882
:102B7000F3F7B2FA1B480068807E00EB8001194829
:102B800000681D3000EB410040681749884204D1BD
:102B900001201649096881F822009DF80000FF28ED
:102BA0000ED100200AE00C49B1F8401300EB4002BE
:102BB000094B03EBC2021182411CC8B22228F2DB8E
:102BC0005DE0000084210020007C0020590E0020E0
:102BD0005A0E00200000C84210780020580E002035
:102BE000A4040020DC04002090050020B80500208B
:102BF0009DF80400AE283DD1029806F035FB04EBA9
:102C00004401234A02EBC10148820A20214908708D
:102C100004EB440002EBC00000F1120102221E4846
:102C20000068F3F759FA1D480068807E00EB8001C8
:102C30001A4800681D3000EB41004068184988427E
:102C400004D101201749096881F822009DF800008D
:102C5000FF2814D100200AE00D49B1F8421300EB1F
:102C600040020B4B03EBC2025182411CC8B2222826
:102C7000F2DB04E006212846FAF7AEFC7DE5E9899F
:102C80002846FAF701FB2846FAF752FC00BF74E524
:102C900010780020580E0020A4040020DC0400203E
:102CA00090050020B805002010B504461D48417964
:102CB00001222046FAF79CFC1A480179012220469D
:102CC000FAF796FC17480068C0F3835101222046AA
:102CD000FAF78EFC13480068C0F3444101222046F5
:102CE000FAF786FC0F480068C0F304310122204641
:102CF000FAF77EFC0B480088C0F3851101222046BC
:102D0000FAF776FC0748007800F03F0101222046E0
:102D1000FAF76EFCE1892046FAF7B6FA2046FAF790
:102D200007FC10BD8404002010B588B004460020C4
:102D300007900690059004900390029002A9204607
:102D40002268FAF753FB28B906212046FAF744FC1B
:102D500008B010BD2068021D07A92046FAF712FA34
:102D600020B906212046FAF737FCF1E72068821DDA
:102D700006A92046FAF706FA20B906212046FAF7F6
:102D80002BFCE5E7206800F1080205A92046FAF7C8
:102D9000F9F920B906212046FAF71EFCD8E7206889
:102DA00000F10A0204A92046FAF7ECF920B906213D
:102DB0002046FAF711FCCBE7206800F10C0203A9CA
:102DC0002046FAF7DFF920B906212046FAF704FC7D
:102DD000BEE7BDF8080040F26C7188420ADABDF81F
:102DE000080040F69801884204DD06212046FAF7E3
:102DF000F3FBADE79DF81C000C2802DC9DF81C00DD
:102E000020B906212046FAF7E7FBA1E79DF8180054
:102E10001F2802DC9DF8180020B906212046FAF789
:102E2000DBFB95E79DF81400172804DD06212046FA
:102E3000FAF7D2FB8CE79DF810003B2804DD062151
:102E40002046FAF7C9FB83E79DF80C003B2804DD18
:102E500006212046FAF7C0FB7AE79DF80C009DF8A2
:102E60001010CDE900109DF814309DF818209DF841
:102E70001C10BDF80800E0F767FFE1892046FAF76B
:102E800003FA2046FAF754FB00BF61E730B58DB076
:102E90000546002004E0202105AA1154411CC8B2B7
:102EA0001E28F8DB002004E020210DF80010411C52
:102EB000C8B21428F8DB35A105A8DFF779FA354840
:102EC000807E20B934A16846DFF772FA19E03148F4
:102ED000807E012804D132A16846DFF769FA10E04C
:102EE0002C48807E022804D12FA16846DFF760FAC3
:102EF00007E02848807E032803D12DA16846DFF72C
:102F000057FA05A8DFF75CFB05A920220A5468469A
:102F1000DFF756FB20220DF80020002407E005A86B
:102F2000015D01222846FAF763FB601CC4B21E2C27
:102F3000F5DB002407E02048015D01222846FAF76E
:102F400057FB601CC4B2072CF5DB002406E001220D
:102F500020212846FAF74CFB601CC4B20D2CF6DB8E
:102F6000002407E01DF8041001222846FAF740FB70
:102F7000601CC4B2142CF5DBE9892846FAF784F901
:102F80002846FAF7D5FA0DB030BD00004835324377
:102F900030000000842100205A544B4400000000FF
:102FA0004D656E746563680043494354000000003A
:102FB000415745534F4D45005603002070B588B02A
:102FC000044600200790002607A920462268FAF749
:102FD000D9F828B906212046FAF7FEFA08B070BDE4
:102FE0009DF81C0010B90020208211E09DF81C0003
:102FF000012803D1208A401C208209E09DF81C0092
:10300000022805D1208A002802DD208A401E208265
:10301000394A07CA01AB07C304F1100003904FF40B
:10302000FA6101A8ECF778F8064600208DF8100048
:10303000218A608A814205D101208DF81000208A02
:10304000401E208206EB4600800000F6040081B29C
:1030500006230DF1160229480068F3F7C7FFDDF8D3
:103060001600C0F383508DF81100DDF81600C0F390
:1030700044408DF81200DDF81600C0F304308DF8DE
:103080001300DDF81600C0F385108DF81400DDF88C
:10309000160000F03F008DF8150006EB460080009A
:1030A00000F60A0081B202230DF1160213480068EF
:1030B000F3F79CFF9DF8101001222046FAF798FACA
:1030C000BDF81A1001222046FAF7BEFA012507E0E2
:1030D00004A8415D01222046FAF78AFA681CC5B2AD
:1030E000082DF5DBE1892046FAF7CEF82046FAF7FD
:1030F0001FFA00BF72E7000080990208A4040020B4
:10310000FEB50446002002900190009002A92046DE
:103110002268FAF737F820B906212046FAF75CFA58
:10312000FEBD2068821C01A92046FAF72BF820B9C1
:1031300006212046FAF750FAF2E72068021D694698
:103140002046FAF793F920B906212046FAF744FA07
:10315000E6E79DF8080078B93A49009806F004F9C6
:10316000054606F081F838490968088237488088A2
:103170003549096848825CE09DF80800012858D16B
:103180009DF80400012811D13149009806F0ECF8AF
:10319000064606F04DF805B2002229462D48006883
:1031A000F4F778FA28490968088142E09DF804009C
:1031B000022811D12649009806F0D6F8064606F0F6
:1031C00037F805B20122294622480068F4F762FA6E
:1031D0001D49096888812CE09DF80400032828D047
:1031E0009DF80400042824D09DF804000D2820D068
:1031F0009DF804000E281CD09DF8040015280AD163
:103200001049009805F01EFF054606F02DF80E49FE
:10321000096848810DE09DF80400162809D1094984
:10322000009805F00FFF054606F01EF806490968EC
:10323000C881E1892046FAF727F82046FAF778F99D
:1032400000BF6DE70000C842940400205414002021
:1032500000002041A404002038B50446002000905E
:10326000694620462268F9F78DFF20B906212046DD
:10327000FAF7B2F938BD9DF8000080281AD1002570
:103280000AE0681C236803EB40022D4841192046E0
:10329000F9F778FF681CC5B2102DF2DB0020284931
:1032A000087411230A464FF6024126480068F4F7D5
:1032B000DDF93CE09DF8000081281AD100250AE0E4
:1032C000681C236803EB40021F4841192046F9F7A8
:1032D00059FF681CC5B2102DF2DB00201A49087492
:1032E00011230A464FF6134116480068F4F7BEF959
:1032F0001DE09DF80000822817D100250AE0681C17
:10330000236803EB4002114841192046F9F73AFFC0
:10331000681CC5B2062DF2DB06230C4A4FF6244189
:1033200008480068F4F7A2F901E00620A071E189DD
:103330002046F9F7A9FF2046FAF7FAF800BF99E707
:103340000A030020A40400201B0300202C030020FB
:103350007047704702460B46516805E0087898426E
:1033600001D14868704789680029F7D10020F9E742
:103370000170427070472DE9F04105460C464FF050
:103380000008BCB1012C15D00B2C13D00C2C11D083
:103390000D2C0FD00E2C0DD0062C0BD0072C09D0E5
:1033A0000A2C07D0032C05D0022C03D0042C01D00A
:1033B000132C01D102271CE0022C09D0042C07D0C9
:1033C0000F2C05D0102C03D0112C01D0122C01D1C0
:1033D00004270EE0052C0BD0082C09D0092C07D0AF
:1033E000142C05D0152C03D0162C01D0172C00D18D
:1033F0000127686850B36E6800E0B668B0680028BE
:10340000FBD1102003F07AFDB060B068D8B1B0688D
:10341000047068787843B1684870B168487803F000
:103420006DFDB1684860B068406830B9B06804F0BC
:1034300077FC0020B060BDE8F0810020B1688860B2
:10344000B068C66001E00020F5E723E0102003F03B
:1034500055FD68606868D8B168680470687878431A
:10346000696848706968487803F048FD6968486091
:103470006868406828B9686804F052FC00206860F9
:10348000D9E70020696888606868C0F80C8001E0AE
:103490000020D0E70120CEE72DE9F04180460F461D
:1034A00016463D1D2C1D286820F0C05000F100601C
:1034B000286098F84610286861F39A5028604848B8
:1034C0000178286861F395302860286820F47F50DF
:1034D00000F570502860286820F03F0028602868B8
:1034E00020F060402860206820F0F0002060206814
:1034F00020F00F00206076B9206820F47F40206023
:103500006720F1F7DBF8216860F31F41216035483F
:103510000068606061E0012E10D1206820F47F40D7
:1035200000F5807020606720F1F7C8F8216860F32B
:103530001F4121602B48406860604EE0022E10D190
:10354000206820F47F4000F5007020606720F1F7CC
:10355000B5F8216860F31F412160224880686060EF
:103560003BE0032E10D1206820F47F4000F540702E
:1035700020606720F1F7A2F8216860F31F41216005
:103580001848C068606028E0042E12D1206820F43A
:103590007F4000F5806020606720F1F78FF8216898
:1035A00060F31F41216010480068D0F81600606089
:1035B00013E0052E11D1206820F47F4000F5A060B3
:1035C00020606720F1F77AF8216860F31F412160DD
:1035D00005480068D0F81A006060BDE8F08100007E
:1035E0006E0C00203A030020B80500202DE9F041C0
:1035F00007468846164608F104052C1D286820F069
:10360000C05000F10060286097F84610286861F308
:103610009A50286046480178286861F39530286000
:10362000286820F47F5000F570502860286820F04A
:103630003F002860286820F060402860206820F063
:10364000F0002060206820F00F00801C20606EB920
:10365000206820F47F4020606520F1F72FF8216872
:1036600060F31F412160002060605FE0012E0FD1F8
:10367000206820F47F4000F5806020606520F1F72D
:103680001DF8216860F31F412160002060604DE05B
:10369000022E0FD1206820F47F4000F500602060EA
:1036A0006520F1F70BF8216860F31F4121600020CD
:1036B00060603BE0032E0DD1206820F47F40206045
:1036C0006920F0F7FBFF216860F31F4121600020B3
:1036D00060602BE0042E0DD1206820F47F40206034
:1036E0006420F0F7EBFF216860F31F4121600020A8
:1036F00060601BE0052E19D1206820F47F40206017
:103700006920F0F7DBFF216860F31F41216020682A
:1037100020F00F0020600748007838613869F0F722
:10372000D3FF6060286820F47F102860BDE8F08136
:103730006E0C0020B50E00200246002114E001EBC3
:103740008103506800EB8300808858B901EB810346
:10375000506850F8230028B901EB8103506800EB52
:1037600083007047481CC1B21E29E8DB0020F8E73F
:1037700010B50246C86870B1D1E90234A3608B6805
:1037800013B1D1E90243E3600846896800238380CE
:10379000036000200AE088681060886810B100208B
:1037A0008B68D8600020888008601168084610BDCA
:1037B0002DE9F74F82B0074690463C680398061DF6
:1037C000039800F108053068C0F3C160012804D1F6
:1037D0003068C0F38450022809D03068C0F3C1605B
:1037E000012879D13068C0F384500328F9D12878B2
:1037F00000F00F00072870D12868000C28B968680D
:1038000018B90C2005B0BDE8F08FA6E0A0882968A3
:10381000B0EB114F7ED1206869688842FAD194F8E4
:103820001090A9F10100012101FA00F0B9680840E7
:10383000002853D0A9F10100012101FA00F0F96834
:10384000084000284AD13088C0F3871048451FD16E
:10385000A9F1010101228A40F8681043F860F94992
:10386000F868086097F82F0097F82E10884204DA5D
:1038700097F82F00401C87F82F0014214046FFF7CF
:1038800069FD82460021A9F101000AF800105DE0FF
:1038900021463846FFF76CFF08214046FFF75AFDE6
:1038A00082460F21A9F101000AF80010A9F10101D7
:1038B00001228A40B8689043B86001228A40F868C3
:1038C0009043F86097F82E00002804DD97F82E004A
:1038D000401E87F82E0039E0FAE3A0E0A9F10100CC
:1038E000012101FA00F0B968084070B3A9F10100A4
:1038F000012101FA00F0F968084030B34FF4FA7082
:10390000E0803088C0F3871048451FD0306820F42D
:103910007F1000E01CE03060306820F47F5000F53C
:1039200070503060306820F03F003060306820F028
:1039300060403060286820F00F000A302860286856
:1039400069F30F20286001205CE7FFE70F2059E7AB
:10395000A06808B1A46800E002E0002C7FF456AF34
:1039600000BF54B93846FFF7E7FE04460CB90F20F4
:1039700048E73C600020E0600AE03846FFF7DCFEE4
:10398000A060A06808B90F203CE7A068C460A468E4
:10399000F4B32868000CA080686820600020A06054
:1039A0004FF4FA70E080002017E001218140BA68EE
:1039B000114081B9411C217497F82E101E2904DA98
:1039C00097F82E10491C87F82E1001218140BA6803
:1039D0000A43BA6003E0411CC8B22028E5DB306826
:1039E00020F47F103060306820F47F5000F5705074
:1039F0003060306820F03F003060306820F0604078
:103A00003060286820F00F000A302860217C00E038
:103A100003E0286861F30F2028600120F2E628788F
:103A200000F00F0001283CD12968080CF0F746FE91
:103A30000D2834D130888009401E83490870686899
:103A4000F0F742FE401E012101FA00F0F968084338
:103A5000F8607C49F868086097F82F0097F82E10F6
:103A6000884204DA97F82F00401C87F82F001421B1
:103A70004046FFF76FFC814600207349097809F83A
:103A8000010009214046FFF765FC814600206E4990
:103A9000097809F8010005206C49087000BF002072
:103AA000B0E6287800F00F0003286FD12968080CD1
:103AB000F0F704FEA8BB30888009401E62490870F8
:103AC000084600781E2801DD0E209BE6B8F1000FA5
:103AD0001CD000214046FFF73DFC81466868F0F7A6
:103AE000F3FD82460A20BAFBF0F05749097829F81D
:103AF000110008214046FFF72DFC83463068C0F3D3
:103B00008450514909780BF8010000BF0BE0308860
:103B1000C0F38710217C884204D14FF4FA70E08012
:103B200003E003E0A468002CF1D11FE22968080C2F
:103B3000F0F7C4FD01282ED130888009401E42498B
:103B40000870084600781E2801DD0E205AE6B8F1FC
:103B5000000F10D001214046FFF7FCFB814668684A
:103B6000F0F7B2FD82460A20BAFBF0F03649097838
:103B700029F8110000BF0BE03088C0F38710217CCA
:103B8000884204D14FF4FA70E08003E0F1E3A468C6
:103B9000002CF1D1C9E72968080CF0F78FFD022845
:103BA00068D130888009401E27490870084600788F
:103BB0001E2801DD0E2025E6B8F1000F40D00621B9
:103BC0004046FFF7C7FB01906868F0F77DFD81462E
:103BD0000A20B9FBF0F91C4A1278019820F81290DB
:103BE00009214046FFF7B6FB834608214046FFF710
:103BF000B1FB0090144909780098405C02281ED15E
:103C0000114800781BF80000002818DD0E480078E5
:103C10001BF80000032190FBF1F201FB120000F001
:103C2000FF0A1FFA89F0B0F5FA5F01DA4FF00009D8
:103C3000074921F81A90FF20064901F80A0000BF41
:103C400015E00000A40E0020B00E0020B40E0020ED
:103C50009C7C0020B10E00203088C0F38710217CAE
:103C6000884203D14FF4FA70E08002E0A468002C8F
:103C7000F2D1BFE32968080CF0F720FD182836D1EF
:103C800030888009401EFE490870084600781E28CA
:103C900001DD0E20B6E5B8F1000F19D0072140462E
:103CA000FFF758FB82466868F0F70EFD814646F242
:103CB000A810814503DAF24909782AF81190B9F180
:103CC000000F04DA0020EE4909782AF8110000BF3D
:103CD0000AE03088C0F38710217C884203D14FF47A
:103CE000FA70E08002E0A468002CF2D182E3296837
:103CF000080CF0F7E3FC07287ED130888009401ECD
:103D0000DF490870084600781E2801DD0E2079E59D
:103D1000B8F1000F71D06868F0F7D6FC8246052133
:103D20004046FFF717FB8346D6480AEA000050B129
:103D3000D34800781BF8000040F00100D049097812
:103D40000BF8010009E0CE4800781BF8000000F0F5
:103D5000FE00CB4909780BF8010014214046FFF71B
:103D6000F9FA8146CAF3406070B1C5480178012074
:103D70008840C54909680843C34908600120C04913
:103D8000097809F801000DE0BD480178012088405C
:103D9000BD4909688143BC4801600020B8490978E1
:103DA00009F8010015214046FFF7D4FA8146CAF30D
:103DB000414070B1B248017801208840B349096898
:103DC0000843B24908600020AD49097809F80100AC
:103DD0000DE0AB48017801208840AC490968814377
:103DE000AA4801600120A649097809F801000921C3
:103DF0004046FFF7AFFA01E088E078E08146CAF379
:103E00000010C8B39E48007819F80000032190FB09
:103E1000F1F201FB1200012806D19D48007840F024
:103E200001009B49087061E09548007819F800008E
:103E3000032190FBF1F201FB1200022806D1944805
:103E4000007840F00200924908704FE08C480078FA
:103E500019F80000032190FBF1F201FB120078BB7E
:103E60008748007819F8000050B38948007840F07E
:103E700004008749087039E0FFE78148007819F8A5
:103E80000000032190FBF1F201FB1200012806D192
:103E90007F48007800F0FE007D49087026E07848F1
:103EA000007819F80000032190FBF1F201FB1200E9
:103EB000022806D17648007800F0FD0074490870A9
:103EC00014E06F48007819F80000032190FBF1F22C
:103ED00001FB120050B96A48007819F8000028B1B7
:103EE0006B48007800F0FB006949087000BF0AE0E9
:103EF0003088C0F38710217C884203D14FF4FA70D8
:103F0000E08002E0A468002CF2D173E22968080C7A
:103F1000F0F7D4FB4D282AD130888009401E58493B
:103F20000870084600781E2801DD0E206AE4B8F10A
:103F3000000F0DD009214046FFF70CFA8146686852
:103F4000F0F7C2FB82464E49097809F801A000BF8C
:103F50000AE03088C0F38710217C884203D14FF4F7
:103F6000FA70E08002E0A468002CF2D142E22968F5
:103F7000080CF0F7A3FB1E283CD130888009401EB6
:103F80003F490870084600781E2801DD0E2039E4FC
:103F9000B8F1000F1FD00A214046FFF7DBF9824637
:103FA0006868F0F791FB8146354909782AF8119045
:103FB00008214046FFF7CEF98346314800781BF8C8
:103FC0000000022806D11FFA89F00A2190FBF1F0C7
:103FD0003049C88000BF0AE03088C0F38710217CD8
:103FE000884203D14FF4FA70E08002E0A468002C0C
:103FF000F2D1FFE12968080CF0F760FB04282DD10D
:1040000030888009401E1E490870084600781E2826
:1040100001DD0E2098E4B8F1000F10D003214046D6
:10402000FFF798F981466868F0F74EFB82460A2050
:104030009AFBF0F01249097829F8110000BF0AE054
:104040003088C0F38710217C884203D14FF4FA7086
:10405000E08002E0A468002CF2D1CBE12968080CD2
:10406000F0F72CFB632834D130888009401E0449C6
:104070000870084600781E280EDD0E2064E400005B
:10408000B00E0020FFFFF9F4A80E0020AC0E0020B7
:10409000E20200209C7C0020B8F1000FA9D016217C
:1040A0004046FFF757F981466868F0F70DFB8246F6
:1040B000CAF30740D949097809F801001721404699
:1040C000FFF748F98146D549097809F801A091E13F
:1040D000A1E12968080CF0F7F1FA612834D13088A1
:1040E0008009401ECD490870084600781E2801DD71
:1040F0000E2029E408214046FFF72CF98346B8F149
:10410000000F11D002214046FFF724F9824668686B
:10411000F0F7DAFA81464FF47A70B9FBF0F0BF4954
:1041200009782AF8110000BF0AE03088C0F3871030
:10413000217C884203D14FF4FA70E08002E0A46849
:10414000002CF2D100BF55E12968080CF0F7B6FA4F
:1041500060287DD130888009401EB049087008462B
:1041600000781E2801DD0E200EE4B8F1000F7AD091
:1041700008214046FFF7EEF88246A84800781AF872
:104180000000032832D10F214046FFF7E3F88146B3
:104190006868F0F799FA8346A048007859F820003B
:1041A00058451ED89D48007859F82000C8B19B4852
:1041B000007859F82000ABEB0000994909680844E1
:1041C000974908609548007849F820B0084601886A
:1041D000112001F015FB92484188122001F010FBDC
:1041E00003E08E48007849F820B03BE08B48007827
:1041F0001AF80000022835D10F214046FFF7AAF82F
:1042000081466868F0F760FA83468448007859F878
:104210002000584521D88148007859F82000E0B1A5
:104220007E48007859F82000ABEB00007D49096812
:1042300008447C4908607948007849F820B008466D
:1042400001880D2001F0DCFA764841880E2001E05B
:1042500018E008E001F0D4FA03E07048007849F86B
:1042600020B000BF00BF0AE03088C0F38710217C77
:10427000884203D14FF4FA70E08002E0A468002C79
:10428000F2D1B7E02968080CF0F718FA64283AD19F
:1042900030888009401E61490870084600781E2851
:1042A00001DD0E2011E4B8F1000F1DD06868F0F7B1
:1042B0000BFA824605214046FFF74CF881465748E5
:1042C000007819F8000000F00F005449097809F847
:1042D00001005248007819F8000040EA0A104F49DE
:1042E000097809F8010000BF0AE03088C0F38710A0
:1042F000217C884203D14FF4FA70E08002E0A46888
:10430000002CF2D176E02968080CF0F7D7F965287F
:104310004DD130888009401E404908700846007819
:104320001E2801DD0E2011E4B8F1000F30D02888DE
:10433000C0F30720032808DC2888C0F307203A4987
:1043400001EB80006968016022E02888C0F3072043
:1043500003280FDD2888C0F3072007280ADC2888F7
:10436000C0F30720001F304901EB8000696801603D
:104370000EE04EE02888C0F30720072808DD2888D3
:10438000C0F307200838284901EB80006968016004
:104390000AE03088C0F38710217C884203D14FF4B3
:1043A000FA70E08002E0A468002CF2D122E02968D3
:1043B000080CF0F783F969281CD130888009401E69
:1043C00016490870084600781E2801DD0E2061E4B9
:1043D000E879164908700AE03088C0F38710217C1C
:1043E000884203D14FF4FA70E08002E0A468002C08
:1043F000F2D100BF0AE03088C0F38710217C8842E8
:1044000003D14FF4FA70E08002E0A468002CF2D1EE
:1044100000BF0E203EE400203CE40000B00E00206F
:10442000BC0E0020C00E0020D6050020B50E0020D6
:1044300080F844100F2380F84530012380F8423083
:10444000026170472DE9F04104460F463E1D351DBF
:10445000A08D002802DDA08D401EA085E068002808
:1044600072D0A08D00286FD15F480078401C5E4953
:1044700008700846007804280CD10220087014F84F
:10448000470F401C207014F847090F2802D1002064
:1044900084F847000520A085306820F0C05000F166
:1044A0000060306050480178306861F39A503060A5
:1044B000306820F47F103060306820F47F5000F5C1
:1044C00070503060306820F03F003060306820F07D
:1044D00060403060286820F0F0002860286820F0F4
:1044E0000F00801C2860286820F47F40286094F822
:1044F000472004F13101885CF0F7E0F8296860F3A7
:104500001F4129600020686094F84700062847D1C1
:10451000286820F00F00286094F8430018B194F840
:104520004300012811D130480078032807D12F4AD1
:10453000128861698818F0F7C7F8686030E0606930
:10454000F0F7C2F868602BE04CE094F843000228D2
:1045500004D1206AF0F7B8F8686021E094F84300CD
:10456000042805D14BF68030F0F7AEF8686017E00C
:1045700094F84300052813D11B480078022804D181
:10458000E069F0F7A1F868600AE0174800780328AE
:1045900006D1164A128861698818F0F795F86860A4
:1045A00094F8470007281BD111480078002802DD45
:1045B0000020BDE8F081286820F00F0028600A483C
:1045C0000078022804D1606AF0F77EF8686007E09E
:1045D00005480078032803D1A06AF0F775F86860F1
:1045E0000120E6E70020E4E7C50E0020F4000020EB
:1045F000590000202DE9F05F054688462E6868E0E6
:10460000347C601E012101FA00F0E968084010B115
:10461000F088401EF080F088002859D108214046DB
:10462000FEF798FE074609214046FEF793FE8146B5
:1046300015214046FEF78EFE824600214046FEF7D9
:1046400089FE8346601E385C022819D1601E19F865
:10465000000000280DDD611E19F80110032291FBF6
:10466000F2F302FB1311C8B200211C4A22F8101009
:1046700000BF00201949C8800F21601E395406E090
:10468000601E385C032802D10E21601E39540121BE
:10469000601E0AF8001000212BF81010611E012284
:1046A0008A40E8689043E86001228A40A868904305
:1046B000A86095F82E00002804DD95F82E00401E15
:1046C00085F82E0031462846FFF752F8064600E0EE
:1046D000B668002E94D1BDE8F09F00009C7C0020BD
:1046E0002DE9F04704460F4690463D1D2E1D08213A
:1046F0004046FEF72FFE814694F84400002807DD6F
:1047000094F84400401E19F8000084F8460002E0C6
:10471000022084F8460094F8420010B90020BDE859
:10472000F08794F94200002801DA0020F7E794F8B6
:10473000440000280ADD94F84400401E012101FADB
:1047400000F0E168084008B90020E8E7286820F098
:10475000C05000F1006028604434A178286861F3FB
:104760009A5028602178286861F39530286028687D
:1047700020F47F5000F570502860286820F03F003A
:104780002860286820F060402860306820F0F00041
:104790003060306820F00F003060306820F47F40D7
:1047A000306094F90120443C04F13101885CEFF75A
:1047B00085FF316860F31F4131602069EFF784FFA6
:1047C0007060002084F84400FF2084F84500002039
:1047D00084F8420020610120A1E700002DE9F047A4
:1047E00081468846154608F10406341D306820F0DD
:1047F000C05000F10060306099F84610306861F3F5
:104800009A503060306820F47F103060306820F4B7
:104810007F5000F570503060306820F03F0030600D
:10482000306820F060403060206820F0F0002060A8
:10483000206820F00F002060EDB9206820F47F4050
:1048400020606820EFF73AFF216860F31F41216084
:10485000271D002038706E48007800F03F00787007
:104860006B480088C0F38510B87069480068C0F3D1
:104870000430F870C9E0012D1DD1206820F47F407C
:1048800000F5807020606820EFF718FF216860F362
:104890001F412160271D5E480068C0F34440387006
:1048A0005B480068C0F38350787059498888EFF7F7
:1048B00005FF7880A9E0022D0ED1206820F47F400A
:1048C00020606620EFF7FAFE216860F31F41216047
:1048D00050480068606098E0032D10D1206820F4F3
:1048E0007F4000F5807020606620EFF7E7FE2168CA
:1048F00060F31F41216047484068606085E0042DF7
:1049000010D1206820F47F4000F500702060662000
:10491000EFF7D4FE216860F31F4121603D488068B5
:10492000606072E0052D10D1206820F47F4000F512
:10493000407020606620EFF7C1FE216860F31F41E0
:1049400021603448C06860605FE0062D10D12068A7
:1049500020F47F4000F5806020606620EFF7AEFE17
:10496000216860F31F4121602B48006860604CE0C3
:10497000072D10D1206820F47F4000F5A060206052
:104980006620EFF79BFE216860F31F4121602248FB
:104990004068606039E0082D10D1206820F47F4025
:1049A00000F5C06020606620EFF788FE216860F3A4
:1049B0001F41216018488068606026E0092D10D1F1
:1049C000206820F47F4000F5E06020606620EFF76B
:1049D00075FE216860F31F4121600F48C068606068
:1049E00013E00A2D11D1206820F47F40206064205C
:1049F000EFF764FE216860F31F412160206820F01A
:104A00000F00801C2060002060600020BDE8F0875F
:104A1000840400203A0300201B03002010B5044644
:104A20000020263444F8260C2072607244F81E0CD4
:104A300044F81A0CC820E08000202077A077FF20DF
:104A4000E0770020A072E072263C0121322001555F
:104A5000072133200155022134200155182135202A
:104A600001551E21362001550821372001551421FA
:104A7000382001554D21392001551E213A2001557C
:104A800004213B2001550C213C20015563213D2090
:104A9000015561213E20015560213F200155212112
:104AA000402001556221412001550020206184F8F9
:104AB00043004DF2FC0060614DF2E440A0614BF612
:104AC0008C10E06120624DF2D8606062A06202202A
:104AD00084F84600002084F847004FF4167002F076
:104AE0000DFA6060002006E0002162689180626833
:104AF0001160411CC8B21E28F6DB204610BD70B5FF
:104B00000446002505E02568A8682060284603F0D3
:104B100007F920680028F6D1204670BD10B504467C
:104B20002178044A52F8210040F2053103F01BF8C5
:104B300010BD0000FC97020870B504460D461646ED
:104B4000E0684560E06846814FF48050E168888104
:104B50000020E1680881226903CA01F0EBFC21789A
:104B6000034A52F8210040F2073102F0FCFF70BD09
:104B7000FC97020810B504462178044A52F8210037
:104B800040F2053102F0E2FF10BD0000FC97020880
:104B90002DE9F84F04460F464FF00009C846C246BB
:104BA0006E48007800286FD1607D50B9A06803F08E
:104BB00027FC20B10020A1684881A1680881BDE8D8
:104BC000F88F00206075A06803F00EFC05462E46A5
:104BD00005B9F4E72046FFF7CDFFA16808891AE080
:104BE000A1684968095C4D290BD1A1684A68411C3C
:104BF000515C4E2905D1A1684A68811C515C43294A
:104C000004D0A1684968095C7E2902D1A1680881A5
:104C100005E0411C88B2A16849898142E0DCA068B6
:104C20004068A168098900EB01092FB9EAB2494639
:104C3000204600F087F91DE00020009069464846B4
:104C4000B8478046B8F1000F13D0BDF8000020B976
:104C50004046DDF7B5FC80B20090BDF800000028AA
:104C600005DDBDF8002041462046FFF765FF4FF007
:104C7000000800BF0020A1680881A1684881204683
:104C8000FFF74CFF67E0FFE734480078012862D166
:104C90004FF0000BA06803F0A7FB054630490988D8
:104CA0008D420CD2A06803F0ABFB38B10020A168A4
:104CB0004881A16808814FF0010B00E07FE72046A2
:104CC000FFF758FFBBF1010F03D1052089F807005A
:104CD00023E02E46A168088915E0A1684968095CAF
:104CE0004D290ED1A1684A68411C515C4E2908D15A
:104CF000A1684A68811C515C432902D1A1680881DE
:104D000005E0411C88B2A16849898142E5DCA068C0
:104D10004068A168098900EB0109002000906946FC
:104D20004846B8478046B8F1000F0BD0BDF80000E8
:104D3000002805DDBDF8002041462046FFF7FCFEB7
:104D40004FF000080020A1680881A1684881204632
:104D5000FFF7E4FE00BF00BF31E70000610D002057
:104D6000640D00202DE9F04704460F460026B246A8
:104D7000A06803F039FB0546A06846680DB9BDE898
:104D8000F087A81E36F8008000213152EAB2314681
:104D9000204600F0B7F8A81E36F80090C84503D1A9
:104DA00017B100213046B8470020A1684881A168AA
:104DB0000881002600BFE2E738B5044621784D4A55
:104DC00052F82100002102F050FE30B12178494A0A
:104DD00052F8210002F0F2FD1CE02178454A52F819
:104DE0002100032102F041FE30B12178414A52F8FE
:104DF000210002F0E3FD0DE021783E4A52F8210047
:104E0000012102F032FE28B121783A4A52F82100FD
:104E100002F0D4FD2178374A52F82100364902F0D9
:104E2000BCFEC8B12178334A52F8210002F0C6FD19
:104E3000C0B20090A06800B938BD6946A06803F010
:104E400078FA054605B9F7E7207D9DF800108842FD
:104E50004DD1012060754AE02178264A52F82100A0
:104E6000264902F09AFE28B3E06803F0D8FA80B130
:104E70002178204A52F8210040F2073102F066FE04
:104E800021781C4A52F8210040F2063102F06BFEF4
:104E90002DE0E06803F048FA007800902178154A88
:104EA00052F821009DF8001002F08DFDE06803F03B
:104EB00029FA1CE021780F4A52F82100104902F02B
:104EC0006CFEA0B121780B4A52F821000C4902F087
:104ED00057FE206918B1226903CA01F029FB217825
:104EE000044A52F8210040F2063102F02FFE00BFC2
:104EF000A2E70000FC97020805030500070307006E
:104F00000603060070B505464FF6FF70002312E059
:104F1000CC5C604000240AE000F0010626B140109D
:104F20004AF20106704000E04010661CF4B2082C02
:104F3000F2DB5C1CE3B2941E9C42E9DC931EC85277
:104F400070BD00002DE9F04104460D4616460027CD
:104F5000E06808B9BDE8F081206918B1226903CA88
:104F600001F0E8FA06E03A467B1C9FB25119E0686E
:104F700003F0DFF93000A6F101018EB2F3D1217800
:104F8000044A52F8210040F2073102F0ECFD00BF64
:104F9000E0E70000FC9702082DE9F04104460D46C9
:104FA00016461F46DDF8188031462846DFF718F808
:104FB000A760C4F80C80064800EBC500206125708E
:104FC000002060750D2020752046BDE8F0810000AE
:104FD0009C97020810B500F001F810BD10B5DDF780
:104FE0006CFC10BD490050EAC12018BF04204A0DD6
:104FF00018BF40F0010040F2FF72B2EB515F08BFF2
:1050000040F00200012808BF052070472DE9F0415B
:10501000074690460E4600251020DDF71FFC0400D1
:105020000BD0C4F80C80C4E90176DDF713FC0168ED
:10503000216004602846BDE8F0810125FAE72DE9EA
:10504000F0410646DDF706FC804613E026B1E06835
:10505000B04201D025460EE020682860D4E9010165
:10506000D8F8007088472046DDF727FCD8F8000004
:10507000B84200D045462C68002CE7D1BDE8F0814D
:105080002DE9F0414F1E00EBC7010446D1E90001B4
:1050900015461E4637F006020DD02A46334603F069
:1050A0000DFD7F1E04EBC703D3E9002303F0F2F9E3
:1050B00037F00602F1D1022F25D0042F13D0062F8E
:1050C00018BFBDE8F0812A46334603F0F7FCD4E967
:1050D0000A2303F0DFF92A46334603F0EFFCD4E954
:1050E000082303F0D7F92A46334603F0E7FCD4E956
:1050F000062303F0CFF92A46334603F0DFFCD4E958
:10510000042303F0C7F92A46334603F0D7FCD4E959
:10511000022303F0BFF92A46334603F0CFFCD4E95B
:105120000023BDE8F04103F0B5B9000000221346AA
:105130001046014903F06ABA0000F03F012204F072
:10514000C4BA002213461046114603F05FBA0000AD
:1051500010B53222A0210448F2F7D1FB3222A2215D
:105160000248F2F7CCFB10BD500000205400002094
:1051700010B5054A05490648F5F7EAFB0446054A15
:105180000549FFF743FF10BDE0040020EC040020B8
:105190000822002000200008A1A9010810B5054937
:1051A0000548F2F736FE0446044A0549FFF72EFF8C
:1051B00010BD0000640C0020A82200200020000880
:1051C000177E010810B50448EFF720FF0446034A94
:1051D0000349FFF71BFF10BDE0220020002000085C
:1051E0000F50010810B50448F7F76EF80446034A5B
:1051F0000349FFF70BFF10BD4415002000200008F5
:10520000CBC2010810B50448FEF7A2F80446034AD1
:105210000349FFF7FBFE10BDF47C002000200008CE
:105220005333020810B50448FFF7F8FB0446034A5D
:105230000349FFF7EBFE10BDAC7C00200020000806
:10524000FF4A020810B5074800880749088005484A
:10525000C08804490844054908600548F0F70DFB7B
:1052600010BD0000000004081C00002028000020E1
:105270001410002038B540211E4803F01FF80446E2
:105280001D4A1E49FFF7C2FE28211D4803F016F8EB
:105290000446194A1949FFF7B9FE0B21194803F0D2
:1052A0000DF80446144A1549FFF7B0FE05211648CB
:1052B00003F004F80446104A1049FFF7A7FE28211E
:1052C000124802F0FBFF04460B4A0C49FFF79EFE12
:1052D0000C48084B7D22002100900D48F5F74EFD4B
:1052E0000948074BFA22012100900A48F5F746FDCC
:1052F00038BD0000EC0E002000200008ED820208FE
:10530000FC0E00200C0F00201C0F00202C0F002092
:105310003C0F0020540F002010B50722024903481B
:10532000F0F758F810BD00001814002028140020D1
:1053300010B50248F0F7DEFB10BD00007804002035
:1053400038B54FF4B461284803F014F80446274AEE
:105350002749FFF75BFE0F21264803F00BF80446B0
:10536000224A2349FFF752FE4021234803F002F866
:1053700004461E4A1E49FFF749FE10211F4802F04D
:10538000F9FF0446194A1A49FFF740FE40211C481C
:1053900002F0F0FF0446154A1549FFF737FE1021C9
:1053A000184802F0E7FF0446104A1149FFF72EFEA5
:1053B00010480D4B4FF49652032100901248FFF70E
:1053C000EBFD0E480C4B4FF41652002100900F4895
:1053D000FFF7E2FD0B480A4B4FF4165202210090F2
:1053E0000B48FFF7D9FD38BD6C0F002000200008E6
:1053F000A18302087C0F00208C0F00209C0F00204E
:10540000AC0F0020BC0F0020CC0F0020E40F0020C8
:10541000FC0F002010B50448F2F7A8F90446034A2F
:105420000349FFF7F3FD10BDCC2100200020000848
:10543000B177010830380A2801D2012070470020D6
:10544000704730B5012902D002291AD10CE0C36A95
:1054500023F47003C362C36A541E4FF4700505EA57
:1054600004542343C3620DE0836B23F4401383632E
:10547000836B541E4FF4401505EA045423438363A1
:1054800000E000BF00BF30BD10B52C4800F064F84C
:10549000002000F0F9F800220221284800F067F906
:1054A00001221102254800F062F90021234800F092
:1054B00047F8072201212148FFF7C3FF02230022FA
:1054C00011461E4800F0EEF80223012211461B4847
:1054D00000F0E8F8022303221946184800F0E2F829
:1054E000022309220321154800F0DCF802231A46A2
:1054F0000421124800F0D6F802230E2205210F489D
:1055000000F0D0F802230F2206210C4800F0CAF860
:105510004FF460220121094800F06BF80122114686
:10552000064800F047F8054800F03BF8034800F053
:1055300033F80121014800F00BF910BD00240140AF
:1055400021B1826842F40062826003E0826822F442
:10555000006282607047000010B504460D48204488
:1055600018B1B0F5806F12D108E040F2093001F0B7
:1055700005FF40F2093001F0F1FE09E040F20A3087
:1055800001F0FCFE40F20A3001F0E8FE00E000BF4E
:1055900000BF10BD00DCFEBF816841F480718160F6
:1055A0007047816801F0010119B9816841F001017A
:1055B0008160704772B101F001031BB1836843F44D
:1055C0008013836001F0020393B1836843F40043C6
:1055D00083600DE001F001031BB1836823F48013A5
:1055E000836001F002031BB1836823F400438360EE
:1055F0007047012902D0022910D107E0836823F403
:105600006023836083681343836008E0836823F426
:10561000E043836083681343836000E000BF00BF02
:105620007047000010B540F2096001F087FE40F2BB
:10563000026001F083FE40F2036001F07FFE40F261
:10564000046001F07BFE0F23032200210B4800F0D1
:1056500078FF022303220021094800F072FF302363
:1056600003220021074800F06CFF4FF4A06001F016
:1056700065FE022001F0BAFC10BD000000080140E8
:10568000000C0140001001400549096821F4702117
:10569000034A116011460968014311607047000018
:1056A00004240140F0B51D4606290CDA436B01EBDA
:1056B00081071F26BE40B34301EB810602FA06F6BE
:1056C0003343436322E00C290EDA036B8E1F06EB93
:1056D00086071F26BE40B3438E1F06EB860602FADE
:1056E00006F63343036311E010290FDAC36AA1F110
:1056F0000C0606EB86071F26BE40B343A1F10C063D
:1057000006EB860602FA06F63343C3620A2A0CDA6F
:10571000046902EB42070726BE40B44302EB42068F
:1057200005FA06F63443046111E0122A0FDAC46860
:10573000A2F10A0606EB46070726BE40B443A2F1D3
:105740000A0606EB460605FA06F63443C460F0BDC9
:1057500001F001021AB1826842F48002826001F015
:1057600002021AB1826842F4001282607047AAB144
:1057700001F480731BB1436843F48073436001F408
:1057800080631BB1436843F48063436001F002030C
:10579000CBB1836843F00203836014E001F48073AB
:1057A0001BB1436823F48073436001F480631BB131
:1057B000436823F48063436001F002031BB18368F4
:1057C00023F0020383607047014600200B2909DBA8
:1057D0002A2907DCA1F10B02084B03EB8202B2F885
:1057E000400C09E0012907DB0A2905DC4A1E034BAE
:1057F00003EB8202B2F8040C704700000060004026
:105800000B2809DB2A2807DCA0F10B02084B03EB6D
:105810008202A2F8401C09E0012807DB0A2805DC07
:10582000421E034B03EB8202A2F8041C70470000E7
:105830000060004010B501F007FC01F0FBFB10BD5B
:1058400030B589B004460D4606A9002000F0D4FA10
:1058500001A9002000F0D0FA274951F8240000F0F7
:105860004FF800208DF81C0001208DF81D0000204D
:105870008DF81E008DF81F008DF820008DF8210096
:105880008DF818008DF8190008208DF81A000720EF
:105890008DF81B004FF4FA6090FBF5F080B2ADF884
:1058A0002200154951F8240006A900F0F1F8002063
:1058B000ADF80E00104850F824001049884202D17B
:1058C0000F20ADF80E000020ADF810000120ADF85B
:1058D00012000020ADF80400ADF80600ADF8080095
:1058E000ADF80A00ADF80C0001208DF8140001A8F5
:1058F00000F016F809B030BD789702080068004043
:1059000010B504460548844207D140F2194001F021
:1059100035FD40F2194001F021FD10BD006400404A
:1059200010B50021837A012202FA03F13E4A12687F
:1059300042F001023C4B1A603B4A1C3212688A4317
:10594000394B1C331A60C289DAB9374A0C321268F3
:105950008A43354B0C331A60C288344B03EA024247
:1059600043881A434389304C403444F833208288BA
:105970002E4B03EA024203881A43438904EBC30314
:105980005A60C289012A1BD1274A0C3212680A4385
:10599000254B0C331A600288244B03EA02424388E9
:1059A0001A434389204C403444F8332082881F4BEB
:1059B00003EA0242C3881A43438904EBC3035A60D3
:1059C00082893AB9184A121D12688A43164B1B1D68
:1059D0001A6006E0144A121D12680A43124B1B1D7E
:1059E0001A6002893AB9104A143212688A430E4B7F
:1059F00014331A6006E00C4A143212680A430A4B48
:105A000014331A60027C012A06D1074A1C3212683C
:105A10000A43054B1C331A60034A126822F0010244
:105A2000014B1A6010BD0000006600400000FFFF3F
:105A300010B504464FF4C06001F080FC104931F805
:105A4000140001F07BFC0F4931F8140001F076FCE2
:105A50000D4901EBC4014B680B4951F83400032296
:105A6000482100F06EFD094901EBC4014B6807496C
:105A700051F834000322182100F063FD10BD00002E
:105A800080970208849702086897020858970208CE
:105A900070B502464FF6FF730020146824F002042C
:105AA0001460146844F00104146000E05B1E546844
:105AB00004F001040CB9002BF8D1546804F001047F
:105AC0000CB9002074E00C784FF0404505EA84746E
:105AD0004D784FF0407606EA05652C438D784FF4FB
:105AE000702606EA05452C43CD784FF4E00606EA19
:105AF00005552C434D896D1EC5F309052C43D46112
:105B00000C79012C04D1146844F08004146003E083
:105B1000146824F0800414604C79012C04D11468BA
:105B200044F04004146003E0146824F0400414605E
:105B30008C79012C04D1146844F02004146003E033
:105B4000146824F020041460CC79012C04D114686A
:105B500044F01004146003E0146824F0100414608E
:105B60000C7A012C04D1146844F00804146003E09A
:105B7000146824F0080414604C7A012C04D11468D1
:105B800044F00404146003E0146824F00404146076
:105B9000146824F0010414604FF6FF7300E05B1EEC
:105BA000546804F001040CB1002BF8D103B10120BA
:105BB00070BD42698A434261704742690A4342614B
:105BC000704710B500F5D87303EB01131B6803F0A1
:105BD00004031372137A3BB900F5D87303EB011376
:105BE0001B685B0D136006E000F5D87303EB01132F
:105BF0001B68DB08536000F5D87303EB01131B68C7
:105C000003F00203537200F5DA7303EB01131B6810
:105C10001B0AD37400F5DA7303EB01131B6803F05E
:105C20000F03937200F5DC7303EB01131B68D3724F
:105C300000F5DC7303EB01131B681C0A147300F5F9
:105C4000DC7303EB01131B681C0C547300F5DC734D
:105C500003EB01131B681C0E947300F5DE7303EB5A
:105C600001131B68D37300F5DE7303EB01131B688C
:105C70001C0A147400F5DE7303EB01131B681C0C83
:105C8000547400F5DE7303EB01131B681C0E94744F
:105C900021B9C36843F02003C36003E0036943F004
:105CA0002003036110BD000030B502460B46002101
:105CB000906800F08060B0F1806F00D110E09068D3
:105CC00000F00060B0F1006F01D1012108E09068A0
:105CD00000F08050B0F1805F01D1022100E003218B
:105CE000032901D1032030BD02F5C07000EB011083
:105CF000006800F0010402F5C07000EB01100460C0
:105D0000187A88B918883B4C04EA40505C7A2043E2
:105D100002F5C07404EB01142468204302F5C0743A
:105D200004EB0114206013E06FF00704586804EAE4
:105D3000C0001C7A20435C7A204302F5C07404EB57
:105D400001142468204302F5C07404EB01142060A0
:105D500002F5C27000EB0110006820F00F0402F59C
:105D6000C27000EB0110046002F5C27000EB01107C
:105D700000689C7A204302F5C27404EB0114206091
:105D8000987B4FF07F4404EA00605C7B4FF47F0512
:105D900005EA044420431C7B2D1205EA0424204319
:105DA000DC7A204302F5C47404EB01142060987C73
:105DB0002C0404EA00605C7C2D0205EA04442043C4
:105DC0001C7C2D1205EA04242043DC7B204302F5D1
:105DD000C67404EB0114206002F5C07000EB0110E2
:105DE000006840F0010402F5C07000EB011004608F
:105DF000084678E70000E0FF10B5024632B1012AFC
:105E000016D0022A20D0032A41D12EE000234B7164
:105E1000CB718B7140F2FF334B8100230B724B70BF
:105E200002238B700023CB700B714B720B7030E030
:105E30000123CB8100230B740B810B804B808B8063
:105E4000CB808B814B8124E0002005E0002401F110
:105E50000B031C54431CD8B20828F7D300238B72C1
:105E60004B600B724B720B6013E0002005E00024C6
:105E700001F10B031C54431CD8B20828F7D30023AC
:105E80008B724B600B72CB744B720B6001E000BFE6
:105E9000FEE700BF10BD0000024949680143014A06
:105EA00051607047002004E070B505460C4621465D
:105EB000284600F02BF908B900BFFEE704EB840088
:105EC000810005F10800405840F0010104EB840016
:105ED000820005F10800815070BD70B505460C4682
:105EE0002146284600F012F908B900BFFEE704EB8E
:105EF0008400810005F10800405840F0200104EBC7
:105F00008400820005F10800815070BD30B587B073
:105F100005460C460021134800F028F8124800906E
:105F200000208DF81800029501208DF8190000025C
:105F300001908000039000208DF81A0004944FF423
:105F4000005005906A460021064800F047F80021FD
:105F50000448FFF7C2FF00210248FFF7A5FF07B082
:105F600030BD0000000002404C24014070B50446E2
:105F70000D462946204600F0C9F808B900BFFEE7E3
:105F800005EB8500810004F10800405820F0010174
:105F900005EB8500820004F108008150002105EB2B
:105FA0008500820004F10800815005EB8500820025
:105FB00004F10C00815005EB8500820004F1100013
:105FC000815005EB8500820004F114008150606867
:105FD000AA000F2191400843606070BD2DE9F04197
:105FE00004460D4616462946204600F08FF808B9AB
:105FF00000BFFEE705EB8500820004F11000316868
:10600000815005EB8500820004F11400B1688150D5
:10601000308A81B205EB8500820004F10C008150CA
:1060200005EB8500810004F10800475827F47C57F0
:10603000F1687068084371690843074305EB850000
:10604000810004F108004750307E01280ED105EB95
:106050008500810004F10800405840F0400105EB44
:106060008500820004F1080081500DE005EB8500F9
:10607000810004F10800405820F0400105EB850044
:10608000820004F108008150707E01280ED105EBDA
:106090008500810004F10800405840F0800105EBC4
:1060A0008500820004F1080081500DE005EB8500B9
:1060B000810004F10800405820F0800105EB8500C4
:1060C000820004F108008150B07E70B905EB8500B4
:1060D000810004F10800405820F0100105EB850014
:1060E000820004F1080081500DE005EB850081007D
:1060F00004F10800405840F0100105EB85008200D3
:1061000004F108008150BDE8F08100000246012042
:10611000034B9A4202D1042900DD002070470000A1
:106120000004024000B50346012200BF00F00CF855
:1061300002465B1E012A01D1002BF7D1012A00D1B2
:106140000422104600BD000000200A49C96801F081
:10615000010109B101200CE00649C96801F01001F4
:1061600009B1032005E00349C96801F0040101B148
:10617000022070470020024000B50346012200BF04
:1061800000F00CF802465B1E012A01D1002BF7D16A
:10619000012A00D10422104600BD000000200A4957
:1061A000C96C01F0010109B101200CE00649C96C7C
:1061B00001F0100109B1032005E00349C96C01F0A9
:1061C000040101B1022070470020024070B504466E
:1061D0000D4600262A480088B0F5007F35D22948B0
:1061E000844219D24FF47020FFF79CFF0646002E20
:1061F00043D12548006940F001002349086125800A
:106200004FF47020FFF78EFF06461F48006920F00C
:1062100001001D49086130E04FF47020FFF7ACFF2A
:10622000064656BB1848006D40F001001649086547
:1062300025804FF47020FFF79FFF06461248006D3F
:1062400020F001001049086517E04FF47020FFF7B7
:1062500069FF06468EB90C48006940F001000A4902
:10626000086125804FF47020FFF75CFF0646064862
:10627000006920F0010004490861304670BD00004B
:10628000E0F7FF1FFFFF07080020024008480069F1
:1062900040F080000649086106480088B0F5007F9C
:1062A00004D90846006D40F0800008657047000082
:1062B00000200240E0F7FF1F30B505463648008851
:1062C000B0F5007F48D9354885421ED24FF4702082
:1062D000FFF728FF0446002C5BD13148006940F0ED
:1062E00002002F49086108464561006940F04000FE
:1062F00008614FF47020FFF715FF04462848006935
:1063000020F002002649086143E04FF47020FFF7B7
:1063100033FF0446002C3CD12148006D40F00200C0
:106320001F49086508464565C06900F0020008B1CC
:10633000084645611A48006D40F04000184908655C
:106340004FF47020FFF718FF04461548006D20F049
:106350000200134908651CE04FF47020FFF7E2FECD
:106360000446B4B90E48006940F002000C490861C7
:1063700008464561006940F0400008614FF4702014
:10638000FFF7D0FE04460648006920F002000449E9
:106390000861204630BD0000E0F7FF1FFFFF07083F
:1063A000002002400C48006900F0800020B10B483A
:1063B000094948600A4848600A480088B0F5007FEB
:1063C00009D90548006D00F0800020B1034802495A
:1063D0004864034848647047002002402301674531
:1063E000AB89EFCDE0F7FF1F70B504460D460026E0
:1063F0002A480088B0F5007F35D92948844219D24F
:106400004FF47020FFF78EFE0646002E43D125483C
:10641000006940F001002349086125604FF47020B5
:10642000FFF780FE06461F48006920F001001D4965
:10643000086130E04FF47020FFF79EFE064656BB21
:106440001848006D40F001001649086525604FF4BA
:106450007020FFF791FE06461248006D20F0010003
:106460001049086517E04FF47020FFF75BFE064601
:106470008EB90C48006940F001000A4908612560A6
:106480004FF47020FFF74EFE06460648006920F0E4
:10649000010004490861304670BD0000E0F7FF1FAD
:1064A000FFFF07080020024030B502460B46164C9D
:1064B000002145F25550154D286000BF1348C068B3
:1064C00000F00101601E040001D00029F6D109B1DD
:1064D000002030BD0D4843600B4C00BF0B48C06826
:1064E00000F00201601E040001D00029F6D109B1BC
:1064F0000020EEE7C2F30B00044DA8604AF6AA2084
:1065000028600120E5E70000FFFF0F000030004099
:106510004AF6AA2001490860704700000030004098
:106520004CF6CC4001490860704700000030004044
:1065300041617047016170470AB1016100E041614A
:106540007047F0B5044616460025002201F00F05FD
:1065500001F0100707B1354300201EE001278740F6
:106560001F40C7B122684FEA800C0F2707FA0CF7CB
:10657000BA43870005FA07F73A43282904D10127CF
:1065800087401F40676105E0482903D10127874004
:106590001F4027612260471CB8B20828DED30820BC
:1065A00022E0012787401F40E7B16268A0F1080799
:1065B0004FEA870C0F2707FA0CF7BA43A0F1080738
:1065C000BF0005FA07F73A43282904D1012787407D
:1065D0001F40676105E0482903D1012787401F401C
:1065E00027616260471CB8B21028DAD3F0BD0246BA
:1065F0009068084008B1012070470020FCE70000C7
:10660000F0B50A46002300240021002500F00046D2
:10661000B6F1004F02D11D4EF16901E01B4E7168C9
:10662000C0F3034583B200F44016B6F5401F08D10D
:1066300021F07061154E766826F07066134F7E600B
:1066400012E000F48016B6F5801F06D1032606FA84
:1066500005F4A14341F0706106E0460D360103FAEE
:1066600006F6B14341F0706122B1460D360103FADE
:1066700006F6314300F00046B6F1004F02D1034E5A
:10668000F16101E0014E7160F0BD000000000140C9
:106690002DE9F04DC84A002490B0914205DA21F06E
:1066A0000043934201D805D120B110B0BDE8F04DB0
:1066B000FEF744BDB1F5801F1BDA53EA000209D092
:1066C000002911DA0120DCF79BF910B0BDE8F04D8C
:1066D000FEF737BD0220DCF793F9FEF727FD10B077
:1066E00081F00041BDE8F08D6FF03504362202F0F4
:1066F000ECFF04EB2152C1F31308B049A2F2FF33BF
:10670000414401F4801282F07F6103EB225281F058
:106710004051009241EA08010022A94B02F00EFB11
:10672000044608F10200A74EC0F313000D467E4454
:10673000032867D2D6E90023204602F0BFF81ED115
:106740000098002802BFD6E9000110B0BDE8F08D26
:1067500002F04DF907460C469B4A9C4B02F0AEF9FD
:1067600006460D469A4A9B4B3846214602F0A6F94A
:1067700010B032462B46BDE8F04D01F08BBE4FF015
:106780005532954B2046294602F098F90022934B4A
:1067900002F0C8FA06460F4622462B461046194616
:1067A00002F08CF932463B4602F088F90646009822
:1067B0000F46F0B102F01BF980468A46824A834BAD
:1067C00002F07CF932463B4602F0ACFA22462B46F8
:1067D00002F0B4FA05460C467D4A7E4B40465146CF
:1067E00002F06CF910B02A462346BDE8F04D02F0E5
:1067F000A5BA0B4610B0324620462946BDE8F04DFA
:1068000002F09CBA00224FF08043204601F042FE85
:1068100002460B462046294601F0F8FE06460F4682
:10682000009802F0E4F8CDE9040132463B461046F8
:10683000394602F043F90C9069480C9A40440190A3
:1068400009910B46104602F039F982460246654826
:106850008B46C8F151080B4608F5D7280321784428
:10686000FEF70EFC52465B4602F028F90A905E489D
:106870000D9152465B4604217844FEF701FC099BCA
:106880000C9A02F01BF9844601980D9B40EA080817
:1068900060460A9A01F0FEFD83460891B8F1000FA8
:1068A0004EDD4FF0FF322046294602F00EFF224611
:1068B0002B4602F003F9804600988A4660B3DDE972
:1068C0000401414A414B02F0F9F8099100905A46FF
:1068D00040465146089B01F0DDFD32463B4602F042
:1068E000EDF8099B009A01F0D5FD4246534602F0AF
:1068F00019FA22462B4602F021FA04460D46DDE93C
:106900000401334A334B02F0D9F810B022462B462B
:10691000BDE8F04D02F012BA5A464046089B01F01D
:10692000B9FD32463B4602F0C9F84246534602F0F2
:10693000F9F910B022462B46BDE8F04D02F0F2B94D
:10694000009840B3DDE904011F4A204B02F0B6F87D
:1069500080468A465A4620462946089B02F0EEF9B0
:1069600032463B4602F0AAF84246534602F0E6F9A8
:1069700022462B4602F0E2F904460D46DDE9040109
:10698000134A144B02F09AF810B022462B46BDE889
:10699000F04D02F0D3B90B465A462046294602F084
:1069A000CDF932463B4602F089F810B022462B461C
:1069B000BDE8F04D02F0B6B90000F07F645F090059
:1069C0000000F03FBE320000763C7935EF39EA3DF9
:1069D0000000E0FE422EE63F5555D53F0000E03F67
:1069E00086EBF9FF56310000543100001FB54FF41B
:1069F000A06000F0E9F8DDF709FAEDF701FC4FF4CB
:106A00008070FFF749FA032140F6FF70FFF74CFD55
:106A1000FFF786FD00200623CDE9003002900346F3
:106A20004FF480721DA103901E4801F069FA002006
:106A30000523CDE900300290034680221AA103907D
:106A40001A4801F05DFA00200323CDE900300290DE
:106A50000346802216A10390174801F051FA002046
:106A60000123CDE9003002900346802213A1039058
:106A7000144801F045FA00200423CDE900300290CB
:106A800003464FF4807210A10390114801F038FAC8
:106A900001F0AAF9002004B010BD00004F4C45449D
:106AA00000000000F560000843414E00D13F01089E
:106AB0004D4F4E49544F52005D730008504F525491
:106AC00000000000B9470108556172740000000021
:106AD000554A010870B5044604EB44030D4D2B44A0
:106AE0009A7804EB44032B44597804EB4403E85CA4
:106AF00000F014F804EB4403074D2B449A7804EBA0
:106B000044032B44597804EB4403E85C00F006F896
:106B100070BD0000889702088E9702082DE9F041A9
:106B200003460D46164600240027A0462448006868
:106B300000F4E060B0F5A06F15D006DCB0F5407F42
:106B400018D0B0F5806F19D110E0B0F5C06F06D045
:106B5000B0F5E06F12D100274FF0040815E00127CF
:106B60004FF0030811E00227B8460EE003274FF06C
:106B700001080AE004274FF0000806E04FF4A06087
:106B800000F022F80227B84600BF00BFC7F104009A
:106B900005FA00F4C8F104010F20C8403040044356
:106BA00024010848C45403F01F01012088405911F2
:106BB000890001F1E021C1F80001BDE8F081000089
:106BC0000CED00E000E400E002490143024A1160DC
:106BD000704700000000FA050CED00E00348006873
:106BE00040F4807001490860704700000070004068
:106BF00010B504460E48006844600E4800688442A0
:106C000007D20B480168091D0B48006801F042F8E3
:106C10000CE007480168091D0848006801F03AF8CF
:106C200007480068844201D20548046010BD000096
:106C3000040E0020180E00200C0E0020080E00206C
:106C4000340E00202DE9F04105460F461FB9A8007B
:106C500000F054F900E03846064656B1542000F0E2
:106C60004DF904460CB1266304E0304601F058F8B3
:106C700000E0002424B1A900A522206BDBF742FD2F
:106C80002046BDE8F081000070B523E001F0D6F8A1
:106C90001348006808B9012000E00020054601F013
:106CA00045FABDB901F01CF80D48C068C468201D44
:106CB00000F0CCFF0B480068401E0A4908600A48F3
:106CC0000068401E0849086001F01AF8204600F0EC
:106CD0000DF800BF044800680028D7D170BD00003F
:106CE000E8270020140E0020100E002010B50446E6
:106CF000206B01F015F8204601F012F810BD0000DD
:106D000030B54FF4A043174800F007042CB1C01D64
:106D100020F00700134C041B1B1B0246124C226080
:106D20000024114D6C60D018083820F007000F4C7B
:106D3000206000240D4D2D686C600C4D2D682C607A
:106D40001146441A4C60094C24680C60084D4C688C
:106D50002C60084D4C682C604FF00044064D2C60B0
:106D600030BD000010280020400E0020480E0020FA
:106D7000500E00204C0E0020540E002000BFFFF7E4
:106D800083FF034800680128F9D900F0F7FFF6E710
:106D9000202700202DE9F04704460F461646994665
:106DA000DDF82080002507E0795D04F134004155CD
:106DB000785D00B902E06D1C102DF5D300BF0021F5
:106DC00043200155072E00D30626E662201D00F061
:106DD0005EFF04F1180000F05AFF2461C6F10700BD
:106DE000A06164620020E06484F85000BDE8F08790
:106DF00010B5002407E004EB84010F4A02EB810088
:106E000000F038FF641C072CF5D30C4800F032FF6B
:106E10000B4800F02FFF0B4800F02CFF0A4800F051
:106E200029FF0A4800F026FF044809490860044881
:106E30000849086010BD000020270020AC27002072
:106E4000C0270020D4270020E8270020FC270020AE
:106E5000080E00200C0E002010B50146164800E078
:106E6000006803688B42FBD30246436813448B429D
:106E700004D143684C682344436001460A464B688A
:106E800013440468A34211D10C4C03682468A34244
:106E900008D04B680468646823444B6003681B682F
:106EA0000B6005E0054B1B680B6001E003680B609D
:106EB000884200D0016010BD400E0020480E002026
:106EC0000A490968096809B9012100E0002121B1D6
:106ED0004FF0FF31064A116006E004490968C968AD
:106EE000C868034A4168116070470000080E00201E
:106EF000340E0020DBF7F6F900BFFEE72DE9F04184
:106F000005464FF0000800F099FF2B48006808B9CB
:106F1000FFF7F6FE294800682840002847D145B110
:106F2000083505F0070020B105F00700C0F10800A2
:106F30000544002D3BD022480068854237D8214EB9
:106F40003046046801E0264624686068A84202D200
:106F500020680028F7D118480068844227D030689C
:106F600000F10808206830606068401B102807D9CD
:106F700067196068401B786065603846FFF76CFFF2
:106F80000F4960680968081A0D49086008460068DA
:106F90000D490968884203D2094800680A49086017
:106FA000064960680968084360600020206001F0BD
:106FB000BDF84046BDE8F081480E0020540E002088
:106FC0004C0E0020400E0020500E0020001F4FF0FD
:106FD00080730360001F0160001F034B03601438BF
:106FE0000260203870470000F56E02080F4A5168B1
:106FF0000F4A1140082814D2DFE800F00405060704
:10700000130A130B00BF00BF00BF41EA803109E043
:1070100000BF20F004004FF0805242EA803211435A
:1070200000E000BF00BF014A5160704700100240FD
:10703000FF3FFFEF0348006A20F4803001490862F7
:1070400070470000001002400348006A40F480309E
:107050000149086270470000001002402DE9F14F1D
:107060008DB000200B9051A090E8004CC068CDE995
:1070700005BECDF810A007900FF2341ADAE9000A25
:10708000CDE9020A0FF2281ADAE9000ACDE9000A6E
:107090004A484068C0F381000C900C9820B1012848
:1070A00004D002284DD103E045494CE045494AE06F
:1070B0004248406800F48039B9F5803F26D1414B01
:1070C0003E48C06A00F480300A900A98B0F5803FCC
:1070D00012D13A48C06AC0F30310401C08903748E8
:1070E000C06AC0F30320871C112F00D11427089811
:1070F000B3FBF0F000FB07F33048C06A00F00F006C
:10710000401C09900998B3FBF0F300E02E4B2B488C
:107110004068C0F383422948406800F0005008B13D
:1071200042F010020F2A01D2921C00E0521C03FB15
:1071300002F10F2A04D103EB4300400000EB53019E
:1071400001E01F4900BF00BF1C484068C0F30315A1
:1071500004A8465D21FA06F418484068C0F30225E9
:1071600002A8465D24FA06FC14484068C0F3C22514
:107170001DF8056024FA06F80D9830B1012806D0F4
:10718000022806D003280AD106E00B9108E00B94F0
:1071900006E0CDF82CC003E0CDF82C8000E000BF65
:1071A00000BF0B980EB0BDE8F08F0000000000009B
:1071B0000000000001020304060708090010024055
:1071C00000127A00001BB70000093D000146074A83
:1071D00002EB9110006801F01F0301229A40104059
:1071E00008B1012070470020FCE7000000100240B9
:1071F000064A02EB9011096800F01F0301229A4031
:107200001143024B03EB90121160704700100240D3
:10721000F0B506460024002700251A2E66D005DCAE
:107220008EB3102E0BD0182E70D14FE01C2E6FD0C5
:10723000B6F5006F14D0B6F5106F79D134E004E0E4
:107240001120FFF7C3FF0546641C1DB94FF6FF7000
:107250008442F5D11120FFF7B9FF00B1012768E0A2
:1072600005E040F60100FFF7B1FF0546641C1DB9BB
:107270006FF07C408442F4D140F60100FFF7A6FF96
:1072800000B1012755E0FFE704E00120FFF79EFF72
:107290000546641C15B9B4F5A06FF6D10120FFF7BF
:1072A00095FF00B1012744E005E040F60110FFF72B
:1072B0008DFF0546641C15B91F488442F5D140F680
:1072C0000110FFF783FF00B1012732E004E019202D
:1072D000FFF77CFF0546641C15B917488442F6D1B8
:1072E0001920FFF773FF00B1012722E004E01B2003
:1072F000FFF76CFF0546641C15B90F488442F6D1B0
:107300001B20FFF763FF00B1012712E010E0FFE749
:1073100004E01D20FFF75AFF0546641C15B9064816
:107320008442F6D11D20FFF751FF00B1012700E094
:1073300000BF00BF3846F0BDFFFF0F00064A02EB5A
:107340009011096800F01F0301229A401143024B7B
:1073500003EB90121160704700100240064A02EBE6
:107360009011096800F01F0301229A409143024BDB
:1073700003EB90121160704700100240064A02EBC6
:107380009011096800F01F0301229A401143024B3B
:1073900003EB90121160704700100240044A116A1A
:1073A00021F4407141EA0002014B1A62704700006B
:1073B000001002400348006840F0100001490860D6
:1073C00070470000042800400348006820F01000C7
:1073D000014908607047000004280040002003496C
:1073E0000868091F096840EA014070471C280040EE
:1073F00000B50246FFF7DEFF100C0449086090B2AA
:10740000091D0860FFF7E0FF00BD000018280040DC
:10741000024909680143014A116070470028004091
:1074200000BF0348006800F020000028F9D0704732
:107430000428004000B50246FFF7BCFFC2F303403A
:107440000349086090B2091D0860FFF7BDFF00BD49
:10745000082800400648006820F008000449086039
:1074600000BF0348006800F008000028F9D070470A
:107470000428004000B587B00F4800F047F8684680
:1074800000F091F8002001904FF4827000900020ED
:107490000290032005904FF400700390082006909E
:1074A000002004906946044800F064F8024800F0A7
:1074B0000AF807B000BD000000300140016821F06B
:1074C000400101607047016841F040010160704770
:1074D00010B54FF4C060FFF731FF40F20C60FFF7CA
:1074E0002DFF40F20260FFF729FFA023032218219D
:1074F0000448FFF726F85023012210210148FFF726
:1075000020F810BD00080140C160704710B5044666
:107510001348204470B1B0F5806F14D0B0F5784FA7
:107520001AD14FF44370FFF729FF4FF44370FFF770
:1075300015FF12E040F20E40FFF720FF40F20E4030
:10754000FFF70CFF09E040F20F40FFF717FF40F292
:107550000F40FFF703FF00E000BF00BF10BD0000B9
:1075600000C8FFBF02469068084008B1012070477C
:107570000020FCE702460020106800F441500B6830
:1075800018434B6818438B681843CB6818430B6942
:1075900018434B6918438B6918431060D36923F46F
:1075A0000063D36170470021016041608160C16068
:1075B000416181617047000000200021334A126858
:1075C00042F48032314B1A6000BF401C2F4A1268CF
:1075D00002F4003119B94FF6FF729042F5D12B4AEF
:1075E000126802F400320AB900BFFEE7274A526867
:1075F000264B5A601A4652685A601A46526842F43C
:1076000080625A601A465268214B1A401F4B5A60DA
:107610001A4652681F4B1A431C4B5A601A46D26ACC
:107620001D4B1A40194BDA621A46D26A1B4B1A4399
:10763000164BDA621A46126842F080621A6000BF86
:10764000124A126802F00062002AF9D00F4A12684A
:1076500042F080720D4B1A6000BF0C4A126802F0B3
:107660000072002AF9D0094A526822F00302074B3F
:107670005A601A46526842F002025A6000BF034A3A
:10768000526802F00802002AF9D070470010024048
:10769000FFFFC3DF0000052000F0FEFF2908010006
:1076A00010B5FFF789FF10BD10B504463349601AC5
:1076B0008C4244D00CDCB4F1804F1CD030482044C4
:1076C00010B3B0F5806F28D0B0F5006F52D12DE027
:1076D000B0F5806F3CD0B0F58E3F03D0B0F5923F4F
:1076E00048D13EE040F20B30FFF748FE40F20B304D
:1076F000FFF734FE3FE04FF48060FFF73FFE4FF4AA
:107700008060FFF72BFE36E040F20140FFF736FEC7
:1077100040F20140FFF722FE2DE040F20240FFF769
:107720002DFE40F20240FFF719FE24E040F2034034
:10773000FFF724FE40F20340FFF710FE1BE040F28B
:107740000440FFF71BFE40F20440FFF707FE12E083
:1077500040F20540FFF712FE40F20540FFF7FEFD44
:1077600009E040F20D30FFF709FE40F20D30FFF75F
:10777000F5FD00E000BF00BF10BD0000001000409C
:1077800000FCFFBF016841F001010160704700008B
:107790000A888262294A904220D0B0F1804F1DD0E1
:1077A000274A90421AD0274A904217D0264A904240
:1077B00014D0264A904211D0254A90420ED0254A34
:1077C00090420BD0244A904208D0244A904205D0DF
:1077D000234A904202D0234A90420FD1026822F0FD
:1077E0007002026002688B7803F060031A43026043
:1077F00002680B7903F010031A4302608A68C262C0
:10780000194A90420CD0194A904209D0026822F4D9
:107810004072026002688B8903F440731A4302606D
:10782000064A904202D0094A904201D18A7B026303
:10783000426942F00102426170470000002C0140A1
:107840000004004000080040000C004000340140EB
:10785000004C01400050014000540140001800401D
:10786000001C0040002000400010004000140040B8
:10787000C2680A43C2607047CA4302617047024649
:10788000D06800EA01031069084010B10BB1012073
:1078900070470020FCE700210180418081804FF685
:1078A000FF71816000218181817370472DE9F0476C
:1078B00004460D460027B846B94600261D49601A01
:1078C0008C421CD006DC1C48204470B1B0F5806F9F
:1078D0001FD10FE0B0F5806F16D0B0F56C4F18D106
:1078E0000320FFF7BBFB074614E00220FFF7B6FBBF
:1078F00007460FE00220FFF7B1FB07460AE002202F
:10790000FFF7ACFB074605E00220FFF7A7FB0746A1
:1079100000E000BF00BF07EB5500B0FBF5F64FF6E7
:10792000F07006EA000806F00F0948EA0900A060B6
:10793000BDE8F087004C004000BCFFBF70B50446B6
:107940000D461D4951F8240000F042F81A4951F83B
:1079500024002946FFF7AAFF174951F82400002107
:1079600000F06CF9144951F82400002100F056F998
:10797000114951F82400002100F040F90E4951F856
:107980002400002100F0DAF80B4951F8240000210E
:1079900000F0CCF8084951F82400042100F036F931
:1079A000054951F82400082100F040F9024951F836
:1079B000240000F055F870BDFC97020801464868A5
:1079C000C0F308007047C1F308024260704700002E
:1079D00010B504462049601A8C4228D006DC1F48A6
:1079E000204490B1B0F5806F33D117E0B0F5806FCF
:1079F00026D0B0F56C4F2CD140F20E30FFF7BEFC14
:107A000040F20E30FFF7AAFC24E040F21140FFF7ED
:107A1000B5FC40F21140FFF7A1FC1BE040F2124020
:107A2000FFF7ACFC40F21240FFF798FC12E040F286
:107A30001340FFF7A3FC40F21340FFF78FFC09E06F
:107A400040F21440FFF79AFC40F21440FFF786FC26
:107A500000E000BF00BF10BD004C004000BCFFBFF5
:107A6000C16841F40051C160704710B5024602EB95
:107A70009110006801F01F040123A340184008B1D1
:107A8000012010BD0020FCE710B504464FF4C06093
:107A9000FFF754FC1E4931F81400FFF74FFC1D4955
:107AA00031F81400FFF74AFC1B4931F81400FFF7C6
:107AB00045FC01211948FEF7A3FD194901EBC4015A
:107AC0004B68174951F8340003220421FEF739FDB1
:107AD000144901EBC4014B68124951F834000322E8
:107AE0001821FEF72EFD104901EBC4014B680E4929
:107AF00051F8340003221021FEF723FD0A4A02EB5D
:107B0000C4025168084A52F83400FEF711FD10BD56
:107B10000C980208149802081C9802080002300011
:107B2000DC970208BC9702089C9702080A460021CD
:107B3000416921F400711143416170470A460021F7
:107B4000416921F4807111434161704710B5C1F35F
:107B50008912825801F01F040123A3409A43C1F304
:107B60008913C25010BD10B5C1F38912825801F0BB
:107B70001F040123A3401A43C1F38913C25010BD4F
:107B800010B500EB91521268C1F304440123A340E5
:107B90009A4300EB91531A6010BD70B50246002362
:107BA0000024C1F38910105801F01F060125B540CB
:107BB00000EA050302EB91500068C1F30446012579
:107BC000B54000EA050414B10BB1012070BD0020DE
:107BD000FCE7000070B5044604EB4403064D2B445B
:107BE0009A7804EB44032B44597804EB4403E85C93
:107BF000FEF794FF70BD000024980208C26822F4CA
:107C0000C062C260C2680A43C26070470A4600216F
:107C1000C16821F004011143C1607047026922F478
:107C20004052026102690A43026170470A4600211C
:107C3000C16821F008011143C1607047C26822F495
:107C40008052C260C2680A43C260704701460A6936
:107C5000D1E901309860D1E9010358605068884249
:107C600001D188685060002008611068401E1060D3
:107C70001068704700F1080141604FF0FF318160EA
:107C800000F10801C160016100210160704700211D
:107C90000161704710B502460B685C1C0CB9106995
:107CA00007E002F1080000E04068446824689C4254
:107CB000FAD944684C604C68A160886041600A61F0
:107CC0001468641C146010BD42684A6093688B603D
:107CD000936859609160086103685B1C036070479A
:107CE00010B5DAF7FFFA05480068401C0349086040
:107CF000BFF34F8FBFF36F8F10BD00003C0E00200D
:107D000010B506480068401E04490860084600682F
:107D100010B90020DAF7EDFA10BD00003C0E00208B
:107D200070B506463546D6B1083D2C460C4960680C
:107D30000968084098B1206888B9094960680968ED
:107D40008843606000F07AF8064960680968084472
:107D5000044908602046FFF77FF800F0E7F970BD9E
:107D6000540E00204C0E002003484FF0E0214861E3
:107D700007200861704700003F1901004FF0805054
:107D800003490860BFF34F8FBFF36F8F7047000048
:107D900004ED00E070B504460026DCB100F04EF8BA
:107DA0000E48006805190E480068001DFFF74EFFD9
:107DB00050B90B48006890F82C1001208840094900
:107DC00009688143074801602846FEF711FF00F06B
:107DD000ADF906460EB9FFF7D1FF70BD180E0020B1
:107DE000040E00201C0E00201FB500200090019002
:107DF0000290034680220BA103900C4800F080F80B
:107E00000446012C0CD1DAF76DFAA01E084908606F
:107E100001200849086000200749086000F046F882
:107E20001FBD000049444C45000000007D6D020864
:107E3000340E0020200E0020180E0020024800689A
:107E4000401C014908607047380E00201248006845
:107E500018B10120114908601DE000200F49086099
:107E60000F480068B0FA80F0C0F11F0101EB8102F9
:107E70000C4B03EB820042685268426000F108023A
:107E80004368934202D14268526842604268D268B5
:107E9000054B1A6000BF7047380E0020280E0020E6
:107EA0001C0E002020270020040E002010B50A48D8
:107EB000006840F47F00084908600846006840F008
:107EC0007F400860FFF750FF002004490860DAF7A0
:107ED000D7F9002010BD000020ED00E03C0E00208E
:107EE00010B5DAF7FFF900F091F818B14FF08050B3
:107EF000024908600020DAF7FCF910BD04ED00E04B
:107F00002DE9FF4F81B0804615469946DDE90E7A8E
:107F100028461099FEF796FE0446002C52D0681EA3
:107F2000216B01EB800B2BF0070B00953A462046A6
:107F3000119B0299FEF72EFF4A4641465846FFF72D
:107F400045F82060BAF1000F01D0CAF80040FFF7F1
:107F5000C7FE25480068401C234908602348006884
:107F600040B9224804600846006801280CD1FEF799
:107F70003FFF09E01E48006830B91C480068C06A2D
:107F8000B84201D8194804601A480068401C1949D1
:107F9000086008460068606494F82C10012088404E
:107FA00015490968084314490860E16A01EB810139
:107FB000124A02EB8100211DFFF786FE0126FFF722
:107FC0009FFE01E04FF0FF36012E09D108480068FE
:107FD00030B106480068C06AB84201D2FFF7CEFE51
:107FE000304605B0BDE8F08F140E0020040E0020CE
:107FF000200E0020300E00201C0E00202027002024
:108000000149086870470000180E00202DE9F04172
:1080100000273B480068002865D13A480068401CAA
:1080200038490860084606688EB93748D0F800809D
:1080300036480068344908603448C0F80080344845
:108040000068401C32490860FEF73AFF00BF314823
:10805000006886423BD300BF2B480068006808B91F
:10806000012000E0002020B14FF0FF3029490860D6
:108070002CE025480068C068C4686568AE4202D23A
:108080002448056022E0201DFFF7E0FDA06A18B13A
:1080900004F11800FFF7DAFD94F82C100120884055
:1080A0001D49096808431C490860E16A01EB810128
:1080B0001A4A02EB8100211DFFF706FE1849E06A0B
:1080C0000968C96A8842C7D30127C5E700BF1448B9
:1080D0000068C06A00EB8000104951F820000128B8
:1080E00006D9012704E00F480068401C0D490860CC
:1080F0000D48006800B101273846BDE8F081000056
:10810000380E0020180E0020080E00200C0E002053
:108110002C0E0020340E00201C0E002020270020F2
:10812000040E0020240E0020280E002070B500252B
:10813000FFF7D6FD2C480068401E2B490860084612
:10814000006800284BD129480068002847D024E067
:108150002748C068C46804F11800FFF777FD201DA8
:10816000FFF774FD94F82C1001208840214909681C
:10817000084320490860E16A01EB81011E4A02EBD5
:108180008100211DFFF7A0FD1C49E06A0968C96A4A
:10819000884202D301201A4908601548006808B9CE
:1081A000012000E000200028D2D01648006878B1F5
:1081B0000AE0FFF72BFF10B10120114908601148B8
:1081C0000068401E0F4908600E4800680028F0D182
:1081D0000B480068012802D10125FFF7CFFDFFF70A
:1081E0008FFD284670BD0000380E0020140E0020C0
:1081F000D42700201C0E002020270020040E002081
:10820000280E0020240E002010B500290AD008787E
:10821000002807D005487844DAF7C6FA002801D0CC
:10822000002010BD0248784410BD0000EE1F000081
:10823000E61F000002468A4201DA104670470846EF
:10824000FCE710B50446204600F0C5F808B1002050
:1082500010BD2089401CA18990FBF1F201FB1200A6
:1082600020810120F4E701460A89486800EB0210EA
:10827000704770B504460D46204600F09DF808B1E1
:10828000002070BD6189606800EB011095E84E0028
:108290004EC06089401CA18990FBF1F201FB1200E5
:1082A00060810120EDE710B50446606820B1606888
:1082B000FCF790FE0020606010BD000070B5044621
:1082C0000D46094820602801FEF718FE0646666044
:1082D000A581A28911016068DAF73EFA00202081A9
:1082E0006081204670BD0000949A020810B50446D3
:1082F000034820602046FFF7D6FF204610BD00004F
:10830000949A020810B50446204600F088F808B197
:10831000002010BD2089401CA18990FBF1F201FBD7
:10832000120020810120F4E701460A8948681044C0
:10833000704770B504460D46204600F061F808B15C
:10834000002070BD28786289616888546089401C6B
:10835000A18990FBF1F201FB120060810120F0E79E
:1083600010B50446606820B16068FCF733FE002059
:10837000606010BD70B504460D4608482060284670
:10838000FEF7BCFD06466660A581A1896068DAF744
:10839000C1F9002020816081204670BDA49A0208A6
:1083A00010B50446034820602046FFF7D9FF204659
:1083B00010BD0000A49A020801464889401C8A8921
:1083C00090FBF2F302FB13000A89904201D10120D5
:1083D00070470020FCE7014608894A89904201D194
:1083E000012070470020FCE7014648890A89801A6D
:1083F0008A89104490FBF2F302FB130080B27047AD
:1084000001464889401C8A8990FBF2F302FB130065
:108410000A89904201D1012070470020FCE7014603
:1084200008894A89904201D1012070470020FCE769
:1084300021F00042A2F16052B2F5801F01F000432A
:1084400028BFD2F17F6C0BD95FEA001C43EAC2025D
:1084500042EB507018BF704728BF20F001007047F2
:10846000B2F5801FBCBF184670474FEA410C1CF59F
:10847000001F02D2084601F03EB870B500F0C8FBFC
:1084800000000089FFF7F6BF4FF00040A0F5800024
:108490007047000010B591EA030F48BF83F0004316
:1084A00000F15484841A71EB030C05D2121943EBCA
:1084B0000C03001B61EB0C01DFF824E14FEA1154BF
:1084C000A4EB135C1EEA430F18BF9EEA445F73D00F
:1084D00023EA0E03DCF1200E21EA045143F4801359
:1084E00032D322FA0CFE10EB0E0023FA0CFE41EB05
:1084F0000E01CCF1200E03FA0EFE10EB0E0051F12E
:108500000001B1F5801FCCF1200E32D201EB0451F5
:1085100012FA0EF2BDE8104058BF7047401C38BF39
:108520005FEA420218BF7047002814BF20F0010024
:1085300041F100014FEA410313F5001F38BF7047B6
:10854000A1F1C04100F0B2BB012A43EB0302ACF140
:10855000200CDCF11F0E32BF4FF0000E23FA0CF39B
:1085600010EB030041EB0451B4EB115FD0D0A1EB51
:10857000045101F5801149085FEA300001EB045114
:108580000ED350F1000038BF12FA0EFE08D1BDE83C
:108590001040C9E7401C38BF5FEA4202CAD1C3E7B6
:1085A000BDE810404FEA410313F5001F38BF704784
:1085B000A1F1C04100F07ABB9EEA445F08D011EA05
:1085C0005E0FBDE8104004BF01F00041002070477D
:1085D000BDE8104070B500F01BFB00BF64FBBE3E61
:1085E0000000E0FF02494FF0000001F03CB800BF7E
:1085F0000000F87F491058BFC1F140415B1058BFDF
:10860000C3F140438B42EFF3008070472DE9C04136
:1086100030B4DFF8A0C23CEA111418BF3CEA1314CE
:1086200000F0EC8081EA03051CEA111444EAD574D9
:1086300018BF1CEA131500F0C780A4EB05044FF027
:10864000004545EAC12145EAC32341EA505143EAC6
:10865000525304F17F74994204F500344FEAC0206C
:108660004FEAC22208BF904200F09C804FEA136597
:108670000FF24016765D4FEA134506FB05F7C7F18A
:10868000807706FB07F74FEAD737A7FB03687642E8
:10869000C8F58038A7FB06CE38BFA8F1010807FB54
:1086A00008E64FF0000EA6FB028CE6FB03CEDCF1E1
:1086B000000CCEF1004E38BFAEF1010EA6FB0C58F7
:1086C0004FF000074FF00005E6FB0E87A1FB08C640
:1086D000A0FB07CE16EB0E0645F10005E1FB076592
:1086E00015F1E04E7EBFA4F580345FEA46066D4189
:1086F00016F1800745F100054FEA17274FEA066695
:1087000047EA0567A6F1DE46B6F1805F4FEA152518
:108710001FD9384624F0010C05EBC471BCF1FE6F83
:1087200001EB0C1102D8F0BCBDE8008124425CBF13
:1087300001F5801E9EEAC47F02D4F0BCBDE8008132
:10874000244238D4F0BCA1F1C041BDE8004100F0A2
:10875000ADBA4FEAD22242EA43524FEAD323A7FBF3
:1087600002864FEAD02040EA415007FB03661EEA2A
:108770000E0F4FEAD12105FB026658BFA6EB00564B
:10878000B6EB00564FEA520E4EEAC37E18EB0E0EC1
:1087900056EB530EBDD518EB02085E417F1C55F118
:1087A0000005B6E74FF480154FF000074FF00006C4
:1087B0004FF00008ADE7F0BC4FF0000001F1C04100
:1087C00001F00041BDE8008111EA0C1F0CEA13150D
:1087D00000D00CE013EA0C1F00F025804FF00000E1
:1087E000F0BC81EA030101F00041BDE80081F0BC6A
:1087F000BDE8004181EA030100F058BAF0BCBDE8D1
:10880000004170B500F004FA097EFC3E00F007B8A4
:1088100081EA03014FF0000001F00041704781EA56
:10882000030100F043BAF0BCBDE800414FF0000086
:1088300021497047FFFDFBF9F7F5F4F2F0EEEDEB9F
:10884000E9E8E6E4E3E1E0DEDDDBDAD8D7D5D4D34E
:10885000D1D0CFCDCCCBCAC8C7C6C5C4C2C1C0BF9A
:10886000BEBDBCBBBAB9B8B7B6B5B4B3B2B1B0AFA0
:10887000AEADACABAAA9A8A8A7A6A5A4A3A3A2A184
:10888000A09F9F9E9D9C9C9B9A999998979796953F
:1088900095949393929191908F8F8E8E8D8C8C8BDB
:1088A0008B8A898988888787868585848483838263
:1088B000828181800000FF070000F87F51EA030CED
:1088C00017D41CF5801F58BFBCF5801F00F106802F
:1088D000994218BF704708BF9042704707D711F5FB
:1088E000801F58BF13F5801F19D4994270478942E1
:1088F00070471CF5801F08D5BCF5801FF7D58B424B
:1089000018BF704708BF824270474FF4001C1CEB31
:10891000410F38BF1CEB430F01D28B42704770B53B
:1089200000F076F9922449004FF000514FF0805347
:10893000FFF760BE4FEA41034FEA5353A3F580634C
:10894000D3F11E03C8BFD3F1210C0CDD4FF0004260
:1089500042EAC12242EA505232FA03FC8CEAE17C3C
:10896000ACEBE1707047102BC4BF0020704703F5DB
:10897000787CBCF1FF3F04D06FF0004282EA210016
:10898000704770B500F044F9499224800020704788
:10899000F2E700004FEA1153A3F58063D3F11E0301
:1089A000A8BFD3F1200C08DB4FF0004242EAC122FD
:1089B00052EA505232FA03F0704709420BD4102B9E
:1089C000C4BF0020704703F5787CBCF1FF3F05D0A1
:1089D0004FF0FF3070474FF00000704770B500F067
:1089E00017F900BF4992248000207047F0E710F08B
:1089F000004248BF4042B0FA80F310FA03F10AD0B7
:108A0000C3F11D0303F580634FEA415002EB0352AB
:108A100002EBD12170474FF000007047B0FA80F3AD
:108A200010FA03F10AD0C3F11D0303F580634FEA86
:108A300041504FEA035202EBD12170474FF0000042
:108A40007047000051EA030C17D41CF5801F58BF73
:108A5000BCF5801F00F10680994218BF704708BF1F
:108A60009042704707D711F5801F58BF13F5801F3C
:108A700019D499427047894270471CF5801F08D568
:108A8000BCF5801FF7D58B4218BF704708BF8242E4
:108A900070474FF4001C1CEB410F38BF1CEB430F19
:108AA00001D28B42704770B500F0B2F892244900B1
:108AB0004FF000514FF08053FFF79CBDDFF848C1E5
:108AC00070B51CEA111E1EBF1CEA13159EEA0C0F9E
:108AD00095EA0C0F00F06F8081EA030423EA4C133F
:108AE0004EEAD47E21EA4C1141F4801143F4801304
:108AF000AE44A1FB024CA0FB0365AEF17F7E3619AC
:108B000055EB0C05A1FB034C4CF10003A0FB021C30
:108B100016EB0C06654153F10003094218BF46F0FD
:108B2000010613F4007F0BD14FEA03314FEA053001
:108B3000340341EA155140EA16506FF003020AE08F
:108B40004FEAC3214FEAC520F40241EA555140EAF9
:108B500056506FF0020202EB2E4201EB025585EAFD
:108B6000CE710AD05FEA440C18BF24F0004450F1E3
:108B7000000041F1000120EAD47040F2FE7C624521
:108B800000D270BDA84214BF4FF080444FF0404463
:108B9000002E08BF0024BEF1806FA8BFA1F1C04124
:108BA000BDE8704080F282804FF0000001F1C041CA
:108BB00001F0004170479EEA0C0F0CEA131518BF34
:108BC00095EA0C0F06D04FF0000081EA030E0EF07C
:108BD000004170BD00F01CF88900013E00F007B8AC
:108BE00000F009B84FEA430C5FEA5C5C08D081EA08
:108BF000030100F05BB84FEA410C5FEA5C5CF6D120
:108C00004FF00000014970470000FF070000F87FA7
:108C10000EF1020E2EF0030E5EF8046B364205D400
:108C2000012A43EB030515F5001F12D8012841EB7B
:108C3000010C1CF5001F0CD80ED14FEAD17C15F5A4
:108C4000001F0CEB4C0C0CF1020C08BF4CEBD37C5E
:108C500004E04FF0080C01E04FEAD37C0CEB4C052C
:108C600026FA05F606F00706B6F1040C06D20EEB5E
:108C7000860CBDE870404CF0010C6047DFE80CF05A
:108C8000090B02024FF000414FF00000A1F5002156
:108C900070BD19461046012851EB010418BFD4F5E8
:108CA000001484BF002001F0004170BD0808A0F549
:108CB00000114FEA3101704753EA010C17D41CF53B
:108CC000801F58BFBCF5801F00F106808B4218BF83
:108CD000704708BF8242704707D713F5801F58BFFF
:108CE00011F5801F19D48B4270479B4270471CF5C9
:108CF000801F08D5BCF5801FF7D5994218BF704773
:108D000008BF904270474FF4001C1CEB430F38BF64
:108D10001CEB410F01D2994270470FB40CBC03BC4D
:108D2000FFF7C1BE91EA030F10B581F000413FF596
:108D3000B9AB83F0004300F009B8000010B591EA28
:108D4000030F48BF83F000433FF5ACAB841A71EBCF
:108D5000030C07D212198CF0004C43EB0C03001BE0
:108D600061EB0C01DFF8A4E14FEA1154A4EB135CB2
:108D70001EEA430F18BF9EEA445F00F0B08023EA6A
:108D80006E03524221EA0451C3EB6E0338BF5B1EEF
:108D9000DCF1200E25D322FA0CFE10EB0E0043FA74
:108DA0000CFE41EB0E01CCF1200E03FA0EFE10EB8F
:108DB0000E0051F10001CCF1200E29D412FA0EF26E
:108DC00001EB0451BDE8104058BF7047401C1CBF68
:108DD000B2F1004F704700280CBF491C20F0010081
:108DE000704712EB020E43EB030218BF4FF0010E67
:108DF0004EEA4202ACF1200CDCF11E0E54D943FACB
:108E00000CFE10EB0E0051F1FF31CCF11E0ED5D54A
:108E10000EF1010E12FA0EFE404141EB010101EB91
:108E2000445C5FEA5C5C10D910EBDE7001EB04512E
:108E300038BFBEF1004FBDE8104018BF7047002892
:108E40000CBF491C20F00100704730D24FEAD42CEF
:108E500011F5001124F400641BD0B1FA81F20B3A31
:108E6000A41AA41ED2F12003914030FA03F319434F
:108E7000904001EBCC71002C01EB0451BDE8104097
:108E8000A8BF704701F1C0414FF0000001F0004160
:108E90007047B0FA80F310FA03F100D110BDE41A64
:108EA000173C4805C90AE4E701EB045110BD49101D
:108EB00001EB0451BDE810404FEA300002E04FF0F2
:108EC000000170474A0008BF0042F8D0B2F5001F09
:108ED00028BF704701F000414FF0000070479EEA44
:108EE000445F07D011EA5E0FBDE8104004BF0021C7
:108EF00000207047BDE8104070B5FFF789FE00BF45
:108F000040DFF63E83F00041104670470000E0FF6E
:108F100043004FEAD30C4FEA3C0C43401FBF4007CD
:108F20000CF1605113F0FE4F70471CF0006F03D13D
:108F300000200CF0004170470CF0004343EA5070F1
:108F400010B540EACC0000F090FA00BF000000929B
:108F50004FEA0001FFF7AABE4FF000414FF00000BA
:108F6000A1F500217047000090EA010F48BF81F091
:108F7000004100F10883421A3CBF801A89184FEA69
:108F8000D0524FF07F4C1CEA410FA2EBD15318BFD7
:108F90009CEA026F00F03B804FF0004C4CEA00204E
:108FA0004CEA012121FA03FC10EB0C0C1ED202F159
:108FB000FF325FEA1C2040EBC25038BF70471CF004
:108FC0007F0F4FEA400C18BFBCF17F4F38BF70478E
:108FD000C3F12003994008BF20F00100BCF17F4F8E
:108FE00038BF7047A0F1C04000F085BA4FEA3C009E
:108FF000000A40EBC25028BF1CF0FF0F4FEA400CA4
:10900000E6D018BFBCF17F4F38BF7047EAE79CEA53
:10901000026F05D010EA5C0F08BF00F000407047F7
:1090200010B500F022FA00BF64FBBE3E401058BFEE
:10903000C0F14040491058BFC1F140418142EFF3B7
:10904000008070474FF47F0C1CEAD0121EBF1CEA50
:10905000D11392EA0C0F93EA0C0F00F0858090EA8E
:10906000010F48BF42F4807240F4000C41F400004C
:109070002CF07F4120F07F4000B58142A2EB03023B
:109080000FF2081CACEB504EC0F100009EF800E05F
:109090004FEA4E0E00FB0EFC38BF49004FEA2C1C75
:1090A00002F5FA020CFB0EF34FEACE1E4FEA112C2A
:1090B0004FEAC1210EEB635E42EB22420EFB0CFC39
:1090C0004FEA1C5300FB03114FEA112C4FEA013108
:1090D0000EFB0CFC4FEADC4C00FB0C11C14228BF1C
:1090E00009184CEB03335DF804EB10EB410143EB43
:1090F000C250B2F57C0F38BF704729D512F0F00F7F
:109100001CBF00F1C04000F0004070470081828326
:109110008485868788898B8C8D8E8F919293959686
:1091200097999A9C9D9FA0A2A3A5A7A8AAACAEB010
:10913000B2B3B5B7B9BCBEC0C2C5C7C9CCCED1D415
:10914000D7D9DCDFE2E6E9ECF0F3F7FAFE00000045
:109150004FEA400C0CF1807CBCF17E4F28BF704779
:10916000B0F1C04000F0C7B990EA010F0CEAD1138A
:1091700048BF42F48072624538BF634507D213F49A
:109180007F0F16D080EA010000F00040704710B554
:1091900000F06BF9097EFC3E00F005B880EA0100A2
:1091A00000F00040704780EA010000F0004000F04D
:1091B000A2B912F47F0F04BF0248704780EA010091
:1091C00000F099B90000C07F50EA010C00F1138053
:1091D0001CF5000F58BFBCF5000F01D48842704742
:1091E00007D710F5000F58BF11F5000F15D48842AE
:1091F0007047894270471CF5000F04D5BCF5000F7D
:10920000F7D5814270474FF0807C1CEB400F38BF90
:109210001CEB410F01D28142704710B500F025F9D7
:10922000922449004FF000504FF08051FFF7FEBEEE
:1092300041000B0ED3F19E0208D950F400034FEA0F
:10924000032323FA02F048BF4042704710B500F0F4
:109250000CF900BF49922480002070476FF0004253
:1092600082EA200070470000C10DD1F19E0206DBAA
:109270004FEA002343F0004323FA02F07047004214
:1092800007D54FEA4001B1F1FE4F02D24FF0000086
:10929000704710B500F0E9F849922480002070472B
:1092A0006FEA20007047000010F0004148BF4042C4
:1092B000B0FA80F310FA03F2C3F19D030BD051EA28
:1092C000C35101EB1220530638BF704700F1010073
:1092D00008BF20F001007047B0FA80F310FA03F2E3
:1092E000C3F19D030AD0D90501EB1220530638BF04
:1092F000704700F1010008BF20F001007047000036
:1093000050EA010C00F113801CF5000F58BFBCF5AA
:10931000000F01D48842704707D710F5000F58BFDF
:1093200011F5000F15D488427047894270471CF52B
:10933000000F04D5BCF5000FF7D5814270474FF000
:10934000807C1CEB400F38BF1CEB410F01D28142E7
:10935000704710B500F089F8922449004FF0005092
:109360004FF08051FFF762BE4FF47F0C1CEAD01221
:109370001EBF1CEAD11392EA0C0F93EA0C0F00F007
:10938000478090EA010F48BF42F480724FF0004CD2
:109390004CEA00204CEA012102EB0302A0FB01137E
:1093A000A2F50002002918BF43F001035B0028BFAB
:1093B0004FEA330342EB22425FEA132C4CEBC250DC
:1093C0002EBFBCEB436FB2F57C0F70474FEA036CC6
:1093D000BCF1004F08BF20F00100B2F57C0F38BF90
:1093E00070470BD582F0FF0212F5803FC8BF70476F
:1093F00000F1C040D8BF00F00040704700F5000CFD
:109400005FEA4C0C48BF7047B0F1C04000F073B841
:1094100090EA010F0CEAD11348BF42F48072624512
:1094200038BF634504D280EA010000F00040704775
:1094300010B500F01AF800BF8900013E00F007B82F
:1094400000F009B85FEA410C5FEA1C6C08D080EAC2
:10945000010000F050B85FEA400C5FEA1C6CF6D1E6
:109460004FF00040A0F5800070470EF1020E2EF084
:10947000030E5EF8044B244204D44FEA4102B2F1D9
:109480007F4F11D84FEA4003B3F17F4F0CD80ED174
:109490004FEAD07CB2F17F4F0CEB4C0C0CF1020C7C
:1094A00008BF4CEBD17C04E04FF0080C01E04FEA20
:1094B000D17C0CEB4C0324FA03F404F00704B4F160
:1094C000040C06D20EEB840CBDE810404CF0010CED
:1094D0006047DFE80CF0070802024FF00040A0F5FB
:1094E000800010BD0846420018BFD2F1807288BFCC
:1094F00000F0004010BDFF2141EAD050C005704788
:1095000051EA000C00F113801CF5000F58BFBCF5A8
:10951000000F01D48142704707D711F5000F58BFE3
:1095200010F5000F15D481427047894270471CF531
:10953000000F04D5BCF5000FF7D5884270474FF0F7
:10954000807C1CEB410F38BF1CEB400F01D28842DE
:10955000704780EA010081EA000180EA0100FFF71C
:10956000F8BE80F0004090EA010F7FF504AD81F075
:10957000004100F008B8000090EA010F48BF81F0F8
:1095800000413FF5F8AC421A04D882F00042A0EB4B
:10959000020011444FEAD0524FF07F4C1CEA410FB9
:1095A000A2EBD15318BF9CEA026F4AD04FF0004C97
:1095B0004CEA00204CEA012121FA03FCB0EB0C0C30
:1095C0000FD412F0FE0F36D05FEA4C001DD500120A
:1095D00040EBC25038BF70471CF03F0F18BF7047B8
:1095E0000BE0A2F101025FEA1C2040EBC25038BF41
:1095F00070471CF07F0F18BF7047C3F120039940DC
:1096000014BF401E20F00100704780084FEA12236B
:1096100008BF7047B0FA80FCA2EB0C02CCF1280C1A
:1096200060FA0CF093EA122F04BF00EBC2507047AF
:109630004FEAC3707047130A5FEADC1008BF704737
:10964000F6E79CEA026F04D010EA5C0F08BF002026
:10965000704710B5FFF709FF40DFF63E81F000408C
:109660007047D9F703BB0CF00F03092B08BF082084
:1096700000F059800A2B0BD0082B18BF704708BF89
:109680001CF0400F0AD04FF000004FF0000170476F
:109690001CF0400F18BF4FF0004070471CF0100F37
:1096A00008D020F0704300F07F4242EAD3014FEA35
:1096B0004370704700F0604021F07F4242EA0002B0
:1096C00001F07F4040EA727070474FF0FF0C4CF49D
:1096D000E06C1CEA11531CBF9CEA030C9445C2BF0A
:1096E000DA4201EB02517047002B0DD0BCF1000FA4
:1096F0000FD0002A01F00041A4BF41F0E04141F049
:109700007F614FF00000704701F000414FF0000012
:10971000704750EA01334FF09B0C18BF4CF0806C3F
:109720007EF460AF70471CF4801F11D01CF4E02F52
:1097300003D06FEACC31490070474FF04050EFF34F
:10974000008222F0704242EA000282F300887047F1
:109750004FF00000704700000008014000100000BA
:10976000000C01400020000000080140000800003B
:10977000000C014000100000006400400068004040
:1097800019071A07020603061300013F010114001E
:1097900000400100150000410100000000080140E8
:1097A000000100000014014080000000001801408A
:1097B0000080000000080140008000000008014017
:1097C000000200000014014020000000000C0140D5
:1097D00000040000001001400004000000080140E7
:1097E000000400000014014040000000000C014093
:1097F000000800000010014000080000003801408F
:109800000044004000480040004C00400E06110794
:1098100012071307020605060306040602060506DC
:109820000606020625000226000327010234010372
:109830001F1C1F1E1F1E1F1F1E1F1E1F0003002098
:10984000B801002000000000FA020020B60100204C
:1098500000000000FC020020C40100200000000005
:10986000DC0C0020B401002000000000FA020020FF
:10987000B601002000000000FA020020B60100201E
:1098800000000000FC020020C401002000000000D5
:1098900000030020B801002000000000DC0C0020C4
:1098A000B401002000000000DC0C0020B401002006
:1098B000000000004D4E432D454E00302E30007B01
:1098C000227265706C79223A224F4B227D007B22F6
:1098D0007265706C79223A224552524F52222C22E4
:1098E00074797065223A0022436865636B53756D25
:1098F000204572726F72227D00224C656E6774681B
:10990000204572726F72227D002243757272656EFD
:1099100074205061636B6574204572726F72227D92
:109920000022436F6D6D616E64204572726F72220A
:109930007D00000011110808131312121202120008
:109940000201020102010C0D0E010F0000010002D4
:109950000100020004000800008020001000000840
:1099600000100000000017010004040206020802B3
:109970000A020C020E02100212021402160100006A
:10998000DC0C0020B4010020000000003031323334
:109990003435363738394142434445464030580023
:1099A0003031323334353637383961626364656655
:1099B000403078000000000004FA97999999D93F47
:1099C000AF788E1DC571CC3F9FC678D0099AC33F32
:1099D000935555555555E53F599322942449D23F07
:1099E000DE03CB966446C73F44523EDF12F1C23FCE
:1099F000000000000000000002400000000000A085
:109A00000000000005400000000000C80000000049
:109A10000C4000000000409C0000000019400000C5
:109A20000020BCBE0000000034400000BFC91B8EF7
:109A300000000004B5400000504BCFD06607E2CFD5
:109A4000010000006C4100003E8251AADFEEA73405
:109A500001000000D9420000DCB5A0E23A301F97B7
:109A6000FFFFFFFFB4450000FD25A0C8E9A3C14FDB
:109A7000FFFFFFFFFF3F000000000080000000002C
:109A8000FF3F000000000080000000000000000018
:109A900000000000ED82020800000000000000004D
:109AA00000000000A1830208000000002020202008
:109AB000000000002020000020000000C8DBCBBF19
:109AC00028312900C8DBCBBF28322900B5E7C1F710
:109AD0003128412900000000B5E7C1F732284129AB
:109AE00000000000B5E7D1B9285629002A0000007F
:109AF0002D2D000031303030000000003131303089
:109B00000000000031303000313230300000000001
:109B100032303000333030003430300035303000F7
:109B200036303000373030003830300039303000D7
:109B30003130000030000000D3C3BBA7B5E7C1F748
:109B400031000000B5E7B3D8B5E7C1F73100000038
:109B5000D3C3BBA7B5E7C1F732000000B5E7B3D860
:109B6000B5E7C1F732000000330000003400000008
:109B7000350000003600000037000000380000000B
:109B8000390000004100000042000000B5E7B3D8F2
:109B9000534F4300430000005A544B440000000060
:109BA00044000000415745534F4D4500450000001B
:109BB00046000000C1AACDA835470000D2C6B6AF06
:109BC00035470000B5E7D0C535470000B9E3B5E734
:109BD000354700004A470000304B0000434C00006E
:109BE000534C00004E4A50004A5000004349435431
:109BF0000000000035375600343856005459000034
:109C00004D656E7465636800CEB4B4A5B7A200005C
:109C1000D2D1B4A5B7A20000D2ECB3A300000000DB
:109C2000D5FDB3A300000000CEB4B6A8000000002C
:109C3000CEB4B0F3B6A80000D2D1B0F3B6A80000FD
:109C4000CBF8B6A800000000C1AACDA80000000013
:109C5000B3A3BFAA00000000D2D1B6CFBFAA0000B4
:109C6000B6CFBFAA00000000D2C6B6AF0000000009
:109C7000D7D4B6AF00000000B9ABB9B2B8E6BEAFFA
:109C800000000000BBB7BEB3B8E6BEAF00000000E6
:109C9000CAE4B3F6B5E7D1B9B8E6BEAF000000003C
:109CA000C8DBCBBFB8E6BEAF00000000C4A3BFE96D
:109CB000B9CAD5CFB8E6BEAF00000000CAE4C8EB11
:109CC000B9CAD5CFB8E6BEAF00000000C8BCC1CF4E
:109CD000B2BBD7E3B8E6BEAF00000000B8E6BEAF47
:109CE000BBD6B8B40000000020B6CCC2B70000005C
:109CF000B5E7B3D8B7D6C2B700000000B5CDD1B92B
:109D00000000000041CFE0B5E7D1B90042CFE0B597
:109D1000E7D1B90043CFE0B5E7D1B900B5E7B3D893
:109D2000B5A5CCE5B5E7D1B900000000CAE4B3F6AB
:109D3000B5E7D1B900000000CEACBBA4C4A3CABD36
:109D400000000000B2E2CAD4C4A3CABD00000000F3
:109D5000C8ABB2BF00000000B7D6C2B7C8DBCBBFEC
:109D600000000000B5E7B3D8C8DBCBBF000000009F
:109D7000C6F4B6AFBDB5CEC200000000BDFBD3C374
:109D80000000000020B9FDB7C50000003130BAC5A1
:109D9000000000003230BAC5000000003330BAC500
:109DA000000000003430BAC5000000003131BAC5EF
:109DB000000000003231BAC5000000003331BAC5DE
:109DC000000000003431BAC50000000031BAC500FF
:109DD0003132BAC5000000003232BAC500000000BE
:109DE0003332BAC5000000003432BAC500000000AA
:109DF00032BAC5003133BAC5000000003233BAC5EB
:109E0000000000003333BAC5000000003433BAC587
:109E10000000000033BAC5003134BAC500000000AC
:109E20003234BAC5000000003334BAC50000000067
:109E30003434BAC50000000034BAC5003135BAC5A3
:109E4000000000003235BAC5000000003335BAC545
:109E50000000000035BAC5003136BAC50000000068
:109E60003236BAC5000000003336BAC50000000023
:109E700036BAC5003137BAC5000000003237BAC55E
:109E8000000000003337BAC50000000037BAC50033
:109E90003138BAC5000000003238BAC500000000F1
:109EA0003338BAC50000000038BAC5003139BAC528
:109EB000000000003239BAC5000000003339BAC5CD
:109EC0000000000039BAC500B5E7D0C500000000A9
:109ED000CAC70000BBB7BEB3CEC2B6C80000000000
:109EE000B5E7B3D8CEC2B6C800000000B5CDB9C83A
:109EF00000000000C6F4B6AFBCD3C8C80000000024
:109F0000BDBBC1F7C6B5C2CA00000000B9FDB5CDE2
:109F100000000000C6BDB6CE0000000020464C4147
:109F20005348B9CAD5CF0000CDA8D0C5B9CAD5CF3E
:109F300000000000B2E2CAD400000000B3A3B1D513
:109F400000000000B7C0C0D700000000B5E7B3D8DC
:109F500000000000B1BEB5D800000000B7C0C0D7F7
:109F6000BFAAB9D800000000B9FDD4D80000000095
:109F7000CEDE0000B9FDB8DF00000000D0DDC3DF99
:109F800000000000C8B141CFE000000041CFE00078
:109F90004142CFE000000000C8B142CFE000000025
:109FA00042CFE0004143CFE000000000414243CFF8
:109FB000E00000004243CFE000000000C8B143CF02
:109FC000E000000043CFE000B5A5CFE000000000B6
:109FD000C8FDCFE000000000D0D0D2B5CDE2000037
:109FE000B5CDB5E300000000B8DFB5E30000000028
:109FF000B8A1B3E400000000D4A4B3E40000000062
:10A00000BEF9B3E40000000020B9FDB3E400000095
:10A01000B8DFB7E500000000BCE2B7E500000000D3
:10A02000CFF7B7E500000000CEB4B6A8D2E5000037
:10A03000CDA3B5E700000000B5E7B3D8B9A9B5E7EF
:10A0400000000000CAD6B6AFCFC2B5E700000000DE
:10A05000B5E7D1B9CFC2B5E700000000B5E7C1BF91
:10A06000CFC2B5E700000000B5E7B3D8CFC2B5E76F
:10A0700000000000B8BAD4D8CFC2B5E70000000095
:10A08000CAB1BCE4CFC2B5E7000000004255434B63
:10A09000B7C5B5E700000000424F4F5354B7C5B5F0
:10A0A000E7000000D6B1B7C5B5E70000B7C5B5E712
:10A0B00000000000CAD6B6AFC9CFB5E70000000067
:10A0C000B9E3B5E7000000004255434BB3E4B5E700
:10A0D00000000000424F4F5354B3E4B5E7000000C6
:10A0E000D6B1B3E4B5E70000CDE2C9E80000000056
:10A0F000C4A3BFE900000000CAD0B5E7CAE4C8EBBA
:10A1000000000000D3CDBBFACAE4C8EB0000000099
:10A11000D1CCCEED00000000B7F10000B5A5CFF224
:10A1200000000000CBABCFF20000000020B5A5CCB2
:10A13000E5D1B9B2EEB4F300BFD5B5F70000000029
:10A14000CFDEC1F700000000C4A3BFE9CAE4C8EB3A
:10A15000B5E7C1F700000000BFAABBFA000000008D
:10A16000B1A3BBA4B9D8BBFA00000000B9CAD5CFCF
:10A17000B9D8BBFA00000000C6F4B6AFB7A2B5E785
:10A18000BBFA0000B7E7BBFA00000000B4FDBBFA61
:10A1900000000000C3C5BDFB00000000C1AACDA89F
:10A1A000C6E4CBFC00000000D2C6B6AFC6E4CBFCD0
:10A1B00000000000B5E7D0C5C6E4CBFC00000000FD
:10A1C000B9E3B5E7C6E4CBFC00000000C7E5B3FD8A
:10A1D00000000000CBAEBDFE00000000CCFACBFEBC
:10A1E0000000000054A2020800000020EC0E000055
:10A1F0008C21000800A90208EC0E002084AE0000AB
:10A20000E82100081C00000043000000F8FFFFFFE9
:10A210000C0000000E0000000F0000002E000000E7
:10A2200055B0FFFF1DB1FFFF1DB0FFFFEDB0FFFFF9
:10A2300021AFFFFFB1AFFFFFF9B0FFFFD9B1FFFFC3
:10A2400031AFFFFF59AFFFFF7DAFFFFFD9AFFFFF7A
:10A25000B5AFFFFF133C0F1B2054041ACC041AFCAB
:10A26000041AE404C112084704085F030408132811
:10A2700014280A202687F437FE5FB73804290C21FA
:10A28000800F803F2BF637C07F6A304033C461BFF8
:10A29000320183100E2D2C01441558031E2602296D
:10A2A0003601161008E614081624130A1C58020575
:10A2B0002629022815504690657017C012A816501E
:10A2C00014F2127017E803E010181408076E281132
:10A2D00024137017CEFFE2FF1815EC13D0072C01E2
:10A2E0000212C8490216D007F401341409020112FF
:10A2F0000212831204120512061A07E81409040A4E
:10A3000012091203121F123C127812B41AF0B60886
:10A3100010176801A401E0011C0258029402D00247
:10A320005A1A0A17B41A0B160E011A0A172C1A1207
:10A33000011415037B10082A120201BA027B1008CF
:10A34000F8110143921F1E1EE80302848E0863D099
:10A350000712C82B88130223C0126B7017024132F8
:10A360006449F4432C01165014DC050112010A75EE
:10A37000FF01398531198417285A0102B6B60E1B20
:10A38000073A0C0C3301193412013B0202063A0160
:10A39000013A02011A034E4A1E0A1A030312FF72FF
:10A3A000FFF20A397512FF1A2643011AB21E08106D
:10A3B000113132333435363738394142434445461A
:10A3C00011180B422B40414043C0A8017004FA0110
:10A3D0001F291539EE12774A200101245D10014032
:10A3E00008085A040839B3190839C319081129494A
:10A3F00045180140401908395819085A10083940C1
:10A400001908394019083940190839401A144029E7
:10A410002129082931290829418A0C20690839385D
:10A420001908394819083958190839681930112993
:10A4300029195811292929082929290829292908E8
:10A440002929290859B01129B12970290829402939
:10A45000382908A2800213053B84214291DACC10EE
:10A4600001201A0B01410B2C08223801B852E11AC5
:10A47000010281CA200171400918A10208D09E0280
:10A480000813EC051F20F49B0208F804411AFC1085
:10A490001ED49C0208DC0441130C06180B20709F8C
:10A4A00002082C9D02088C241A04081A0C041A14A1
:10A4B000041A48481EE8A002081C0C1119241A842A
:10A4C000041A98041ABC041A58141AF4441AF020F6
:10A4D0001AE06C1AD4041A4C181A38101A94381A44
:10A4E000D4041A10042A443819081A38041AF81C1B
:10A4F0001A04081A5C141A64401EBC9A0208C404A8
:10A500002980411AB80C1ACC182AF08019501A3830
:10A51000041A54041A70041A8C041AA8042AC40CCD
:10A5200019201AAC042AD08419041A18141A3C04ED
:10A530001A58041A74041A90041AAC041A941C1AB7
:10A54000B4041AD8041AFC041A20141A44041A6019
:10A55000041A7C041A98041AB4042A9C8C19041A4C
:10A56000E0041A04102A28CC19041A68041A840476
:10A570001AA0041ABC041AA4201AC4041AE8041A63
:10A580000C101A300469B81A0CC41A74041B189CF5
:10A590006019041A84EC1A2C101A28041A300C1AA8
:10A5A00068081AFC181A1C082AE82019442A0824EA
:10A5B0004AA14413A4061B201C04135C072A205044
:10A5C0001ACC184BD89B1C1AAC141AD40C5AFC1079
:10A5D0001AC0101AE40C5AE8101AD0102A980C1954
:10A5E000581AEC085AA4181AE0181AAC4C1A186831
:10A5F0001A10041A147C5AECB41AF00C1119141A1B
:10A6000034081AAC0829A4396C19305A200C1AB431
:10A610000C5ADC4C290C5AE00C1310081B20F85C77
:10A620001A28081A34041A4004A9502A700C311A46
:10A6300060181A7C0C1A58CC1A70041AF044411A8B
:10A64000400C1A20AC1A2C1C69141A8C2C2A783055
:10A6500019041A281C0912B41AAC1C1AE8105AE082
:10A66000602AC8301D9D020804981A10041A1404A8
:10A670005A18A41AD81C29881AC4041AA0041AB497
:10A68000041A8C041AA4042A90F459445AF4441A63
:10A69000506C5A80F8131C091B20B40C69145A44DE
:10A6A00018DA30185A5C181A48181A50441A68B840
:10A6B0001A48041AC8B01AC01C1AD8642ADCF8193F
:10A6C00014411A60281A28181ABCA41AA8181AB417
:10A6D000081A9C081AC4081AB4081ACC081AC00828
:10A6E0002934293C5A4CA41A88381A58441A1C1880
:10A6F0001A2404411AC0141A7014299C2994412A5E
:10A70000D48819141A3C3829D4411A08105A1080D8
:10A710001AE820136C061B20A4044B5C07082904CC
:10A720002AF84C19341ABC281A90041AAC041AA03E
:10A73000041A84041A78041ACC041A70501AF4D833
:10A740001A78801A74705A687413200A1B20D03C3F
:10A750005AC8AC1A5C102A54BC19CC1A64041A6882
:10A76000041A6C04411A38085A500C1A84281A44E6
:10A770000C5A5C101A94101BCC9AF819041AE404B1
:10A78000411AA41429981A04241A10041A14041A39
:10A7900018041A1C041A20041A24041A28041A2C57
:10A7A000041AF4341AFC045A08501AB83C1A340C2F
:10A7B000E9881A70041A74041A78041A7C041A803E
:10A7C000041AEC382904411AF438A9040926441A59
:10A7D00084041A88041A94041AA0041AAC046AB0F7
:10A7E000F8120B0A1A20041E309C020838045A4042
:10A7F00004411A9C1809267C5A30C4411AB4381EE8
:10A80000709F0208F8041EE0A00208A4041AC804FD
:10A810001AD4041A8C042A98081AA11019681A600C
:10A82000081A6C041E389D020844041A7C345A1815
:10A83000801AEC48130A03422013340C5B201B0CD3
:10A840001A400C4BD6050C1A4C0C2165D204F203AD
:10A850005A010411A2FF3BA8222C1B010119053843
:10A860000AFB2C7B13E8027B20FF011963990C0182
:10A87000263F03030606060401300D1C1A1B14169E
:10A88000171516131D1E1F1AE0A4320529043514CE
:10A89000141E1E02148C39DC011F02110A15071048
:10A8A000300E13121010152210010F011010041099
:10A8B0007D02010102104202040506140102080C87
:10A8C0001F01080308715BD6060869120A1E089961
:10A8D00093102702383C1AAA01011982517A01010A
:10A8E00001263AFF01793E09121F3113AC7C9220F8
:10A8F000BB02B42719D1425A336E036C1185C61DB1
:04000005080021517D
:00000001FF
