:020000040800F2
:10200000A8BE00200123000809230008893B00081E
:102010000D2300080F230008112300080000000012
:102020000000000000000000000000005D22000829
:102030001523000800000000A1220008A57D020869
:102040001B2300081B2300081B2300081B23000878
:102050001B2300081B2300081B2300081B23000868
:102060001B2300081B2300081B2300081B23000858
:102070001B2300081B2300081B2300081B23000848
:102080001B2300081B2300081B230008113B00082A
:10209000F13A0008013B00081B2300081B2300083D
:1020A0001B2300081B2300081B2300081B23000818
:1020B000153F00081B2300081B2300081B230008F2
:1020C0001B2300081B2300081B2300081B230008F8
:1020D0001B230008C13F00081B230008D13F000854
:1020E0001B2300081B2300081B2300081B230008D8
:1020F0001B2300081B2300081B230008000000000E
:102100001B230008000000001B2300081B230008FD
:10211000B13F00081B2300081B2300081B230008F5
:102120001B2300081B2300081B2300081B23000897
:102130001B2300081B2300081B230008413B000849
:10214000213B0008313B00081B2300081B2300082B
:1021500000F002F800F073F80AA090E8000C824446
:102160008344AAF10107DA4501D100F068F8AFF223
:10217000090EBAE80F0013F0010F18BFFB1A43F065
:10218000010318472C7F02004C7F02000A444FF0E5
:10219000000C10F8013B13F0070408BF10F8014BC6
:1021A0001D1108BF10F8015B641E05D010F8016B0B
:1021B000641E01F8016BF9D113F0080F1EBF10F86F
:1021C000014BAD1C0C1B09D16D1E58BF01F801CB92
:1021D000FAD505E014F8016B01F8016B6D1EF9D515
:1021E0009142D6D37047000000230024002500262A
:1021F000103A28BF78C1FBD8520728BF30C148BF6A
:102200000B607047662927F08E81782900F00C81D9
:10221000002070471FB59DE8030000F0C5FE00F0E8
:10222000A3FE04000020002125F050FFE06000F034
:10223000FFFA1FBD10B5002022F063FE10BD00F0B4
:10224000FBFF1146FFF7E6FF24F032FB01F033F805
:1022500003B4FFF7EFFF03BC01F03AF8204B196815
:102260000868B0E8F00F80F30988BFF36F8F4FF074
:10227000000080F311884EF00D0E70470000000042
:1022800006480068006880F3088862B661B6BFF34C
:102290004F8FBFF36F8F00DF00BF00BF08ED00E07E
:1022A000EFF30980BFF36F8F0D4B1A6820E9F00F31
:1022B000106008B54FF0BF0080F3118825F028FDAD
:1022C0004FF0000080F31188BDE8084019680868E5
:1022D000B0E8F00F80F30988BFF36F8F704700BF3D
:1022E0000C0E0020EFF311804FF0BF0181F3118835
:1022F000704780F311887047EFF305807047000046
:102300000948804709480047FEE7FEE7FEE7FEE789
:10231000FEE7FEE7FEE7FEE7FEE7FEE704480549C5
:10232000054A064B70470000953E00085121000801
:10233000A87E0020A8BE0020A89E0020A89E002005
:10234000B2F120030AD5C2F1200301FA02F120FA0A
:1023500003F300FA02F041EA0301704700FA03F1C7
:102360004FF00000704710B54C1084EA530404D5B8
:102370004042C1F1000138BF491E1B4204D5524200
:10238000C3F1000338BF5B1E00F0BEFA14F0804FAB
:1023900004D04042C1F1000138BF491E14F0004F83
:1023A00004D05242C3F1000338BF5B1E10BD0000D1
:1023B0000FB41CB5074B06AA7B44694600900598EC
:1023C00000F08FFD0020694600F09EFD1CBC5DF80A
:1023D00014FB00004D0B000070B5044685690068D1
:1023E000C10601D5302600E02026C00707D070BD09
:1023F000D4E9012130469047206A401C20626D1EBE
:10240000F6D570BD70B5044685690078C00707D160
:1024100070BDD4E9012120209047206A401C206231
:102420006D1EF6D570BD000070B504460D46214600
:102430001068AFF300802188090502D50F4A7A445D
:1024400002E00E4A7A440E32002104F1240305E032
:1024500000F00F060009965D5E54491C0028F7D174
:1024600020780023000704D5702D02D009B1022383
:1024700011322046BDE8704000F0C8BA0E74020068
:102480002DE9F0474FF0000A89460446C0F820A025
:102490002046E1688847002876D0252806D0D4E970
:1024A00001219047206A401C2062F1E7E168204644
:1024B00000258847C4F81CA006460027C4F818A0C9
:1024C0002A2E09D0304622F017FF38B304EB8708D4
:1024D000303EC8F8186019E059F8041B204604EB98
:1024E00087029161E1688847012F064618D1E069AB
:1024F000002820DA25F020051DE0D8F8180000EBB0
:10250000800006EB40003038C8F818002046E1682B
:102510008847064622F0F0FE0028EED1012F0AD0AF
:102520002E2E08D12046E16888477F1C0646022FE0
:1025300045F02005C4DBA069002803DA404245F0DD
:102540000105A061E80701D025F01005B6B1A6F19C
:102550004100192802D8203645F400654A46314624
:10256000204625604D46FFF74DFE58B1012806D0A4
:10257000ED1D25F0070000F1080989E704E005F1E9
:10258000040985E730468AE7206ABDE8F087000045
:10259000014A00F0BFBC0000F00E002030B5054637
:1025A0000B462A4613F8014B12F8010B08B1A04262
:1025B000F8D01CB1002802D06D1CF1E7284630BDD0
:1025C00010B5431C02E010F8011B71B18107FAD16C
:1025D0004FF0013202C88C1A8C4314EAC211F9D0B0
:1025E000C01A0A0603D0C01E10BDC01A10BD0A04CE
:1025F00001D0801E10BD0902FCD0401E10BD421E3D
:1026000012F8013F002BFBD111F8013B002B02F81F
:10261000013BF9D17047032A40F2308010F0030CDF
:1026200000F0158011F8013BBCF1020F624498BF25
:1026300011F801CB00F8013B38BF11F8013BA2F1C2
:10264000040298BF00F801CB38BF00F8013B11F03D
:10265000030300F02580083AC0F0088051F8043BDD
:10266000083A51F804CBA0E80810F5E7121D5CBF4A
:1026700051F8043B40F8043BAFF30080D20724BF7D
:1026800011F8013B11F801CB48BF11F8012B24BF11
:1026900000F8013B00F801CB48BF00F8012B704760
:1026A00010B5203AC0F00B80B1E81850203AA0E8ED
:1026B0001850B1E81850A0E81850BFF4F5AF5FEA21
:1026C000027C24BFB1E81850A0E8185044BF18C9D4
:1026D00018C0BDE810405FEA827C24BF51F8043B7B
:1026E00040F8043B08BF7047D20728BF31F8023BCF
:1026F00048BF11F8012B28BF20F8023B48BF00F863
:10270000012B704702F0FF0343EA032242EA024230
:1027100000F002B84FF000020429C0F0128010F05F
:10272000030C00F01B80CCF1040CBCF1020F18BFAD
:1027300000F8012BA8BF20F8022BA1EB0C0100F040
:102740000DB85FEAC17C24BF00F8012B00F8012B13
:1027500048BF00F8012B70474FF0000200B5134648
:1027600094469646203922BFA0E80C50A0E80C50B1
:10277000B1F12001BFF4F7AF090728BFA0E80C5062
:1027800048BF0CC05DF804EB890028BF40F8042B5B
:1027900008BF704748BF20F8022B11F0804F18BFC8
:1027A00000F8012B704700004FF0013C50F8042B5B
:1027B00051F8043B9A4221D1A2EB0C03934313EA54
:1027C000CC1317D150F8042B51F8043B9A4215D181
:1027D000A2EB0C03934313EACC130BD150F8042B58
:1027E00051F8043B9A4209D1A2EB0C03934313EA3C
:1027F000CC13DBD04FF00000704700BFD01A01BAF5
:10280000B1FA81F101F0180122FA01F0CB40C1F1D7
:102810002001DBB2C0B2C01A2CFA01F3D11A9143E5
:1028200011EAC311E6D17047704770477047000046
:1028300070B5064C7C44064D7D4403E0206820447E
:102840008047241DAC42F9D170BD0000B47802006D
:10285000E4780200004870477C7E002070B5064690
:1028600000F07EFB056806F10B0020F00704B4427F
:102870009CBF002070BD2B466A68BAB11068A042A8
:1028800010D304F1080188423CBF5068586007D358
:102890005168101941601168091B0160586014608B
:1028A000101D70BD13465268002AE7D12146284604
:1028B00000F066FB0028DED170BD70B50446051F30
:1028C00000F04EFB0068002C14BF446870BD002C63
:1028D00018BFAC423CBF20466468F8D301680A18B0
:1028E000AA4218BF456003D12A6805461144016019
:1028F00028684119A1421CBF6C6070BD61686960A5
:1029000021680844286070BD53EA020C00F0698019
:102910002DE9F04B4FF00006002B1FBFB3FA83F5F3
:1029200003FA05F424FA05F65E4012BF1643B2FA24
:1029300082F502FA05F4C5F120051EBF22FA05FC56
:1029400044EA0C04203556EA044C4FEA144418BFFC
:10295000641C4FF000084FF00009904271EB030C2B
:1029600039D3002919BFB1FA81F701FA07F6B0FA95
:1029700080F700FA07F6C7F120071EBF20FA07FC10
:1029800046EA0C062037B6FBF4FCA7EB0507103F20
:1029900007F01F0BCBF120060CFA0BFB2CFA06F606
:1029A00044BFB3460026202FA4BF5E464FF0000B65
:1029B0005BEA060C08BF4FF0010B19EB0B09ABFBF0
:1029C000027C48EB0608C01B06FB02CC0BFB03CCC9
:1029D00071EB0C01C1E70B46024641464846BDE893
:1029E000F08B13B54FF000004FF00001AFF3008003
:1029F000BDE81C40704710B500F0BAFA006810BD81
:102A000010B5044600F0B4FA046010BD2DE9F0479B
:102A10000D4699469246044600F12408016888064E
:102A200004D5E06921F01001216000E00120A842F6
:102A300001DD471B00E00027A1697A1902EB0900BC
:102A4000081AA0612078C00602D42046FFF7C4FC13
:102A5000002608E0D4E901211AF806009047206A10
:102A6000401C761C20624E45F4DB2078C0060AD557
:102A70002046FFF7B1FC06E0D4E901213020904761
:102A8000206A401C2062381EA7F10107F4DC07E031
:102A9000D4E9012118F805009047206A401C206203
:102AA000281EA5F10105F3DC2046FFF7ABFC2078DA
:102AB000000602D50220BDE8F0870120FBE7704741
:102AC0002DE9FF4F0C461E464FF0FF378BB0D2E981
:102AD0000001DDF860800A908A46C1F30A5505B905
:102AE0003D46002108464FF00000BAF1000F00F407
:102AF000400005DA00EB80004FF4400101EA50008D
:102B00004FEA9059B9F1010F00DDB9460A9850EA31
:102B10004A000ED044F61050A5F2FF3545432F145D
:102B2000B8F1000F1ED07542291E1EDDC9F100024A
:102B30001CE0B8F1010F4FF0000001D0302103E09C
:102B4000F24305E02154401CB042FBDB304600223A
:102B5000002121540B99C1F80880C1E900200FB071
:102B6000BDE8F08FBD1B6D1CDEE74A4600DA694206
:102B700006A800F0D5FA06AB93E8070003AB83E89C
:102B8000070050460A9900F0F7FB8DE80700A0F512
:102B900000501F3800900398002D09DD42F21F01FC
:102BA0004A46084403A90390684600F056FE08E030
:102BB000A0F500504A461F3803A90390684600F06C
:102BC00060FE8DE807000004000C03D04FF0FF30DA
:102BD000410800E01046B8F1000F03D00022009237
:102BE00015461EE0751E05D400F014FA3032625509
:102BF0006D1EF9D5B3460122084302D000227F1C86
:102C000004E02078302801D100227F1E002A099795
:102C100086D01DE0112D07DA00F0FCF93032625544
:102C20006D1C50EA0102F5D1084302D00098C8B1EA
:102C30000EE00021681E05E0235C625C63542254B0
:102C4000401E491C8142F7DBAB46A81B401E099081
:102C5000002004F80B000B98099AC0F80880C0E91E
:102C6000002B7CE711264FF0000859E72DE9F04FC3
:102C700088460446D21D22F0070191B0D1E9000137
:102C8000CDE90A0122F010F902460B98C00F01D0DD
:102C90002D2007E02068810701D52B2002E02021AC
:102CA00001EAC000032A099001D0072A05DB034688
:102CB0004146204600F0F4F90BE12078800601D56A
:102CC000E06900E00620B8F1650F814606D0B8F152
:102CD000660F18D0B8F1670F70D131E00020B9F15C
:102CE000110F009001DB112301E009F101030AAA91
:102CF00001A90CA8FFF7E4FEDDE90C70002609F13C
:102D00000105834647E001204B4600904FF0004705
:102D10000AAA01A90CA8FFF7D3FEDDE90DB00C99B2
:102D20005D46002610B909F101000D18B9EB050048
:102D300003D4C0F1FF3609F10105A5EB09002BE032
:102D4000B9F1010F01DA4FF001090020B9F1110FBB
:102D50000090484601DD112300E003460AAA01A9BC
:102D60000CA8FFF7ADFEDDE90C704D46002683464A
:102D7000207800070AD4AB4500DA5D4601A8012D92
:102D800004DD411911F8011C302907D04F4502DA42
:102D900017F1040F04DA012082460FE06D1EEEE702
:102DA000002F02DCED1B3E4403E0781CA84200DD4E
:102DB0007D1CB81B00F1010A4FF000472078000786
:102DC00003D4AA4501DB4FF0FF3A0021B7F1004FD1
:102DD0000DF143088DF8431024D002202B23002F3F
:102DE00001DA7F422D230A21021EA0F1010000DC3E
:102DF0005FB197FBF1FC97FBF1F201FB1C7C1746DE
:102E00000CF1300C08F801CDEEE7A8F101000370D9
:102E10002188090501D5452100E06521A0F10108BF
:102E200000F8011C09980FA9A1EB0807FF1D00B1CC
:102E30000120411901EBEA70A1693844081A401ECB
:102E4000A0612078C00602D42046FFF7C5FA099891
:102E500028B1D4E901219047206A401C20622078E3
:102E6000C00622D52046FFF7B7FA1EE0002E04DB8D
:102E7000B34502DD01A8805D00E03020D4E90121E6
:102E80009047206A401C2062761CAAF101005FEA8C
:102E9000000A0AD100F068F8C0680168405CD4E913
:102EA00001219047206A401C2062281EA5F10105DF
:102EB000DCDC07E0D4E9012118F8010B9047206A17
:102EC000401C2062381EA7F10107F3DC2046FFF703
:102ED00099FA032011B043E601694A1C026108789F
:102EE000704700B58FB0CDE901310021059105494A
:102EF0007944CDE9031011466846FFF7C1FA0FB0D7
:102F000000BD0000E5FFFFFF0A6802F8010B0A6040
:102F1000704700002DE9F04115460E46040002D12D
:102F20002C6804B90BA4204600F078F904442078FA
:102F300070B127463146384600F060F904442078E5
:102F400010B1002004F8010B38462C60BDE8F08178
:102F50000027F9E70000000000487047447E002089
:102F6000004870474C7E002000487047647E002077
:102F700000487047447E0020704770477047704794
:102F800038B504460A4600206946AFF300800028A1
:102F900008BF38BD02460099204600F072F90120B2
:102FA00038BD012000F08DB9F8B5AFF300800546BB
:102FB00000200C46102000BF0646A819A0420DD9DB
:102FC000324669460020AFF30080070008BF00F0DA
:102FD00078F90098A04218BF0546C419FFF7C0FF52
:102FE00005600746F01D20F007004619284600F04E
:102FF0000AF8B44208BFF8BDA21B31463868BDE8E4
:10300000F84000F03EB900210160C0E901107047AE
:103010001020704730B5B0F10A024FEA900E71F1FE
:1030200000034EEA817EB0EB0E0061EB91014FEAA6
:10303000101E4EEA017E10EB0E0041EB11114FEA1B
:10304000102E4EEA016E10EB0E0041EB11214FEAFB
:10305000104E4EEA014E10EB0E0041EB11414018AC
:1030600041F100014FEAD00040EA41704FEAD1013E
:1030700010EB80054FEA810444EA907444EB0104AC
:103080006D1944EB0404521BA3414FF0000348BFE9
:103090000A3200D530BD401C41F1000130BD0000B6
:1030A0002DE9F0411F46044603260168072A01F472
:1030B000006004DB08B116A505E016A503E008B121
:1030C00015A500E015A521F010002060A069C01E24
:1030D000A0610FB1401EA0612046FFF77DF94FB1FE
:1030E000D4E9012138469047206A401C2062C01C68
:1030F000206206E0206AFAE7D4E9012115F8010B05
:103100009047761EF8D22046FFF77CF9BDE8F081A3
:103110004E414E006E616E00494E4600696E66007B
:103120002DE9F047814616468AB0334878440DC8E9
:103130008DE80D0030487844801C03AC0DC884E84D
:103140000D0041F69B300844372190FBF1F290FBD3
:10315000F1F5A5F1800501FB12041B3C02D5644288
:10316000012000E00020DFF890A080460027FA440C
:10317000AAF1BE0A0DE0E00709D03246684607EB27
:1031800047010AEB810100F07CFB8DE80700641029
:103190007F1C002CEFD1184F7F44AC3F18E0E807AC
:1031A00014D007EB04100DF1180A90E80E008AE81D
:1031B0000E00C068F04201D198190890324606A965
:1031C00003A800F05EFB03AB83E807006D10641CEE
:1031D000002DE4D132466946B8F1000F03A802D0B1
:1031E00000F03BFB01E000F04CFBC9E90001C9F82D
:1031F00008200AB0BDE8F0870468020030B5034635
:103200001D781DB10A4603E0AC4201D1181A30BD49
:1032100012F8014B002CF7D15B1CF1E730B50346E7
:103220001D783DB10A4612F8014B1CB1AC42FAD1EF
:103230005B1CF5E7181A30BD7546FFF78DFEAE46EC
:1032400005006946534620F00700854618B020B5B2
:10325000FFF764F8BDE820404FF000064FF000078C
:103260004FF000084FF0000B21F00701AC46ACE82E
:10327000C009ACE8C009ACE8C009ACE8C0098D469B
:103280007047034640688C46002818BF88423CBF00
:1032900003464068F8D318681844884207D00CF1F8
:1032A000030020F00700001D411A521A0146081DB4
:1032B0000A60FFF702BB0446AFF300802046FEF72A
:1032C000C7FF10B500F010F8BDE8104000F007B8D7
:1032D00001491820ABBEFEE7260002007047002817
:1032E00001D0FFF7F5BF704710B5012805D00021C8
:1032F00003A000F021F8012010BD09A1F8E70000AB
:1033000053494752544D454D3A204F7574206F66CE
:103310002068656170206D656D6F72790000000036
:103320003A2048656170206D656D6F727920636F1A
:10333000727275707465640070B505460C460A209B
:1033400000E06D1C00F011F835B128780028F8D1A4
:1033500002E0641C00F009F814B120780028F8D1CC
:10336000BDE870400A20AFF3008008B569468DF8CB
:1033700000000320ABBE08BD5FEA400C08BF91F01F
:10338000000F4FEA8C234FEAC12243EA51514FEA22
:103390001C5018BF00F5F0404FEA300018BF41F054
:1033A00000415FEA6C5C00F02980BCF1FF3F08BF80
:1033B00040F080407047130C06BF12044FF0100C11
:1033C0004FF0000C130E04BF12020CF1080C130F87
:1033D00004BF12010CF1040C930F04BF92000CF116
:1033E000020CD30F04BF52000CF1010C11464FF038
:1033F0000002A0F11F00A0EB0C00704711F0004F7D
:1034000008BF704731F000413FF4D5AF0B0C06BF49
:1034100009044FF0100C4FF0000C0B0E04BF090212
:103420000CF1080C0B0F04BF09010CF1040C8B0FFD
:1034300004BF89000CF1020CCB0F04BF49000CF152
:10344000010CCCF12003A0EB0C0022FA03F302FAEA
:103450000CF241EA030100F10100704720F07F4CBB
:1034600080EA030023F07F47ACEB070303F57C53AE
:1034700000F0004003F1FF032DE980494FEA154BAE
:1034800009B44FEA144325EA0B4E24EA03480FF22D
:10349000042606EB132749083E785FEA320203FB55
:1034A0000667C7F5000707FB06F64FEA54374FEAF1
:1034B000D64606F1020607FB066CCCF1005C4FEA2B
:1034C0001C472CEA074C07FB06F40CFB06F504EB43
:1034D00015464FEA961634BF00204FF000404FEAE1
:1034E000D13706FB07FC4FEA1C4C0CFB0BF7D21B39
:1034F00003FB0CF761EB07010CFB0EF7B0EB074089
:1035000072EB17420CFB08F734BFA2EB0742B2EB99
:10351000074261EB17414FEA0C444FEA910706FB63
:1035200007FC4FEA1C4C0CFB0BF7B0EBC74072EBEF
:10353000573203FB0CF734BFA2EBC742B2EBC742D2
:1035400061EB57310CFB0EF7B0EBC70072EB577213
:103550000CFB08F734BFA2EBC702B2EBC70261EB6A
:103560005771039F4FEA816141EA921104EBCC0449
:103570004FEAD1374FEA826206FB07FC42EA90121B
:103580004FEA80604FEA1C4C0CFB0BF7D21B03FB8D
:103590000CF761EB07010CFB0EF7B0EB074072EB89
:1035A00017420CFB08F734BFA2EB0742B2EB07420D
:1035B00061EB17414FEA8C554FEA910704EB9C24CD
:1035C00006FB07FC4FEA1C4C0CFB0BF7B0EBC740AB
:1035D00072EB573203FB0CF734BFA2EBC742B2EBDE
:1035E000C74261EB57310CFB0EF7B0EBC70072EB33
:1035F00057720CFB08F734BFA2EBC702B2EBC7024D
:1036000061EB577115EB4C254FEA816141EA92114C
:103610004FEA82624FEAD13742EA901206FB07FC7A
:1036200044F100044FEA80604FEA1C4C0CFB0BF79E
:10363000D21B03FB0CF761EB07010CFB0EF7B0EBA1
:10364000074072EB17420CFB08F734BFA2EB0742AE
:10365000B2EB074261EB174115EB1C154FEA8131C4
:1036600041EA92414FEA823242EA90424FEA803088
:103670004FEA0C7644F1000448EA03434EEA0B4853
:103680004FF0000EB2EB080C71EB030724BF62464B
:1036900039464EEB0E0E4FF0000B001852414941D7
:1036A0004BEB0B0BB2EB080C71EB03077BF1000B40
:1036B00024BF624639464EEB0E0E4FF0000B001849
:1036C000524149414BEB0B0BB2EB080C71EB03077A
:1036D0007BF1000B24BF624639464EEB0E0E51EAD9
:1036E000020718BF46F0010616EB0E7655F10002F0
:1036F00054F1000103D5BDE88901BDE80088BDE8AB
:103700008901BDE80048B619524141EB0101A3F11E
:103710000103704780807F7E7D7C7B7A7978777625
:1037200076757473727171706F6E6E6D6C6C6B6A9E
:103730006A6968686766666564646363626161603C
:10374000605F5F5E5E5D5D5C5C5B5B5A5A595958B9
:103750005857575656555555545453535252525123
:10376000515050504F4F4F4E4E4D4D4D4C4C4C4B79
:103770004B4B4A4A4A4949494848484747474746C0
:1037800046464545454444444443434343424242FC
:1037900042414141002B26D4770021D01CB54FEA8D
:1037A000370703B44FF010004FF010014FF0000046
:1037B0000FBCBDE810400BF1010BBBF1010F08BFBE
:1037C0005FEA170722BF12F1010211F101014FF068
:1037D000004143F1000300F0004043EA000070475D
:1037E000F9D35708DAE746EA064613F1400F4FEAE5
:1037F00016461FDD13F1200FDFBF16430A460021D6
:1038000020335B42C8D0C3F1200746EA064602FADD
:1038100007F74FEA164646EA0706C3F1200722FAE1
:1038200003F201FA07F721FA03F14FF0000342EA2D
:103830000702B1E746EA020646EA06464FEA16469E
:1038400046EA0106BCBF46EA0646360C4FF00003C6
:103850004FF000024FF000019EE72DE9C04893466B
:1038600030B491E8380007C831EA400C48BF34EA68
:10387000430C03D5FFF7F2FDFFF78CFFF0BCBDE86A
:1038800000882DE9C048934630B491E8380007C855
:1038900010F0804F08BF13F0804F03D100F005F8FF
:1038A000FFF778FFF0BCBDE8008820F07F4780EA92
:1038B000030023F07F4C07EB0C03A3F57C5300F0CF
:1038C0000040A3F1FE0392F0000F00F0B38095F0EA
:1038D000000F00F077802DE901494FEA11404FEACF
:1038E000144621EA004800FB06FC24EA064708FBD0
:1038F00006F607FB08F800FB07F718EB06484CEB49
:10390000164C4FEA124B18EB07484FEA15464CEBA2
:10391000174022EA0B4E0BFB06FC25EA06470EFB7E
:1039200006F607FB0EFE0BFB07F71EEB064E4CEBF5
:10393000164C4FF000061EEB074E4CEB174B18EBE6
:103940000B0840F1000018EB0E0B58EB000840F19B
:1039500000008F1A4FF000013CBFC943661B14BF23
:10396000B5EB040C00213CBFC943F61B4FEA1744DA
:103970004EEA8E0E27EA04454FEA1C4704FB076215
:103980002CEA074C05FB07F70CFB05F604FB0CFCC7
:1039900016EB074642EB174216EB0C4642EB1C4275
:1039A0001BEB060658EB0202414146EA9E0601D592
:1039B000BDE80189B619524141EB0101A3F10103B0
:1039C000BDE801894FEA14454FEA114724EA05464C
:1039D00021EA074C05FB07F406FB07F70CFB06F191
:1039E00005FB0CFC11EB074144EB17444FEA12476F
:1039F00011EB0C4144EB1C4422EA074C05FB07F297
:103A000006FB07F70CFB06F605FB0CFC16EB07465E
:103A100042EB174216EB0C4642EB1C456A1854F178
:103A2000000148BF7047B619524141EB0101A3F1B3
:103A30000103704795F0000F37D04FEA11424FEA6B
:103A4000144721EA024624EA074C02FB07F106FB71
:103A500007F70CFB06F402FB0CFC14EB074441EBEC
:103A600017414FEA154714EB0C4441EB1C4125EA82
:103A7000074C02FB07F506FB07F70CFB06F602FBFB
:103A80000CFC16EB074645EB174516EB0C4645EBD1
:103A90001C42121951F1000148BF7047B61952413A
:103AA00041EB0101A3F1010370474FEA14454FEACE
:103AB000114724EA054621EA074C05FB07F106FBFE
:103AC00007F70CFB06F24FF0000605FB0CFC12EBAF
:103AD000074241EB174112EB0C4251EB1C4148BF2E
:103AE0007047921841EB0101A3F1010370470000F8
:103AF00010B50021014817F039F810BD440F00201F
:103B000010B50121014817F031F810BD440F002015
:103B100010B5024817F05AF810BD0000440F0020FD
:103B200010B50021014817F021F810BD5C0F0020EE
:103B300010B50121014817F019F810BD5C0F0020E5
:103B400010B5024817F042F810BD00005C0F0020CD
:103B500070B504460D46204621F0CCFE204622F0EA
:103B60001BFF2946204621F0CDFD064951F82400CF
:103B7000022121F084FF034951F82400012121F0A2
:103B80007EFF70BD3C96020810B510F079FE10BDA6
:103B90000146CA1701EB92729210A1EB820292B910
:103BA000642091FBF0F200FB121050B94FF4C87082
:103BB00091FBF0F200FB121008B9012070470020C1
:103BC000FCE70120FAE70020F8E7000070B50026C6
:103BD0000024002523F064FB06465548B6FBF0F4AC
:103BE00054480088A04246D052490C8040F2B27539
:103BF0000EE02846FFF7CCFF30B1B4F5B77F02D313
:103C0000A4F5B77402E006E0A4F26D14681C85B256
:103C1000B4F5B67FEDD800BF474805800088474916
:103C20008880002516E044480088FFF7B1FF30B1D6
:103C3000012D04D11D2C01D31D3C09E00CE04048AE
:103C4000405DA04203D83E48405D241A00E003E0F6
:103C5000681C85B21C2CE6D200BF681C3749096875
:103C600060F3995135480160601C3449096860F37C
:103C70005541324801602E48B6FBF0F100FB11645B
:103C80004FF46160B4FBF0F12C48006861F3103030
:103C90002A4908604FF46160B4FBF0F100FB114069
:103CA0003C21B0FBF1F12548006861F38B102349FA
:103CB00008604FF46160B4FBF0F100FB11403C215F
:103CC000B0FBF1F201FB12011C48006861F3050032
:103CD0001A490860084681881A48006861F31F5035
:103CE0001849086015480068810D1648006861F39E
:103CF00013401449086011480068410C11480068DD
:103D000061F3CF200F4908600C480068010B0D4893
:103D1000006861F38A100B49086008480068810D4B
:103D20000848006861F3134006490860002070BD30
:103D3000805101009204002090040020840400209F
:103D4000F49602088C0400202DE9F05F06460F4629
:103D500090469946DDE90AAB002440F2B2708642F3
:103D600003DB40F63300864202DD0120BDE8F09F10
:103D700040F2B2750AE02846FFF70AFF10B11F486B
:103D8000044401E01E480444681C85B2B542F2DBDD
:103D9000781EC7B2002510E01A48405D40F2A3210A
:103DA000484304EBC0143046FFF7F2FE18B1012D72
:103DB00001D115480444681C85B2BD42ECDBA8F172
:103DC000010040F2A321484304EBC014C9EB4910A1
:103DD000C0EB092004EB0014CAEB0A1004EB8004CA
:103DE0005C4422F05DFE23F07DFA204623F062FA67
:103DF000204623F05FFA0020B8E700000085E201CA
:103E00008033E101F4960208805101001CB540F2B4
:103E10001B7023F0F5F940F21C7023F0F1F922F049
:103E20003FFE142021F032FC45F65A2188422FD063
:103E300021F062FC4FF4006023F03CF94FF4006085
:103E400023F048F94FF4807023F00AFA40F60F008F
:103E500023F0D6F923F060FA23F044FA012023F08E
:103E600039FA23F03FFA47F6FF7023F045FA23F0C2
:103E700039FA0B200090034613220C21019040F2E6
:103E8000E670FFF761FF45F65A21142021F01AFC75
:103E90001CBD000010B51848006840F0010016492C
:103EA00008600846406815490840134948600846BC
:103EB000006813490840104908600846006820F46B
:103EC00080200860084640680E4908400A4948605A
:103ED0000020C862084600680B490840064908608F
:103EE0004FF47F00886023F03DFB084CA4F251148E
:103EF0000748046010BD0000001002400C00FFE005
:103F0000FFFFF6FEFFFF00DFFFFFF6EA512100088A
:103F100008ED00E010B50121880723F012FC01280C
:103F20003BD10121800723F009FC1C480088401C7C
:103F30001A4908801A48006811F0E2F8174800880A
:103F4000642190FBF1F201FB120030BB002006F06F
:103F5000B1F8124800884FF47A7190FBF1F201FB3E
:103F60001200D0B900200D49088005F08BFF0D48E4
:103F70000068401C0B49086006F0D0FE0AF0F4FF10
:103F80000AF02EFC00F0DCF807480078012804D184
:103F900006480088401C0549088010BD500D0020CF
:103FA0002C000020540D0020620000208000002022
:103FB00010B5024820F062FE10BD0000D40F0020B2
:103FC00010B5024820F05AFE10BD0000EC0F002092
:103FD00010B5024820F052FE10BD00000410002071
:103FE00070B504460D46204623F0B0FC2946204615
:103FF00023F006FC204623F04FFD044951F824002D
:1040000040F2053123F011FD70BD0000C09602089A
:1040100010B5044640210C4822F0ECF90B4823F07F
:10402000AFF90A4823F0B1F92146084823F0CEF948
:1040300000BF8021054823F0F7F90028F9D140217D
:10404000014822F0D9F910BD0008014000300140BC
:1040500010B5044640210C4822F0CEF90B4823F05D
:104060008FF90A4823F091F92146084823F0AEF968
:1040700000BF8021054823F0D7F90028F9D140215D
:10408000014822F0B9F910BD00080140003001409C
:1040900010B502460B460AB9002010BD0BB1022B29
:1040A00022D10C2092FBF0F400FB1420C1B211B914
:1040B000501EC2B20C210C2092FBF0F030B101284E
:1040C00007D0022808D003280CD108E041F01000E6
:1040D000E3E741F02000E0E741F03000DDE741F0A8
:1040E0004000DAE7FF20D8E7012B01D11046D4E7E2
:1040F00000BFD2E770B503460C464FF6FF7111E0E2
:1041000013F8010B414000250AE001F0010020B145
:1041100049104AF20100414000E04910681CC5B254
:10412000082DF2DB2000A4F10104E9D110888842B7
:1041300001D1002070BD11804FF0FF30FAE7000080
:10414000002053E02B4901EB4011897AC1F30011A3
:1041500051B3284901EB4011897AC1F3401119BBD1
:10416000244901EB4011897AC1F38011E1B9214959
:1041700001EB4011C988002916DDC0EBC0011E4AC1
:1041800002EB8101897D01F00F0103290CD01B494D
:10419000095C012908D1174901EB4011C988491E62
:1041A000144A02EB4012D180124901EB4011098BF5
:1041B000022909DD0F4901EB4011098B491E0D4A07
:1041C00002EB401211830FE00A4901EB4011098B09
:1041D000022909D10621074A02EB401291820121EE
:1041E000044A02EB40121183411CC8B22228A9DB09
:1041F0007047000020230020A078002060270020C6
:1042000030B50446B6480088C0F38510B449096843
:10421000C1F30431C1EB011100EB810504EB840013
:1042200000EBC400AF4901EB4000B0F90200A84226
:1042300011DC04EB840000EBC40001EB4000B0F99A
:104240000400A84207DD0020A7490870002120468D
:1042500002F0ACFF30BD04EB840000EBC400A149C8
:1042600001EB4000B0F90400A84211DC04EB84002B
:1042700000EBC40001EB4000B0F90600A84207DDE6
:104280000120994908700121204602F08FFFE1E7E3
:1042900004EB840000EBC400924901EB4000B0F94C
:1042A0000600A84211DC04EB840000EBC40001EB23
:1042B0004000B0F90800A84207DD02208A490870D2
:1042C0000221204602F072FFC4E704EB840000EBF9
:1042D000C400844901EB4000B0F90800A84211DC99
:1042E00004EB840000EBC40001EB4000B0F90A00CD
:1042F000A84207DD03207C4908700321204602F014
:1043000055FFA7E704EB840000EBC400754901EBFF
:104310004000B0F90A00A84211DC04EB840000EB75
:10432000C40001EB4000B0F90C00A84207DD0420F6
:104330006D4908700421204602F038FF8AE704EB3B
:10434000840000EBC400674901EB4000B0F90C00A9
:10435000A84211DC04EB840000EBC40001EB400038
:10436000B0F90E00A84207DD05205F49087005215D
:10437000204602F01BFF6DE704EB840000EBC40055
:10438000584901EB4000B0F90E00A84211DC04EBE3
:10439000840000EBC40001EB4000B0F91000A8421B
:1043A00007DD0620504908700621204602F0FEFE77
:1043B00050E704EB840000EBC4004A4901EB4000E5
:1043C000B0F91000A84211DC04EB840000EBC4003B
:1043D00001EB4000B0F91200A84207DD0720424976
:1043E00008700721204602F0E1FE33E704EB840069
:1043F00000EBC4003B4901EB4000B0F91200A842B9
:1044000011DC04EB840000EBC40001EB4000B0F9C8
:104410001400A84207DD082033490870082120460F
:1044200002F0C4FE16E704EB840000EBC4002D4943
:1044300001EB4000B0F91400A84211DC04EB840049
:1044400000EBC40001EB4000B0F91600A84207DD04
:104450000920254908700921204602F0A7FEF9E647
:1044600004EB840000EBC4001E4901EB4000B0F9EE
:104470001600A84211DC04EB840000EBC40001EB41
:104480004000B0F91800A84207DD0A20164908705C
:104490000A21204602F08AFEDCE604EB840000EBF1
:1044A000C400104901EB4000B0F91800A84202DC3A
:1044B000B5F5B46F0ADB04EB840000EBC4000949D6
:1044C00001EB4000B0F90200A84207DD0B200649CD
:1044D00008700B21204602F069FEBBE60020B9E619
:1044E00084040020120100204A0D002001463029DA
:1044F00005DB392903DCA1F13000C0B27047412946
:1045000005DB5A2903DCA1F13700C0B2F6E76129C7
:1045100005DB7A2903DCA1F15700C0B2EEE70020E9
:10452000ECE7000010B50246002001239340034C45
:104530002488234003B1084610BD0000C40C0020AD
:104540002DE9F05F834632480078324909680870E7
:1045500031480078012805D1304800782D49096894
:10456000487006E02C48007818B9002029490968ED
:1045700048702B48007827490968887029480078D6
:1045800024490968C87028480078224909680871D8
:1045900020480068441D25490968488924F0FEFD2B
:1045A0000646234924F0B0FC60602248008824F0CD
:1045B000F5FD81461D490968888924F0EFFD824692
:1045C0001D4924F033FE80461C4924F09DFC07461B
:1045D000494624F02BFE0646616824F095FCA06055
:1045E0000C48006800F10D051549A06824F0EAFDAB
:1045F00008D20F49A06824F019FE064624F096FD63
:10460000288002E04FF461502880BDE8F09F000050
:10461000C8020020B805002068020020DA0200204D
:104620006902002062000020DB020020CC02002092
:1046300000002041B00000200000704200401C46F5
:104640000000B44430B5034600221F4C2468A4780F
:104650002CB91D4C2468E4781B4D2D68AC701A4CA5
:104660002468A478184D2D68ED78AC4203DD012450
:10467000154D2D68AC70002100200DE0134C245C1A
:10468000002C07DD4C1CE1B20F4C2468A4788C424E
:1046900000D103E0441CE0B22228EFDB00BF222857
:1046A00000D130BD0A4C246834F81040064D2D6806
:1046B000AC80074CE46954F82040034D2D68C5F8E0
:1046C000064000BFEDE70000B8050020387D00205F
:1046D000AC150020F0B589B005460E461746BDF86A
:1046E000200065F304000890BDF8200020F02000B1
:1046F0000890BDF8200066F38B100890BDF82000EC
:1047000067F30F30089000240AE03D48006830F855
:104710001400BDF82010884200D105E0601CC4B22E
:1047200038480078A042F0DC00BF36480078A0424C
:1047300001D109B0F0BD0AE031480168601C31F8D0
:1047400010002F49096821F81400601CC4B22D48DC
:104750000078A042F0DC2B488078401E2949887000
:1047600008460078401E087008468078487000208F
:104770000790BDF8200020F020002030089022494A
:1047800003C9CDE90401BDF82000ADF816001F4AA9
:1047900007CA01AB07C301204FF4FA6301AAC102A3
:1047A00000901B48006811F0A1FB0790BDF81C00A9
:1047B00000EB4000800000F6040081B20C2304AA44
:1047C0001348006812F0C6FEBDF81C00401C80B201
:1047D0000790BDF81C00B0F5FA6F01DB00200790D0
:1047E000022307AA40F602010948006812F0B2FE4F
:1047F0000448807810B900200649087000BF98E787
:10480000F4020020E90C00208404002060970208D4
:10481000A4040020210D00202DE9F04FA1B0FE4896
:10482000007810B921B0BDE8F08F0024B2E0012576
:104830000026FA480068408A05FA04F1084000B1F1
:104840000126F74830F81400C0F3C110022832D115
:1048500005FA04F0F3490988084058B3F04B13F8FF
:10486000143003F07F03F04FFA5CED4B33F8143053
:10487000C3F34221EA4B13F8143003F07F0303F132
:104880001400FFF727FFE64810F8140000F07F003F
:10489000E649095C01208840E54B0CCB22EA000088
:1048A0000021E34A03C205FA04F0DE490988814386
:1048B000DC4801806CE0DA4830F81400C0F3C11025
:1048C000B04231D105FA04F0D649098808400028E1
:1048D0005DD1D34B13F8143003F07F03D24FFA5C51
:1048E000CF4B33F81430C3F34221CD4B13F81430BF
:1048F00003F07F0303F114000FF0BAFDC84810F86D
:10490000140000F07F00C949095C01208840C84BB1
:104910000CCB1043C64A09C205FA04F0C149098804
:104920000843C049088032E005FA04F0BD4909880F
:10493000084060B3BA4B13F8143003F07F03BA4F4A
:10494000FA5CB74B33F81430C3F34221B44B13F87D
:10495000143003F07F0303F11400FFF7BBFEB048EF
:1049600010F8140000F07F00B049095C0120884075
:10497000AF4AD2E9003223EA00000021AC4A03C268
:1049800005FA04F0A74909888143A648018000BFC1
:10499000601CC4B20C2CFFF64AAF0020A549087079
:1049A000A54800680088A5490988884217DDA44801
:1049B000006800680121084020B90222002101207E
:1049C0000FF056FD01229E48016803C962F3000002
:1049D0009B4A126803C20220964908701DE096485F
:1049E00000680188954800880A38814215DA9448A1
:1049F0000068006801210840012803D1022200213B
:104A0000FFF768FE00228E480068D0E9001062F3CC
:104A100000018B4A1268C2E9001000208949087021
:104A200048708870C870884800680088874909887D
:104A3000884219DD824800680078C0F3401020B930
:104A40000222002103200FF013FD01227C480068A0
:104A5000D0E9001062F34511794A1268C2E90010EA
:104A60000220784908701EE077480068018877487E
:104A70000088C838814216DA714800680078C0F3AF
:104A80004010012804D1022200210320FFF722FE5A
:104A900000226B480068D0E9001062F34511684AB3
:104AA0001268C2E900106848006880886749098870
:104AB000884219DD624800680078C0F3C01020B950
:104AC0000222002105200FF0D3FC01225C4800687F
:104AD000D0E9001062F3C711594A1268C2E9001008
:104AE0000220584988701CE0574800688188574860
:104AF0000088C838814214DA514800680078C0F351
:104B0000C010012804D1022200210520FFF7E2FD98
:104B100000224B48016803C962F3C710484A126873
:104B200003C249480068408848490988884219DD1D
:104B3000434800680078C0F3801020B902220021A9
:104B400004200FF095FC01223D480068D0E90010D8
:104B500062F386113A4A1268C2E90010022039490C
:104B600048701EE038480068418838480088C838D6
:104B7000814216DA324800680078C0F380100128BC
:104B800004D1022200210420FFF7A4FD00222C48BA
:104B90000068D0E9001062F38611294A1268C2E960
:104BA000001029480068808A29490988884216DD52
:104BB000234800680088C0F3C02020B902220121E8
:104BC00006200FF055FC01221D480068D0E90010B6
:104BD00062F3CB211A4A1268C2E9001016E01848A5
:104BE00000680088C0F3C020012804D102220121FE
:104BF0000620FFF76FFD002211480068D0E9001081
:104C000062F3CB210E4A1268C2E900100E48006818
:104C1000C08A0F4909881DE0DC020020A40400209E
:104C2000F8000020C40C0020090D0020150D002004
:104C3000E8020020F40C0020CC020020C20000207A
:104C4000C80C0020EC0C0020F0020020BC0000206A
:104C5000BE000020884216DDFE4800680088C0F3D0
:104C6000003020B90222114606200FF001FC01227B
:104C7000F8480068D0E9001062F30C31F54A126878
:104C8000C2E9001016E0F34800680088C0F3003065
:104C9000012804D1022211460620FFF71BFD002245
:104CA000EC480068D0E9001062F30C31E94A126860
:104CB000C2E90010E8480068008BE849098888428A
:104CC00014DDE44800680088C0F3403020B90222B7
:104CD000032106200FF0CCFB0122DE48016803C946
:104CE00062F34D30DB4A126803C216E0D94800680F
:104CF0000088C0F34030012804D10222032106209D
:104D0000FFF7E8FC0022D3480068D0E9001062F306
:104D10004D31D04A1268C2E90010D148007800280D
:104D20007ED1D048007868B90120CE490870E020D3
:104D3000CD49C8710220CD490870082200211A20EF
:104D40000FF096FBCA4800680088CA490988884263
:104D500017DAC04800680078C0F3400020B90A2282
:104D6000002113200FF084FB0122BA48016803C917
:104D700062F34100B74A126803C20120BE490870BD
:104D80001EE0BB4800680188BA4800880A308142AA
:104D900016DDB04800680078C0F34000012804D157
:104DA0000A2200211320FFF795FC0022A948006881
:104DB000D0E9001062F34101A64A1268C2E900106E
:104DC000A44800680078C0F38000012803D10A22BB
:104DD0000021FFF77FFC00229E480068D0E9001008
:104DE00062F382019B4A1268C2E900109948006888
:104DF0000088C0F3C030012804D10122002109201D
:104E0000FFF768FC002293480068D0E9001062F3C5
:104E1000CF31904A1268C2E900108E48006800E065
:104E20009BE00088C0F38030012804D102220021D9
:104E30000920FFF74FFC002286480068D0E90010E7
:104E400062F38E31834A1268C2E90010814800681B
:104E50000088C0F30020012804D101220021032092
:104E6000FFF738FC00227B480068D0E9001062F3AD
:104E70000821784A1268C2E9001076480068008864
:104E8000C0F34020012804D1012200210420FFF7B3
:104E900021FC00226F48016803C962F349206D4A72
:104EA000126803C26B4800680088C0F380200128A4
:104EB00004D1012200210520FFF70CFC00226548E7
:104EC000016803C962F38A20624A126803C261481A
:104ED00000680068C0F30040012804D10022114698
:104EE0000A20FFF7F7FB00225A480068D0E90010BB
:104EF00062F31041574A1268C2E900105548006831
:104F00000068C0F34040012804D1002211460B2064
:104F1000FFF7E0FB00224F480068D0E9001062F381
:104F200051414C4A1268C2E900104A4800680068C2
:104F3000C0F38040012804D1002211460C20FFF765
:104F4000C9FB002243480068D0E9001062F3924197
:104F5000404A1268C2E90010DFE2424800780128A6
:104F60000CD100203F490870082200211A20FFF7C9
:104F7000B1FB00203C49C8713C49087035480068C5
:104F80000078C0F34000012804D10A220021132038
:104F9000FFF7A0FB00222F48016803C962F341001C
:104FA0002C4A126803C232480068008833490988D5
:104FB000884219DA274800680078C0F3800020B9D9
:104FC0000A22002101200FF053FA01222148006833
:104FD000D0E9001062F382011E4A1268C2E9001093
:104FE0000120254908701BE02148006801882348FA
:104FF00000880A30814213DD164800680078C0F34B
:105000008000012803D10A220021FFF763FB002260
:105010001048016803C962F382000E4A126803C295
:105020000D480068008841F28831884238DA144817
:10503000007800F00400042832D1064800680068B7
:10504000C0F3004020B9002211460A200FF010FAE8
:10505000012217E0C80C0020F0020020BE00002052
:10506000D9020020F50C0020EC0C0020F60C0020EA
:10507000CC020020C0000020F40C0020C20100205F
:1050800076020020F7480068D0E9001062F3104172
:10509000F44A1268C2E900100320F349087014E0D2
:1050A000F04800680068C0F30040012804D10022E5
:1050B00011460A20FFF70EFB0022EA48016803C9E7
:1050C00062F31040E74A126803C2E84800680088AB
:1050D000E7490988884225DAE24800680068C0F399
:1050E0000040F8B9E348007800F00400042819D122
:1050F000DC4800680088C0F3002020B901220021AC
:1051000003200FF0B5F90122D6480068D0E900105D
:1051100062F30821D34A1268C2E900100120D24983
:1051200008701EE0D14800680188D1480088C83066
:10513000814216DDCB4800680088C0F300200128BA
:1051400004D1012200210320FFF7C4FA0022C54840
:105150000068D0E9001062F30821C24A1268C2E96F
:105160000010C2480068408841F2883188421FDA46
:10517000C048007800F00200022819D1B948006840
:105180000068C0F3404020B9002211460B200FF008
:105190006FF90122B3480068D0E9001062F3514171
:1051A000B04A1268C2E900100320AF49487016E007
:1051B000AC4800680068C0F34040012804D10022D8
:1051C00011460B20FFF786FA0022A6480068D0E9B6
:1051D000001062F35141A34A1268C2E90010A348CB
:1051E00000684088A2490988884225DA9D480068FD
:1051F0000068C0F34040F8B99E48007800F0020013
:10520000022819D1974800680088C0F3402020B9CF
:105210000122002104200FF02BF90122914800689F
:10522000D0E9001062F349218E4A1268C2E90010E9
:1052300001208D4948701EE08C48006841888C48E8
:105240000088C830814216DD864800680088C0F3B7
:105250004020012804D1012200210420FFF73AFA5E
:10526000002280480068D0E9001062F349217D4A9D
:105270001268C2E900107D480068808841F28831D8
:1052800088421CDA7B48007800F00100B8B175480C
:1052900000680068C0F3804020B9002211460C204D
:1052A0000FF0E6F801226F48016803C962F39240EB
:1052B0006C4A126803C203206B49887016E0694883
:1052C00000680068C0F38040012804D10022114624
:1052D0000C20FFF7FFF9002262480068D0E90010B7
:1052E00062F392415F4A1268C2E900105F480068A9
:1052F00080885F490988884222DA5A480068006835
:10530000C0F38040E0B95B48007800F00100B8B11C
:10531000544800680088C0F3802020B90122002191
:1053200005200FF0A5F801224E48016803C962F379
:105330008A204C4A126803C201204B4988701EE043
:105340004A48006881884A480088C830814216DD92
:10535000444800680088C0F38020012804D101225D
:1053600000210520FFF7B6F900223E480068D0E989
:10537000001062F38A213B4A1268C2E90010002043
:105380003949C8703B48007800F00700F0B33A484C
:1053900000880A2190FBF1F034490968C9888842E5
:1053A00017DA02203049C8702E4800680088C0F320
:1053B000803020B90222002109200FF059F8012283
:1053C0002848016803C962F38E30264A126803C276
:1053D00023E0294800880A2190FBF1F0401F23496F
:1053E0000968C988884218DD1E4800680088C0F333
:1053F0008030012804D1022200210920FFF76AF938
:10540000002218480068D0E9001000E05BE062F379
:105410008E31144A1268C2E90010184800880A2127
:1054200090FBF1F011490968C988884228DD012004
:105430000D49C8700B4800680088C0F3C03020B91F
:105440000122002109200FF013F80122054800680D
:10545000D0E9001062F3CF31024A1268C2E90010AD
:105460005BE00000C80C0020EC0C0020F0020020E3
:10547000BA00002076020020C4000020C6000020F0
:10548000FD4800880A2190FBF1F0401DFB490968A6
:10549000C988884241DCFA4800680088C0F3C030FF
:1054A000012804D1012200210920FFF713F900226D
:1054B000F3480068D0E9001062F3CF31F04A126877
:1054C000C2E9001029E0EE4800680088C0F380308F
:1054D000012804D1022200210920FFF7FBF8002255
:1054E000E748016803C962F38E30E54A126803C2D7
:1054F000E34800680088C0F3C030012804D10122CD
:1055000000210920FFF7E6F80022DD48016803C901
:1055100062F3CF30DA4A126803C20521D948006825
:105520001DF07AFE07460921D64800681DF074FE7A
:1055300006460124D448007888BB00257BE0705DD6
:10554000032190FBF1F201FB1200012806D1CF48A4
:10555000007800F0010008B164006AE0705D03218A
:1055600090FBF1F201FB1200022807D1C748007836
:1055700000F00200022801D164005AE0705D0321AE
:1055800090FBF1F201FB120050B9705D40B1BF48D1
:10559000007800F00400042802D1640049E04FE0E4
:1055A000785D00F0010078B1B9480068204028B962
:1055B000681CC1B206220F200EF05AFFB4480068E2
:1055C0002043B34908600EE0B1480068204028B18C
:1055D000681CC1B206220F20FFF77CF8AC480068B7
:1055E000A043AB490860AB4800684069204078B9E7
:1055F000A9480068204028B9681CC1B207220F20C2
:105600000EF036FFA44800682043A34908600EE06E
:10561000A1480068204028B1681CC1B207220F20B1
:10562000FFF758F89C480068A0439B490860640055
:1056300000BF681CC5B299488078A8423FF77FAF89
:1056400097480068B0F9260096490988884219DD14
:105650008B4800680068C0F3406038B9022200211E
:1056600010200EF005FF80208F4908700122844829
:105670000068D0E9001062F35961814A1268C2E9FA
:10568000001021E086480068B0F92610854800889F
:10569000A0F59670814217DA794800680068C0F377
:1056A0004060012807D1022200211020FFF712F8E4
:1056B00000207D49087000227148016803C962F327
:1056C00059606F4A126803C275480068B0F9260035
:1056D0007649098809B2884220DA71480068B0F931
:1056E00026007349884219DD654800680068C0F3E8
:1056F000006038B90122002110200EF0B9FE802090
:105700006949087001225E480068D0E9001062F320
:1057100018615B4A1268C2E9001024E06048006822
:10572000B0F926106148008800B200F596708142F9
:1057300019DD534800680068C0F30060012807D1F4
:10574000012200211020FEF7C5FF002056490870F5
:1057500000224B480068D0E9001062F31861484A03
:105760001268C2E900104E480068B0F92B0010F131
:105770000F0F14DA424800680078C0F3001020B917
:105780000022114613200EF073FE01223C480168EE
:1057900003C962F304103A4A126803C21AE040488F
:1057A0000068B0F92B00002814DB35480068007849
:1057B000C0F30010012804D1002211461320FEF787
:1057C00089FF00222E48016803C962F304102C4AA5
:1057D000126803C23748007858B937480078A0B932
:1057E0000622002113200EF043FE012032490870EA
:1057F0000BE031480078012807D106220021132050
:10580000FEF768FF00202C490870002000902B490B
:10581000087056E22A4829490978405C00286EDD64
:105820000098401CC1B200912648C06823490978FD
:10583000405C00F00100F0B120480278012400250E
:1058400020462946FCF77CFD1F4B0CCB104019402D
:10585000002358405940084350D118480078C0EB05
:10586000C0001A4901EB8000C07D7B2833D005229F
:105870000E2000992CE043E0C6000020F00200203A
:10588000C80C0020D0020020F50C0020E20200200D
:10589000FC0C00207C0C0020040D0020680C002073
:1058A000CC020020C8000020F70C0020CA00002015
:1058B000ACF4FFFF58000020F90C0020C30C0020BE
:1058C000387D0020AC150020980C0020A078002026
:1058D0000EF0CEFD04E00522122000990EF0C8FD66
:1058E000FE4802780126002730463946FCF728FD9D
:1058F000FB4B0CCB10431943F94A03C23DE045E191
:10590000F64802784FF001084FF00009404649463A
:10591000FCF716FDF24B0CCB104019400023584009
:105920005940084329D0ED480078C0EBC000ED494C
:1059300001EB8000C07D7B2805D005220E20009958
:10594000FEF7C8FE04E0052212200099FEF7C2FE11
:10595000E24802784FF0010A4FF0000B50465946DA
:10596000FCF7EEFC0A46C143D043DD4AD2E90032DF
:1059700019401040DA4AC2E90010DB48C068D74934
:105980000978405C00F04000402838D1D3480278C4
:1059900001210020CDE9010108460199FCF7D0FC66
:1059A000D24B0CCB104019400023584059400843BB
:1059B00060D1CA480078C0EBC000CA4901EB800042
:1059C000C07D7B2805D004220E2000990EF050FDEA
:1059D00004E004221D2000990EF04AFDBF48027821
:1059E00001210020CDE9030108460399FCF7A8FC3A
:1059F000BE4B0CCB10431943BC4A03C23AE0B74834
:105A0000027801210020CDE9050108460599FCF73F
:105A100097FCB64B0CCB104019400023584059401E
:105A2000084327D0AD480078C0EBC000AD4901EB7A
:105A30008000C07D7B2805D004220E200099FEF74F
:105A400049FE04E004221D200099FEF743FEA3480E
:105A5000027801210020CDE9070108460799FCF7EB
:105A60006FFCA24AD2E9003223EA000022EA0101D7
:105A70009E4A03C29C48C06898490978405C00F07F
:105A80000800082826D19548027801210020CDE998
:105A9000090108460999FCF753FC954B0CCB1040C3
:105AA000194000235840594008433ED109220E2096
:105AB00000990EF0DDFC8948027801200021CDE933
:105AC0000B10FCF73DFC8A4B0CCB10431943884A62
:105AD00003C22AE08148027801210020CDE90D01AE
:105AE00008460D99FCF72CFC814B0CCB104019405B
:105AF000002358405940084317D009220E2000992E
:105B0000FEF7E8FD7548037801220021CDE90F1268
:105B10001A461098FCF714FC754AD2E9003223EAC1
:105B2000000022EA0101724A03C26F48C0686B4953
:105B30000978405C00F08000802828D1674802780E
:105B400001210020CDE9110108461199FCF7F8FB6D
:105B5000684B0CCB10401940002358405940084373
:105B600045D106220E2000990EF082FC5B48037896
:105B700001220021CDE913121A461498FCF7E0FB2C
:105B80005C4B0CCB104319435A4A03C22FE05348D5
:105B9000027801210020CDE9150108461599FCF78E
:105BA000CFFB544B0CCB10401940002358405940B8
:105BB00008431CD006220E200099FEF78BFD4748B3
:105BC000037801210022CDE917211A4608461799CA
:105BD000FCF7B6FB0A46C143D043464BD3E9002C41
:105BE0001346194000EA0C00424AC2E9001042483C
:105BF0003A490978405C01282BD1384802780121C4
:105C00000020CDE9190108461999FCF799FB3B4B97
:105C10000CCB1040194000235840594008434BD149
:105C20002E48027801210020CDE91B0108461B996E
:105C3000FCF786FB314B0CCB104319432F4A03C2B0
:105C400026480078401CC1B207220E200EF010FC3E
:105C500032E0294821490978405C01282CDD1F48A1
:105C6000027801210020CDE91D0108461D99FCF7AD
:105C700067FB224B0CCB1040194000235840594081
:105C8000084319D01548027801210020CDE91F01F1
:105C900008461F99FCF754FB184B0CCB22EA000076
:105CA00023EA0101154A03C20C480078401CC1B226
:105CB00007220E20FEF70EFD08480078401C074919
:105CC0000870064800782228FFF6A4AD0C4800684A
:105CD000408C00F4807050B30A4815E0C30C0020DB
:105CE000980C0020A0780020AC150020A00C00200B
:105CF000A80C0020B00C0020387D0020B80C00203B
:105D0000CC020020C00C0020007800F0010038B95F
:105D1000042201211D200EF0ABFB0320AB490870CB
:105D2000AB48007840F00100A949087012E0A8488B
:105D3000007800F0010038B1042201211D20FEF797
:105D4000C9FC0020A1490870A148007800F0FE00BD
:105D50009F4908709F480068408C00F4007098B11B
:105D60009B48007800F0020038B9042202211D206F
:105D70000EF07EFB0320954948709548007840F06E
:105D800002009349087012E09148007800F0020088
:105D900038B1042202211D20FEF79CFC00208B4913
:105DA00048708B48007800F0FD00894908708948E8
:105DB000006890F8220000F0800080B184480078EC
:105DC00000F0800020B90B22012107200EF050FBCB
:105DD0007F48007840F080007D4908700FE07C48E3
:105DE000007800F0800020B10B2201210720FEF78F
:105DF00071FC7748007800F07F007549087076489C
:105E00000078012817D17248007800F0400058B996
:105E10000722012110460EF02BFB00206D49096876
:105E200088836C490968C8836948007840F040005D
:105E3000674908700FE06648007800F0400020B124
:105E4000072201211046FEF745FC6148007800F06A
:105E5000BF005F49087003F08DF86048D0E900107A
:105E60005F4B1940002041404040014303D00120D6
:105E70005C49087002E000205A490870574903C97C
:105E800017231840002148404940084303D001200F
:105E90005449487002E00020524948705248006856
:105EA00052490968084052490968504A126811402D
:105EB000084318B101204B49887002E0002049498D
:105EC00088704648D0E900104FF060431940002028
:105ED00041404040014303D001204249C87002E0E4
:105EE00000204049C8703D4903C94FF07862104016
:105EF000002148404940084303D001203949087136
:105F000002E0002037490871364800783549497861
:105F100008443449897808443249C97808443149E9
:105F200009790844002803DD01202E49487102E068
:105F300000202C4948712F48007818B101202949C8
:105F4000887202E00020274988722448D0E90010B6
:105F500008221140002041404040014303D001206D
:105F60002049C87202E000201E49C872002427E0C0
:105F7000214830F81400000B002818DD1E4830F8C6
:105F800014000121C1EB10301649085C38B1C4F18E
:105F90000D00C1B21948006810F084FC0EE0C4F195
:105FA0000D00C1B21548006810F074FC06E0C4F1A1
:105FB0000D00C1B21148006810F06CFC601CC4B246
:105FC000092CD5DB00BFFEF72DBC0000C10C002062
:105FD000C00C0020CC020020DE0E0020E8020020D1
:105FE000E0FF7F00D8220020FC0C0020AC0E002037
:105FF000040D0020FA0C0020F8000020A40400206A
:106000002DE9F0470746884691460024A246002025
:10601000A9F80000B8F1000F1BD1012F01D0032F08
:106020003AD12848FCF7CCFAC6B206F11600C5B240
:10603000254C29462046FCF76DFB24480168216069
:106040008088A08032461F4904F11300FCF7E3FA70
:1060500022E01F48FCF7B4FAC6B24046FCF7B0FA9B
:1060600000F0FF0A06F113005044C01CC5B2164CE4
:1060700029462046FCF74EFB1448016821608088C1
:10608000A0803246124904F11300FCF7C4FA4146DD
:1060900004F11300FCF7B3FA0120E0802772A4F8A2
:1060A000095006F1130050440219E91E2046FEF77C
:1060B00021F80D21681E2152A9F800502046BDE8A4
:1060C000F0870000839702088C1900207897020857
:1060D000929702082FE0FDF779FD174802681748EC
:1060E00001681748006811F08DFB1648006813F02E
:1060F000DCFA1548007870B91248006811F000FE0B
:106100001248007860B90120104908700D2110482C
:106110000FF042FC04E000220D210D480FF034FB8B
:106120000848006814F07EFB0648006801F036FE5F
:10613000C82021F091FDCEE7D0020020C00E002043
:106140007C0C0020DC040020CE0E0020CF0E0020AE
:106150007804002010B50446207E617E0844C0EB20
:10616000C000616801EB400081689F480068093009
:10617000814210D19D48007801280CD19A480068CE
:10618000407A9B4908709B48006811F0C5F90020CF
:1061900096490870FAE0207E617E0844C0EBC0009A
:1061A000616801EB400040688F490968884219D155
:1061B000B92201218C48006806F046FC8B48007823
:1061C0000128E7D18C4800788C4948438C490968FC
:1061D000086389498748006811F09EF900208349C7
:1061E0000870D3E0207E617E0844C0EBC000616887
:1061F00001EB400041687C480068C01D814217D116
:106200001222012178480068C01D06F01DFC774865
:1062100000780128BED174480068C07979490870B7
:106220007448006811F078F9002070490870ADE0FA
:10623000207E617E0844C0EBC000616801EB400035
:1062400080687149884213D1642200216648006841
:10625000C01C04F052FD6548007801289AD16A49B3
:106260006448006811F058F90020604908708DE01A
:10627000207E617E0844C0EBC000616801EB4000F5
:1062800080686249884213D1642200215648006820
:10629000401D04F032FD55480078012876D15B4955
:1062A0005448006811F038F90020504908706DE03A
:1062B000207E617E0844C0EBC000616801EB4000B5
:1062C00080685349884217D1B422002146480068AB
:1062D000401C06F0B9FB45480078012856D14248D9
:1062E000006840784A4908804248006811F014F973
:1062F00000203E49087049E0207E617E0844C0EBE2
:10630000C000616801EB400080684249884218D1B2
:106310004FF416720121344800680C3004F0EDFC93
:1063200032480078012831D12F48006880893949E6
:1063300008803048006811F0EFF800202B49087001
:1063400024E0207E617E0844C0EBC000616801EB60
:1063500040004168244800680A30814216D1632217
:106360000021214800680A3006F06EFB1F480078C3
:10637000012808D11C480068807A274908701D4808
:10638000006811F0C9F8002018490870207C032823
:1063900029D0194800781449096808701C48007809
:1063A0001149096848701B4800780F4909688870CE
:1063B000154800880C490968A1F8030013480088B3
:1063C00009490968A1F805000E48007806490968DE
:1063D000C871074800780449096848720E48007877
:1063E00001490968887210BDB8050020D804002052
:1063F00064020020A40400207302002080510100E8
:106400006800002078020020B2000020B4000020C4
:10641000B6000020B8000020B402002010B50446E9
:10642000207E617E0844C0EBC000616801EB400043
:1064300081681E4800680E3081420FD11C480078E8
:1064400001280BD100201A49087001201949087051
:106450001949164800680E3003F078F8207E617EF6
:106460000844C0EBC000616801EB400041680F4880
:1064700000681E30814218D10D480078012814D1DF
:1064800000200B49087002200A490870074800687C
:10649000807F002809DD05480068807F192804DA1C
:1064A00002480068807F0549087010BDB8050020CB
:1064B000D8040020900C00201B030020BD0E0020FB
:1064C0002DE9F0410446F94800680078052803DD0D
:1064D0000120F64909680870F448006840780C28E3
:1064E00003DD0120F14909684870F0480068007830
:1064F00018B90520ED4909680870EC480068407833
:1065000018B90C20E94909684870E8480068007823
:10651000E7490870E54800684078E6490870207E41
:10652000617E0844C0EBC000616801EB4000416837
:10653000DE480068801C814244D1DC4800688078D5
:106540000C2803DD0C20D94909688870D7480068F9
:10655000807818B90120D54909688870D348006847
:10656000C0781F2803DD1F20D0490968C870CF48B4
:106570000068C07818B90120CC490968C870CE48B5
:10658000007801281ED10020CB490870C74B1B683A
:10659000DA78C64B1B689978C44B1B681B785B1E66
:1065A000D8B201F095F9C14800680078401E00EBB0
:1065B000800202EBC000C14A02EB4001C048006803
:1065C00010F0AAFF207E617E0844C0EBC000616825
:1065D00001EB40004168B5480068801D81425CD1F4
:1065E000B24800688079182808DDB04800688079D2
:1065F000802803DA1720AD4909688871AB48006824
:106600008079802803DD0020A84909688871A7489F
:106610000068C0793B2808DDA4480068807980289C
:1066200003DA3B20A1490968C871A0480068C07915
:10663000802803DD00209D490968C8719B4D2D68A5
:10664000EB799A4D2D68AA79984D2D686D786D1E5D
:10665000E9B2964D2D682D786D1EE8B202F06AFE03
:1066600095480078012818D10020934908708F4878
:1066700000680078401E00EB800202EBC0008F4AE9
:1066800002EB4000801C894A12685278521E00EBCF
:1066900042018B48006810F03FFF207E617E084475
:1066A000C0EBC000616801EB400081687F48006872
:1066B0000A3081422AD180480078012826D1002062
:1066C0007D490870794B1B689A7A784B1B685B7818
:1066D0005B1ED9B2754B1B681B785B1ED8B201F0EC
:1066E00045FA724800684078451E05EBD5704210A7
:1066F0006E4800680078401E00EB400002EB40004E
:10670000704A81186E48006810F006FF207E617E96
:106710000844C0EBC000616801EB40004168634879
:1067200000680C3081422DD163480078012829D1BE
:106730000020614908705D480068808901B25B48AB
:1067400000680078401E00EB40005F4A02EBC00288
:10675000564800684078401E22F8101053480068E0
:106760000078401E00EB4000574A02EBC0024F4841
:1067700000684078401E02EB40015148006810F06C
:10678000CBFE90E0207C032805D1207C03287DD11E
:10679000607E00287AD1454800680578681E00EBC5
:1067A000800101EBC000454931F8100086B200229B
:1067B0003E480168891C304601F0CCFD052D00D112
:1067C000002505EB850000EBC5003C4931F8106061
:1067D000701E86B2002235480168091D304601F05E
:1067E000B9FD012807D00C203049096808711F2025
:1067F0002E49096848712D48006845782B48006883
:106800000078401E00EB800101EBC0002B4901EB3A
:106810004000801C691E30F8110086B20022234817
:106820000168891D304600F0DBFC0C2D00D10025ED
:106830001E4800680078401E00EB800101EBC0009C
:106840001E4901EB4000801C30F81560701E86B2B6
:106850000022164801680831304600F0C1FC134A96
:1068600012685278521ED1B2104A12681278521E23
:10687000D0B200F09BFC0D49096888720B48006893
:106880000078401E00EB40000F4900E00BE001EBF8
:10689000C001064800684078401E31F81070034976
:1068A00009688F8100BFBDE8F0810000B8050020B5
:1068B000840C0020850C0020D80400201201002048
:1068C000A40400207A020020EC0100207CB50446DC
:1068D00049480078002874D1207C032828D04748F4
:1068E000808847490968088044480068C0F383509D
:1068F00043490968488041480068C0F34440404922
:10690000096888803D480068C0F304303C49096844
:10691000C8803A480088C0F3851039490968088161
:106920003648007800F03F0035490968488161E049
:10693000207E617E0844C0EBC000616801EB40002E
:1069400040682F490968884216D140F6320240F269
:10695000E5712B48006804F0D0F90C220121284889
:106960000068801C04F0C9F91F2201212448006836
:10697000001D04F0C2F93DE0207E617E0844C0EBBA
:10698000C000616801EB400041681D480068801D3F
:1069900081422FD11722002119480068801D04F080
:1069A000ACF93B22002116480068083004F0A5F934
:1069B0003B220021124800680A3004F09EF919E0D9
:1069C000FFE70F480068807A0D490968097A0C4D85
:1069D000CDE900102D68AB79094D2D682A79084D55
:1069E0002D68A978064D2D682888FDF7ADF900209F
:1069F000014908707CBD0000D804002084040020F8
:106A0000B80500202DE9F041804600BF00BF3148A5
:106A100000688078012803DA06202E49096888700A
:106A20002C4800688078062803DD01202949096880
:106A300088702948806827490968897830F81100EA
:106A40002449096888802448006A224909688978AD
:106A500050F821001F490968C1F806001D48006868
:106A60008078401E1D4951F820001A490968C1F874
:106A70000A00002425461848006A164909688978E2
:106A800050F82100642100FB01F60027012008E0F6
:106A90001149096A51F820100C1945F10005411CF3
:106AA000C8B20728F4DB00210846091BA8410ADA0E
:106AB00022462B4630463946FBF755FC064605492B
:106AC00009680E8003E00020024909680880BDE8DB
:106AD000F0810000B8050020AC150020BC7D00202E
:106AE000144909688978012903DA0221114A1268D8
:106AF0009170104909688978022903DD01210D4A46
:106B0000126891700B4909688978012906D10A49F0
:106B100009688988074A126891800AE0054909686E
:106B20008978022905D104490968C989014A12688E
:106B300091807047B8050020CC02002070B55648FF
:106B400005785648007800287ED0554A1268C2F36E
:106B50004441534A1268C2F3835001F0C3F884B22F
:106B60005048B0F90000A0420CDC4E48B0F91A00C1
:106B7000A04207DD00204C490870FDF741FB464963
:106B8000087058E04748B0F91A00A0420CDC4548AC
:106B9000B0F93400A04207DD012043490870FDF739
:106BA0002FFB3D49087046E03E48B0F93400A04252
:106BB0000CDC3C48B0F94E00A04207DD02203A4907
:106BC0000870FDF71DFB3449087034E03548B0F912
:106BD0004E00A0420CDC3348B0F96800A04207DD4B
:106BE000032031490870FDF70BFB2B49087022E0A8
:106BF0002C48B0F96800A04205DCB4F5B77F09DB8A
:106C0000B4F5B77F06DD2748B0F90000A04209DDE2
:106C1000012C07DB042024490870FDF7F1FA1E4916
:106C2000087008E00520204908700C201F490870F2
:106C30000020194908701C480078052813DA1B4801
:106C400000780C280FDA00E011E01748007800EB1C
:106C50004000174901EBC0001449097830F81100D1
:106C60001449088002E000201249088002E0002058
:106C7000094908700848007885420CD00E48057014
:106C800001200E49087000200D49096881F8230091
:106C90000B490968C88070BDDA0200206802002034
:106CA0008404002012010020490D00204A0D00201C
:106CB000EC010020460D00204B0D00204C0D002063
:106CC000680000202DE9F04705460F469046002653
:106CD000EC1D0A20A0490870607801286CD105F1EC
:106CE0001309484600F076F9401C10B90020BDE8B1
:106CF000F0879A48006808B90020F8E798A19748FB
:106D00000068FBF751FD38B90221002001F09CFA20
:106D100095489649086019E095A190480068FBF7EE
:106D200043FD18B99448914908600FE093A18B483E
:106D30000068FBF739FD38B992488C490860022198
:106D4000002001F081FA01E00020D0E78E480068C1
:106D500008B90020CBE78D498B480068FBF724FD7C
:106D6000002801DC0020C2E78948006808B900203B
:106D7000BDE788A186480068FBF716FDA8B98748DB
:106D800080F8008040F21640854908803A4600218C
:106D90000120FFF735F906460020824908700120DE
:106DA000814908801FF060FA05E03A467F490120DA
:106DB000FFF726F90646CDE06078022803D1774830
:106DC00000780028F7DC607803285CD173480078ED
:106DD000002858DD05F213424FF4806105F11300DD
:106DE000FDF788F990BB20896F49098888421FD137
:106DF00005F113016C48008802F052FC01206C4937
:106E000008703A4600210320FFF7FAF806460020F2
:106E100064490870A08864490988884202D1162014
:106E20005F49088060480088401C5F49088091E005
:106E30005C480078401C5B490870084600780A28C6
:106E400005DD00F08BF90020307083E006E03A4663
:106E500058490320FFF7D4F806467BE051480078F4
:106E6000401C50490870084600780A2804DD00F0EC
:106E700075F9002030706DE03A464F490120FFF768
:106E8000BFF8064666E0607804284CD14348007895
:106E9000002848DD44480088401EA188884259D116
:106EA00041480088401E810205F113022F48006806
:106EB000FDF720F9B0BB1FF04BF9002037490870EF
:106EC0002A4800682849884211D145F65A211520E0
:106ED0001EF0F8FBA18816201EF0F4FB0021012013
:106EE00001F0B2F901F0D2F80DF0CAFC32E01F480F
:106EF0000068244988422DD1008830490880214803
:106F000008302F4908602F482F4908601D48C08865
:106F10001C4908442D4908600021012001F094F922
:106F200001F0B4F816E06078052813D11D48007808
:106F3000401C1C490870084600780A2804DD00F04F
:106F40000DF90020307005E03A4621490120FFF795
:106F500057F806463046CAE6700D0020580D00204E
:106F6000436F64650000000000000808640D002005
:106F700048544D4C0000000000500408466F6E74E9
:106F800000000000000004085C0D00207F9702084C
:106F9000600D00205570677261646500690D002006
:106FA0006C0D00206E0D00206A0D0020E597020890
:106FB0006F0D0020CD970208AB9702081C0000203F
:106FC000200000205F030408240000202800002087
:106FD000BD97020870B50546002417A12846FBF7A7
:106FE000DDFA044614B94FF0FF3070BD14A12846F5
:106FF000FBF7D4FA044615A12046FBF7C9FA14A101
:107000000020FBF7C5FA1449086011A10020FBF726
:10701000BFFA0FA10020FBF7BBFA104908600CA1D2
:107020000020FBF7B5FA0AA10020FBF7B1FA0C49E2
:1070300008600020D9E700004835324330000000E6
:10704000446174615F547970650000003A22000069
:107050003A222C2000000000580D00205C0D00207A
:10706000600D0020017E427E1144C1EBC1014268E7
:1070700002EB41014A6812498A4206D11149097856
:10708000012902D100210F4A1170017E427E114474
:10709000C1EBC101426802EB41018A680A490968F3
:1070A0000C318A420AD107490978012906D1002109
:1070B000044A11700121044A12685173704700009C
:1070C0006C0C0020D8040020B805002070B50446E0
:1070D0000E4620480078012807D10122314620467B
:1070E000FFF7F0FD0546284670BD20787E280DD1BB
:1070F0002146194816F094F810B917484069F3E78B
:10710000154816F025FA14484069EDE720784D2817
:107110001DD160784E281AD1A078432817D1E07885
:107120002D2814D12079452811D160794E280ED10F
:107130000848007838B9012231462046FFF7C2FDE1
:1071400005462846D0E7002028702846CCE70020D6
:10715000CAE70000690D00202C7E002010B5084809
:107160000078012801D11EF0F3FF0121084601F04B
:107170006BF800F08BFF00200249087010BD000082
:107180006F0D0020690D00200146092903DC01F183
:107190003000C0B270470A2905DB0F2903DC01F17A
:1071A0003700C0B2F6E70020F4E7000030B5024631
:1071B00000240A48062303FB0205084601EBD073AE
:1071C0005B10EC5C0B4601EBD3704010A1EB400070
:1071D000800044FA00F000F00F0030BD7A02002079
:1071E00030B50346B3F5B46F05DB18240C700024EA
:1071F0004C70601E0AE03C2493FBF4F40C703C24B9
:1072000093FBF4F504FB15344C700120012A04D1E2
:107210000C784D780D704C7000BF012030BD00001F
:1072200070B503460024002018E00E4D15F81050EC
:1072300005F07F06A3F11405AE420DD1094D35F8D6
:107240001050C5F34225954206D101258540064ED2
:107250003688354005B10C46451CE8B20C28E4DB05
:10726000204670BDF8000020C40C002010B500219D
:10727000FF202A4A1278002A46D142E04A1CD1B2A5
:10728000274A1278521C264B1A701A461278232A63
:1072900001DD01221A70224A1278222A2EDC204AAD
:1072A0001278521E1F4B03EB42121289322A02DA65
:1072B0001B4A107827E01A4A1278521E194B03EB2A
:1072C0004212927AC2F34002DAB1154A1278521E83
:1072D00003EB4212528922F00203114A1278521E25
:1072E000104C04EB4212538100230D4A1278521EB7
:1072F00004EB421293800A4A107804E0084A10789E
:1073000001E02329BADB08E0044A1278222A04DCCF
:10731000024A10780022014B1A7010BD750D002032
:107320007E0D0020202300200AE006480168064860
:10733000006813F0ABFCFFF701FC642020F08CFC2C
:10734000F3E70000C00E00206800002010B50446DE
:10735000207E617E0844C0EBC000616801EB400004
:107360008068AB4988420BD1AA480078012806D131
:10737000A948006810F0D0F80020A649087011E173
:10738000207E617E0844C0EBC000616801EB4000D4
:107390008068A24988420BD19E4800780128EED12E
:1073A0009D48006810F0B8F800209A490870F9E08C
:1073B000207E617E0844C0EBC000616801EB4000A4
:1073C00080689749884214D147F23052002195488D
:1073D0000068001D03F091FC8E4800780128CED192
:1073E0008F498D48006810F097F80020894908708F
:1073F000D8E0207E617E0844C0EBC000616801EBEC
:10740000400080688849884215D141F2B44241F277
:10741000680184480068801D03F06FFC7D48007897
:107420000128ACD180497C48006810F075F8002034
:1074300078490870B6E0207E617E0844C0EBC00049
:10744000616801EB400080687849884215D141F2BB
:10745000B44241F2680173480068123003F04DFCF9
:107460006C48007801288AD170496B48006810F098
:1074700053F800206749087094E0207E617E08443C
:10748000C0EBC000616801EB400080686849884239
:1074900015D141F2D4724FF4AF5162480068083000
:1074A00003F02BFC5B48007801287BD160495A48E7
:1074B000006810F031F800205649087072E0207E14
:1074C000617E0844C0EBC000616801EB4000806849
:1074D0005849884215D141F658324FF47A615148E3
:1074E00000680A3003F009FC4A480078012859D1A5
:1074F00050494948006810F00FF8002045490870CD
:1075000050E0207E617E0844C0EBC000616801EB62
:10751000400080684849884215D141F288324FF4D2
:107520007A61404800680C3003F0E7FB3948007886
:10753000012837D14049384800680FF0EDFF00209E
:10754000344908702EE0207E617E0844C0EBC00004
:10755000616801EB40008068384988420BD12D48B2
:10756000007801281ED12C4800680FF0D5FF0020BC
:107570002849087016E0207E617E0844C0EBC000F8
:10758000616801EB400080682D4988420AD121489A
:107590000078012806D1204800680FF0BDFF0020C8
:1075A0001C490870207C032831D0194800881D49E7
:1075B00009680880194800881A49096848801848ED
:1075C00000881849096888801748008815490968A3
:1075D000C880174800881349096808811548008841
:1075E000104909684881144800880E490968888153
:1075F000124800880B490968C88111480088094968
:10760000096808820948008806490968488210BD4F
:10761000BA000020D8040020A4040020BC000020F0
:10762000BE000020B8050020C0000020C2010020DC
:10763000C2000020C4000020C6000020C8000020B6
:10764000CA00002010B5044688480078082802DCEB
:107650008648007810B9012084490870207E617E38
:107660000844C0EBC000616801EB400040688049FD
:10767000096888421FD141F270724FF47A617C48E8
:10768000006803F03AFB7B480078012812D1784863
:1076900000210268012001F015FE7548006800888D
:1076A00075498880091D754800680FF035FF002076
:1076B00070490870D9E0207E617E0844C0EBC000AC
:1076C000616801EB4000416869480068801C8142A4
:1076D00020D142F6E062002165480068801C03F07A
:1076E0000CFB644800780128E4D161480268921CD0
:1076F0000021022001F0E6FD5D48006840885E49F7
:10770000C880891D5D4800680FF006FF00205949B8
:107710000870AAE0207E617E0844C0EBC00061686A
:1077200001EB4000816852480068001D814229D168
:10773000504800780128BDD14D480068007920B933
:1077400055204B490968087107E0494800680079ED
:10775000012802D146490968087145480268121D8E
:107760000021032001F0AEFD4148006880884249B5
:1077700008810831414800680FF0CEFE00203D49E5
:10778000087072E0207E617E0844C0EBC000616832
:1077900001EB4000816836480068801D814229D194
:1077A00034480078012860D131480068807920B9D8
:1077B00055202F490968887107E02D4800688079B5
:1077C000012802D12A490968887129480268921D56
:1077D0000021042001F076FD25480068C088264974
:1077E00048810A31254800680FF096FE00202149A3
:1077F00008703AE000201F4908701C480078401EBD
:1078000000EB4001C1EB40101D4901EB8000808A74
:1078100017490968088015480078401E00EB4001B0
:10782000C1EB4010164901EB8000808B10490968BC
:1078300048800E480078401E00EB4001C1EB40102C
:107840000F4901EB8000008B0949096888800748CF
:107850000078401E00EB4001C1EB4010084901EBED
:107860008000408B02490968C88010BDDE0D0020F1
:10787000B8050020D8040020E0010020A404002066
:10788000EC15002070B588B004460D4616461C2243
:107890000E4901A8FAF704FF0CB908B070BD2C72AC
:1078A00000200AE001A911F8141031440B5C811C7E
:1078B00005F108025354411CC8B201A901EB44016F
:1078C00049788142EEDC00BFE7E700002898020813
:1078D0002DE9F04104460E4617460025394630464C
:1078E00000F000FA0546002D03DC4FF0FF30BDE844
:1078F000F081002C0CDD601E00EB800101EBC0006C
:10790000084931F91000A84202DB4FF0FF30EEE7E2
:1079100004EB840000EBC400024921F81050012060
:10792000E5E700001201002010B50446207E617ECC
:107930000844C0EBC000616801EB400080688049EA
:107940000968884210D17F48007801280CD10020B6
:107950007C4908707A48006800787B4908707B4849
:1079600000680FF0D9FDC2E0207E617E0844C0EBC4
:10797000C000616801EB4000816871480068401CEC
:1079800081420CD16F480078012808D100206D4950
:1079900008706B48006840786D490870A7E0207E49
:1079A000617E0844C0EBC000616801EB4000806864
:1079B0006849884213D11E22012161480068801C59
:1079C00005F042F85F4800780128CCD100205D49DD
:1079D000087060495D4800680FF09EFD87E0207EDA
:1079E000617E0844C0EBC000616801EB4000806824
:1079F0005949884213D146220A2151480068C01CC7
:107A000005F022F84F480078012870D100204D4938
:107A1000087051494D4800680FF07EFD67E0207EF8
:107A2000617E0844C0EBC000616801EB40008068E3
:107A30004A49884213D15A220F2141480068001D4B
:107A400005F002F83F480078012850D100203D4958
:107A5000087042493D4800680FF05EFD47E0207E17
:107A6000617E0844C0EBC000616801EB40008068A3
:107A70003B4988421BD14822012131480068401D02
:107A800004F0E2FF2F480078012830D100202D4972
:107A90000870334800784FF4616148433149096800
:107AA00088632F49294800680FF036FD1FE0207ECB
:107AB000617E0844C0EBC000616801EB4000806853
:107AC0002949884213D140F6B8323C211C4800684D
:107AD000C01D03F012F91B480078012807D10020CF
:107AE000184908702049194800680FF015FD207CDE
:107AF000032823D0144800781149096808701448F5
:107B000000780F4909684870124800780C490968E4
:107B10008870114800780A490968C8700F480078D1
:107B20000749096808710E480078054909684871D5
:107B30000D48008802490968A1F8070010BD00003F
:107B4000B8050020D804002067020020A40400200B
:107B5000DD0200206E0200206F0200207002002073
:107B60007202002068000020D2000020F0B5034619
:107B7000144600200B2900DDF0BD114D062606FB42
:107B800003520D4601EBD5767610905D01EBD5766C
:107B90007610A1EB4606B7000F26BE40B04301EBBE
:107BA000D5767610A1EB4606B60004FA06F6064333
:107BB000F0B201EBD5767610905500BFDCE70000FF
:107BC0007A0200202DE9FC4105460E463EA00068E1
:107BD000019000204AE0BDF8001066F30401009116
:107BE000BDF8001021F020010091BDF8001065F3F0
:107BF0008B11009101A90A5CBDF8001062F30F31EE
:107C00000091002400BF0AE03049096831F81410DF
:107C1000BDF80020914200D105E0611CCCB22C4996
:107C20000978A142F0DC00BF29490978A1421BD0A4
:107C30000AE026490A68611C32F81110234A1268CA
:107C400022F81410611CCCB221490978A142F0DC61
:107C50001F498978491E1E4A917011460978491EAC
:107C60001170114689785170411CC8B20228B2DBEC
:107C70000F2E08D1681E01218140164800688843F4
:107C80001449086017E00E2E15D16A1E01274FF027
:107C9000000838464146FAF753FB0A46C143D04331
:107CA0000D4B0CCB114018400B4AC2E900100021CB
:107CB000681E0A4A11540648807810B90020084905
:107CC0000870BDE8FC81000007060000F4020020F7
:107CD000E90C0020AC0E0020B80C0020387D0020FC
:107CE000210D00202DE9F04105460F46012D01DB55
:107CF0000C2D03DD4FF0FF30BDE8F081002400269D
:107D00000EE00B48805D204404B20A498888FBF7E6
:107D10003FFF18B1012E01D1601C04B2701CC6B225
:107D2000681EB042EDDCE01904B22046E4E7000032
:107D3000F49602088404002070B505460C4600261F
:107D400005F1D6001249087004EB44001149085CA3
:107D50000F49887004EB44000E49084440780C49F0
:107D6000C87004EB44000B49084480780849487106
:107D7000062107480CF02AFE064630120449C87155
:107D80008E710822044800681CF038FE70BD0000A7
:107D9000D60D0020800D00201000002070B5054693
:107DA000A87E00EB800105F11D0000EB4100446856
:107DB0008D48844203D12846FCF7C2FB2EE08B4855
:107DC00084420DD12846FFF74DF9112088490870EB
:107DD00088480078012821D12846FEF71FFB1DE0C6
:107DE0008548844206D12846FFF73CF92120804986
:107DF000087013E08148844203D12846FEF7AAF9AF
:107E00000CE07F48844203D1284601F085FC05E060
:107E10007C48844202D12846FCF714FC7A4884420C
:107E200002D12846FEF7EEFD7848844203D1284669
:107E3000FEF756FED6E07648844203D12846FFF787
:107E400073FDCFE07348844203D1284602F074FDED
:107E5000C8E07148844203D12846FEF731FBC1E0F7
:107E60006E48844203D1284602F044FCBAE06C48D4
:107E7000844203D1284604F0CBFCB3E06948844235
:107E800003D1284606F026FBACE06748844203D1C4
:107E9000284606F0C3FBA5E06448844203D1284687
:107EA0000CF052FC9EE06248844203D128460CF05C
:107EB000A9FD97E05F48844203D128460CF0E8FE14
:107EC00090E05D48844203D1284601F075FE89E0C8
:107ED0005A48844203D12846FEF7F8FC82E058480D
:107EE000844203D12846FFF731FA7BE055488442AB
:107EF00003D1284607F0AAF974E05348844203D11D
:107F0000284605F0D9FC6DE05048844203D128464C
:107F100005F046FC66E04E48844203D1284606F050
:107F200049FD5FE04B48844203D1284607F074F8CE
:107F300058E04948844203D1284607F0F7F851E059
:107F40004648844203D1284606F0A8FD4AE044484A
:107F5000844203D1284602F01BFA43E041488442A0
:107F600003D1284601F066FA3CE03F48844203D141
:107F7000284605F00FFA35E03C48844203D12846F4
:107F800003F030FD2EE03A48844203D1284601F048
:107F900085FC27E03748844203D1284602F06EFB77
:107FA00020E03548844203D1284603F0CDF919E09A
:107FB0003248844203D1284606F070FF12E0304870
:107FC000844203D1284606F053FB0BE02D4884423F
:107FD00002D102F085F805E02B48844202D1284600
:107FE000FFF730FB70BD0000EC040020F00400201F
:107FF000BC050020BF020020F40400201005002072
:1080000014050020FC0400200005002004050020C9
:1080100030050020340500205405002038050020DC
:1080200048050020400500204C050020E404002005
:1080300024050020280500201C0500205C050020E8
:10804000580500203C0500200C0500206405002098
:10805000680500206C0500207005002074050020D4
:10806000780500207C050020800500209005002078
:1080700094050020080500209805002084050020B4
:1080800044050020A4050020A80500201CB5002000
:108090000190022301AA41F652712A4800680FF0AC
:1080A00027FABDF8040045F65A2188422BD100205A
:1080B000009002236A4641F65471224800680FF08E
:1080C00017FABDF80000052190FBF1F201FB120048
:1080D00041F656710E2202FB001084B213461A4A72
:1080E0002146184800680FF0A1FABDF80000401CB6
:1080F00080B2009002236A4641F65471114800682C
:108100000FF094FA1DE045F65A20019001200090EE
:10811000022301AA41F652710A4800680FF086FA5C
:1081200002236A4641F65471064800680FF07EFA51
:108130000E23054A41F65671024800680FF076FAA0
:1081400000BF1CBDA4040020102300202DE9F04135
:1081500004460D46164600271DB900202649087022
:1081600003E005F1D50024490870012C09D1102045
:1081700021498870C87021480078401C1F49087048
:1081800025E0022C0AD110201B4988701320C870EA
:108190001A484078401C1949487018E0032C0AD14D
:1081A0001020154988707D20C87014488078401CC4
:1081B000124988700BE0042C09D110200E498870F8
:1081C0007E20C8700D48C078401C0C49C87070787B
:1081D0000949087130784871062107480CF0F6FB10
:1081E000074605498F713812C87108220448006893
:1081F0001CF004FCBDE8F081CE0D0020A227002079
:108200001000002070B50446049D0CB10D480460B8
:108210000C48006808B9002070BD0A480068016079
:1082200008480068426007480068836005480068A5
:10823000057300206073034800680E30014E306003
:108240000120E9E7640C0020B8BB3F4A93883F4A0D
:10825000B2F8032063F38F023C4BA3F803203A4AA1
:108260001268930D394A528863F38912374B5A804A
:10827000354A1268530C354A927863F34502334B02
:108280009A70314A1268130B304AB2F8012063F336
:1082900008122E4BA3F801202B4A128893092B4A6F
:1082A000128863F38B12294B1A80274A12781B78A5
:1082B00062F30503254A137039E0FFE7012836D140
:1082C000214A9388214A128963F38F021F4B1A8136
:1082D0001D4A1268930D1D4AB2F8072063F38912F4
:1082E0001A4BA3F80720184A1268530C174AD27980
:1082F00063F34502154BDA71134A1268130B134AE4
:10830000D28863F30812114BDA800F4A128893095E
:108310000E4AB2F8052063F38B120C4BA3F805202C
:10832000094A12785B7962F30503084A537121B94F
:10833000074A1288054B5A8105E0012903D14FF401
:108340006042024B5A8170478404002010230020B1
:10835000540300202DE9F04105460C461646002046
:108360002070B5F5B77F00DC35B90C2020701F20D8
:1083700060704FF0FF3727E0681E85B21CE0184997
:108380008888FBF705FC48B12078012806D11D2D0F
:1083900003DBA5F11D0085B20BE00FE02078114949
:1083A000085CA84204DC2078085C281A85B200E04A
:1083B00004E02078401C20701C2DE0DA00BF2078FB
:1083C000401C2070681C6070012E04D120786178F8
:1083D0002170607000BF01273846BDE8F0810000C1
:1083E00084040020F496020830B5002809DD0C88CA
:1083F0000444944203DC0C8804440C8015E00A8099
:1084000013E0002811DA0C88044403EB8305B4EB75
:10841000450F03DB0C8804440C8006E003EB830467
:108420004FF6FF7505EA44040C8030BD10B53148A5
:108430000078002851D130480078002843D12F48D7
:10844000007800280BDD2E4A2E4B93F90030D15CCA
:108450002D4A2E4B93F90030D05CFFF76DFC284875
:10846000284991F90010405C294908702948007892
:1084700022490978884208D0002004E00021264AD9
:108480001154411CC8B20428F8DB20480078401C75
:1084900040B21E490870084690F900001749097853
:1084A000884225DB00201949087016480078401CD6
:1084B00040B214490870084690F900002B2817D3E1
:1084C0000020087014E00C480078012810D100F05A
:1084D00099FF07200E4908700AE01048026810480A
:1084E000017804480078FFF731FE00200149087048
:1084F00010BD0000E70D0020E50D0020E40D002078
:108500009B0D00200A0E0020C60D0020090E002041
:10851000E10D0020E60D0020A2270020EC0D002038
:10852000E80D002030B5FD480088C0F38510FB4AF7
:108530001268C2F30432C2EB021200EB8201002087
:10854000FAE3C0EBC002F64B03EB82029289C0EB68
:10855000C003F34C04EB8303DB891A44F14B03EBB8
:1085600040131A82EF4A02EB4012128AB2F5B46F3E
:108570000ADDEC4A02EB4012128AA2F5B462E94B22
:1085800003EB40131A820BE0E64A02EB4012128A18
:10859000B2F5B46F04D10022E24B03EB40131A8210
:1085A000C0EBC002DE4B03EB8202128AC0EBC003B9
:1085B000DB4C04EB83035B8A1A44DA4B03EB401376
:1085C0005A82D84A02EB4012528AB2F5B46F0ADDE1
:1085D000D44A02EB4012528AA2F5B462D14B03EBAB
:1085E00040135A820BE0CF4A02EB4012528AB2F596
:1085F000B46F04D10022CB4B03EB40135A82C94A1B
:1086000002EB4012927A02F00102002A7DD0C54AA4
:1086100002EB4012927D2AB1C24A02EB4012927DD7
:10862000FF2A3DD1BF4A02EB4012528922F080025C
:108630008032BC4B03EB40135A81BB4A927D022A25
:108640002DD1B84A02EB40125289C2F3002232BB4C
:108650000022B44B03EB40139A82B24A02EB401261
:10866000528922F008020832AE4B03EB40135A81C4
:10867000AC4A02EB4012528922F00402121DA94BAF
:1086800003EB40135A81A74A02EB4012528922F4AD
:10869000807202F58072A34B03EB40135A81FCE316
:1086A000A04A02EB4012528922F080029D4B03EB5C
:1086B00040135A81C0EBC002994B03EB8202927DBA
:1086C00002F00F0292B9974A02EB4012528922F04F
:1086D0001002944B03EB40135A810022934B1A541F
:1086E000FF22904B03EB4013DA8038E1C0EBC0026D
:1086F0008B4B03EB8202927D02F00F02012A40D1E4
:108700008B4A1268B2F9002000E0C0E2C0EBC0035F
:10871000834C04EB8303DB889A421BDA814A02EB29
:108720004012927AC2F30012002ADED10A227D4B57
:1087300003EB4013DA807B4A02EB4012528922F0AD
:1087400010021032774B03EB40135A810122774B12
:108750001A5404E1764A1268B2F90020C0EBC00353
:108760006F4C04EB83035B899A42BEDD6D4A02EBDA
:108770004012528922F010026A4B03EB40135A81D7
:10878000EDE0C0EBC002664B03EB8202927D02F08B
:108790000F02022A34D1674A1278012A25D1614A90
:1087A00002EB4012927AC2F30012002A9DD1C0EB74
:1087B000C00203EB82021289C2EB02124FF6FF7372
:1087C00003EA8202574B03EB4013DA80554A02EB6F
:1087D0004012528922F010021032524B03EB401328
:1087E0005A810122514B1A54B9E04E4A02EB401211
:1087F000528922F010024B4B03EB40135A81AEE03A
:10880000C0EBC002464B03EB8202927D02F00F02E6
:10881000032A50D1474A1278012A7DD1414A02EBFE
:108820004012927AC2F30012D2B9434AD26952F886
:1088300020203C4B03EB40131A603A4A02EB4012F3
:10884000528922F010021032364B03EB40135A814A
:10885000C822344B03EB4013DA800122334B1A5405
:10886000304A02EB40121268C0EBC0032C4C04EB00
:1088700083039B881A442B4B03EB40131B689A42DB
:108880001AD92D4AD26952F82020264B03EB401307
:108890001B68C0EBC004224D05EB8404A48823446C
:1088A0009A425CD3214A125C012A58D100221D4B06
:1088B00003EB4013DA8052E01A4A02EB40121268CE
:1088C000C0EBC003164C04EB83039B881A44154B82
:1088D00003EB40131B689A4241D8174AD26952F8F9
:1088E0002020104B03EB40131B68C0EBC0040C4D61
:1088F00005EB8404A48823449A4230D90E4AD269F5
:1089000052F82020074B03EB40131B689A4226D2F3
:10891000064A125C012A11E017E0000084040020DE
:10892000A0780020202300208C2100206027002038
:10893000CC020020740D0020AC1500200FD10022C5
:10894000FE4B03EB4013DA8009E0FC4A02EB4012D5
:10895000528922F01002F94B03EB40135A81C0EB0D
:10896000C002F74B03EB82029289F44B03EB4013F6
:108970001B8A9A427DD0C0EBC002F14B03EB82020E
:108980009289EE4B03EB40131B8A9A422BDAC0EB21
:10899000C002EB4B03EB820292898A4212DCC0EBED
:1089A000C00203EB8202927D02F0100252B1E34A50
:1089B00002EB4012528922F020022032DF4B03EBFF
:1089C00040135A81DD4A02EB4012128A8A425FDC70
:1089D000DA4A02EB4012528922F02002D74B03EB15
:1089E00040135A8154E0C0EBC002D54B03EB820226
:1089F0009289D24B03EB40131B8A9A4248DDC0EBAD
:108A0000C002CF4B03EB820292898A4207DD002924
:108A100019DBCA4A02EB4012128A8A4213DDC0EB0C
:108A2000C002C74B03EB8202927D02F0100252B1EA
:108A3000C24A02EB4012528922F020022032BF4B80
:108A400003EB40135A81BD4A02EB4012128A8A425C
:108A50001EDCC0EBC002BA4B03EB820292898A4251
:108A600016DDB64A02EB4012528922F02002B34BC7
:108A700000E003E003EB40135A8109E0AF4A02EB48
:108A80004012528922F02002AC4B03EB40135A8172
:108A9000C0EBC002AA4B03EB8202128AA74B03EB86
:108AA00040135B8A9A427DD0A64A1278012A7AD175
:108AB000C0EBC002A24B03EB8202128A9F4B03EB76
:108AC00040135B8A9A422BDAC0EBC0029C4B03EB4B
:108AD0008202128A8A4212DCC0EBC00203EB8202DD
:108AE000927D02F0200252B1944A02EB4012528968
:108AF00022F040024032914B03EB40135A818F4ADF
:108B000002EB4012528A8A426BDC8C4A02EB401222
:108B1000528922F04002894B03EB40135A8160E0F6
:108B2000C0EBC002864B03EB8202128A834B03EB3D
:108B300040135B8A9A4254DDC0EBC002804B03EBCA
:108B40008202128A8A4207DD002919DB7B4A02EB86
:108B50004012528A8A4213DDC0EBC002784B03EB0D
:108B60008202927D02F0200252B1744A02EB40125E
:108B7000528922F040024032704B03EB40135A817D
:108B80006E4A02EB4012528A8A422ADCC0EBC002D3
:108B90006B4B03EB8202128A8A4222DD674A02EBA8
:108BA000401201E013E007E0528922F04002634BDB
:108BB00003EB40135A8114E0604A02EB40125289E1
:108BC00022F040025D4B03EB40135A8109E05B4AFF
:108BD00002EB4012528922F04002584B03EB401343
:108BE0005A81564A02EB40125289C2F30022E2BB7C
:108BF000524A02EB4012D288C2BB504A02EB4012EA
:108C0000528922F0080208324C4B03EB40135A8180
:108C10004A4A02EB4012528922F00402121D474BCD
:108C200003EB40135A81454A02EB4012528922F469
:108C3000807202F58072414B03EB40135A813F4A28
:108C400002EB4012528922F4805202F580523B4BD3
:108C500003EB40135A81394A02EB4012528922F445
:108C6000006202F50062354B01E04FE010E003EBDB
:108C700040135A81314A02EB4012D28822B9FF22B6
:108C80002E4B03EB4013DA8000222F4B1A5422E1C3
:108C90002A4A02EB4012927AC2F340123AB9274AAA
:108CA00002EB4012927AC2F38012002AEFD0234ADC
:108CB00002EB4012528922F0080208321F4B03EBEC
:108CC00040135A811D4A02EB4012528922F00402DD
:108CD000121D1A4B03EB40135A81184A02EB401243
:108CE000528922F4807202F58072144B03EB401318
:108CF0005A81124A02EB4012528922F4006202F5B4
:108D000000620E4B03EB40135A81E4E00B4A02EB86
:108D100040125289C2F30022002A7DD0074A02EB9A
:108D200040125289C2F38032B2B1044A02EB4012BF
:108D30005289C2F3803209E0D0E0000020230020F5
:108D4000A0780020740D002060270020002A63D046
:108D5000644A927D022A5FD1634A02EB4012528933
:108D6000D20B6AB1604A02EB401252890123B3EB85
:108D7000D23F51D15C4A02EB4012127F012A4BD103
:108D8000C0EBC002594B03EB8202927D02F00F024E
:108D9000012A19D1564A1268B2F90020C0EBC0036B
:108DA000524C04EB83035B899A420DDD4E4A02EB81
:108DB0004012927AC2F3401232B94B4A02EB40128F
:108DC000927AC2F3801242B3C0EBC002474B03EB6E
:108DD0008202927D02F00F02012A1CD0444A1268DE
:108DE000B2F90020C0EBC003404C04EB83035B8965
:108DF0009A4210DD3C4A02EB4012927AC2F34012D2
:108E00004AB9394A02EB4012927AC2F3801212B97F
:108E1000384A12780AB101E05DE022E0324A02EB02
:108E200040125289C2F300326AB92F4A02EB401253
:108E3000927AC2F3401232B92B4A02EB4012927A74
:108E4000C2F380126AB1284A02EB40125289012310
:108E5000B3EBD23F3FD1244A02EB4012127F012AEA
:108E600039D10022204B03EB40131A771E4A02EB44
:108E70004012528922F008021B4B03EB40135A8127
:108E8000194A02EB4012528922F00402121D164BBD
:108E900003EB40135A81144A00E01DE002EB40123C
:108EA000528922F48072104B03EB40135A810E4A10
:108EB00002EB4012528922F480520B4B03EB401319
:108EC0005A81094A02EB4012528922F40062064B91
:108ED00003EB40135A8100BF421CD0B22228FFF698
:108EE00030AB30BD8C21002020230020A078002052
:108EF000CC020020740D00202DE9F04F0288438839
:108F000049F637664FF6FF7A0AEA86140F88B1F8F9
:108F100002C0B1F80480B1F80690002523E008EB08
:108F2000021A02EB040B8AEA0B0A09EB621B8AEABB
:108F30000B0AA3EB0A0A1FFA8AF307EB031A03EBE7
:108F4000040B8AEA0B0A0CEB631B8AEA0B0AA2EBFE
:108F50000A0A1FFA8AF2A4EB060A1FFA8AF405F13C
:108F6000010A1FFA8AF5402DD9DB02804380BDE853
:108F7000F08F000030B58DB0CE4A07CA0AAB07C3E8
:108F8000CC4A0C32D2E900109268CDE90802079170
:108F90001822C849183101A8F9F782FB002483E19F
:108FA00000257FE004EB4400C0EB4410C24901EB14
:108FB0008000B0F8720001A931F81510084080BB9C
:108FC00004EB4400C0EB4410BB4901EB8000B0F857
:108FD000700001A931F81510084001A931F81510E9
:108FE00088425DD107AB5A5D631CD9B20AAB585DAC
:108FF0000BF03EFA04EB4400C0EB4410AE4901EB29
:109000008000B0F8720001A931F81510084304EB94
:109010004401C1EB4411A84A02EB8101A1F872009E
:109020003EE0FFE704EB4400C0EB4410A24901EB33
:109030008000B0F8720001A931F81510084001A9AC
:1090400031F8151088422BD104EB4400C0EB4410DA
:10905000994901EB8000B0F8700001A931F81510B2
:109060000840E8B907AB5A5D631CD9B20AAB585D3A
:10907000FBF730FB04EB4400C0EB44108E4901EBDE
:109080008000B0F8720001A931F81510884304EB94
:109090004401C1EB4411884A02EB8101A1F872003E
:1090A000681CC5B20B2DFFF67DAF04EB4400C0EB8E
:1090B0004410814901EB8000B0F8720000F40050C8
:1090C000A8BB04EB4400C0EB441001EB8000B0F8F7
:1090D000640000EBC00101EB001078490988B1EB96
:1090E000800F61DA04EB4400C0EB4410724901EBDD
:1090F0008000407C012857DD601CC1B20222102094
:109100000BF0B6F904EB4400C0EB44106A4901EBE4
:109110008000B0F8720040F4005004EB4401C1EB51
:109120004411654A02EB8101A1F872003CE0FFE7BF
:1091300004EB4400C0EB44105F4901EB8000B0F841
:10914000720000F40050B0F5005F2DD15B4800883C
:10915000A0F5967004EB4401C1EB4411564A02EBB2
:109160008101B1F8641001EBC10202EB0111B0EB17
:10917000810F19DD601CC1B202221020FBF7AAFA90
:1091800004EB4400C0EB44104B4901EB8000B0F805
:10919000720020F4005004EB4401C1EB4411464A34
:1091A00002EB8101A1F8720004EB4400C0EB441013
:1091B000414901EB8000B0F8720000F48040A8BB88
:1091C00004EB4400C0EB441001EB8000B0F86600F3
:1091D00000EBC00101EB001039490988B1EB800FA9
:1091E00060DD04EB4400C0EB4410334901EB800028
:1091F000407C012856DD601CC1B2012210200BF01A
:1092000037F904EB4400C0EB44102B4901EB80001C
:10921000B0F8720040F4804004EB4401C1EB44110B
:10922000254A02EB8101A1F872003BE0FFE704EB65
:109230004400C0EB4410204901EB8000B0F87200FC
:1092400000F48040B0F5804F2CD104EB4400C0EB1B
:10925000441001EB8000B0F8660000EBC00101EBA8
:1092600000111748008800F59670B0EB810F19DAED
:10927000601CC1B201221020FBF72CFA04EB440061
:10928000C0EB44100C4901EB8000B0F8720020F4F0
:10929000804004EB4401C1EB4411074A02EB810119
:1092A000A1F87200601CC4B2082CFFF679AE0DB0B4
:1092B00030BD0000F8970208EC150020C80000201F
:1092C000CA00002030B5174B1870174B19700128D1
:1092D00006D11388154CA380231D154C23601BE079
:1092E000022806D11388114CE380A31D104C236083
:1092F00012E0032807D113880C4C238104F10803E2
:109300000B4C236008E0042806D11388074C6381C6
:1093100004F10A03064C23600024431E034DEC5461
:1093200030BD0000E70D0020E80D0020A22700203E
:10933000EC0D0020F0B50446182A02DD4FF0FF3096
:10934000F0BD3B2B02DD4FF0FF30F9E7182A00D1CA
:109350000023C2EB021003EB800500290FDD04EBB4
:10936000840000EBC4000C4E06EB4000801C4E1E37
:1093700030F91600A84202DB4FF0FF30E0E72EB2D2
:1093800004EB840000EBC400034F07EB4000801C9B
:1093900020F811600120D3E7120100201448007862
:1093A000FA2804DA12480078401C11490870104865
:1093B0000078F92804D100200E4908700E49086091
:1093C000002011E00D49095C002905DD0B49095C0D
:1093D000491E0A4A115406E00849095C19B90021DE
:1093E000074A22F81010401C0328EBDB70470000EE
:1093F000880E0020890E0020900E0020B90E00205B
:10940000D47D002010B5072108480078FEF794FCB1
:1094100006480078401C054908700846007808286E
:1094200003DB002008700249087010BD080E002000
:10943000E50D002070B504463C480078092806DD9B
:109440003A4800780B2802DA00203849087037487B
:109450004078092806DD354840780B2802DA0020DC
:109460003249487031488078092806DD2F488078D5
:109470000B2802DA00202D4988702C48C078092872
:1094800006DD2A48C0780B2802DA00202749C87078
:1094900027480078012847D100BF264800784FF4BC
:1094A0007A7148432349497801EBC10202EB01116B
:1094B00000EB81001F49897801EB810100EB41003D
:1094C0001C49C978084485B21B480088854203D0EE
:1094D0001A480088854223D14FF4617018490880EA
:1094E00016480088854202D10220164908701648A5
:1094F0000068A8B11448006806F080F980B11248ED
:109500000168A07E00EB800204F11D0000EB420028
:1095100041600D48006800220168204611F098F86B
:1095200000200349087000BF70BD0000D404002073
:10953000D8040020D00400205E0C0020600C002025
:1095400008030020860C0020CC0400202DE9FE43F7
:1095500004460E4600200290009001900F2581469F
:10956000804600271CE0042F0BDAE05D0C21A1EB04
:1095700087018840BDF80810084380B2ADF80800A4
:109580000CE0E15D381F0C22A2EB800001FA00F034
:10959000BDF80A10084380B2ADF80A00781C47B243
:1095A000082FE0DB14E0705D302802DB705D3928A5
:1095B0000BDD705D612802DB705D7A2805DD705D72
:1095C000412803DB705D5A2800DC03E0681E45B2C9
:1095D000002DE8DA00BF15E0705DFAF787FF08EBB1
:1095E000C80100EB8108B8F5803F09D31FFA88F065
:1095F0002DF819004FEA184809F101004FFA80F9D7
:10960000681E45B2002D02DBB9F1040FE4DB6946A8
:1096100002A8FFF771FCBDF8080000132070BDF828
:109620000800C0F303206070BDF80800C0F3031009
:10963000A070BDF8080000F00F00E070BDF80A004F
:1096400000132071BDF80A00C0F303206071BDF85B
:109650000A00C0F30310A071BDF80A0000F00F006B
:10966000E071002207E0A05CFDF78EFD02F1080129
:109670006054501CC2B2082AF5DB04F10800BDE8B2
:10968000FE83000010B540F203601DF0B9FDC02359
:109690000322142101481CF0B6FE10BD000C01404D
:1096A00070B504460E461A4800681A4988420FD31E
:1096B000601EC11700EB91718910A0EB8101A9B95F
:1096C000611E134A126802EB81201CF057FD0DE069
:1096D000601E00EBD0714910A0EB410131B9611E51
:1096E0000B4A126802EB81201CF048FD00250CE0BB
:1096F000621E074B1B6803EB822202EB850056F8C3
:1097000025101CF0D3FD681C85B2FF2DF0DD70BD67
:10971000640D00200000080810B50446207E617E1C
:109720000844C0EBC000616801EB4000806852490A
:109730000968884210D15148007801280CD14E4860
:10974000006800784E4908704E4800680DF0E4FE4D
:1097500000204A49087076E0207E617E0844C0EB14
:10976000C000616801EB4000416843480068401C4C
:1097700081421FD1B92201213F480068401C03F0FB
:1097800063F93E48007801285DD13B480068407885
:109790003D490870084600783C4948433C490968FF
:1097A00048633949374800680DF0B6FE0020334958
:1097B000087048E0207E617E0844C0EBC00061680C
:1097C00001EB400041682C480068801C814217D1A1
:1097D0001222012128480068801C03F035F927482F
:1097E000007801282FD12448006880782949087022
:1097F000244800680DF090FE00202049087022E007
:10980000207E617E0844C0EBC000616801EB40002F
:10981000416819480068C01C814214D141F2883265
:109820004FF4965114480068C01C01F066FA1348C2
:109830000078012807D11849124800680DF06CFE25
:1098400000200E490870207C032814D00C480078B2
:109850000949096808700C48007807490968487088
:109860000C4800780449096888700B480088024950
:109870000968A1F8030010BDB8050020D804002035
:1098800065020020A4040020740200208051010021
:109890006800002079020020AC00002070B504466A
:1098A000207E617E0844C0EBC000616801EB40008F
:1098B0008168BB480068C01C81424CD1B94800781F
:1098C000012848D10020B7490870B74890F89204A1
:1098D00000F0F001B44880F8921490F89204B04976
:1098E0000968C9780843B04981F89204012201F25D
:1098F0009241AE4800680CF05DFB0C20AC4908704A
:10990000002522E0C5EBC500A74901EB8000C07D22
:109910007B2818D1A248006800782230C0EBC00034
:1099200001EB8000807DC5EBC5019F4A02EB810100
:109930008875C5EBC50002EB8000811D01229B48A4
:1099400000680CF037FB681CC5B2222DDADB522010
:1099500098490870FFE0207E617E0844C0EBC0009B
:10996000616801EB400041688D480068C01D81427C
:1099700045D141F2B4424FF47A6189480068C01D74
:1099800001F0BBF9874800780128E3D10020854920
:10999000087083480068B0F807108348A0F8821464
:1099A000022200F28241814800680CF003FB04208F
:1099B0007F49087000251CE0C5EBC5007A4901EB22
:1099C0008000C07D7B2812D10846B0F88204C5EB28
:1099D000C501754A02EB8101C880C5EBC50002EBE9
:1099E0008000811D0222714800680CF0E3FA681CB7
:1099F000C5B2222DE0DB52206E490870ABE0207E1C
:109A0000617E0844C0EBC000616801EB4000416822
:109A100063480068093081424AD1624800780128D1
:109A200046D141F2B4424FF47A615D480068093092
:109A300001F063F95B48007801288BD10020594977
:109A4000087057480068B0F809105748A0F8861405
:109A5000022200F28641554800680CF0ABFA06205D
:109A60005349087000251DE0C5EBC5004E4901EBC8
:109A70008000C07D7B2813D10846B0F88604C5EB72
:109A8000C501494A02EB81014881C5EBC50002EBE3
:109A9000800000F10A010222444800680CF08AFAB2
:109AA000681CC5B2222DDFDB52204249087052E00B
:109AB000207E617E0844C0EBC000616801EB40007D
:109AC0004168374800681130814244D14FF4B46294
:109AD000012133480068113001F00FF93148007856
:109AE000012838D100202F4908702D480068B0F8AF
:109AF00011102D48A0F88414022200F284412B4852
:109B000000680CF057FA05202949087000251DE06F
:109B1000C5EBC500244901EB8000C07D7B2813D133
:109B20000846B0F88404C5EBC5011F4A02EB810169
:109B30000881C5EBC50002EB800000F1080102229C
:109B40001A4800680CF036FA681CC5B2222DDFDB1B
:109B5000522018490870207C03281FD0124890F822
:109B6000920400F003000E490968C8700E48B0F86E
:109B700082040B490968A1F807000B48B0F8860475
:109B800007490968A1F809000748B0F884040449A6
:109B90000968A1F8110000200249087070BD00009A
:109BA000B8050020D8040020A0780020A4040020DC
:109BB000600E0020610E002070B50446A94DAA4831
:109BC00000684078042803DD0020A7490968487030
:109BD000207E617E0844C0EBC000616801EB40005C
:109BE0008168A1480068401C81422DD19F480078BF
:109BF000012829D19C48006841789B48006800787A
:109C0000401E9B4A02EBC000407861F30710964962
:109C100009680978491E02EBC10148709248006842
:109C20000078401E02EBC001924800680DF074FC01
:109C30008D48006800789049087002208F490870AC
:109C400000208A490870B8E0207E617E0844C0EB9D
:109C5000C000616801EB4000416883480068801CD7
:109C6000814234D1804800680078401E35F81000E9
:109C7000323802B24FF47A617B480068801C01F0F0
:109C80003CF87A4800780128DDD17748006841889F
:109C9000754800680078401E754A02EBC000C1801C
:109CA000714800680078401E02EBC000811D7148B9
:109CB00000680DF031FC6C48006800786E4908704F
:109CC00002206E49087000206849087075E0207E07
:109CD000617E0844C0EBC000616801EB4000416850
:109CE00061480068001D81422DD14FF461520A2164
:109CF0005D480068001D01F000F85C48007801280C
:109D00005BD1594800688188574800680078401E38
:109D10005B4A02EBC0008180534800680078401E17
:109D200002EBC000011D534800680DF0F5FB4E48E2
:109D300000680078504908700220504908700020DF
:109D40004A49087039E0207E617E0844C0EBC000BB
:109D5000616801EB40004168434800680D30814272
:109D60002BD1414800680078401E414A02EBC000F8
:109D7000C088323001B241F218523B4800680D30C1
:109D800000F0BBFF39480078012816D1364800683A
:109D9000B0F80D10344800680078401E25F8101007
:109DA000314800680078401E05EB400131480068EA
:109DB0000DF0B2FB00202D490870207C03280FD144
:109DC000207E617E0844C0EBC000616801EB40006A
:109DD000406825490968884242D1207C03283FD148
:109DE000214800680078032803DB01201E49096828
:109DF00008701D480068007818B902201A490968DF
:109E00000870194800680078401E194901EBC0002D
:109E100040780009144909684870134800680078C0
:109E2000401E134901EBC000C0880F4909684880F3
:109E30000D4800680078401E114901EBC000808881
:109E4000094909688880084800680078401E35F88C
:109E5000100005490968A1F80D00002003490870A9
:109E600070BD0000BC010020B8050020D80400200F
:109E700094010020A40400208D0C00208C0C0020F4
:109E8000A401002010B504466F4890F90000002896
:109E900005DD6D480078401E40B26B4908706A4885
:109EA000007848B9012069490870032068490870A2
:109EB000FF206549087006E063480078052802D154
:109EC00001206449087064480078002804DD624875
:109ED0000078401E604908706048006811F0B2FACE
:109EE000FCF72CFE5E480078012803D100205C4975
:109EF000087002E001205A4908705A480078012889
:109F000008D159480078002804DD57480078401EE1
:109F10005549087055480088002804DD53480088DA
:109F2000401E5249088052480078002804DD5048FD
:109F30000078401E4E4908704D48007828B94D48B9
:109F40000078012801D1FDF709F94B480078002875
:109F500004DD49480078401E4749087047480078AA
:109F6000002804DD45480078401E4449087004F08C
:109F7000B3FC43480088002804DD41480088401EA7
:109F80003F4908803E48008810B900203D490870CC
:109F90003D480078022803D03B480078032804D1CC
:109FA0003A480068401C394908603748007818B1C1
:109FB00035480078012804D135480068401C3449F0
:109FC0000860344890F90000002805DD3148007829
:109FD000401E40B22F4908702F4890F90000002819
:109FE00005DD2D480078401E40B22B4908702B48F3
:109FF0000078002804DD29480078401E27490870B1
:10A000002648007830B93C202449087001202449B2
:10A01000087006E0214800781E2802D1012021495D
:10A02000087000202049087020480068401C1F4923
:10A0300008601F480078012804DD1D480078401E94
:10A040001B49087010BD0000DF0E0020DC0200205C
:10A050008C0C0020A60E0020C90200206800002001
:10A06000080D00205A0000205B0000205C0000204A
:10A07000700D0020690D0020CE0E0020CF0E0020B4
:10A0800008030020860C0020C8020020D40E002007
:10A09000D80E0020BC0E0020710C0020DC0E002029
:10A0A0004C0D0020DD0E00205D0300206003002029
:10A0B000DE0E002010B50446064800680CF0FAFBDE
:10A0C00005480068401C04490860002003490870E6
:10A0D00010BD0000A4040020E00E00205E0300205C
:10A0E00092480078082802DC9048007810B90120D6
:10A0F0008E4908708D480078401E00EB4001C1EB8E
:10A1000040108B4901EB8000008B552804D10020C2
:10A110008849096848820FE084480078401E00EBB7
:10A120004001C1EB4010824901EB8000008B012807
:10A1300002D18049096848827C480078401E00EBC3
:10A140004001C1EB40107A4901EB8000408B55285B
:10A1500004D100207749096888820FE073480078AD
:10A16000401E00EB4001C1EB4010714901EB800043
:10A17000408B012802D16F49096888826B480078BA
:10A18000401E00EB4001C1EB4010694901EB80002B
:10A19000007C68490968887664480078401E00EBB6
:10A1A0004001C1EB4010624901EB8000007C0E28A9
:10A1B00003DD0F205F49096888765C480078401EFF
:10A1C00000EB4001C1EB4010594931F820005949DA
:10A1D0000968088055480078401E00EB4001C1EB3B
:10A1E0004010534901EB800040885249096848807B
:10A1F0004E480078401E00EB4001C1EB40104C4936
:10A2000001EB8000C0884B49096888804748007886
:10A21000401E00EB4001C1EB4010454901EB8000BE
:10A22000007C44490968C88040480078401E00EB23
:10A230004001C1EB40103E4901EB8000B0F86400E2
:10A240003C490968088139480078401E00EB40010C
:10A25000C1EB4010364901EB8000C08935490968DF
:10A26000488132480078401E00EB4001C1EB4010AD
:10A270002F4901EB800000892E49096888812B480D
:10A280000078401E00EB4001C1EB4010284901EB73
:10A290008000408927490968C88124480078401E09
:10A2A00000EB4001C1EB4010214901EB80008089A7
:10A2B0002049096808821D480078401E00EB4001D3
:10A2C000C1EB40101A4901EB8000C08A19490968A6
:10A2D000C88216480078401E00EB4001C1EB4010D8
:10A2E000134901EB8000C08B1249096808830F48AD
:10A2F0000078401E00EB4001C1EB40100C4901EB1F
:10A300008000B0F842000B4909688883074800784C
:10A31000401E00EB4001C1EB4010054901EB8000FD
:10A32000B0F8400003490968C8837047DE0D00207B
:10A33000EC150020B805002030B502460B46012A76
:10A3400001DB022A00DD30BD022B00DDFBE700212E
:10A35000002017E00D4C14F8104004F07F04092C85
:10A360000ED102290CDA4C1C944207D1074C34F868
:10A37000104063F3C814054D25F810404C1CE1B2A1
:10A38000441CE0B20C28E5DB00BFDCE7F80000204D
:10A390002DE9F04F8FB0814600200E908948046867
:10A3A0002088618888427DD002230EAA41F652712E
:10A3B000854800680DF09CF8BDF8380045F65A2134
:10A3C00088426FD100200890022308AA41F65471F8
:10A3D0007D4800680DF08CF82088BDF82010884278
:10A3E00002DDBDF820002080208801B2BDF82000E9
:10A3F000001F814203DABDF82000001F2080208862
:10A40000002875DD2088401E052190FBF1F201FB3C
:10A41000120041F656710E2202FB001085B213465F
:10A4200009AA2946684800680DF062F8BDF82700BF
:10A430008008644909688880BDF82600C0F383104D
:10A440006049096888719DF82600C0F344005D49A1
:10A450000968C871BDF82500C0F30410594909689E
:10A460000872BDF82400C0F3851056490968487287
:10A470009DF8240000F03F00524909688872BDF839
:10A48000270080084F490968A1F80B00BDF82B0090
:10A49000C0F383104B490968487309A8C079C0F319
:10A4A000440000E08BE0474909688873BDF82A0042
:10A4B000C0F3041043490968C873BDF82900C0F30C
:10A4C00085104049096808749DF8290000F03F0094
:10A4D0003C490968487420886080BDF82E00B0F5BA
:10A4E000604F06D139A1374800681230F7F760FF96
:10A4F00064E02088BDF82010884223D136480088C7
:10A500001EF04CFE834635491EF0FEFC82461EF0CE
:10A5100061FC05460E46BDF82E001EF03FFE834648
:10A520002E491EF0F1FC82461EF054FC07463A46C6
:10A530000B462BA12348CDE9005600681230F7F7EF
:10A5400037FF3BE02088BDF82010884236DA2088AB
:10A55000052190FBF1F201FB120041F656710E222B
:10A5600002FB001085B2134603AA2946164800686C
:10A570000CF0BEFFBDF816001EF010FE8346174912
:10A580001EF0C2FC82461EF025FC05460E46BDF8B4
:10A590002E001EF003FE834610491EF0B5FC8246D5
:10A5A0001EF018FC07463A460B460DA10548CDE9BA
:10A5B000005600681230F7F7FBFE00BF00BF0FB077
:10A5C000BDE8F08FB8050020A4040020C9FDBCB68A
:10A5D000CAA7B0DC00000000540300200000C842FD
:10A5E000BEC93A25342E326620D0C23A25342E32E6
:10A5F00066000000034B1870034B1970034B1A6080
:10A6000070470000E70D0020E80D0020EC0D002051
:10A610002DE9F04704460D4617461E46DDE9088938
:10A620004FF0080A1348817D2846F9F731FD207064
:10A6300067703012A070E6704FEA2820207184F80D
:10A640000580B9F1010F12D14FF00B0A0220A07161
:10A650000020E071681E084901EB4010807AC0F3C9
:10A66000C00010B13320207201E0AA2020725046B1
:10A67000BDE8F0878C210020202300201B490968B9
:10A680004FF47A72B1FBF2F1194A1268116017495E
:10A6900049684FF47A72B1FBF2F1154A12685160C1
:10A6A000124989684FF47A72B1FBF2F1104A1268CC
:10A6B00091600E49C9684FF47A72B1FBF2F10C4A0D
:10A6C0001268D160094909694FF47A72B1FBF2F15D
:10A6D000074A12681161054949694FF47A72B1FB62
:10A6E000F2F1034A1268516170470000747D002046
:10A6F000B805002010B50446207E617E0844C0EBFA
:10A70000C000616801EB40008068814909688842A7
:10A7100010D18048007801280CD17D48006800786D
:10A720007D4908707D4800680CF0F6FE00207949EC
:10A730000870C7E0207E617E0844C0EBC0006168FD
:10A7400001EB400080687649884235D142F21072B0
:10A7500001216F480068401C00F0CFFA6D48007876
:10A760000128E6D16E480088032190FBF1F06D4985
:10A7700008806B480088032190FBF1F06A4908804B
:10A7800067480088032190FBF1F06849088065491B
:10A79000624800680CF0C0FE6349604800680CF035
:10A7A000BBFE62495D4800680CF0B6FE00206049BF
:10A7B00008705849087085E0207E617E0844C0EB2F
:10A7C000C000616801EB400080685649884220D192
:10A7D00042F2107201214E480068C01C00F08DFA50
:10A7E0004C48007801286DD14E494C4800680CF067
:10A7F00093FE00204E490870464908704948008879
:10A800004949098808444949098808444449088055
:10A8100058E0207E617E0844C0EBC000616801EB17
:10A82000400080684049884220D142F210720121E4
:10A8300037480068401D00F060FA3648007801286B
:10A8400040D13949354800680CF066FE002038498F
:10A850000870304908703348008833490988084433
:10A860003249098808442E4908802BE0207E617E09
:10A870000844C0EBC000616801EB400080682B49D0
:10A8800088421FD142F21072012121480068C01D88
:10A8900000F033FA1F480078012813D123491F48DC
:10A8A00000680CF039FE0020214908701949087031
:10A8B0001C4800881C49098808441C490988084428
:10A8C00017490880207C032821D0134800781049BC
:10A8D00009680870124800880D490968A1F801004C
:10A8E000104800880A490968A1F803000E4800884A
:10A8F00007490968A1F805000C480088044909685F
:10A90000A1F807000B48007801490968C87210BD1A
:10A91000B8050020D804002069020020A40400200B
:10A9200078030020E4000020E6000020E80000207A
:10A930006C0000207602002038B50446207E617E3F
:10A940000844C0EBC000616801EB40008068CB495F
:10A95000096888421CD1CA480078012818D1002013
:10A96000C7490870C54800680078C649087008469D
:10A97000007838B9012000906A4600210320FEF7D4
:10A98000A1FC00BFBF49C04800680CF0C5FD37E11D
:10A99000207E617E0844C0EBC000616801EB40008E
:10A9A0008068BA49884215D141F2504241F26801AB
:10A9B000B2480068401C00F0A0F9B14800780128B6
:10A9C000E5D10020AE490870B049AF4800680CF0EE
:10A9D000A3FD15E1207E617E0844C0EBC0006168E4
:10A9E00001EB40008068AA49884214D142F21072FB
:10A9F0000021A2480068C01C00F07FF9A048007840
:10AA00000128C4D100209E490870A1499E480068D1
:10AA10000CF082FDF4E0207E617E0844C0EBC000B3
:10AA2000616801EB400080689A49884214D142F283
:10AA30001072002191480068401D00F05EF99048B6
:10AA400000780128A3D100208D49087091498E48D3
:10AA500000680CF061FDD3E0207E617E0844C0EB0D
:10AA6000C000616801EB400080688B49884216D1C4
:10AA700042F210728748008801B280480068C01D09
:10AA800000F03BF97E4800780128A2D100207C49E3
:10AA9000087081497C4800680CF03EFDB0E0207EE3
:10AAA000617E0844C0EBC000616801EB4000806833
:10AAB0007A4988420CD172480078012889D1002057
:10AAC0006F4908707549704800680CF025FD97E0E3
:10AAD000207E617E0844C0EBC000616801EB40004D
:10AAE00080686F4988420CD165480078012807D1F9
:10AAF0000020634908706A49634800680CF00CFD47
:10AB00007EE0207E617E0844C0EBC000616801EBFE
:10AB100040008168634881420FD15948007801287C
:10AB20006ED10020564908705E49574800680CF005
:10AB3000F3FC01205C49087062E0207E617E0844DD
:10AB4000C0EBC000616801EB400081685548001F00
:10AB5000814210D14A480078012851D1002048494B
:10AB600008705049091F484800680CF0D5FC0120C6
:10AB70004D49087044E0207E617E0844C0EBC0006F
:10AB8000616801EB400081684648801F814210D116
:10AB90003B480078012833D10020394908704149E9
:10ABA000891F394800680CF0B7FC01203E49087045
:10ABB00026E0207E617E0844C0EBC000616801EBA6
:10ABC000400081683748801E814219D12C480078A6
:10ABD000012815D100202A49087032480838C08859
:10ABE000304908390880284800680CF095FC2D4948
:10ABF000891E254800680CF08FFC01202A49087046
:10AC0000207C032838D01F4800781C490968087048
:10AC10001E48008819490968A1F801001C480088ED
:10AC200016490968A1F803001A4800881349096801
:10AC3000A1F805001848008810490968A1F8070024
:10AC40001848083800890D490968A1F80D00154811
:10AC50000838808809490968A1F80F0011480838A8
:10AC6000408806490968A1F811000E480838C088D4
:10AC700002490968A1F8130038BD0000B80500209A
:10AC8000D804002068020020A4040020D600002080
:10AC9000D8000020F2000020E2000020DE000020AA
:10ACA000E0000020CE0100204C0D002002460B46A3
:10ACB00000210BB1022B17D102F0F001102901D1B4
:10ACC00000210CE0202901D10C2108E0302901D11C
:10ACD000182104E0402901D1242100E0302102F0B4
:10ACE0000F000844C1B202E0012B00D11146222915
:10ACF00001DD002070470846FCE70346B3F9000079
:10AD0000904202DD1A8001207047B3F900008842AA
:10AD100002DA19800220F7E70020F5E7002034E08E
:10AD2000204901EB40110989322909DA1D4901EB5B
:10AD300040110989491C1B4A02EB4012118109E0AC
:10AD4000184901EB4011498921F00101154A02EB34
:10AD5000401251811449095C012905DD1249095C41
:10AD6000491E114A11540EE00F49095C01290AD10C
:10AD700000210E4A926911540C4A126822F81010F0
:10AD80000A4AD2681154411CC8B22228C8DB0848BC
:10AD90000078002804DD06480078401E0449087049
:10ADA0007047000020230020387D0020AC150020D3
:10ADB000360D00202DE9FC4104460D46FC48807DFF
:10ADC00018B1FB48807D02287ED1601EF94901EB55
:10ADD0004010808A002858D1601E01EB4010807A14
:10ADE000C0F38000002843D1F148807D02280BD1B8
:10ADF000601EC0EBC000F04901EB8000017E601EC8
:10AE0000EC4A02EB40108175601EEA4901EB4010EC
:10AE1000C07EA0B90121601EE64A02EB4010C17657
:10AE20000020102141F604031622CDE9001021462E
:10AE30002846FFF7EDFB06463046BDE8FC81302092
:10AE4000DE490870222048700021601ED94A02EBBA
:10AE50004010C1760020012143F222030322CDE9F4
:10AE6000001021462846FFF7D3FB06463046E4E7AC
:10AE7000012000904FF440531022214601902846B3
:10AE8000FFF7C6FB06463046D7E7601EC94901EB0F
:10AE90004010808A01281AD13020C8490870052046
:10AEA00048700020012143F205030322CDE9001080
:10AEB00021462846FFF7ACFB06460021601EBD4A2E
:10AEC00002EB4010818200E040E13046B5E7601EB1
:10AED000B84901EB4010808A022826D10321601E68
:10AEE000B44A02EB401081820020012143F20503A5
:10AEF0001022CDE9001021462846FFF789FB0646BF
:10AF00000220A871601EC0EBC000AB4901EB8000BD
:10AF1000808A00EB80004FF6FF7101EA400738128B
:10AF2000E8712F720B26304687E7601EA14901EBBE
:10AF30004010808A032826D10021601E9D4A02EB22
:10AF4000401081820020012143F202031022CDE94A
:10AF5000001021462846FFF75BFB06460220A87139
:10AF6000601EC0EBC000944901EB8000808A00EBBA
:10AF700080004FF6FF7101EA40073812E8712F7226
:10AF80000B26304659E7601E8A4901EB4010808A43
:10AF9000052825D10021601E864A02EB40108182DF
:10AFA0000020012141F60A031022CDE900102146BC
:10AFB0002846FFF72DFB06460420A8718048C0787C
:10AFC000E8717F48807828727D48407868727C48B4
:10AFD0000078A8720D2600207949086030462CE7D9
:10AFE000601E744901EB4010808A06281FD10020A2
:10AFF000022141F625031022CDE900102146284602
:10B00000FFF706FB06460420A8710020E8712872AD
:10B010006872A8720D260021601E664A02EB40107D
:10B020008182601E02EB40108176304605E7601E8B
:10B03000604901EB4010808A072851D1601E01EB66
:10B040004010C17D601EC0EBC0005B4A02EB800077
:10B050000176601EC0EBC00002EB800000F1180119
:10B060000122584800680AF0A5FF5148807D022857
:10B0700017D10021601E4F4A02EB40108182601EF2
:10B08000C0EBC0004C4901EB8000017E601E02EB6A
:10B0900040108175FF21601E02EB4010C175002039
:10B0A000CBE60021601E434A02EB40108182002063
:10B0B000012143F222031022CDE900102146284647
:10B0C000FFF7A6FA06460220A871601E394901EB77
:10B0D0004010C07DE871002028720B263046ACE697
:10B0E000601E344901EB4010808A082825D10021D8
:10B0F000601E304A02EB401081820020012141F69F
:10B100000C031022CDE9001021462846FFF780FAF3
:10B1100006460420A8712A48C078E871284880783B
:10B12000287227484078687225480078A8720D2652
:10B1300000202349086030467FE6601E1D4901EB70
:10B140004010808AFF287DD1002076E61848807D57
:10B150000128F8D1601E174901EB4010808A98BB86
:10B16000601E01EB4010807AC0F3800098B9012185
:10B17000601E104A02EB4010C1760020102141F6FB
:10B1800004031622CDE9001021462846FFF740FAB5
:10B190000646304651E6012000904FF440531022FD
:10B1A000214601902846FFF733FA0646304644E62A
:10B1B0008C21002020230020A07800207C0D00207E
:10B1C000780D0020A4040020FFE7601E5A4901EB1F
:10B1D0004010808A012818D1302058490870042076
:10B1E00048700020012143F204030322CDE900103E
:10B1F00021462846FFF70CFA06460021601E4E4AFB
:10B2000002EB40108182304617E6601E4A4901EB8E
:10B210004010808A022826D10021601E464A02EB97
:10B22000401081820020012143F204031022CDE965
:10B23000001021462846FFF7EBF906460220A871C8
:10B24000601E00E076E0C0EBC0003D4901EB8000ED
:10B25000808A0A2190FBF1F087B23812E8712F72D0
:10B260000B263046E9E5601E334901EB4010808A29
:10B27000052825D10021601E2F4A02EB4010818253
:10B280000020022141F6AC031022CDE90010214636
:10B290002846FFF7BDF906460420A8712948C07862
:10B2A000E8712848807828722648407868722548D6
:10B2B0000078A8720D260020224908603046BCE5BF
:10B2C000601E1D4901EB4010808A07282AD1002109
:10B2D000601E194A02EB40108182002001214FF4C8
:10B2E00040531022CDE9001021462846FFF790F97F
:10B2F00006460220A8710020E871601E0E4901EB8D
:10B300004010C07D012802D1EE20287207E0601EA7
:10B31000094901EB4010C07D08B9FF2028720B26B7
:10B3200030468AE50021601E034A02EB401081820C
:10B33000002082E500BF80E5202300207C0D002056
:10B34000A0780020780D002010B50446207E617E94
:10B350000844C0EBC000616801EB40004068FD4953
:10B36000096888422FD1FC48007801282BD10020A1
:10B37000F9490870F9480078FF2823D00020F749E0
:10B380000978C1EBC101F64A02EB8101C875FF20C3
:10B39000F24908700020F3490860F348007800285B
:10B3A00004DDF1480078401EEF4908700623EB4A9F
:10B3B0004FF42051ED4800680AF04BFD0020E549AC
:10B3C00009680870FDE2207E617E0844C0EBC00081
:10B3D000616801EB40004168DE480068401C814222
:10B3E0002FD1DD48007801282BD10020DA490870E0
:10B3F000DA484078FF28E5D00020D8494978C1EBE9
:10B40000C101D74A02EB8101C875FF20D3494870BA
:10B410000020D4494860D4480078002804DDD24890
:10B420000078401ED04908700623CC4A4FF42051C2
:10B43000CE4800680AF00DFD0020C6490968487032
:10B44000BFE2207E617E0844C0EBC000616801EB72
:10B4500040004168BF480068801C81422FD1BE482F
:10B46000007801282BD10020BB490870BB488078A8
:10B47000FF28A7D00020B9498978C1EBC101B84A9B
:10B4800002EB8101C875FF20B44988700020B549DE
:10B490008860B5480078002804DDB3480078401E75
:10B4A000B14908700623AD4A4FF42051AF480068F7
:10B4B0000AF0CFFC0020A7490968887081E2207E4D
:10B4C000617E0844C0EBC000616801EB4000416848
:10B4D000A0480068C01C81422FD19F4800780128F5
:10B4E0002BD100209C4908709C48C078FF28A7D029
:10B4F00000209A49C978C1EBC101994A02EB810148
:10B50000C875FF209549C87000209649C8609648C4
:10B510000078002804DD94480078401E92490870A5
:10B5200006238E4A4FF42051904800680AF091FC9F
:10B53000002088490968C87043E2207E617E084483
:10B54000C0EBC000616801EB4000416881480068C1
:10B55000001D81422FD18048007801282BD1002086
:10B560007D4908707D480079FF28A7D000207B49DD
:10B570000979C1EBC1017A4A02EB8101C875FF204C
:10B5800076490871002077490861774800780028DB
:10B5900004DD75480078401E7349087006236F4A21
:10B5A0004FF42051714800680AF053FC00206949AB
:10B5B0000968087105E2207E617E0844C0EBC00086
:10B5C000616801EB4000416862480068401D8142AB
:10B5D0002FD16148007801282BD100205E490870E6
:10B5E0005E484079FF28A7D000205C494979C1EB2B
:10B5F000C1015B4A02EB8101C875FF2057494871C0
:10B6000000205849486158480078002804DD564811
:10B610000078401E544908700623504A4FF42051C8
:10B62000524800680AF015FC00204A490968487130
:10B63000C7E1207E617E0844C0EBC000616801EB79
:10B640004000416843480068801D814239D142482A
:10B650000078012835D14FF4FA5200213D480068A6
:10B66000801DFFF74AFB3C4800780128A2D13E48E4
:10B670000078002821DD37480068C0883C490880F0
:10B680003A4800680BF048FF00203A49088000BFA4
:10B690000DE03249095C222907DA354931F81010EA
:10B6A000344A12881144334A1180411CC8B206281A
:10B6B000EFDB3148006809F00FFC002026490870D4
:10B6C0007FE1207E617E0844C0EBC000616801EB31
:10B6D000400041681F480068083081424ED11E4832
:10B6E000007801284AD14FF4FA5200211948006825
:10B6F0000830FFF702FB18480078012898D11A4853
:10B700000078002822DD1348006800891849488025
:10B71000891C164800680BF0FFFE002015490880C0
:10B7200000BF0DE00D49095C222907DA104931F804
:10B730001010104A128811440E4A1180411CC8B2E0
:10B740000628EFDB0C48006809F0C6FB0020024920
:10B75000087036E1B8050020D80400209A0E0020B9
:10B76000A0780020D41500208A0E0020A404002018
:10B77000D0010020B0000020240D0020207E617E3A
:10B780000844C0EBC000616801EB400041688D488F
:10B7900000680A3081423AD18B480078012836D1BE
:10B7A0004FF4FA520021874800680A30FFF7A5FAE3
:10B7B000854800780128CCD184480078002822DD13
:10B7C00080480068408982498880091D8148006856
:10B7D0000BF0A2FE00208049088000BF0DE07F49E9
:10B7E000095C222907DA7A4931F810107A4A12885E
:10B7F0001144794A1180411CC8B20628EFDB784811
:10B80000006809F069FB00206F490870D9E0207ECC
:10B81000617E0844C0EBC000616801EB40004168F4
:10B82000684800680C3081423AD1674800780128A6
:10B8300036D14FF4FA520021624800680C30FFF70D
:10B840005CFA614800780128E0D16048007800285F
:10B8500022DD5C48006880895D49C880891D5D489B
:10B8600000680BF059FE00205B49088000BF0DE026
:10B870005A49095C222907DA554931F81010564A0D
:10B8800012881144544A1180411CC8B20628EFDBCB
:10B890005348006809F020FB00204B49087090E0F5
:10B8A000207E617E0844C0EBC000616801EB40006F
:10B8B0004168444800680E3081423AD142480078DD
:10B8C000012836D14FF4FA5200213E4800680E306C
:10B8D000FFF713FA3C480078012872D13B48007802
:10B8E000002822DD37480068C089394908810831BD
:10B8F000384800680BF010FE00203749088000BF70
:10B900000DE03649095C222907DA314931F8101077
:10B91000314A12881144304A1180411CC8B20628AD
:10B92000EFDB2F48006809F0D7FA0020264908709D
:10B9300047E0207E617E0844C0EBC000616801EBF7
:10B94000400041681F4800681030814239D11E48CC
:10B950000078012835D14FF4FA52002119480068C7
:10B960001030FFF7CAF918480078012829D1174884
:10B970000078002822DD13480068008A14494881B5
:10B980000A31144800680BF0C7FD002012490880F6
:10B9900000BF0DE01149095C222907DA0C4931F892
:10B9A00010100D4A128811440B4A1180411CC8B274
:10B9B0000628EFDB0A48006809F08EFA00200249E9
:10B9C000087010BDB8050020D80400208A0E0020A1
:10B9D000D0010020A4040020B00000209A0E002016
:10B9E000240D0020FEB5054600240027FA48006813
:10B9F0000078F94909684978884206DDF648006808
:10BA00004078F54909680870FEBD00240DE0F34850
:10BA1000005D002807DD781CC7B2EF480068007899
:10BA2000B84200D103E0601CC4B2222CEFDB00BF9F
:10BA3000222C04D10020E84909680870E4E7601C62
:10BA4000E54909688870E6488069005DE24909684F
:10BA500081F82000E0480068C07FDF490968097864
:10BA6000884205D1DC48006890F8220001287DD189
:10BA70000020D949096881F82200C4EBC400D949E3
:10BA800001EB8000807D00F00300D3490968C87095
:10BA9000C4EBC400D34901EB8000C07D00F00F006F
:10BAA000CD4909680871C4EBC400CE4901EB8000A0
:10BAB000808AC9490968A1F80500C4EBC400C949D6
:10BAC00001EB8000C088C4490968A1F80700C4EBF5
:10BAD000C400C44901EB80004089BF490968A1F84E
:10BAE0000900C14800EB4410807D20B90020BA490C
:10BAF0000968C87213E0BC4800EB4410807D01283F
:10BB000003D1B5490968C87209E0B74800EB441091
:10BB1000807DFF2803D10020AF490968C872C4EBBB
:10BB2000C400B04901EB80000089AB490968A1F865
:10BB30001100C4EBC400AB4901EB80008088A6492A
:10BB40000968A1F81300C4EBC400A64901EB80000A
:10BB500080893C2190FBF1F09F4909688875C4EB0E
:10BB6000C400A04901EB8000808900E099E03C21FD
:10BB700090FBF1F201FB120097490968C875C4EB0C
:10BB8000C400984901EB8000C0893C2190FBF1F092
:10BB9000914909680876C4EBC400924901EB800022
:10BBA000C0893C2190FBF1F201FB12008A4909682F
:10BBB0004876C4EBC4008B4901EB8000008A3C212D
:10BBC00090FBF1F084490968C876C4EBC40085494C
:10BBD00001EB8000008A3C2190FBF1F201FB120096
:10BBE0007D4909680877C4EBC4007E4901EB8000F9
:10BBF000408A3C2190FBF1F0774909684877C4EB13
:10BC0000C400784901EB8000408A3C2190FBF1F2AE
:10BC100001FB1200704909688877C4EBC4007149C0
:10BC200001EB8000807DC0F381006B49096881F8D9
:10BC30002100C4EBC4006B4901EB8000807D00F063
:10BC4000100020B1012064490968487503E0002014
:10BC5000614909684875C4EBC400624901EB800082
:10BC6000807D00F0200020B101205B4909688876C2
:10BC700003E000205849096888765B4800EB4410CF
:10BC8000007B5549096881F823005548C06950F880
:10BC900024005149096848620120534901EB4411CD
:10BCA0008882601C514908704B48006800784A49F6
:10BCB0000968C8774EA207CA8DE80700287E697E0A
:10BCC0000844C0EBC000696801EB4000816842484D
:10BCD0000068C01C814235D148480078012831D124
:10BCE000002046490870C4EBC4003E4901EB8000C7
:10BCF000807D00F0F000C4EBC4013A4A02EB810100
:10BD00008875C4EBC400114601EB8000807D324988
:10BD10000968C9780843C4EBC40102EB8101887546
:10BD20000C2037490870512036490870C4EBC40014
:10BD300002EB800000F116010122334800680AF08E
:10BD400039F97FE1287E697E0844C0EBC00069684C
:10BD500001EB40008168204800681530814255D1D0
:10BD600026480078012851D10020244908701A483B
:10BD70000068407D01280ED1C4EBC400194901EBD5
:10BD80008000807D40F01000C4EBC401154A02EB36
:10BD9000810188750DE0C4EBC400124901EB8000FD
:10BDA000807D00F0EF00C4EBC4010E4A02EB81017C
:10BDB00088750C2012490870512012490870C4EB94
:10BDC000C400084A02EB800000F1160101220E486F
:10BDD00000680AF0EFF8B4E7B8050020387D0020CD
:10BDE000AC150020A078002020230020620E002047
:10BDF000000101020203030404060507D804002021
:10BE0000600E0020610E0020A4040020287E697EC0
:10BE10000844C0EBC000696801EB40008168FE483F
:10BE200000681A3081423BD1FC480078012837D1A4
:10BE30000020FA490870F8480068807E01280ED179
:10BE4000C4EBC400F64901EB8000807D40F0200087
:10BE5000C4EBC401F24A02EB810188750DE0C4EB2A
:10BE6000C400EF4901EB8000807D00F0DF00C4EBEF
:10BE7000C401EB4A02EB810188750C20E949087086
:10BE80005120E9490870C4EBC400E54A02EB800088
:10BE900000F116010122E54800680AF08BF850E72E
:10BEA000287E697E0844C0EBC000696801EB400051
:10BEB0008168D9480068001D814278D1D748007850
:10BEC0000128FAD10020D5490870C4EBC400D44938
:10BED00001EB8000C07D7B2824D1CF480068007929
:10BEE0000B281FD0002012E0D149095CA1420CD1DF
:10BEF0000021D04A42F82010FF21CD4A1154CE49EA
:10BF00000978491ECC4A117003E0411CC8B20628CA
:10BF1000EADB0623C64A4FF42051C448006809F002
:10BF200098FF4EE0C4EBC400BD4901EB8000C07D2A
:10BF30007B2846D0B848006800790B2841D1BF481B
:10BF40008069005D02280AD0C4EBC40001EB8000C8
:10BF5000C07D00F00F00B0490968087154E5002663
:10BF600014E0B348805DFF280ED1B448006800EBB0
:10BF70004400B04941F82600AD488455AE480078E9
:10BF8000401CAD49087003E0701CC6B2062EE8DB09
:10BF900000BF062E0CD1C4EBC400A14901EB800008
:10BFA000C07D00F00F009C49096808712CE54AE04B
:10BFB00006239F4A4FF420519C48006809F049FF2E
:10BFC00000BF9548006800799349096809791DF810
:10BFD000011040EA0110C4EBC401914A02EB810157
:10BFE000C87501208F49087051208F490870C4EB33
:10BFF000C400114601EB8000C07D7B2822D0C4EB39
:10C00000C40002EB800000F117010122874800689C
:10C0100009F0D0FFC4EBC400814901EB8000C08867
:10C0200087494880C4EBC4007D4901EB8000C07D96
:10C0300083490870601C834908700820824901EB1D
:10C0400044118882CCE3287E697E0844C0EBC0009E
:10C05000696801EB400041686F480068401D8142FB
:10C0600032D14FF4FA6200216B480068401DFEF7A0
:10C0700044FE6A4800780128E4D10020674908702E
:10C0800065480068B0F80500C4EBC401644A02EBDF
:10C09000810188820B206349087051206249087031
:10C0A000C4EBC40002EB800000F1140102225F48DF
:10C0B000006809F07FFF0220634901EB4411888288
:10C0C000601C604908708BE3287E697E0844C0EBE1
:10C0D000C000696801EB400041684F480068C01D1E
:10C0E000814242D141F2B4424FF47A614A48006839
:10C0F000C01DFEF702FE494800780128A2D10020A9
:10C100004649087044480068B0F80700C4EBC40111
:10C11000434A02EB8101C880042042490870512043
:10C1200041490870C4EBC40002EB8000811D02226B
:10C130003E48006809F03EFFC4EBC400384901EBFB
:10C140008000C0883E494880C4EBC400344901EBFC
:10C150008000C07D3A490870601C3A490870082088
:10C16000394901EB441188823AE3287E697E08440C
:10C17000C0EBC000696801EB4000416826480068D8
:10C18000093081422FD12548007801282BD141F276
:10C1900085624FF47A61204800680930FEF7ADFDF2
:10C1A0001E48007801288ED100201C4908701A48CA
:10C1B0000068B0F80900C4EBC401194A02EB810120
:10C1C0004881062017490870512017490870C4EBB0
:10C1D000C40002EB800000F10A010222134800684B
:10C1E00009F0E8FEFCE2287E697E0844C0EBC0004E
:10C1F000696801EB40008168074800680B308142A4
:10C200007ED1064800780128AED10020034908708D
:10C2100001480068C07A19E0B8050020D804002061
:10C22000A0780020600E0020610E0020A4040020F1
:10C230009A0E0020D41500208A0E0020AC15002094
:10C24000780D0020750D002020230020A0BB40F2B7
:10C250006C71C4EBC400FE4A52F8200061F31F5019
:10C26000C4EBC40142F82100C4EBC400114651F8EC
:10C27000200020F4702000F58030C4EBC40142F8A7
:10C280002100C4EBC400114651F8200020F478408E
:10C2900000F50060C4EBC40142F821000020ED4924
:10C2A00001EB4411C8750720EA4901EB441188826B
:10C2B000601CE94908703BE0FFE7E8480068C07A85
:10C2C000012835D140F63401C4EBC400E04A52F8ED
:10C2D000200061F31F50C4EBC40142F82100C4EBFD
:10C2E000C400114651F8200020F4702000F5803081
:10C2F000C4EBC40142F82100C4EBC400114600E0C5
:10C3000027E051F8200020F4784000F50060C4EBED
:10C31000C40142F821000120CE4901EB4411C87547
:10C320000720CC4901EB44118882601CCA4908707F
:10C330000220CB4908705120CA490870C4EBC400E0
:10C34000C34A02EB80010422C748006809F032FEAC
:10C3500046E2287E697E0844C0EBC000696801EBB4
:10C3600040008168BD4800680D30814223D1B94842
:10C3700000EB4410807D38B90020B8490968487343
:10C38000B44901EB44110877B84800780128DFD19F
:10C390000020B6490870B1480068407B0128D7D119
:10C3A000AC4800EB4410807D0128D1D1A94901EBB4
:10C3B0004411087714E2287E697E0844C0EBC0006F
:10C3C000696801EB40004168A4480068113081426F
:10C3D0002AD14FF4B4620121A04800681130FEF761
:10C3E0008CFCA24800780128B2D100209F49087037
:10C3F0009A480068B0F81100C4EBC401944A02EBFB
:10C4000081010881052096490870512095490870DE
:10C41000C4EBC40002EB800000F108010222924844
:10C42000006809F0C7FDDBE1287E697E0844C0EBA7
:10C43000C000696801EB400041688848006813301B
:10C44000814225D189480078012821D18748007888
:10C450000128AFD100208549087080480068B0F8F5
:10C460001300C4EBC4017A4A02EB810188800320E7
:10C470007B49087051207B490870C4EBC40002EB73
:10C480008000011D02227848006809F093FDA7E1B1
:10C49000287E697E0844C0EBC000696801EB40005B
:10C4A00041686E4800681630814248D11722002149
:10C4B0006A480068163000F0C7FA3B22002167483E
:10C4C0000068173000F0C0FA684800780128AAD147
:10C4D00000206649087061480068C07D5F490968AE
:10C4E000897DC1EB011100EB8100C4EBC401584A06
:10C4F00002EB810188810720594908705120594970
:10C500000870C4EBC40002EB800000F10C010222B1
:10C510005548006809F04EFDC4EBC4004C4901EBDE
:10C520008000807D00F0EF00C4EBC401484A02EBBC
:10C5300081018875002049490968C87750E1287E43
:10C54000697E0844C0EBC000696801EB40004168A7
:10C5500042480068183081424CD144480078012894
:10C5600048D1172200213D480068183000F06CFACD
:10C570003B22002139480068193000F065FA3B4839
:10C5800000780128DAD10020384908703348006863
:10C59000407E32490968097EC1EB011100EB810040
:10C5A000C4EBC4012A4A02EB8101C88108202C494E
:10C5B000087051202B490870C4EBC40002EB8000C6
:10C5C00000F10E0102222848006809F0F3FCC4EBD8
:10C5D000C4001F4901EB8000807D00F0EF00C4EB38
:10C5E000C4011B4A02EB8101887500201B490968C0
:10C5F000C877F5E0287E697E0844C0EBC000696812
:10C6000001EB40004168154800681B30814259D158
:10C6100017220021114800681B3000F015FA3B2258
:10C6200000210E4800681C3000F00EFA0F48007818
:10C63000012846D100200D49087008480068007F95
:10C6400006490968C97EC1EB011100EB81000FE0CA
:10C65000A078002020230020750D0020B8050020C0
:10C66000600E0020610E0020A4040020D8040020E9
:10C67000C4EBC4015C4A02EB8101088209205B49DA
:10C68000087051205A490870C4EBC40002EB8000C6
:10C6900000F1100102225748006809F08BFCC4EB3E
:10C6A000C400514901EB8000807D00F0DF00C4EB45
:10C6B000C4014D4A02EB8101887500204E4909688A
:10C6C000C8778DE0287E697E0844C0EBC0006968A9
:10C6D00001EB40004168484800681D30814248D164
:10C6E00017220021444800681D3000F0ADF93B22BC
:10C6F0000021414800681E3000F0A6F93F4800784C
:10C7000001286DD100203D4908703B480068807FBA
:10C7100039490968497FC1EB011100EB8100C4EB85
:10C72000C401314A02EB810148820A202F49087076
:10C7300051202F490870C4EBC40002EB800000F1C7
:10C74000120102222B48006809F034FCC4EBC4003B
:10C75000254901EB8000807D00F0DF00C4EBC401BF
:10C76000214A02EB81018875002023490968C877B6
:10C7700036E0287E697E0844C0EBC000696801EBA2
:10C78000400041681C4800682430814214D11B4895
:10C790000078012824D10020184908701648006844
:10C7A000406A174908600520164901EB4411888248
:10C7B000601C1549087013E0287C032810D0C4EBD6
:10C7C000C400094901EB8000808A0B490968A1F87F
:10C7D00005000E48C06950F82400074909684862FE
:10C7E00000BFFFF711B90000A0780020600E002004
:10C7F000610E0020A4040020B8050020D804002009
:10C80000780D002020230020750D0020AC1500209D
:10C810002DE9F041044684480068C07840BB834855
:10C820000068C08880490968A1F805008049088926
:10C830001CF056F807467F4A7F4B1CF0A1F80546CE
:10C840001CF00AF878490968A1F807007B490968D3
:10C8500008891CF045F80746764A774B1CF090F89B
:10C8600005461BF0F9FF70490968A1F809002CE0A2
:10C870006D480068C078012827D16C48006800899D
:10C8800069490968A1F80500694948891CF028F838
:10C890000746684A684B1CF073F805461BF0DCFF3E
:10C8A00061490968A1F807006449096888891CF092
:10C8B00017F807465F4A604B1CF062F805461BF00C
:10C8C000CBFF59490968A1F80900207E617E084420
:10C8D000C0EBC000616801EB400080685249096804
:10C8E000884224D15648007801281FD14E4800685C
:10C8F0000078012817D14C480068C07828B94C4806
:10C9000000894E490968088109E047480068C078F5
:10C91000012804D146484089484909688881002097
:10C9200041490968087000204549087079E0207E77
:10C93000617E0844C0EBC000616801EB4000816883
:10C9400039480068001D81421DD13D48007801280A
:10C9500067D135480068C07830B93348006800793D
:10C960003649096848810AE02F480068C0780128E4
:10C9700005D12D480068007930490968C881002038
:10C980002F4908704DE0207E617E0844C0EBC00056
:10C99000616801EB40004168234800680B30814228
:10C9A00029D12748007801283BD11F480068C0786A
:10C9B00060B91D480068B0F90B10002221480068DA
:10C9C0000AF0DCFD1D490968088110E0164800687E
:10C9D000C07801280BD114480068B0F90B1001226F
:10C9E000184800680AF0CAFD1449096888810020C7
:10C9F0001349087015E00C480068C07830B90F483A
:10CA00000068807A0849096808710AE006480068E9
:10CA1000C078012805D109480068807B024909686F
:10CA20000871BDE8F0810000B8050020CC020020AC
:10CA30005C140020C3F5285C8FC2E93F94040020F9
:10CA4000D8040020A404002003461878904202DD98
:10CA50001A70012070471878884202DA1970022093
:10CA6000F8E70020F6E70000F0B50646354600245A
:10CA700028786C286FDAFE4A917D2878FEF716F93F
:10CA8000044604B9F0BD601EC4B20020F94901EBB0
:10CA900044110881F74800EB4410408920F0010060
:10CAA000401CF44901EB44114881F24800EB44106A
:10CAB000408920F00200EF4901EB44114881322007
:10CAC000ED4908556878162870D1E948807D18B17D
:10CAD000E748807D02286AD1EA7912062B7A42EA79
:10CAE00003426B7A42EA0322AB7A42EA03010AB2BA
:10CAF0000A2392FBF3F2E14B1B6823F8142001F0A8
:10CB0000004242B1DD4A126832F814205242DB4B37
:10CB10001B6823F81420EA7B12062B7C42EA0342AE
:10CB20006B7C42EA0322AB7C1A43D44BDB6943F8AB
:10CB30002420AA7D112A01D1012200E00022AB7D30
:10CB4000122B01D1012300E000231A43AB7D232BDC
:10CB500002D1012301E099E200231A43AB7D242B8B
:10CB600001D1012300E000231A43AB7D352B01D115
:10CB7000012300E000231A43AB7D362B01D10123B2
:10CB800000E000231A43AB7D472B01D1012300E0D5
:10CB900000231A43AB7D482B01D1012300E0002381
:10CBA0001A43AB7D692B03D1012302E0EDE163E081
:10CBB00000231A43AB7D5A2B01D1012300E000234F
:10CBC0001A4372B1C4EBC402AD4B03EB8202D27DB7
:10CBD0007B2A06D0AA7DC4EBC403A94F07EB8303CD
:10CBE000DA7500202A7DEB7C42EA0320B0F57A6FEB
:10CBF00010DB41F2B44290420CDCC4EBC402A04B07
:10CC000003EB8202D27D7B2A04D0C4EBC40203EB87
:10CC10008202D08095F82920964B03EB44131A73B7
:10CC2000944A02EB4412127B502A04DB0222934BFB
:10CC30009B691A5503E00122904B9B691A5595F8A0
:10CC400026207AB18B4A02EB4412927E9AB91E22B8
:10CC5000884B03EB44131A830122864B03EB4413E6
:10CC60009A7608E00022834B03EB44131A83814B2E
:10CC700003EB44139A7665E07D48807D012861D1FD
:10CC8000E97909062A7A41EA02416A7A41EA0221EF
:10CC9000AA7A41EA020001B20A2291FBF2F1774A34
:10CCA000126822F81410E97D09062A7E41EA024141
:10CCB0006A7E41EA0221AA7E1143704AD26942F893
:10CCC000241095F82C106B4A02EB44121173694939
:10CCD00001EB4411097B502904DB0221674A926968
:10CCE000115503E00121654A9269115595F8241008
:10CCF00001F0400129B100215E4A02EB4412917516
:10CD000004E001215B4A02EB44129175594901EBA1
:10CD10004411C97DFF2914D0564901EB4411C97D46
:10CD2000544A02EB4412927D914205D1FF21514AAF
:10CD300002EB4412D17504E007214E4A02EB441283
:10CD4000918200BF95F8240000F08000C8B14948E6
:10CD500000EB4410408920F40070464901EB441177
:10CD60004881444800EB4410408920F480704149D8
:10CD700001EB4411488100203E4901EB4411087742
:10CD800017E03C4800EB4410408920F4007000F5A7
:10CD90000070384901EB44114881364800EB4410DB
:10CDA000408920F4807000F58070324901EB441115
:10CDB000488195F8230000F0020060B12D4800EB97
:10CDC0004410408920F4004000F50040294901EB5F
:10CDD0004411488109E0274800EB4410408920F4C1
:10CDE0000040244901EB4411488195F8230000F0EC
:10CDF000010060B11F4800EB4410408920F400504E
:10CE000000F500501B4901EB4411488109E0194825
:10CE100000EB4410408920F40050164901EB441106
:10CE20004881144800EB4410807D20B9002013494C
:10CE3000C968085584E10F4800EB4410807D012843
:10CE4000F8D10C4800EB4410807AC0F3C010E0BB6E
:10CE5000084800EB44104089C0F3402008B305485F
:10CE600000EB44104089C0F3C020D0B1014809E074
:10CE70008C21002020230020387D0020AC150020CC
:10CE8000A078002000EB44104089C0F3003080B14E
:10CE9000AC48C068005D40F00100AA49C968085567
:10CEA00007E0A848C068005D00F0FE00A549C96819
:10CEB0000855A54800EB44104089C0F3402088B1D4
:10CEC000A14800EB4410408900E044E0C0F3C020DA
:10CED00040B99C48C068005D40F040009949C9686D
:10CEE000085507E09748C068005D00F0BF0095490D
:10CEF000C968085595F8260000F0800020B995F81B
:10CF0000280000F00400A0B18F4800EB44104089D5
:10CF100020F4804000F580408B4901EB44114881AA
:10CF20008848C068005D40F008008649C968085517
:10CF300011E0854800EB4410408920F4804082498C
:10CF400001EB441148817F48C068005D00F0F700A4
:10CF50007C49C96808557C4800EB44104089012190
:10CF6000B1EBD03F08D17748C068005D40F0800049
:10CF70007449C9680855E3E07248C068005D00F074
:10CF80007F007049C9680855DAE0687810280AD12E
:10CF90006D4800EB4410408920F004006A4901EB21
:10CFA00044114881CCE0687803286ED16748007846
:10CFB000302810D16548407805280CD12879E978C7
:10CFC00040EA01200A2190FBF1F0C4EBC401604A61
:10CFD00002EB810188825D480078302814D15B48DB
:10CFE0004078042810D12879E97840EA012000EB44
:10CFF00080004FF6FF7101EA4000C4EBC401544ABF
:10D0000002EB810188823CE050480078302838D11A
:10D010004E484078222834D14E48807D022805D1E0
:10D02000FF20494901EB4411C8752BE5E8784649D2
:10D0300001EB44118875444800EB4410C07DFF2883
:10D040001FD0414800EB4410C07D3F4901EB441123
:10D05000897D884210D13C4800EB4410817D601EE0
:10D06000C0EBC0003A4A02EB80000176FF2036494F
:10D0700001EB4411C87504E00720334901EB44116A
:10D080008882002031490870487059E028786E285D
:10D0900056DB6878032853D12F48006800B9F1E4C3
:10D0A000E8780006297940EA0140697940EA0120E0
:10D0B000A97908430A2190FBF1F0274909688860A3
:10D0C000287CE97B40EA012000EB80004FF6FF71ED
:10D0D00001EA4000204909680880687C0006A97CB4
:10D0E00040EA0140E97C40EA0120297D08430A2109
:10D0F00090FBF1F0184909688882687D0006A97DD7
:10D1000040EA0140E97D40EA0120297E084364218C
:10D1100090FBF1F0104909684883287FE97E40EAD6
:10D1200001200A2190FBF1F00B490968C8803C20DE
:10D130000A49087008480068806807490968086259
:10D1400000BF9FE4AC150020202300207C0D0020B0
:10D15000A07800208C210020F0020020360D002055
:10D1600070B5824E8248007800B970BD0125002458
:10D17000F7E0804800EBC4004078000930B1012896
:10D1800025D0022824D003287ED1C4E07A48007834
:10D19000284050B1601CC1B205221220F7F79AFA5C
:10D1A00075480078A843744908707448005D0128E8
:10D1B0000CD1002071490855611CC8B20021FDF74F
:10D1C000BBF8611CC8B2002107F038FAC4E000BF08
:10D1D0006B48007810BB6B4850F82400F0B96548E4
:10D1E00000EBC40040780221B1EB101F16D1624859
:10D1F0000078284050B96048007828435E4908709C
:10D20000601CC1B20522122007F032F95E4830F8E6
:10D21000140040F002005C4921F814005B480068EB
:10D220000088544901EBC401C988884219DA58487A
:10D23000005DB0B950480078284050B94E48007899
:10D2400028434D490870601CC1B20522122007F026
:10D250000FF94D4830F8140040F001004A4921F818
:10D2600014004A480068008836F8141088421BDD14
:10D270004749A01C085CB8B9434830F814004FF681
:10D28000FE710840404900E065E021F814003C4888
:10D290000078012808D1084630F814004FF6FD71D7
:10D2A0000840394921F81400374830F814000028A4
:10D2B00010DD3248005D68BB012030490855611C13
:10D2C000C8B20221FDF738F8611CC8B2012107F08D
:10D2D000B5F91FE02948005D01280CD1002027493D
:10D2E0000855611CC8B20021FDF726F8611CC8B2C0
:10D2F000002107F0A3F920480078284050B11E48CB
:10D300000078A8431C490870601CC1B20522122095
:10D31000F7F7E0F920E018480078284050B9601C81
:10D32000C1B20522122007F0A3F813480078284361
:10D33000114908701148005D60B901200F49085576
:10D34000611CC8B20221FCF7F7FF611CC8B20121C1
:10D3500007F074F900E000BF00BF6806050E601C0E
:10D36000C4B2022CFFF605AF00BFFEE6BC010020F0
:10D37000DC02002094010020FA0C0020440D002063
:10D38000D9020020280D0020380D0020CC020020FA
:10D39000300D002038B50446207E617E0844C0EB85
:10D3A000C000616801EB40008068EA490968884272
:10D3B00021D1E948007801281DD1E64800680078AD
:10D3C000012811D10020009002236A464FF4A57174
:10D3D000E24800680AF0BEF802236A46D901DF4835
:10D3E00000680AF0B7F800BF0020DA490968087041
:10D3F000D9490870ACE1207E617E0844C0EBC000D2
:10D40000616801EB40008168D2480068401C81429D
:10D4100045D1D1480078012841D1CE4800684078F4
:10D42000012835D10020009002236A469902CB489A
:10D4300000680AF08FF80020C9490880C9490880AF
:10D44000C64800680AF068F8002009E04FF6FF714E
:10D45000C54A22F81010C54A22F81010411CC8B263
:10D460000628F3DB0020C0494881C04948810C23CD
:10D47000BD4A46F2C451B94800680AF06BF80C2363
:10D48000BA4A46F2D051B54800680AF063F800BFC6
:10D490000020B04909684870AF49087058E1207E03
:10D4A000617E0844C0EBC000616801EB4000816808
:10D4B000A8480068C01C814230D1A74800780128E4
:10D4C0002CD1A4480068C078012820D10020009009
:10D4D00002236A4646F2DC51A04800680AF03AF896
:10D4E0000020A3490880A34908809C4800680AF0EE
:10D4F00013F80020A0490860084601880D2018F0A4
:10D50000E1F89D4841880E2018F0DCF800BF0020AB
:10D5100090490968C8709049087019E1207E617EC1
:10D520000844C0EBC000616801EB40008168894895
:10D530000068001D81424ED18748007801284AD1F9
:10D5400084480068007901283ED100200090022321
:10D550006A460021814800680AF068F8002087497F
:10D560000880874908807D48006809F0D5FF0020C1
:10D5700006E00021834A126A42F82010411CC8B21A
:10D580000828F6DB00251CE000207F4941F8250033
:10D590007E4941F825007E4941F825000A4632F8C7
:10D5A00025106A00521CD0B218F08CF8784A02EBB1
:10D5B000850251886A00921CD0B218F083F8681C6A
:10D5C000C5B2062DE0DB00BF002062490968087182
:10D5D00061490870BCE0207E617E0844C0EBC00059
:10D5E000616801EB400081685A480068401D814233
:10D5F00023D15948007801281FD156480068407946
:10D60000012813D10020009002236A4647F20461EA
:10D610005248006809F09EFF00205E4908805E497C
:10D6200008804E48006809F077FF00BF0020494994
:10D6300009684871484908708AE0207E617E084484
:10D64000C0EBC000616801EB4000816841480068A0
:10D65000801D814219D140480078012815D13D48EC
:10D6600000688079012809D10020009002236A46D1
:10D6700019033A48006809F0D9FF00BF0020354976
:10D68000096888713449087062E0207E617E084430
:10D69000C0EBC000616801EB400081682D48006864
:10D6A000C01D814211D12C48007801280DD1294894
:10D6B0000068C079012801D1384908700020254947
:10D6C0000968C8712449087042E0207E617E0844E0
:10D6D000C0EBC000616801EB400081681D48006834
:10D6E0000830814234D11C480078012830D11948D3
:10D6F0000068007A012825D1002521E00020224978
:10D7000041F82500214941F825001E48016A681C9E
:10D7100051F820001E4941F825000A4632F825102C
:10D720006A00521CD0B217F0CDFF194A02EB8502F5
:10D7300051886A00921CD0B217F0C4FF681CC5B2B1
:10D74000062DDBDB002003490968087202490870D6
:10D7500038BD0000B8050020D8040020A404002033
:10D76000E40C0020B4010020D80C0020CC0C0020D8
:10D77000FA020020B6010020C80E0020FC020020A2
:10D78000C4010020AC1500208C7D0020A47D002069
:10D79000BC7D002000030020B8010020A70E00205F
:10D7A0002DE9F04186B080463E4807683D1D05F1F1
:10D7B0000C0400263C4A07CA01AB07C303974FF489
:10D7C000FA6101A801F0FAFB06463848008838B92A
:10D7D000002020706070A070E07006B0BDE8F0819D
:10D7E0003348B0F90000B0425AD006EB4600800042
:10D7F00000F6040081B2062304AA2E48006809F04E
:10D8000063FBBDF8140028800498C0F3835068803F
:10D810000498C0F34440A8800498C0F30430E88022
:10D820000498C0F385102881049800F03F006881B7
:10D830000020009006EB4600800000F60A0081B24E
:10D8400002236A461B48006809F03EFB1848068020
:10D85000BDF80000C0F385102070BDF8000000F096
:10D860001F006070BDF80000000BA070BDF8000044
:10D87000C0F34010E0706078202801DB00202070A9
:10D8800020782C2801DD00206070A078102801DBB2
:10D890000020A070E078012801DD0020E07000BFCA
:10D8A00000BF9AE7B805002024970208E40C002086
:10D8B000CE050020A40400202DE9F0410446FE48D6
:10D8C000056805F10A06207E617E0844C0EBC000B1
:10D8D000616801EB40008068B0420BD1F7480078E6
:10D8E000012807D13078F649096808700020F3490B
:10D8F0000870B8E2207E617E0844C0EBC000616819
:10D9000001EB40008068EF49884215D1EE4800885D
:10D910000A3802B24FF47A612846FDF7EEF9E7487B
:10D9200000780128E5D1E749E848006809F0F4FDEE
:10D930000020E249087096E2207E617E0844C0EB38
:10D94000C000616801EB40008068DF49884215D162
:10D9500041F20C72DB4800880A3001B2A81CFDF7C6
:10D96000CCF9D64800780128C3D1D749D7480068F8
:10D9700009F0D2FD0020D149087074E2207E617E5A
:10D980000844C0EBC000616801EB40008168701C76
:10D9900081420ED1C948007801280AD17078CC495B
:10D9A0000870CA48006809F0B7FD0020C349087034
:10D9B00059E2207E617E0844C0EBC000616801EB43
:10D9C00040008068C349884212D14FF4FA720021A6
:10D9D000281DFDF792F9B9480078012889D1BD4981
:10D9E000BA48006809F098FD0020B44908703AE28E
:10D9F000207E617E0844C0EBC000616801EB4000FE
:10DA00008068B54988422ED147F230520021A81DC6
:10DA1000FDF773F9A948007801288CD1AE49AB48CD
:10DA2000006809F079FDAD48006807F055FA002755
:10DA300011E0A9480088AA49097890FBF1F0A949AA
:10DA400021F81700084600EB4701A048006809F0DC
:10DA500063FD781CC7B2A24800788742E9DB00204A
:10DA600096490870FFE1207E617E0844C0EBC0004B
:10DA7000616801EB400080689B49884212D16422B2
:10DA8000002105F10800FDF738F98C4800780128DD
:10DA90008ED195498D48006809F03EFD00208749E8
:10DAA0000870E0E1207E617E0844C0EBC000616840
:10DAB00001EB400080688A49884227D10622012173
:10DAC000B01CFEF7C1FF7D48007801288FD1844942
:10DAD0007E48006809F020FD0020784908707E49E2
:10DAE000088000BF09E07F4931F810107A4A128897
:10DAF0001144794A1180411CC8B279490978884299
:10DB0000F1DB7648006807F0E7F9ACE1207E617E42
:10DB10000844C0EBC000616801EB400080687149B7
:10DB200088422FD14FF4FA52002105F10E00FDF783
:10DB3000E4F862480078012894D16A496348006893
:10DB400009F0EAFC00206449088000BF09E065494B
:10DB500031F81010604A128811445F4A1180411C4C
:10DB6000C8B25F4909788842F1DB5B4957480068D1
:10DB700009F0D2FC5948006807F0AEF900204F497F
:10DB8000087070E1207E617E0844C0EBC0006168CF
:10DB900001EB400081685348801C814230D14FF432
:10DBA000FA52002105F11000FDF7A7F8434800786C
:10DBB0000128AAD14B49891C4448006809F0ACFCF3
:10DBC00000204549088000BF09E0464931F810109F
:10DBD000414A12881144404A1180411CC8B2404950
:10DBE00009788842F1DB3C493848006809F094FC28
:10DBF0003A48006807F070F900203049087032E1B7
:10DC0000207E617E0844C0EBC000616801EB4000EB
:10DC100081683448001D814230D14FF4FA5200210E
:10DC200005F11200FDF769F8244800780128A8D111
:10DC30002C49091D2548006809F06EFC0020264982
:10DC4000088000BF09E0274931F81010224A1288E5
:10DC50001144214A1180411CC8B2214909788842E7
:10DC6000F1DB1D491948006809F056FC1B480068A3
:10DC700007F032F9002011490870F4E0207E617E3F
:10DC80000844C0EBC000616801EB400081681548A2
:10DC9000801D81424CD14FF4FA52002105F114004D
:10DCA000FDF72BF8054800780128A8D10D49891DFA
:10DCB000064800681AE00000B8050020D8040020DB
:10DCC00068000020A8000020AA000020A404002072
:10DCD0006B020020F6000020B0000020240D002080
:10DCE000B0020020D0010020AE00002009F014FC9A
:10DCF00000207349088000BF09E0724931F8101014
:10DD00006F4A128811446E4A1180411CC8B26E4994
:10DD100009788842F1DB6A496C48006809F0FCFB2D
:10DD20006B48006807F0D8F800206A4908709AE04C
:10DD3000207E617E0844C0EBC000616801EB4000BA
:10DD4000816860480830814230D14FF4FA52002196
:10DD500005F11600FCF7D1FF5E480078012824D1B8
:10DD6000584908315948006809F0D6FB0020544949
:10DD7000088000BF09E0534931F81010504A12885A
:10DD800011444F4A1180411CC8B24F49097888425A
:10DD9000F1DB4B494D48006809F0BEFB4C48006878
:10DDA00007F09AF800204B4908705CE0207E617E05
:10DDB0000844C0EBC000616801EB40008168414845
:10DDC0000A30814230D14FF4FA52002105F1180097
:10DDD000FCF793FF3F480078012844D139490A31C4
:10DDE0003A48006809F098FB00203549088000BFD8
:10DDF00009E0344931F81010314A12881144304A90
:10DE00001180411CC8B2304909788842F1DB2C49A5
:10DE10002E48006809F080FB2D48006807F05CF888
:10DE200000202C4908701EE0207E617E0844C0EB73
:10DE3000C000616801EB400080682749884212D128
:10DE40004FF4FA52002105F11A00FCF756FF214861
:10DE50000078012807D120491C48006809F05CFBC4
:10DE600000201C490870207C032827D01B4800880C
:10DE700028801B48008868801A480088A8801048BD
:10DE80000088E880184800882881184800680078D1
:10DE900030701748007870700B480078B070002020
:10DEA00007E0084931F81020C11D25F81120411C58
:10DEB000C8B20628F5DB084800886883BDE8F08111
:10DEC000B0000020D0010020B0020020A4040020F7
:10DED000240D0020D8040020F4000020A800002019
:10DEE000AA000020F6000020AE00002068000020FC
:10DEF0006B0200202DE9F0430546894603274FF0C9
:10DF00000408002600242878D638C4B2082C02DB86
:10DF10000020BDE8F0830A2004EB4401C1EB44116A
:10DF2000FE4A02EB810148746878032840D1002042
:10DF30000EE008EB4001695C07EB4002AA5C41EA95
:10DF40000221F74A22F81610711CCEB2411CC8B249
:10DF5000A97801EBD172B0EB620FEADB0026F14841
:10DF6000007830BBEE48008804EB4401C1EB44115B
:10DF7000EA4A22F82100EA48408804EB4401C1EB58
:10DF8000441102EB81014880E548408904EB4401DB
:10DF9000C1EB441102EB8101A1F86400E0488089E3
:10DFA00004EB4401C1EB441102EB8101A1F86600CE
:10DFB00082E2DC48007804280AD1D948008804EBC2
:10DFC0004401C1EB4411D54A02EB8101C88173E2DF
:10DFD000D448007801287DD1D148008800B204EBF4
:10DFE0004401C1EB4411CD4A02EB8101C880CC4809
:10DFF000408800B204EB4401C1EB441102EB810103
:10E000008880C748808804EB4401C1EB441102EBCF
:10E0100081018881C248008904EB4401C1EB4411AD
:10E0200002EB81010881BE48408904EB4401C1EB49
:10E03000441102EB81014881B948807E04EB440120
:10E04000C1EB441102EB81010874B7480078401C11
:10E05000B5490870B248C08A04EB4401C1EB4411D1
:10E0600002EB8101A1F87000AD48007C00F00400D3
:10E07000042813D104EB4400C0EB4410114601EB1B
:10E080008000B0F8700040F4004004EB4401C1EBA4
:10E09000441102EB8101A1F8700013E004EB44008D
:10E0A000C0EB44109D4901EB8000B0F87000C0F354
:10E0B0000E0004EB4401C1EB4411984A02EB8101CC
:10E0C000A1F870009848007898490978884269DB7F
:10E0D000002000E067E0964908809649086096496C
:10E0E000086000BF51E000EB4001C1EB40118B4ADA
:10E0F00002EB8101B1F906100A2291FBF2F18C4A80
:10E100001288114409B28A4A118000EB4001C1EB28
:10E110004011824A02EB8101098900EB4002C2EB07
:10E1200040127E4B03EB820252895143642291FBE1
:10E13000F2F100EB4002C2EB401203EB8202928943
:10E14000642392FBF3F27B4B1B6801FB0231794A9B
:10E15000116000EB4001C1EB4011704A02EB8101FC
:10E16000498900EB4002C2EB40126C4B03EB820288
:10E170009289514342F2107291FBF2F16E4A126899
:10E1800011446D4A1160411CC8B20828ABDB6948D4
:10E19000006869490968B0FBF1F066490860002031
:10E1A0006149087088E15F480078052848D15C48DB
:10E1B000008804EB4401C1EB4411584A02EB810191
:10E1C00088825748408804EB4401C1EB441102EBBC
:10E1D0008101C8825248C08804EB4401C1EB44115C
:10E1E00002EB8101888304EB4400C0EB441011462C
:10E1F00001EB8000808B5149C988884209D04F4883
:10E200004078052805DA4D4A921D00210220FCF7CE
:10E21000F1F904EB4400C0EB4410404901EB8000ED
:10E22000808A464989888842BCD0444800780528BD
:10E23000B8DA424A121D00210120FCF7DBF93BE16C
:10E240003848007806283FD13548008804EB44015F
:10E25000C1EB4411314A02EB810108833048408808
:10E2600004EB4401C1EB441102EB8101488304EB50
:10E270004400C0EB4410114601EB8000008B2F4995
:10E280000989884209D02D488078052805DA2B4A6B
:10E29000083200210320FCF7ADF904EB4400C0EB89
:10E2A00044101E4901EB8000408B24494989884273
:10E2B000C5D02248C0780528C1DA204A0A32002198
:10E2C0000420FCF797F9F7E016480078022813D1EC
:10E2D00000200EE0124931F8102004EB4401C1EB9C
:10E2E00044110E4B03EB8101443121F81020411CF5
:10E2F000C8B21028EEDBDFE00A48007803287DD1A1
:10E300000748008804EB4402C2EB4412034B03EBC2
:10E310008202A2F840000248008811E0EC150020BB
:10E3200082270020E10D0020F00D0020E40D0020E8
:10E33000FC0D0020000E0020040E0020A22700206B
:10E3400004EB4402C2EB441203EB8202A2F8420047
:10E350000F2104EB4400C0EB44101A4602EB80008E
:10E36000C08930B104EB4400C0EB441002EB8000E4
:10E37000817B00205FE0514A32F8103004EB440208
:10E38000C2EB4412DFF838C10CEB8202203222F8D3
:10E39000103004EB4402C2EB4412634603EB8202EA
:10E3A000203232F8102004EB4403C3EB44130CEB8F
:10E3B0008303B3F840309A4211DD04EB4402C2EB10
:10E3C0004412634603EB8202203232F8102004EB41
:10E3D0004403C3EB44130CEB8303A3F8402004EB8A
:10E3E0004402C2EB4412364B03EB8202203232F875
:10E3F000102004EB4403C3EB441300E01EE0DFF8FD
:10E40000C0C00CEB8303B3F842309A4211DA04EB3C
:10E410004402C2EB4412634603EB8202203232F81C
:10E42000102004EB4403C3EB44130CEB8303A3F869
:10E430004220421CD0B288429DDB3DE0214800785A
:10E44000082828D11D4840881C49098840EA014015
:10E4500004EB4401C1EB4411194A02EB8101C86687
:10E4600000201949086000BF10E01849095C01EB61
:10E470004102C2EB4111124A02EB8101C96E124AFC
:10E4800012681144104A1160411CC8B21049097841
:10E490008842EADB10E00B48007807280CD10B48D3
:10E4A0000B49097844540A480078082804DA0848D7
:10E4B0000078401C0649087000202AE582270020C9
:10E4C000EC150020E10D0020F40D0020C60D002009
:10E4D000E40D00204D4A1268D1794C4A1268D27876
:10E4E00032B94B4A12689288484B1B689A800AE0FE
:10E4F000464A1268D278012A05D1454A1268D28963
:10E50000424B1B689A80414A1268D2788A4227D0CF
:10E510003E4A1268D2783D4B1B68DA713B4A12685A
:10E52000D27862B93B4A12681288384B1B681A814C
:10E53000384A12689278354B1B681A7010E0334ADB
:10E540001268D278012A0BD1324A126892882F4B76
:10E550001B681A812F4A126892792C4B1B681A701B
:10E56000027E437E1A44C2EBC202436803EB4202BE
:10E570009268264B1B689A421CD1274A1278012ABE
:10E5800018D10022244B1A70204A1268D27832B96E
:10E590001E4A126812781F4B1B685A800AE01B4AF9
:10E5A0001268D278012A05D1184A12681278194BDC
:10E5B0001B68DA80027E437E1A44C2EBC2024368C3
:10E5C00003EB42025368114A1268083293421CD18D
:10E5D000114A1278012A18D100220F4B1A700B4AE7
:10E5E0001268D27832B9094A12681289094B1B683D
:10E5F0001A800AE0054A1268D278012A05D1034A36
:10E6000012681289034B1B689A807047B805002076
:10E61000CC02002094040020D8040020017E427E19
:10E620001144C1EBC101426802EB41014A680C4947
:10E630000968491C8A4212D10A49097801290ED178
:10E640000021084A117006490968B1F80110064A0C
:10E650001268118205498988034A126851827047FD
:10E66000B8050020D8040020940400205C14002089
:10E6700054490968097831B953490968898B514A65
:10E68000126851801BE04F4909680978012906D1B9
:10E690004D490968C98B4B4A126851800FE04949BE
:10E6A0000968097802290AD147490968B1F9201097
:10E6B0000A2291FBF2F109B2424A12685180017EAE
:10E6C000427E1144C1EBC101426802EB41014A683C
:10E6D0003C490968091D8A4225D13C49097801292C
:10E6E00021D10021394A1170364909684A783549E3
:10E6F0000968097802EB4101491C354A117031491A
:10E7000009688988334A11802E49096809780229E5
:10E7100006D11146098801EB8101490009B2118037
:10E7200001212D4A1170017E427E1144C1EBC101CD
:10E73000426802EB41018A6822490968891D8A42C0
:10E740001BD12249097801291AD100211F4A1170D1
:10E750001C490968097829B91A49096889791F4A41
:10E7600011750DE0174909680978012908D1154983
:10E7700009688979194A517502E00021134A11701C
:10E78000017C03291DD00F490968097829B913496B
:10E79000097D0C4A1268917113E00A4909680978E9
:10E7A000012905D10D49497D064A1268917108E099
:10E7B000044909680978022903D10021014A126835
:10E7C00091717047B8050020CC020020D8040020C9
:10E7D0008D0C00208E0C00208C0C00208C21002041
:10E7E00010B5002430E004EB4400C0EB4410324983
:10E7F00001EB8000407C012810DD04EB4400C0EBFD
:10E80000441001EB8000407C401E04EB4401C1EB4E
:10E810004411294A02EB8101487413E004EB4400DF
:10E82000C0EB4410244901EB8000407C012809D151
:10E8300004EB4401C1EB44111F4A02EB8100742137
:10E84000F3F78AFF601CC4B2082CCCDB1B480078AD
:10E85000401E1A4908700846007858B93C200870D4
:10E8600001201749087017480078174908700020E0
:10E87000144908701548006815490968884215D977
:10E880001348006890B1002010490978104A1278A6
:10E89000891AC8B20A2804DA0E49098801440D4AC7
:10E8A00011800A4909680A4A116003E007480068B4
:10E8B0000749086010BD0000EC1500200B0E002079
:10E8C000E50D0020E40D0020E60D0020F40D0020F1
:10E8D000F80D0020F20D0020002057E02D49098896
:10E8E00079B92C49498861B92A49898849B92A499D
:10E8F0000978002908DD28490978491E264A11703F
:10E9000002E08C21244A11702449097871B9244904
:10E9100031F8101051B9234951F8201031B1214973
:10E9200051F82010491E1F4A42F820101E4909685C
:10E9300009881E4A02EBC002D288914209DA1C49BA
:10E94000095C002908DD1A49095C491E184A11545E
:10E9500002E01421164A115413490968098841F24A
:10E96000883291420CDD124A811C515C00290BDD7A
:10E97000811C515C491ECAB20D4B811C5A5403E0E4
:10E980001E220B4B811C5A54411CC8B20228A5DB25
:10E9900070470000D47D0020370D0020D9020020F0
:10E9A000380D0020280D0020CC020020940100200A
:10E9B000300D002070B586B0064633480568002447
:10E9C000324A07CA03AB07C30595302103A800F0FC
:10E9D000F5FA04462E48008860B9002006E00022BF
:10E9E000011D294B1B685A54411CC8B21C28F6DB78
:10E9F00006B070BD2748B0F90000A04241D046F2F1
:10EA0000E050562202FB040081B2062301AA2248EC
:10EA1000006808F059FABDF808001B4909688880A9
:10EA20000198C0F383501849096888710198C0F3B0
:10EA3000444015490968C8710198C0F3043012496F
:10EA4000096808720198C0F385100F490968487277
:10EA5000019800F03F000C49096888722B20604340
:10EA600046F2E05202EB4000263081B218230648FD
:10EA700002680B320848006808F026FA054804804E
:10EA800000BF00BFB4E70000B805002030970208BF
:10EA9000FA020020D2050020A4040020F0B585B0C1
:10EAA00007464C48056800244B4A07CA02AB07C317
:10EAB00004950A2102A800F081FA0446474800881C
:10EAC00060B9002006E00022011D424B1B685A5429
:10EAD000411CC8B21028F6DB05B0F0BD4048B0F9C3
:10EAE0000000A04273D00026C4EBC40047F20862C5
:10EAF00002EB400081B206236A463A48006808F0FB
:10EB0000E3F9BDF804003349096888800098C0F330
:10EB100083503049096888710098C0F344402D49FA
:10EB20000968C8710098C0F304302A49096808725E
:10EB30000098C0F38510274909684872009800F0D2
:10EB40003F00244909688872C4EBC40047F20E6292
:10EB500002EB400081B206236A462248006808F0B2
:10EB6000B3F9BDF804001B490968A1F80B0000982F
:10EB7000C0F383501749096848730098C0F34440B4
:10EB80001449096888730098C0F304301149096872
:10EB9000C8730098C0F385100E490968087400987E
:10EBA00000F03F000B4909684874C4EBC40047F209
:10EBB000146202EB400081B202230648026812325E
:10EBC0000848006808F080F90548048000BF00BFCD
:10EBD00082E70000B80500205497020800030020D7
:10EBE000D0050020A40400209F48007800287DD193
:10EBF0009E4800780028FAD19D4840889D490968C0
:10EC000008809B4880889B4909684880984800880C
:10EC10009849096888809648C08896490968C880DC
:10EC200095480068008B934909688882924800687B
:10EC3000408B90490968C8828F480068C08A8D4916
:10EC4000096808838D4840880A2190FBF1F08949C2
:10EC500009684883894880880A2190FBF1F085493A
:10EC600009688883854800880A2190FBF1F0814972
:10EC70000968C883824800686421B0FBF1F07D49CF
:10EC8000096808627A48008878B97948408860B98C
:10EC90007748808848B978480068008841F2B941CF
:10ECA000884202DA77480078E0B17148008860B99C
:10ECB0006F48408848B96E48808830B96E4800680F
:10ECC000B0F92B0010F1320F0CDB6948008818BB3B
:10ECD0006748408800BB66488088E8B96A48007881
:10ECE000012819D169480078012800E01FE012D1FD
:10ECF0006748808800EB400040006649086064482F
:10ED0000808900EB40004000486000205F490870A7
:10ED1000012061490870A5E05C4800780028FAD11C
:10ED200001205A49087000205B4908709AE0514858
:10ED30000068008840B94E484088002804DD4C48EF
:10ED400040884C49096808804A480068408840B9B2
:10ED500047488088002804DD45488088454909687F
:10ED6000488044480068808840B9414800880028AD
:10ED700004DD3F4800883F49096888803D480068B5
:10ED8000808A28B93C480068008B3A490968888223
:10ED900038480068C08A28B937480068408B354930
:10EDA0000968C88233480068008B28B93248006877
:10EDB000C08A3049096808832E480068408B38B9FA
:10EDC0002E4840880A2190FBF1F02A4909684883BF
:10EDD00028480068808B38B9284880880A2190FB31
:10EDE000F1F024490968888322480068C08B38B94B
:10EDF000224800880A2190FBF1F01E490968C88367
:10EE00001C480068008841F28831884221DA19489C
:10EE10000068408888421CDA16480068808888426A
:10EE200017DA1A48007801281CD11948808800EBAD
:10EE300040004000174908601548808900EB4000F9
:10EE400040004860002011490870012012490870F4
:10EE500008E00E48007810B901200C490870002025
:10EE60000D49087070470000890E0020360D002003
:10EE7000D47D0020F0020020CC020020740C002081
:10EE8000C80E0020370D00206A020020D9020020A1
:10EE9000A4010020280D0020740D002010B52E497B
:10EEA0000978092906DD2C4909780B2902DA0021A5
:10EEB000294A117028494978092906DD26494978E7
:10EEC0000B2902DA0021244A517023498978092943
:10EED00006DD214989780B2902DA00211E4A91704A
:10EEE0001D49C978092906DD1B49C9780B2902DAB1
:10EEF0000021194AD170017E427E1144C1EBC1014B
:10EF0000426802EB41018968134A914223D11349B7
:10EF1000097801291FD100BF114A12784FF47A7382
:10EF20005A430F4B5B7803EBC30404EB031302EB70
:10EF300083020B4B9B7803EB830302EB4302084BEA
:10EF4000DB781A4491B240F2F232914202D10222AD
:10EF5000044B1A7000BF10BDD4040020D804002058
:10EF6000D0040020860C0020002022E0124901EB92
:10EF70004011098932291AD10F4901EB40118988C2
:10EF80003C2909DA0C4901EB40118988491C0A4ADD
:10EF900002EB401291800AE0074901EB40114989D8
:10EFA00021F00201891C044A02EB40125181411CEC
:10EFB000C8B22228DADB70472023002010B50246B1
:10EFC00093681B8813B901239468238093681B8876
:10EFD00054682488A34203DD53681B889468238007
:10EFE00053681B889468638013681B88946824881E
:10EFF0001B1B18B200280DDA53681B888B4205DAF8
:10F00000002013681B889468238003E053681B88E2
:10F01000034418B210BD0000F0B587B007463C4865
:10F02000066800253B4A07CA04AB07C30696302191
:10F0300004A8FFF7C3FF05463748008860B90020E1
:10F0400006E00022011D324B1B685A54411CC8B215
:10F050001C28F6DB07B0F0BD3048B0F90000A8422C
:10F0600053D046F2E050562202FB050081B206233F
:10F0700002AA2B48006807F027FFBDF80C002449BE
:10F08000096888800298C0F3835021490968887113
:10F090000298C0F344401E490968C8710298C0F341
:10F0A00004301B49096808720298C0F3851018499A
:10F0B00009684872029800F03F0015490968887293
:10F0C00000241DE02B20684346F2E05202EB400092
:10F0D0003E30042202FB040081B2134601AA10480C
:10F0E000006807F0F1FE4FF47A710198B0FBF1F07F
:10F0F0000B2101EB8401064A12685050601CC4B217
:10F10000062CDFDB0548058000BF00BFA2E700003A
:10F11000B80500203C970208FA020020D205002022
:10F12000A4040020012141737047000070B586B02F
:10F130000646404804680025A088E188884201DD31
:10F140000120A080A088012801DAE088A0803A4A46
:10F1500007CA03AB07C305945A2103A8FFF72EFF84
:10F1600005463648008868B9002007E0002200F113
:10F170000801304B1B685A54411CC8B20B28F5DB00
:10F1800006B070BD2E48B0F90000A8422ED056221D
:10F1900005FB02F0001D81B2062301AA2948006880
:10F1A00008F0A6F9BDF8080022490968088101980D
:10F1B000C0F383501F49096888720198C0F3444026
:10F1C0001C490968C8720198C0F3043019490968DC
:10F1D00008730198C0F385101649096848730198AF
:10F1E00000F03F0013490968887300BF1448B0F964
:10F1F0000000A84205D1A0881349B1F90010884247
:10F200000FD0562205FB02F00A30A28800EB8200E4
:10F2100081B20423074802680F320A48006808F0E8
:10F2200067F907480580A08800B20749088000BF39
:10F23000A6E70000B805002048970208FC0200205D
:10F24000D2050020A4040020D405002010B50446F7
:10F25000207E617E0844C0EBC000616801EB400085
:10F260004068F8490968884216D11C220121F548F6
:10F270000068FDF7E9FBF448007801280BD1F1485C
:10F2800000680078F1490870F148006808F044F916
:10F290000020ED49087047E2207E617E0844C0EB03
:10F2A000C000616801EB40004168E6480068401C0E
:10F2B000814217D180220121E2480068401CFDF7FD
:10F2C000C3FBE14800780128E5D1DE4800684078BA
:10F2D000E0490870DE48006808F01EF90020DA49AD
:10F2E000087021E2207E617E0844C0EBC0006168A6
:10F2F00001EB40004168D3480068801C814217D16F
:10F30000C8220A21CF480068801CFBF7F6FCCE48D3
:10F3100000780128BFD1CB4800688078CE490880AA
:10F32000CB48006808F0F8F80020C7490870FBE1F6
:10F33000207E617E0844C0EBC000616801EB4000A4
:10F340008168C0480068001D81420CD1BE48007829
:10F350000128A0D1BB4800680079C0498875002009
:10F36000B9490870E0E1207E617E0844C0EBC0002E
:10F37000616801EB40008168B2480068401D81422D
:10F380000CD1B1480078012885D1AE480068407999
:10F39000B249C8750020AC490870C5E1207E617E85
:10F3A0000844C0EBC000616801EB40008168A548DB
:10F3B0000068801D814210D1A348007801280CD13B
:10F3C000A04800688079A6490870A148006808F044
:10F3D000A3F800209C490870A6E1207E617E0844C5
:10F3E000C0EBC000616801EB40008168954800688F
:10F3F000C01D814210D19448007801280CD1914859
:10F400000068C079974908709148006808F084F84E
:10F4100000208D49087087E1207E617E0844C0EBA2
:10F42000C000616801EB40008168864800681430C4
:10F43000814210D18448007801280CD181480068AD
:10F44000007D894908708248006808F065F800204E
:10F450007D49087068E1207E617E0844C0EBC000F1
:10F46000616801EB4000816876480068083081429D
:10F4700012D17548007801280ED172480068007AD0
:10F480007A4908707248006808F046F80020784908
:10F4900008806D49087047E1207E617E0844C0EB1A
:10F4A000C000616801EB4000816866480068113067
:10F4B000814213D16448007801280FD16D4800784B
:10F4C00040B960480068407C6A490870604800683C
:10F4D00008F022F800205C49087025E1207E617E5A
:10F4E0000844C0EBC000616801EB400081685548EA
:10F4F00000681230814210D15348007801280CD1A5
:10F5000050480068807C5C4908705148006808F0E9
:10F5100003F800204C49087006E1207E617E084413
:10F52000C0EBC000616801EB40008168454800689D
:10F530001330814210D14448007801280CD1414851
:10F540000068C07C4D4908704148006807F0E4FF3E
:10F5500000203D490870E7E0207E617E0844C0EB52
:10F56000C000616801EB40008168364800681530D2
:10F5700081420CD134480078012808D13148006814
:10F58000407D3649087600202F490870CCE0207E67
:10F59000617E0844C0EBC000616801EB40008168F7
:10F5A00028480068163081420CD12748007801288D
:10F5B00008D124480068807D2849487600202249E7
:10F5C0000870B1E0207E617E0844C0EBC000616835
:10F5D00001EB400081681B480068173081420CD164
:10F5E00019480078012808D116480068C07D1B49D9
:10F5F000887600201449087096E0207E617E0844D9
:10F60000C0EBC000616801EB400081680D480068F4
:10F61000183081424DD10C480078012849D1094861
:10F620000068007E0D49C8760846C07E48B941F2A0
:10F630004460134988800A1D00210120F9F742FE29
:10F640002DE01FE0B8050020D80400206C02002047
:10F65000A4040020B2020020D40000208C2100204D
:10F66000660200206A02002076020020B302002019
:10F670005C000020BF020020C002002075020020B4
:10F68000E00100205048C07E012808D14FF4965078
:10F690004E4988800A1D00210120F9F713FE4B49CD
:10F6A000091D4B48006807F037FF002049490870E2
:10F6B0003AE0207E617E0844C0EBC000616801EB47
:10F6C0004000416844480068093081420FD14148F8
:10F6D000007801280BD10423404A4FF62A413C48C8
:10F6E000006807F037FF00203A4908701CE0207ED0
:10F6F000617E0844C0EBC000616801EB40004168D6
:10F70000354800680D3081420ED13248007801281A
:10F710000AD10423324A4FF62E412D48006807F0E3
:10F7200019FF00202B490870207C03284AD02D485F
:10F7300000782949096808702B480078264909682B
:10F7400048702A4800882449096848801E48807DFE
:10F75000214909680871264800781F49096888719D
:10F76000244800781C490968C871234800781A4960
:10F77000096808721448007E1749096848751248DC
:10F78000407E1549096888750F48807E12490968CE
:10F79000C8750D48C07E10490968087600200FE042
:10F7A0000E490A5C00F109010B4B1B685A540C49C5
:10F7B0000A5C00F10D01084B1B685A54411CC8B289
:10F7C0000428EDDB10BD00008C210020E0010020AA
:10F7D000A4040020D8040020B80500203203002033
:10F7E000360300206C020020B2020020D40000206A
:10F7F000660200206A020020B302002001B586B034
:10F80000FE49069888426BD1FD48006808600846AA
:10F810000068002862D00120FA4BFB4AFBA100904F
:10F82000F6480068F8F7EEFC0120FA4B0022FAA136
:10F8300000901046F8F7E6FC0120FA4B0022FAA1EE
:10F8400000901046F8F7DEFC0120FA4B0022FAA1E6
:10F8500000901046F8F7D6FC0120FA4B0022FAA1DE
:10F8600000901046F8F7CEFC0120FA4B0022FAA1D6
:10F8700000901046F8F7C6FC0120FA4B0022FAA1CE
:10F8800000901046F8F7BEFC0120FA4B0022FAA1C6
:10F8900000901046F8F7B6FC0120FA4B0022FAA1BE
:10F8A00000901046F8F7AEFC0120FA4B0022FAA1B6
:10F8B00000901046F8F7A6FC0120FA4B0022FAA1AE
:10F8C00000901046F8F79EFC0020034602460146D1
:10F8D0000090F8F797FC012007B000BD0020FBE77F
:10F8E000C8490698884260D14822F249F248006827
:10F8F00006F054FDC2480068C24908600846006826
:10F90000002850D00120ED4B0022EDA10090BD4811
:10F910000068F8F777FC0120EC4B0022ECA1009086
:10F920001046F8F76FFC0120EC4B0022ECA1009090
:10F930001046F8F767FC0120EC4B0022ECA1009088
:10F940001046F8F75FFC0120EC4B0022ECA1009080
:10F950001046F8F757FC0120EE4B0022EEA1009074
:10F960001046F8F74FFCEF480078012812D100202C
:10F97000EC4908700220EC4BEC4AEDA1009000200D
:10F98000F8F740FC0120EF4B0022EFA10090104659
:10F99000F8F738FC00200346024601460090F8F7CD
:10F9A00031FC012098E7002096E7C4490698884278
:10F9B0004AD193480068086008460068002841D092
:10F9C0000120E34B0022E3A10090BC480068F8F757
:10F9D00019FC0120E34B0022E3A100901046F8F748
:10F9E00011FC0120E44B0022E4A100901046F8F73E
:10F9F00009FC0120E54B0022E5A100901046F8F734
:10FA000001FC0120E64B0022E6A100901046F8F729
:10FA1000F9FB0120E74B0022E7A100901046F8F720
:10FA2000F1FB0120E84B0022E8A100901046F8F716
:10FA3000E9FB00200346024601460090F8F7E2FB8E
:10FA4000012049E7002047E7A049069888427DD178
:10FA5000E2480078E24909680870E2480078E04925
:10FA600009684870E0480088DD4909684880914885
:10FA7000807DDB49096808718E48C07DD8490968D6
:10FA80004871DA480078D64909688871D848007802
:10FA9000D3490968C871D7480078D1490968087204
:10FAA0000020059011E0D4490598095C0930CC4A42
:10FAB00012681154D1490598095C0D30C84A126882
:10FAC00011540598401CC0B2059005980428EADB43
:10FAD000CB480078FF2802D10020C9490870C848E7
:10FAE0000078BF4909684874C6480078BC4909686D
:10FAF0008874C5480078BA490968C874C348007852
:10FB0000B749096808756B48007EB54909684875AA
:10FB10006848407EB249096888756648807EB04969
:10FB20000968C8756348C07EAD49096808763448DD
:10FB30000068664908600846006800285CD001201B
:10FB4000B34B0022B3A10090604800E023E20068BC
:10FB5000F8F758FB0120B44B0022B4A100901046E6
:10FB6000F8F750FB0120B54B0022B5A100901046DC
:10FB7000F8F748FB02200090994803681833B44A0C
:10FB8000B4A10020F8F73EFB022000230090944827
:10FB9000B4A102681846F8F735FB0220009090489F
:10FBA00003689B1DB44AB5A10020F8F72BFB022087
:10FBB00000908B4803681433B54AB6A10020F8F7CB
:10FBC00021FB02200023009085480268521CB6A148
:10FBD0001846F8F717FB222000230090804802689F
:10FBE000921CB6A11846F8F70DFB022000907C4845
:10FBF00003680833A04A6BE1CBE10000E004002079
:10FC0000B4050020840500205E0C0020C9E8D6C39E
:10FC100000000000E4040020CAB5CAB1B8E6BEAFD7
:10FC200000000000F8040020BDBBC1F7C5E4B5E743
:10FC300000000000F0040020D5FBC1F7C4A3BFE919
:10FC400000000000F4040020B9E2B7FCC4A3BFE93F
:10FC500000000000A4050020EFAEB5E7D0C5CFA29C
:10FC600000000000FC040020C5E4B5E7D0C5CFA229
:10FC70000000000000050020D3C3BBA7D0C5CFA261
:10FC80000000000004050020B7D6C2B7D0C5CFA23F
:10FC90000000000060050020C0FACAB7BCC7C2BCA3
:10FCA0000000000088050020CFB5CDB3D0C5CFA29D
:10FCB000200000008C210020A4040020E804002083
:10FCC000B2CECAFDC9E8D6C3000000003C05002042
:10FCD000B9A4B3A7C9E8D6C320000000A805002036
:10FCE000EFAEB5E7C9E8D6C3200000008C050020C0
:10FCF000C5E4B5E7C9E8D6C320000000A005002090
:10FD0000C7A6CBE1B5E7B3D8B5A5D4AAC9E8D6C391
:10FD10000000000080050020C7E5B3FDBCC7C2BCE1
:10FD20002000000064030020D40400202C0B0020DD
:10FD3000B9A4B3A7C3DCC2EB3B202578257825788E
:10FD4000257800009C0500205453455420000000F5
:10FD50000C050020B5E7B3D8B2CECAFDC9E8D6C3BA
:10FD60002000000010050020B5E7B3D8BEF9B3E4C9
:10FD7000C9E8D6C32000000014050020B5E7B3D8B9
:10FD8000B2E2CAD4C9E8D6C3200000002C05002086
:10FD9000BDDAC4DCB2CECAFDC9E8D6C3200000007B
:10FDA00058050020B8E6BEAFB2CECAFDC9E8D6C33A
:10FDB0002000000024050020CAE4C8EBB8E6BEAF6E
:10FDC000C9E8D6C32000000028050020CAE4B3F625
:10FDD000B8E6BEAFC9E8D6C3200000006C02002020
:10FDE000B8050020B2020020D400002066020020E6
:10FDF0006A020020B30200203203002036030020F4
:10FE0000BF020020C0020020750200207602002000
:10FE10005C050020CAB1BCE4C9E8D6C3202020207C
:10FE2000202020200000000048050020B5E7C1F791
:10FE3000D0A3D7BC20202020202000004C0500208B
:10FE4000B5E7D1B9D0A3D7BC2020202020200000C6
:10FE500008060020EFAEB5E7256CC4A3CABD20207C
:10FE600020200000B3ADB1EDC8D5202020202020F7
:10FE700020202544C8D50000F8050020BDFBD3C3D1
:10FE8000B7E4C3F9C6F720202020256C000000004D
:10FE90001C090020D4DACFDFCFE0CEBB2020202009
:10FEA0002020256C00000000CDA8D0C5B5D8D6B75D
:10FEB000202020202020254400000000C4A3BFE90A
:10FEC000CFDEC1F7B5E32020202025642500000007
:10FED000F9A10020F8F796F902200090FB4803688A
:10FEE0001133FB4AFBA10020F8F78CF9FE4800789B
:10FEF000012845D102200090F4480368DB1DF44A34
:10FF0000FAA10020F8F77EF902200090EF4803687C
:10FF10001633EF4AFAA10020F8F774F90220009096
:10FF2000EA4803681533EA4AFAA10020F8F76AF9AB
:10FF300002200090E54803681B1DFB4AFBA100203E
:10FF4000F8F760F902200090E04803685B1DFC4A66
:10FF5000FCA10020F8F756F902200090DB48036866
:10FF60001333DB4AFCA10020F8F74CF90220009083
:10FF7000D64803681733FD4AFDA10020F8F742F97F
:10FF800000200346024601460090F8F73BF90120A5
:10FF9000A2E40020A0E4F7490698884269D1002035
:10FFA000059008E00021C948026805981154059899
:10FFB000401CC0B2059005981628F3DBEE48407946
:10FFC000ED490979EC4AD278EB4B9B78CDE90032C8
:10FFD000CDE90210E84840780590E74800780490A1
:10FFE0000246E6A1B948059B0068F2F7E1F9E94845
:10FFF0000068E049086008460068002837D0002003
:020000040801F1
:1000000003460246E4A10090DA480068F8F7FAF8DF
:1000100020200023E44AE5A100901846F8F7F2F802
:1000200000200346E54AE6A10090F8F7EBF800202F
:10003000E74BE84AE8A10090F8F7E4F80020E44B29
:10004000E74AE8A10090F8F7DDF8002003460246F1
:1000500000909E4801680020F8F7D4F8002003467D
:10006000024601460090F8F7CDF8012034E4002064
:1000700032E4DE490698884229D1C6480068086003
:100080000846006808B30120D94B0022D9A100908E
:10009000D6480068F8F7B6F80120DA4B0022DAA15A
:1000A00000901046F8F7AEF80120DB4B0022DBA1F0
:1000B00000901046F8F7A6F80020034602460146D5
:1000C0000090F8F79FF8012006E4002004E4D749E7
:1000D0000698884237D100207C4909680870D448C6
:1000E0000078D3494870AB480068D049086008469A
:1000F000006830B302200023CD4A521CCDA10090ED
:10010000CA480068F8F77EF80020CE4BCE4ACFA14F
:100110000090F8F777F8022000906C48CD4A94A13F
:1001200003680020F8F76EF80020034602460146F7
:100130000090F8F767F8BD480068FEF7F3FF01206C
:1001400030E400202EE4C449069888427ED1C3489A
:1001500000785E4909680870C14800785B49096801
:100160004870C0480078594909688870BE480078CE
:1001700056490968C870BD48007854490968087133
:10018000002052490968A1F80D0082480068B24970
:10019000086008460068002867D0002000904B489F
:1001A000B34AB4A10368AC480068F8F72BF82020E4
:1001B00000230090B348B4A102681846F8F722F86B
:1001C000202000230090AF480268921CB3A118467B
:1001D000F8F718F8202000230090AA4802680A3295
:1001E000B3A11846F8F70EF8202000230090A54888
:1001F00002682B32B3A11846F8F704F82020002338
:100200000090A04802680C32B3A11846F7F7FAFF35
:1002100020200023B54AB6A100901846F7F7F2FF58
:1002200030200023B74AB8A100901846F7F7EAFF3C
:10023000202000230090934802682632B7A1184678
:10024000F7F7E0FF20200023B94A00E00FE0B9A152
:1002500000901846F7F7D6FF0020034602460146F5
:100260000090F7F7CFFF012092E6002090E6B64914
:10027000069888421ED1474800680860002013494C
:1002800009684873059008E0002110480268059845
:1002900011540598401CC0B2059005981628F3DB50
:1002A00002200A4909684870A84800780749096887
:1002B00088774DE1C4E10000B5E7B3D8D4DACFDFE9
:1002C000BCECB2E22020256C00000000B805002044
:1002D000F8050020C4A3BFE9B7C0B5C12020202085
:1002E0002020256C0000000064030020B9D8CDA3B5
:1002F000B5E7D1D3B3D920202020256C0000000021
:10030000BFAABBFACFDEC1F7202020202020256C19
:1003100000000000B7E5B9D8B3E4B5E74D4F53206E
:100320002020256C00000000D0070020BFD5BFAA08
:10033000B3A7BCD2202020202020256C0000000084
:10034000E0070020B2DBCEBBB4CED0F220202020CC
:100350002020256C00000000B5E7C4DC32202020FE
:10036000202020202020256C00000000F80700201D
:10037000256C0000880500202C0300204D41433AE5
:1003800025782D25782D25782D25782D25782D2556
:1003900078000000B4050020D3B2BCFEB0E6B1BEC8
:1003A0002056312E3000000054030020C8EDBCFE62
:1003B000B0E6B1BE205625462E32000002000408E9
:1003C000D7D6BFE2B0E6B1BE2056254F2E254F004E
:1003D0005C0C0020400C0020432F534E3A256C004B
:1003E0004C0C0020532F534E3A256C002C05002056
:1003F00030050020D0DDC3DF202020202020202059
:100400002000000034050020B4EDB7E5D3C3B5E704
:10041000202020202000000038050020CAD0B5E7A9
:10042000CFF7B7E52020202020000000E4040020C2
:10043000E90C0020B8E6BEAFCAFD203A254F2F24B4
:100440004F000000E60C0020A007002020256C25AE
:100450006C256C00BC070020EC040020C8020020C2
:10046000DA0200206902002062000020DB02002086
:1004700050080020256C2020256C20256C20256C40
:1004800020256C00CC020020D6B1C1F7B5E7D1B968
:100490002020202025462E3256000000D7DCB5E76C
:1004A000C1F720202020202025462E3141000000C9
:1004B000B8BAD4D8B5E7C1F72020202025462E3180
:1004C00041000000B5E7B3D8B5E7C1F720202020F0
:1004D00025462E3141000000B5E7B3D8534F4320E5
:1004E0002020202025462E3225000000FC0D002073
:1004F000B4A2C4DCB5E7C1F72020202025462E3168
:1005000041000000000E0020B4A2C4DC534F432081
:100510002020202025462E3225000000B5E7B3D844
:10052000CEC2B6C82020202025462E32A1E60000EB
:100530007C000020B5F7BDDAB5E7D1B92020202531
:10054000472E335600000000F0040020BD0E0020AE
:10055000FB480068002871D002200023F94AFAA164
:100560000090F7480068F7F74DFE00200090FC4827
:10057000FC4AFDA103680020F7F744FE2020002379
:100580000090F7480268921CFBA11846F7F73AFE64
:10059000202000230090F2480268921DFBA118461B
:1005A000F7F730FE202000230090ED4802680A3261
:1005B000FBA11846F7F726FE02200090E8480368E2
:1005C0000C33FB4AAFF248110020F7F71BFEF94845
:1005D0000078012824D100200346F74AF7A10090B3
:1005E000F7F710FE00200090DD4803681F33F54A3E
:1005F000F5A10020F7F706FE02200090D848036816
:100600000E33F44AF4A10020F7F7FCFD022000238A
:100610000090D34802681E32F6A11846F7F7F2FDA3
:1006200000200346024601460090F7F7EBFDC44860
:100630000068FEF777FD0120AAE4FFE70020A7E4A9
:10064000F0490698884266D1EF48006808600020AB
:10065000C34909684873059008E00021C048026852
:10066000059811540598401CC0B2059005980C28B7
:10067000F3DB0220BA4909684870E24800680028A4
:1006800047D002200023AF4AAFA10090DD480068A8
:10069000F7F7B8FD00200090B148B24AB2A1036854
:1006A0000020F7F7AFFD202000230090AC4802683F
:1006B000921CB1A11846F7F7A5FD20200023009059
:1006C000A7480268921DD1A11846F7F79BFD20208C
:1006D00000230090A24802680A32B1A11846F7F739
:1006E00091FD022000909E4803680C33B04AAFF29F
:1006F00070210020F7F786FD0020034602460146E0
:100700000090F7F77FFDBF480068FEF70BFD012062
:100710003EE400203CE4C2490698884279D1BA48B8
:100720000068086008460068002873D0BD4800785B
:1007300000F0040004281ED1202000230090BA48B5
:10074000BAA10268B6480068F7F75CFD20200023D4
:100750000090B54802681432B8A11846F7F752FD68
:10076000202000230090B04802681A32B7A1184632
:10077000F7F748FD16E0002003460246B8A10090B6
:10078000A7480068F7F73EFD002003460246B9A1DE
:100790000090F7F737FD002003460246BAA100900B
:1007A000F7F730FD9F48007800F0020002281ED1C4
:1007B0002020002300909C480268921CB7A1184694
:1007C000F7F720FD2020002300909748026816329A
:1007D000B6A11846F7F716FD202000230090924896
:1007E00002681C32B5A11846F7F70CFD17E000208F
:1007F00003460246B6A10090F7F704FD0020034629
:100800000246B8A10090F7F7FDFC0020034602461F
:1008100001E00FE20CE2B8A10090F7F7F3FC814889
:10082000007800F00100F0B12020002300907E4805
:100830000268121DB5A11846F7F7E4FC202000233A
:100840000090794802681832B4A11846F7F7DAFC2C
:10085000202000230090744802681E32B3A118467D
:10086000F7F7D0FC14E0002003460246B4A1009044
:10087000F7F7C8FC002003460246B6A10090F7F740
:10088000C1FC002003460246B7A10090F7F7BAFC6E
:1008900020200023009064480268921DB7A11846EA
:1008A000F7F7B0FCB948007890B9302000230090E9
:1008B0005D4802682032B6A11846F7F7A3FC302045
:1008C0000023B74AB7A100901846F7F79BFCA6E1B2
:1008D000002003460246B7A10090F7F793FC3020B2
:1008E0000023B74AB7A100901846F7F78BFC3020D9
:1008F0000023B34A121DB7A100901846F7F782FCF7
:1009000030200023AE4A0832B6A100901846F7F70F
:1009100079FC30200023AA4A0C32B6A10090184678
:10092000F7F770FC30200023A54A1032B5A10090E3
:100930001846F7F767FC30200023A14A121F69E12F
:10094000F00400206C0C0020B5B1C7B0C4A3BFE90F
:100950002020202020202020254F2F244F00000081
:10096000B8050020A4080020B9A4D7F7D7B4CCACB0
:100970002020256C2F256C00CAE4B3F62025462ED6
:100980003256202025462E3241000000CAE4C8EB32
:100990002025462E3156202025462E31487A00004B
:1009A000CEC2B6C8202020202025462E32A1E60047
:1009B000AC080020BF020020580C00204D2F534EE1
:1009C0003A256C00B40B0020BDE2B0F3D7B4CCAC38
:1009D0003A256C00800B0020BDE2B0F3BFDAC1EE17
:1009E0003A256C256C256C256C256C256C256C25B1
:1009F0006C000000CBF8B6A8D1D3CAB120254FD0E7
:100A0000A1CAB100F4040020B4050020CAE4C8EB78
:100A10002025462E3156202025462E32410000004A
:100A2000F804002076020020F002002041CFE0B55B
:100A3000E7D1B920202025462E32560041CFE0B51F
:100A4000E7C1F720202025462E32410041CFE0B9F2
:100A5000A6C2CA20202025462E324B570000000097
:100A600041CFE0B5E7D1B92020202D2D2D2D2D2D02
:100A70005600000041CFE0B5E7C1F72020202D2D22
:100A80002D2D2D2D4100000041CFE0B9A6C2CA2076
:100A900020202D2D2D2D2D2D4B57000042CFE0B5C0
:100AA000E7D1B920202025462E32560042CFE0B5AE
:100AB000E7C1F720202025462E32410042CFE0B981
:100AC000A6C2CA20202025462E324B570000000027
:100AD00042CFE0B5E7D1B92020202D2D2D2D2D2D91
:100AE0005600000042CFE0B5E7C1F72020202D2DB1
:100AF0002D2D2D2D4100000042CFE0B9A6C2CA2005
:100B000020202D2D2D2D2D2D4B57000043CFE0B54E
:100B1000E7D1B920202025462E32560043CFE0B53C
:100B2000E7C1F720202025462E32410043CFE0B90F
:100B3000A6C2CA20202025462E324B5700000000B6
:100B400043CFE0B5E7D1B92020202D2D2D2D2D2D1F
:100B50005600000043CFE0B5E7C1F72020202D2D3F
:100B60002D2D2D2D4100000043CFE0B9A6C2CA2093
:100B700020202D2D2D2D2D2D4B570000C6B5C2CA7E
:100B800020202025462E31487A00000068020020EF
:100B9000B5E7C4DC3A25462E314B5748000000002B
:100BA000C80E0020B5E7C4DC3A25472E334B574822
:100BB00000000000B4EDB7E5B5E7C4DC00000000BC
:100BC000607D0020BCE2B7E53A25462E314B574800
:100BD00000000000B8DFB7E53A25462E314B5748F4
:100BE00000000000C6BDB6CE3A25462E314B574810
:100BF00000000000B5CDB9C83A25462E314B574804
:100C000000000000D7DCB9B23A25462E314B5748D8
:100C100000000000F7A100901846F7F7F3FA002053
:100C20000346024601460090F7F7ECFA012003E57F
:100C3000002001E5F349069888425DD10020F24981
:100C4000096808800120F049096888700020EE4991
:100C50000968C87005900FE0EC490598085C002809
:100C600006DDE9480068C078401CE7490968C8709B
:100C70000598401CC0B2059005982228ECDB0020A6
:100C8000E14909688880E0490968C1F80600E04840
:100C90000068DC4908600846006858B30220002359
:100CA0000090D9480268921CDAA1D6480068F7F78C
:100CB000A9FA202000230090D3480268121DDAA16F
:100CC0001846F7F79FFA302000230090CE480268BC
:100CD000921DD8A11846F7F795FA00200346024660
:100CE00001460090F7F78EFAC6480068FEF71AFA38
:100CF0000120A1E400209FE4D249069888425CD1FB
:100D00000120C149096888700620BF490968C87078
:100D10000020BD4909688880BB490968C1F8060000
:100D2000B9490968C1F80A00B9480068C5490860AE
:100D300008460068F0B302200090B34803689B1C8B
:100D4000C14AC2A1BF480068F7F75CFA202000231F
:100D50000090AD480268121DB3A11846F7F752FA89
:100D6000302000230090A8480268921DB1A11846C7
:100D7000F7F748FA202000230090A348B6A10268A4
:100D80001846F7F73FFA3020002300909E4802688B
:100D90000A32B5A11846F7F735FA00200346024695
:100DA00001460090F7F72EFAA6480068FEF7BAF958
:100DB000012041E4FFE700203EE4AF490698884265
:100DC00054D1012090490968887002208E49096831
:100DD000C87000208C49096888808B490968C1F86F
:100DE0000600A64800688088874909688880884886
:100DF0000068A149086008460068A0B302200023EB
:100E0000009081480268921C9DA19B480068F7F7FA
:100E1000F9F92020002300907B480268121D82A16E
:100E20001846F7F7EFF93020002300907648026863
:100E3000921D98A11846F7F7E5F9202000230090AD
:100E4000714885A102681846F7F7DCF900200346CF
:100E5000024601460090F7F7D5F987480068FEF78B
:100E600061F9012054E4FFE7002051E48D49069820
:100E700088427DD101208C49087065480068894905
:100E8000086008460068002873D002200023864AC4
:100E900086A1009083480068F7F7B4F9202000236A
:100EA0000090594887A102681846F7F7ABF920204F
:100EB0000023009054480268921C87A11846F7F757
:100EC000A1F92020002300904F480268121D87A13D
:100ED0001846F7F797F9022000904B4803681A3339
:100EE000874A88A10020F7F78DF92120894B0090CF
:100EF00045480268083288A10020F7F783F90220EC
:100F000000230090404802680A3288A11846F7F78B
:100F100079F92020002300903B4802680C3288A118
:100F20001846F7F76FF92020002300903648026832
:100F30000E3288A11846F7F765F921208A4B0090F8
:100F4000314802681C3289A10020F7F75BF92020A4
:100F5000002300902C480268103289A11846F7F748
:100F600051F902200090284803681233894A01E0B1
:100F700027E024E088A10020F7F744F90220009040
:100F8000214803681433834A87A10020F7F73AF910
:100F90002020002300901C480268163286A11846C3
:100FA000F7F730F900200346024601460090F7F7B4
:100FB00029F93C480068FEF7B5F8012037E6002023
:100FC00035E654490698884212D1114800680860F5
:100FD0000846006858B10020034602467BA10090F5
:100FE0004C480068F7F70EF90020059026E131E142
:100FF00032E10000C6E4CBFC3A25462E314B57487F
:1010000000000000FC040020B8050020387D00200E
:10101000B4050020C5E4B5E7B7D6C2B7202020202C
:1010200020254F2F24440000B5E7C1F72020254696
:101030002E314100B5E7C1BF202025472E324B5746
:10104000480000000005002088090020D7E2BBA767
:101050002020256C00000000B0D9B7D6B1C82025EB
:10106000462E312500000000B5E7C1BF3220202503
:10107000472E314B5748000004050020CC020020C9
:10108000D3C3BBA7B7D6C2B7202020202020254F2E
:101090002F244400B5E7C1BF202025472E314B57F0
:1010A00048000000A4050020DE0D0020B5B1C7B047
:1010B000B5E7B3D82020202020202020254F2F2442
:1010C0004F000000D7DCCFDFB5E7D1B920202020CA
:1010D00025462E3256000000B5E7B3D8B5E7D1B9A2
:1010E0002020202025462E3256000000B5E7B3D838
:1010F000B5E7C1F72020202025462E324100000010
:10110000340C0020B3E4B7C5D7B4CCAC20202020E9
:10111000256C0000B0050020B5E7B3D8CEC2B6C834
:10112000202020202564A1E600000000B5E7B3D808
:10113000D0BECAFD202020202544B8F600000000C3
:10114000534F4320202020202020202025462E32CF
:1011500025000000534F4820202020202020202060
:1011600025462E3225000000AC050020B5A5CCE5B3
:10117000B5E7D1B92025462E332D25462E3356000E
:10118000B6EEB6A8C8DDC1BF2020202025462E32ED
:1011900041480000F80500204D4F53B3E4B1D5BAE3
:1011A000CF202020256C00004D4F53B7C5B1D5BAD4
:1011B000CF202020256C0000B7C5B5E7B5E7C1F703
:1011C0002020202025462E3241000000B5A5CCE588
:1011D000CEC2B6C82034B8F6000000000598401C06
:1011E000C1B2FE4802680598115400200090FB48E7
:1011F00001680598084400230246F9A104901846A6
:10120000F7F700F820200090F9480078401E00EB26
:101210004001C1EB4010F74901EB800044300599D3
:1012200000EB410000230246AFF20811049018467B
:10123000F6F7E8FF0598401CC0B205900598042811
:10124000CCDB00200346024601460090F6F7DAFFA9
:101250000120ECE40020EAE4E7490698884267D1DF
:10126000E6480068086008460068E8B3002000907F
:10127000DF480078401E00EB4001C1EB4010DD4923
:1012800001EB80000E3000230246DDA10590DA4814
:101290000068F6F7B7FF0020059030E00598401C85
:1012A000C1B2CE4802680598115400200090CB4886
:1012B00001680598084400230246D5A10490184609
:1012C000F6F7A0FF20200090C9480078401E00EBF0
:1012D0004001C1EB4010C74901EB80002030059967
:1012E00000EB4100002300E020E00246CCA1049086
:1012F0001846F6F787FF0598401CC0B20590BC4819
:101300000078401E00EB4001C1EB4010B94901EBF1
:101310008000C18905988142C0DC00200346024656
:1013200001460090F6F76EFF012080E400207EE485
:10133000BD490698884277D1A84800680590BB4807
:10134000018805980180BA48018805984180B9480C
:10135000018805988180B84801880598C180B74800
:1013600001880598018105980A300490B448006806
:10137000017804980170B348017804984170B2482C
:10138000017804988170B14801780498C170B04820
:1013900001880598C181AE48418805980182AC4812
:1013A000818805984182AA48C18805988182A84809
:1013B00001890598C182A648418905980183A548FD
:1013C0000188059841838D48006897490860084660
:1013D000006800287ED0022000909F4A9FA192487A
:1013E000049B0068F6F70EFF2220904B0090A0A10E
:1013F0000020059AF6F706FF22208D4B0090059AF3
:10140000921CA0A10020F6F7FDFE2220914B009037
:10141000059A1A32A0A10020F6F7F4FE22200090CF
:10142000049B5B1CA14A00E067E0A1A10020F6F745
:10143000E9FE22207F4B0090059A121DA1A10020F9
:10144000F6F7E0FE22207D4B0090059A0832A3A11A
:101450000020F6F7D7FE0020774B0090059A921DEA
:10146000A3A1F6F7CFFE79480078002808DD002018
:1014700003460090049AD21CA2A1F6F7C3FE31E005
:101480007248007838BB02206F4B0090049A921C7F
:10149000A1A10020F6F7B6FE6B480078002821DDF8
:1014A0000020039019E0022069490090039801EBA5
:1014B000400002900398C01D059901EB4000019087
:1014C000024699A10020029BF6F79CFE0398401C5F
:1014D000C0B201E00FE005E003905B490978039892
:1014E0008842E0DB00200346024601460090F6F702
:1014F00089FE01205DE400205BE490490698884263
:101500004FD18F4800783549096808708D480078B8
:101510003249096848708C480078304909688870F9
:101520008A4800882D490968A1F8030033480068FB
:10153000824908600846006880B30220009027486E
:101540005A4A83A103687D480068F6F75BFE0220D3
:101550000023009021480268521C82A11846F6F729
:1015600051FE0220002300901C480268921C82A1B8
:101570001846F6F747FE2220744B00901748026881
:10158000D21C82A10020F6F73DFE00200346024651
:1015900001460090F6F736FE01200AE4FFE700203E
:1015A00007E47F490698884216D17E4800780B49A7
:1015B000096808707C4800780849096848707B48C9
:1015C000008806490968A1F80300794800880349A2
:1015D0000968A1F80500EDE063E10000B80500200E
:1015E000B5A5CCE5CEC2B6C82020202025440000F9
:1015F000DE0D0020EC150020AC050020B405002015
:10160000B5A5CCE5B5E7D1B9202544B8F600000072
:10161000B5A5CCE5B5E7D1B92020202025440000B0
:1016200025462E33560000000C050020A80000209F
:10163000AA000020F6000020B0000020AE0000202C
:10164000680000206B020020B00200208A0E0020FB
:10165000D0010020F400002078080020CAD6B6AFE0
:10166000B9A4D7F7C4A3CABD20256C200000000090
:10167000B8A1B3E4B5E7D1B9202020202020254629
:101680002E325600BEF9B3E4B5E7D1B920202020B0
:10169000202025462E325600B9E2B7FCB5E7D1B975
:1016A000B2EE2020202025462E335600F8050020DB
:1016B000CEC2B6C8B2B9B3A5CAB9C4DC2020256C65
:1016C00000000000CEC2B2B9CFB5CAFD2020202054
:1016D000202025646D562FA1E6000000D7DCB5E779
:1016E000B3D8CFDEC1F720202025462E324300009C
:1016F000D7DCB5E7B3D8C8DDC1BF202020256441C1
:1017000068000000BFD5BFAAB5E7B3D8B7D6C2B747
:10171000CAFD202025440000C7A6CBE1B5A5D4AA68
:10172000D7E9202025440000C7A6CBE1B5E7B3D810
:10173000C8DDC1BF202025644168000014050020D9
:10174000650200207402002079020020AC00002015
:10175000D6DCC6DAB7C5B5E7B2E2CAD42020202568
:101760006C200000B2E2CAD4D6DCC6DA20202020E9
:1017700020202544CCEC0000B2E2CAD4CAB1B3A404
:1017800020202020202544D0A1CAB100B2E2CAD432
:10179000BDE1CAF8B5E7D1B92025462E3256000082
:1017A0001005002073020020B6000020B2000020C7
:1017B000B4000020FE480088FE4909688881FE4880
:1017C0000078FC490968C871FC480078F949096843
:1017D0004872FB480078F74909688872F948006840
:1017E000F949086008460068002858D00220009097
:1017F000F04803680933F54AF5A1F3480068F6F7A5
:1018000001FD0220F74B0090EA48F7A10268002092
:10181000F6F7F8FC022000230090E6480268D21D8B
:10182000F6A11846F6F7EEFC022000230090E148EE
:1018300002680A32F6A11846F6F7E4FC2220F94BBA
:101840000090DC480268D21CF7A10020F6F7DAFC11
:101850002220FA4B0090D7480268521DF8A10020C0
:10186000F6F7D0FC0220FB4B0090D2480268521CD5
:10187000F9A10020F6F7C6FC0220CD4B0090CD4820
:1018800002680C32F9A10020F6F7BCFC00200346E8
:10189000024601460090F6F7B5FC0120D9E400208D
:1018A000D7E4F749069888427CD1F6480088C149B8
:1018B00009680880F4480088BE4909684880F348F0
:1018C0000088BC4909688880F1480088B9490968DE
:1018D000C880F0480088B74909680881EE48008848
:1018E000B44909684881ED480088B249096888818F
:1018F000EB480088AF490968C881EA480088AD49CB
:1019000009680882E8480088AA4909684882AD4801
:101910000068DB4908600846006800286ED0222075
:10192000D84B0090A348E1A10268D5480068F6F7BB
:1019300069FC2220D44B00909E480268921CE0A1D2
:101940000020F6F75FFC2220D04B009099480268F7
:10195000121DE0A10020F6F755FC2220CC4B009090
:1019600094480268921DE0A10020F6F74BFC22206B
:10197000C84B00908F4802680832E0A10020F6F7BB
:1019800041FC2220C84B00908A4802681232E0A134
:101990000020F6F737FC2220BF4B009085480268F4
:1019A0000A3200E02CE0DFA10020F6F72BFC222019
:1019B000BA4B00907F4802680C32E0A10020F6F795
:1019C00021FC2220B64B00907A4802680E32E1A139
:1019D0000020F6F717FC2220B24B009075480268F1
:1019E0001032E1A10020F6F70DFC0020034602466C
:1019F00001460090F6F706FC01202AE4002028E4C6
:101A0000DE49069888427CD101206A49096808703D
:101A1000DB480590674800680078401ED94901EB13
:101A2000C00040780009634909684870614800684F
:101A30000078401ED34901EBC000C0885D490968A9
:101A400048805C4800680078401ECF4901EBC00028
:101A50008088584909688880C948008855490968BC
:101A6000A1F80D000320C949087056480068C34911
:101A7000086008460068E0B30220002300904D484B
:101A8000C3A10268BD480068F6F7BCFB02200090C5
:101A9000484803685B1CC24AAFF68C110020F6F779
:101AA000B1FB22200023009042480268921CBDA195
:101AB0001846F6F7A7FB2220002300903D48026855
:101AC0000D32BDA11846F6F79DFB222000230090A1
:101AD00038480268121DBDA11846F6F793FBA748C7
:101AE0000068FDF71FFB00200346024601460090F8
:101AF00001E004E005E0F6F785FB012015E4002095
:101B000013E4B8490698884224D12E48006808603A
:101B100005209E490870B3480068C8B100200346FC
:101B2000B14AB2A10090AF480068F6F76BFB002005
:101B30000346AD4A921CB2A10090F6F763FB002069
:101B40000346024601460090F6F75CFB0120D1E413
:101B50000020CFE4AF490698884227D1AE480078EC
:101B6000401EAE4911F8100000F07F0011490968CD
:101B70000870A9480078401EA84931F81000C0F349
:101B8000C1100C4909684870A3480078401EA34959
:101B900031F81000C0F342200649096888709E4859
:101BA0000078401E9D4931F8100039E190E10000B5
:101BB000B8000020B8050020780200206402002050
:101BC000B4020020B405002010050020F805002014
:101BD000D7D4B6AFBEF9B3E42020202020256C2056
:101BE0000000000073020020BEF9B3E4D6DCC6DAC0
:101BF00020202020202544CCEC000000BEF9B3E4D6
:101C0000CAB1B3A420202020202544D0A1CAB1000D
:101C1000D7EED0A1B7C5B5E7CAB1B3A4202544B764
:101C2000D6000000B2000020BEF9B3E4C6F4B6AF9F
:101C3000CFB5CAFD2025462E32430000B400002057
:101C4000BEF9B3E4BDE1CAF8CFB5CAFD2025462EE2
:101C500032430000B6000020BEF9B3E4C6F4B6AFCC
:101C6000D1D3CAB1202544B7D6000000BEF9B3E4F1
:101C7000BDE1CAF8D1D3CAB1202564B7D6000000AF
:101C800058050020BA000020BC000020BE00002043
:101C9000C0000020C2000020C4000020C6000020B8
:101CA000C8000020CA000020C2010020CAE4C8EB1E
:101CB000C7B7D1B92020202025462E32560000007B
:101CC000CAE4C8EBB9FDD1B92020202025462E3228
:101CD00056000000CAE4C8EBB9FDC1F7202020205F
:101CE000202025462E324100B5E7B3D8B5CDD1B975
:101CF00020202020202025462E325600CAE4B3F6AC
:101D0000B9FDD1B920202020202025462E325600B2
:101D1000CAE4B3F6C7B7D1B9202020202020254639
:101D20002E325600C6B5C2CAC9CFCFDE2020202031
:101D3000202025462E32487A00000000C6B5C2CACF
:101D4000CFC2CFDE20202020202025462E32487A08
:101D500000000000B5E7B3D8CEC2B6C8B8DF202077
:101D600025462E32A1E60000B5E7B3D8CEC2B6C8EC
:101D7000B5CD202025462E32A1E600001C0500200E
:101D8000BC01002094010020A40100208C0C002044
:101D9000B5E7B3D8B7D6C2B720202020254400002D
:101DA00048090020CFC2B5E7B5E7D1B920202020EF
:101DB00025462E3256000000BBD6B8B4B5E7D1B9DF
:101DC0002020202025462E3256000000CFC2B5E745
:101DD000CAB1BCE42020202025462E31B7D6D6D368
:101DE0000000000020050020790E0020C8EDBCFE98
:101DF000B0E6B1BE20205625442E25440000000048
:101E0000D3B2BCFEB0E6B1BE20205625442E2544F8
:101E10000000000024050020CA050020F800002072
:101E2000000B062190FBF1F201FB1200FB4909684F
:101E3000C87001200590FA480178491E059888402D
:101E4000F8490988084018B90020F549487002E0AF
:101E50000120F3494870F4480068F44908600846D6
:101E6000006890B30220EE4BF14AF2A10090EF48D7
:101E70000068F6F7C7F902200090E848F14AF2A19D
:101E800003680020F6F7BEF902200090E3480368DB
:101E90005B1CF14AF1A10020F6F7B4F90220009092
:101EA000DE4803689B1CF14AF1A10020F6F7AAF96D
:101EB00000200346024601460090F6F7A3F9DB48EE
:101EC0000068FDF72FF90120E8E4FFE70020E5E4D2
:101ED000EA49069888422FD10120D0490968087044
:101EE000E7480088000BCD4909684870CE48006873
:101EF000E249086008460068E0B102200023009033
:101F0000C648E0A10268DD480068F6F77BF90220C8
:101F10000090C24803685B1CDD4ACEA10020F6F7A2
:101F200071F900200346024601460090F6F76AF96F
:101F30000120B3E40020B1E4D649069888427ED15E
:101F4000D5480078B54909680870D4480078B34985
:101F500009684870D2480078B04909688870D1484B
:101F60000078AE490968C870CF480078AB49096865
:101F70000871CE480078A94909684871CC480088A2
:101F8000A6490968A1F80700A7480068C149086088
:101F900008460068C0B302200090A048C54AC6A108
:101FA0000368BC480068F6F72DF9022000909B48B2
:101FB00003685B1CBF4AC5A10020F6F723F9022085
:101FC000B74B009095480268921CC5A10020F6F717
:101FD00019F90220B34B009090480268D21CC5A1A9
:101FE0000020F6F70FF90220AF4B00908B480268F3
:101FF000121DC5A10020F6F705F90220AB4B009099
:1020000086480268521D00E017E0C4A10020F6F7E0
:10201000F9F80220A64B009080480268D21DC5A1A5
:102020000020F6F7EFF80020034602460146009034
:10203000F6F7E8F8012031E401E000202EE4C2497F
:102040000698884276D1C1480078744909680870BA
:10205000BF48008871490968A1F80100BD4800889F
:102060006E490968A1F80300BB4800886B490968FC
:10207000A1F80500B948008868490968A1F8070077
:10208000B748008865490968A1F80900B548008883
:1020900062490968A1F80B00B34800895F490968E3
:1020A000A1F80D00B04880885C490968A1F80F00CC
:1020B000AD48408859490968A1F81100AA48C0886C
:1020C00056490968A1F81300574800689E490860FE
:1020D0000846006878B3022000905048754AA3A1D2
:1020E000036899480068F6F78DF82220984B009015
:1020F0004A480268521CA1A10020F6F783F822206A
:10210000944B009045480268D21CA1A10020F6F72C
:1021100079F82220904B009040480268521DA1A1FE
:102120000020F6F76FF822208C4B00903B480268A5
:10213000D21D01E02BE028E09FA10020F6F762F815
:102140002220874B00903548026809329FA1002069
:10215000F6F758F82220834B0090304802680B3283
:102160009FA10020F6F74EF80120A24B0022A2A169
:1021700000901046F6F746F8002003460246014656
:102180000090F6F73FF8012037E4002035E4994944
:102190000698884240D19B48007820490968087019
:1021A000994800781D49096848701F48006891499E
:1021B00008600846006870B30220002300901748AA
:1021C00092A102688B480068F6F71CF802200023F1
:1021D000009012480268921C92A11846F6F712F875
:1021E0000220002300900D480268921D92A118461B
:1021F000F6F708F802200090084803680A33934A6B
:1022000093A10020F5F7FEFF222000230090034851
:1022100002680C3222E132E133E10000B80500200F
:10222000CA050020C40C0020B405002024050020AD
:102230001C0A002044493A256C20B8E6BEAF3A2477
:102240006C0000000C0A0020B8E6BEAFC0E0D0CDA4
:1022500020202020256C0000080A0020B4A5B7A289
:10226000D0CDCABD20202020256C0000180A0020F7
:10227000B8E6BEAFBAC52020256C000028050020B6
:10228000F8000020BCCCB5E7C6F73A254420000092
:102290005C0A00203005002067020020DD020020DB
:1022A0006E0200206F0200207002002072020020E7
:1022B000D2000020F8050020CAB9C4DC202020206C
:1022C000202020202020256C00000000D0DDC3DF6E
:1022D000D4DDCDA3202020202020256C000000008C
:1022E000BBF9CAFD202020202020202020202544CA
:1022F00000000000D0DDC3DFB4F8D4D8C2CA20206B
:102300002020254425000000BBBDD0D1B4F8D4D88E
:10231000C2CA20202020254425000000C2D6BBBB15
:10232000D6DCC6DA2020202020202544D0A1CAB146
:1023300000000000B2E2CAD4D6DCC6DA2020202099
:1023400020202564C3EB0000340500206802002033
:10235000D6000020D8000020F2000020E20000207B
:10236000DE000020E0000020C6010020B4EDB7E54B
:10237000CAB9C4DC202020256C000000B0B2C8AB74
:10238000B7C5B5E7B5E7D1B9202025462E325600AE
:10239000B5E7B3D8B7C5B5E7C9EEB6C8202025461E
:1023A0002E322500EFAEB5E7B1A3B5D7C8DDC1BF6A
:1023B000202025462E322500EFAEB5E7BBD8B3E48A
:1023C000C8DDC1BF202025462E322500EFAEB5E77F
:1023D000B7C5B5E7B5E7D1B9202025462E3256005E
:1023E000EFAEB5E7B3E4B5E7B5E7D1B920202546B0
:1023F0002E32560054050020CAB1B6CEC9E8D6C365
:1024000000000000840C0020850C0020B5B1C7B08E
:10241000CAB1B6CE20202020202020254F2F254FC6
:1024200000000000C8D5C6DAB6CE2020254F2F25E3
:102430004F2D244F2F244F00CAB1BCE4B6CE20202C
:10244000254F3A254F2D244F3A244F00C80800202D
:10245000C4A3CABD20202020256C0000FEA1184680
:10246000F5F7D0FE00200346024601460090F5F73E
:10247000C9FEFD480068FCF755FE012024E5002058
:1024800022E5FA490698884266D1F9480078F94968
:1024900009680870F8480088F6490968A1F8010041
:1024A000F6480088F3490968A1F80300F448008859
:1024B000F0490968A1F80500F2480088ED4909686B
:1024C000A1F80700F0480078EA490968C872EF48A7
:1024D0000068E649086008460068D0B30220009012
:1024E000E448EB4AEBA10368E0480068F5F78AFE90
:1024F0002220E14B0090DF480268521CEAA1002034
:10250000F5F780FE2220DD4B0090DA480268D21CED
:10251000E9A10020F5F776FE2220D94B0090D5489E
:102520000268521DE9A10020F5F76CFE2220D54B70
:102530000090D0480268D21DE9A10020F5F762FEA4
:1025400000200346024601460090F5F75BFE01209D
:10255000BAE4FFE70020B7E4E649069888427CD158
:10256000CA48006808600020C24909680870C1496B
:102570000968C870BF4909680871BE49096848718F
:10258000BC4909688871BB490968C871B9490968BB
:102590000872B84909684872B64909688872B5492D
:1025A0000968C872B34909680873D2480068C8B39B
:1025B00002200090AF480368DB1CCF4AAFF26C31B9
:1025C000CC480068F5F71EFE02200090A948036879
:1025D0001B1DCA4ACAA10020F5F714FE20200023C3
:1025E0000090A4480268521DC9A11846F5F70AFEDA
:1025F000202000230090CB480268921CCAA11846F4
:10260000F5F700FE022000909A48A14ACBA103688A
:102610000020F5F7F7FD2020002300909548026880
:10262000D21D00E017E0C8A11846F5F7EBFD222007
:10263000002300908F4802680B32C6A11846F5F7B8
:10264000E1FD00200346024601460090F5F7DAFD61
:10265000012039E401E0002036E4C34906988842AD
:102660005FD1002083490968C870AE48006880883F
:1026700080490968888000207E4909688871FF20A8
:102680007C490968C87142F210707A49096808816A
:102690007E480068B449086008460068F0B302202C
:1026A000009074480368DB1C934A98A1AE48006808
:1026B000F5F7A8FD2020002300909A480268921C9C
:1026C000AAA11846F5F79EFD202000230090694836
:1026D0000268121DAAA11846F5F794FD0220009089
:1026E0006448AB4AABA103680020F5F78BFD2220BC
:1026F000002300905F4802680832A9A11846F5F748
:1027000081FD00200346024601460090F5F77AFD60
:1027100095480068FCF706FD01200AE4FFE7002069
:1027200007E4A2490698884230D10020514909683F
:10273000087041F288304F490968A1F801005348F8
:1027400000689A49086008460068E8B12020002324
:10275000009097480268223296A194480068F5F7E5
:1027600051FD22200023009042480268521C95A18E
:102770001846F5F747FD0020034602460146009043
:10278000F5F740FD012056E4002054E491490698F5
:10279000884224D13D480068086008460068E0B1DE
:1027A00002200023009033488BA10268894800680A
:1027B000F5F728FD0220002300902E480268921DA4
:1027C00089A11846F5F71EFD002003460246014682
:1027D0000090F5F717FD01202DE400202BE4864939
:1027E0000698884237D12948006808600846006882
:1027F00080B30120814B002281A100907E480068B7
:10280000F5F700FD0120814B002281A100901046C8
:10281000F5F7F8FC0120814B002281A100901046C1
:10282000F5F7F0FC0120824B002282A100901046B7
:10283000F5F7E8FC0120834B002283A100901046AD
:10284000F5F7E0FC00200346024601460090F5F74C
:10285000D9FCFFE000E101E1B7C5B5E7C1BF202029
:1028600025462E3041480000540500203805002040
:1028700069020020B805002078030020E400002051
:10288000E6000020E800002076020020B4050020C9
:10289000F8050020C6F4D3C32020202020202020CB
:1028A0002020202020256C00D7DCB9A6C2CA202019
:1028B00025462E314B7700004C31CFE0B9A6C2CA75
:1028C0002020202025462E314B7700004C32CFE0CF
:1028D000B9A6C2CA2020202025462E314B77000001
:1028E0004C33CFE0B9A6C2CA2020202025462E3185
:1028F0004B77000048050020A40A0020F40A0020BD
:10290000B7D6C1F7C6F7C1BFB3CC3A20256C0000DB
:10291000D0A3D7BCB5E7C1F73A202025462E3141D8
:1029200000000000CC020020C4A3BFE9B5E7C1F756
:102930003A202025462E314100000000C1E3B5E3D6
:102940003A2020256C00000025462E33562F2546C0
:102950002E335600CAB5B2E2B5E7C1F73A202025BA
:10296000462E31410000000040050020C4A3BFE90D
:10297000B5E7C1F720202020202025462E31410038
:10298000D0A3D7BCB5E7C1F73A2025462E31410088
:10299000F4080020C1BFB3CC3A20256C0000000031
:1029A000C1E3B5E33A202564200000004C05002077
:1029B000A4040020D0A3D7BCB5E7D1B93A2025465E
:1029C0002E325600D0A3D7BCD6B53A2020202546BB
:1029D0002E3256005C0500202564C4EA2564D4C26A
:1029E0002564C8D5200000002564CAB12564B7D687
:1029F0002564C3EB20000000600500206405002072
:102A0000B8E6BEAFBCC7C2BC20000000680500200D
:102A1000B3ADB1EDBCC7C2BC200000007005002002
:102A2000D3C3BBA7B5E7C1BFBCC7C2BC2000000071
:102A300074050020B5E7B3D8B2E2CAD4BCC7C2BCA3
:102A40002000000078050020C9FDBCB6C8D5D6BE60
:102A500020000000012011E500200FE5FE49069846
:102A6000884267D1FD480068086008460068E8B3FE
:102A7000FB48006805900598001D049004980C30F0
:102A800003904FF0FF30F74908800121059801803D
:102A9000F5480188059841800020029008E0002256
:102AA0000299049820F811200298401CC0B20290AC
:102AB00002980628F3DB0020029007E00022DDE9FF
:102AC000021042540298401CC0B20290029804289E
:102AD000F4DB022000230090E4A1DF48059A00689F
:102AE000F5F790FB00200346009000E020E0E4A111
:102AF000049AF5F787FB00200090039BDB1CE54A56
:102B0000AFF2F811F5F77EFB00200090E24AE3A156
:102B1000039BF5F777FB0020034602460146009031
:102B2000F5F770FBCC480068FCF7FCFA0120A5E43F
:102B30000020A3E4DB49069888427DD10020049060
:102B400008E00021C6480268049811540498401C0B
:102B5000C0B2049004982028F3DBC14800680590B7
:102B6000012105980180D0480188059841804FF0E7
:102B7000FF30CE490880B9480068CA490860084655
:102B80000068E8B3022000230090C9A1C548059A57
:102B90000068F5F737FB002003460090B048026854
:102BA000121DC8A10020F5F72DFBCB48007850B9C5
:102BB000302000230090AA4802680B32C74918460B
:102BC000F5F720FB4CE0002003460246C3492431C0
:102BD0000090F5F717FB302000230090A048026812
:102BE0000F32BE4934311846F5F70CFB3020002374
:102BF00000909B4802681332B8494431184600E0FF
:102C00003BE0F5F7FFFA302000230090944802687B
:102C10001732B24954311846F5F7F4FA3020002340
:102C200000908F4802681B32AC4964311846F5F7B2
:102C3000E9FA3020002300E021E000908848026893
:102C40001F32A64974311846F5F7DCFA302000230C
:102C50000090834802680B32A1491846F5F7D2FA72
:102C600000200346024601460090F5F7CBFA8D4856
:102C70000068FCF757FA01206AE4002068E49949EB
:102C8000069888427ED10020049008E00021744814
:102C90000268049811540498401CC0B2049004982F
:102CA0002028F3DB6E48006805900121059801801B
:102CB0007D480188059841804FF0FF307B490880AE
:102CC000664800688749086008460068F0B302203B
:102CD0000023009076A18348059A0068F5F792FAE0
:102CE0000020034600905E480268121D75A1002076
:102CF000F5F788FA302000230090594802680B321B
:102D000079A11846F5F77EFA302000230090544848
:102D100002680F3279A11846F5F774FA30200023C3
:102D200000904F480268133279A11846F5F76AFA05
:102D30003020002300904A480268173279A11846D3
:102D4000F5F760FA30200023009000E01FE04448CF
:102D500002681B3278A11846F5F754FA3020002398
:102D600000903F4802681F3278A11846F5F74AFAEA
:102D700000200346024601460090F5F743FA494811
:102D8000006800E005E0FCF7CDF9012061E40020D7
:102D90005FE47349069888425DD10020049008E002
:102DA00000212F480268049811540498401CC0B2B6
:102DB000049004981328F3DB29480068059001214A
:102DC0000598018067480188059841800121059890
:102DD000818006210598C180C81F34490880624956
:102DE00008801E4800685E4908600846006888B38D
:102DF0000220002300905DA15948059A0068F5F76C
:102E000001FA022000230090059A121D5DA11846C8
:102E1000F5F7F8F9002003460090114802680832DF
:102E200028A10020F5F7EEF93020002300900C488F
:102E300002680F3259A11846F5F7E4F9002003465D
:102E4000024601460090F5F7DDF916480068FCF7E8
:102E500069F9ABE0ACE0ADE064050020B40500200A
:102E6000B8050020CE050020B4010020B5B1C7B0E0
:102E7000BCC7C2BC20202020256F2F246F0000007B
:102E800025642F25642F25642025643A25643A257E
:102E90006400000018060020A0070020256C256CA7
:102EA000256C000068050020B6010020D205002036
:102EB000B5B1C7B0BCC7C2BC2020202020256F2FD1
:102EC000246F000025642F25442F25442025443AF3
:102ED00025443A254400000068020020900B0108B8
:102EE000F40F01086C050020B3A3CCACB5E7B7D153
:102EF0003A2025462E32D4AA00000000BCE2B7E5F5
:102F0000B5E7B7D13A2025462E32D4AA00000000FA
:102F1000B8DFB7E5B5E7B7D13A2025462E32D4AAB7
:102F200000000000C6BDB7E5B5E7B7D13A20254699
:102F30002E32D4AA00000000B5CDB7E5B5E7B7D171
:102F40003A2025462E32D4AA00000000B9C8C6BDDA
:102F5000B7E5B7D13A2025462E32D4AA00000000AA
:102F600070050020C4010020D4050020B5B1C7B011
:102F7000BCC7C2BC20202020202020256F2F246F1A
:102F800000000000B5B1C7B0D3C3BBA720202020EC
:102F9000202020256F2F246F00000000B5E7C1BF5F
:102FA0003A2025462E314B5748000000012013E4FB
:102FB000002011E4FC49069888424CD1FB48006887
:102FC0000590012105980180F94801880598418004
:102FD0004FF0FF30F7490880F7480068F249086071
:102FE00008460068A0B3022000230090AFF2401111
:102FF000ED48059A0068F5F705F9002003460090B2
:10300000EA480268121DEDA10020F5F7FBF8002048
:1030100003460090E54802680B32EDA10020F5F769
:10302000F1F8202000230090E04802681232EDA160
:103030001846F5F7E7F800200346024601460090DF
:10304000F5F7E0F8D8480068FCF76CF8012002E5D5
:10305000FFE70020FFE4E8490698884264D1D3489E
:10306000006805900020049008E00021CF48026825
:10307000049811540498401CC0B20490049812287B
:10308000F3DB002105980180FF2105984180AFF214
:103090009811C64800681230EFF78AF9022341F60A
:1030A0005471D648059A006804F022FAC2480068B4
:1030B000D14908600846006898B3022000230090B8
:1030C000CFA1CD48059A0068F5F79CF8002003468B
:1030D0000090B6480268121DB8A10020F5F792F8DA
:1030E000002003460090B14802680B32B8A10020CE
:1030F000F5F788F80020034602460090AB480168C7
:1031000012310020F5F77EF8002003460246014602
:103110000090F5F777F8B8480068FCF703F801204D
:1031200099E4FFE7002096E4B9490698884219D14E
:10313000A148006808600846006888B10220B54BC5
:10314000B54AB6A10090B2480068F5F75BF80020D8
:103150000346024601460090F5F754F801207AE450
:10316000002078E4B149069888427DD192480068F1
:10317000086000208D49096808708C49096848700A
:103180008A490968887089490968C8708749096847
:1031900008718649096848718449096888718349BA
:1031A0000968C871814909680872A0480068E8B3D5
:1031B0009F48007800907D489E4A9FA103689B48E5
:1031C0000068F5F71FF802200090784803685B1C40
:1031D000984A9EA10020F5F715F802200090734848
:1031E0000368DB1C934A9EA10020F5F70BF8022030
:1031F00000906E4803681B1D8E4A9EA10020F5F7C3
:1032000001F802200090694803685B1D894A9EA16D
:103210000020F4F7F7FF02200090644803689B1D2C
:10322000844A9EA10020F4F7EDFF00E01AE002209E
:1032300000905E48036808337E4A9DA10020F4F7A1
:10324000E1FF002003469F4A9FA10090F4F7DAFFB8
:1032500000200346024601460090F4F7D3FF012008
:1032600065E401E0002062E49C490698884232D17E
:1032700051480068086000200346994A99A10090CF
:1032800096480068F4F7BEFF00200346994A9AA1C9
:103290000090F4F7B7FF302000239B4A9BA10090D9
:1032A0001846F4F7AFFF002003469D4A9DA1009009
:1032B000F4F7A8FF00200346994A521C9DA10090F4
:1032C000F4F7A0FF00200346024601460090F4F701
:1032D00099FF01202BE49B490698884229D1364862
:1032E000006808600846006808B30120964B002279
:1032F00096A1009093480068F4F784FF0120974B53
:10330000002297A100901046F4F77CFF0120984B13
:10331000002298A100901046F4F774FF00200346A5
:10332000024601460090F4F76DFF0120A4E400205E
:10333000A2E485490698884234D11F480068086095
:103340000020059008E000211848026805981154F3
:103350000598401CC0B2059005982828F3DB012091
:10336000124909680870002005900FE0854905980A
:10337000085C002806DD0D4800684078401C0B49B9
:10338000096848700598401CC0B20590059822282D
:10339000ECDB6D480068002805D002200023009077
:1033A0000248F1E0C0E1BDE174050020B80500204D
:1033B000B8010020D0050020B4050020533A256450
:1033C0002F25442F25442025443A25443A254400FE
:1033D000453A25642F25442F25442025443A254489
:1033E0003A254400B7C5B5E7B5E7C1BF2020202086
:1033F0002025462E3141680078050020A4040020D5
:10340000B5B1C7B0BCC7C2BC2020202020256F00AA
:103410007C050020D40400202C0B0020C3DCC2EB70
:103420003A20257825782578257800008005002029
:10343000860C0020F8050020BBD6B8B4B3F6B3A7BD
:10344000C9E8D6C32020202020256C00C7E5B3FDA5
:10345000B8E6BEAFBCC7C2BC2020202020256C002F
:10346000B3ADB1EDBCC7C2BCC7E5B3FD2020202081
:1034700020256C00D3C3BBA7B5E7C1BFC7E5B3FD2B
:103480002020202020256C00B5E7B3D8B2E2CAD4B2
:10349000BCC7C2BCC7E5B3FD20256C00BBD6B8B421
:1034A000BFAAB9D8B2CECAFD2020202020256C00AA
:1034B000CDACB2BDD7E2BBA7B5E7C4DC202020204D
:1034C00020256C00A70E0020202020202020202076
:1034D0002020202020202020254400009C050020C2
:1034E0005D0300207465737431202020202020208B
:1034F000202544005E030020746573743220202070
:10350000202020202025440060030020746573746F
:1035100033202020202020202025462E31000000AE
:10352000690C00204D312020202020202020202048
:10353000202544004D322020202020202020202043
:10354000202544008C05002090050020C5E4B5E747
:10355000B7D6C2B7C9E8D6C3000000009405002062
:10356000B5E7B3D8B2CECAFDC9E8D6C300000000A3
:1035700098050020B5E7B3D8B7D6C2B7C9E8D6C317
:1035800000000000387D0020F2A10268F7480068C2
:10359000F4F738FE00200090F54803682033F54A20
:1035A000F5A10020F4F72EFE22200090F0480368D9
:1035B000DB1CF54AF5A10020F4F724FE0220009060
:1035C000EB4803681B1DF54AF5A10020F4F71AFE2D
:1035D000F748007840F0200000230090E44802689B
:1035E000521DF4A11846F4F70DFE2220002300908E
:1035F000DF480268D21DF4491846F4F703FE222082
:1036000000230090DA4802680932EF491431184665
:10361000F4F7F8FDE64800780090D54803680B33CE
:10362000EA4AEBA10020F4F7EDFDED48807D022889
:1036300008D10090CE4803680D33E44AE9A1002088
:10364000F4F7E0FD222000230090C94802681132FF
:10365000E9A11846F4F7D6FD222000230090C448C3
:1036600002681332E9A11846F4F7CCFD022000905D
:10367000BF4803681533D54AE9A10020F4F7C2FD1D
:10368000022000230090BA4802681632E9A11846C9
:10369000F4F7B8FD022000230090B5480268183204
:1036A000E9A11846F4F7AEFD02200090B048036887
:1036B0001A33C64AE9A10020F4F7A4FD0220002332
:1036C0000090AB4802681B32E9A11846F4F79AFD56
:1036D000022000230090A64802681D32E9A1184686
:1036E000F4F790FD022000230090A14802682332E5
:1036F000E9A11846F4F786FDAD48007840F03000A7
:10370000002300909A4802682432E7491846F4F7EB
:1037100079FD00200346024601460090F4F772FD51
:10372000012044E4002042E4E0490698884264D144
:10373000FF208F4909684870DD4890F8920400F036
:103740000F008B490968C870D948B0F882048849CD
:103750000968A1F80700D648B0F8860484490968CA
:10376000A1F809008248006800782230C0EBC00050
:10377000CF4901EB800000897D490968A1F811005B
:10378000CC480068C94908600846006890B3222008
:10379000009077480368DB1C7B4AC7A1C3480068D8
:1037A000F4F730FD22200023009071480268D21DFA
:1037B000C5A11846F4F726FD2220002300906C488E
:1037C00002680932804914311846F4F71BFD2220A3
:1037D00000230090664802681132C0A11846F4F731
:1037E00011FD00200346024601460090F4F70AFD51
:1037F00001202CE4FFE7002029E4BD490698884217
:103800007DD10020059015E0BA490598085C401C60
:10381000C1B25748026805981154B749059831F864
:1038200010104000801D524A126811520598401C29
:10383000C0B2059005980628E6DB9E480068AC49B2
:10384000086008460068E8B302200023009048485A
:10385000AAA10268A6480068F4F7D4FC022000235D
:10386000009043480268521CA9A11846F4F7CAFC0C
:103870000220002300903E480268921CA9A118462D
:10388000F4F7C0FC02200023009039480268D21CE3
:10389000A9A11846F4F7B6FC022000230090344892
:1038A0000268121DA9A11846F4F7ACFC02200023FF
:1038B00000902F480268521DA9A11846F4F7A2FCF7
:1038C000022000E086E10023009029480268921D52
:1038D000A8A11846F4F796FC022000230090244883
:1038E00002680832A7A11846F4F78CFC02200023D6
:1038F00000901F4802680A32A6A1184600E06BE15A
:10390000F4F780FC022000230090194802680C3272
:10391000A4A11846F4F776FC022000230090144876
:1039200002680E32A3A11846F4F76CFC02200023B3
:1039300000900F4802681032A2A11846F4F762FC0A
:1039400000200346024601460090F4F75BFC01208C
:1039500005E40000B7D6C2B73A254F2F244F2020E8
:10396000B2DBCEBB3A244F2020200000900500207F
:10397000B8050020D4090020BFAAB9D8C0E0D0CD36
:1039800020202020256C000060090020CFC2B5E770
:10399000C4A3CABD20202020256C0000C00900203F
:1039A000B7D6C2B7D3C3BBA720202020256C000008
:1039B000860C0020B9FDD4D8B5E7C1F7202020201F
:1039C00025462E3141000000A41D0108F805002005
:1039D000CADAC8A82020202020202020256C000042
:1039E0008C210020B9FDC1F7BBD6B8B4C9CFB5E76B
:1039F000202020256C000000CFC2B5E7CAB1BCE48E
:103A0000202020202564B7D6D6D30000CFC2B5E74A
:103A1000B5E7C1BF2020202025472E324B57480054
:103A2000B6A8CAB1CFC2B5E7CAB9C4DC20202020ED
:103A300020256C00BFAACABCB6A8CAB1202020208D
:103A40002544483A25444D00B6A8CAB1CAB1B3A42A
:103A5000202020202544483A25444D00C3E2D4F0DC
:103A6000CAB9C4DC2020202020202020256C0000A2
:103A7000BFAACABCC3E2D4F0202020202544483A83
:103A800025444D00C3E2D4F0CAB1B3A420202020C5
:103A90002544483A25444D00B6EEB6A8B5E7C1F72F
:103AA00020202020254441003410010894050020E6
:103AB000A0780020B4050020CFC2B5E7C4A3CABDDA
:103AC000202020256C000000CFC2B5E7B5E7D1B9B2
:103AD00020202025462E325600000000CFC2B5E738
:103AE000CAB1BCE42020202564B7D6D6D30000009C
:103AF000980500209A0E0020D0010020B5E7B3D829
:103B0000313C2D2D3EB5DA254FB2DBCEBB00000097
:103B1000B5E7B3D8323C2D2D3EB5DA254FB2DBCE1A
:103B2000BB000000B5E7B3D8333C2D2D3EB5DA25F8
:103B30004FB2DBCEBB000000B5E7B3D8343C2D2D2F
:103B40003EB5DA254FB2DBCEBB000000B5E7B3D8F7
:103B5000353C2D2D3EB5DA254FB2DBCEBB00000043
:103B6000B5E7B3D8363C2D2D3EB5DA254FB2DBCEC6
:103B7000BB000000B5E7B3D831C8DDC1BF3A20258E
:103B800064414800B5E7B3D832C8DDC1BF3A20254B
:103B900064414800B5E7B3D833C8DDC1BF3A20253A
:103BA00064414800B5E7B3D834C8DDC1BF3A202529
:103BB00064414800B5E7B3D835C8DDC1BF3A202518
:103BC00064414800B5E7B3D836C8DDC1BF3A202507
:103BD000644148000020A4E57349069888422CD12E
:103BE0007248006808600120714B002271A10090AA
:103BF0006D480068F4F706FB0120724B002272A1A9
:103C000000901046F4F7FEFA0120734B002273A1D6
:103C100000901046F4F7F6FA0120744B002274A1CC
:103C200000901046F4F7EEFA0020034602460146E3
:103C30000090F4F7E7FA012073E56249069888429C
:103C40004ED15A48006808600020059008E0002125
:103C50006B480268059811540598401CC0B2059045
:103C600005980C28F3DB022000906548654AAFF206
:103C70004021036853480068F4F7C4FA2020002369
:103C800000905F480268921C5FA11846F4F7BAFAE8
:103C9000022000905A4803685B1C5F4AAFF21C3157
:103CA0000020F4F7AFFA2220002300905448026865
:103CB000121D5AA11846F4F7A5FA022000905048A8
:103CC00003689B1D594A5AA10020F4F79BFA002073
:103CD0000346024601460090F4F794FA012020E5DD
:103CE0005649069888425DD15548808A44490968FA
:103CF00008805348C08A4249096848805048008B70
:103D00003F49096888804E48408B3D490968C88012
:103D100001204C4908702548006848490860084659
:103D20000068E0B302200023464A47490090434818
:103D30000068F4F767FA222000230090304843A17E
:103D400002681846F4F75EFA2220002300902C48FF
:103D50000268921C42A11846F4F754FA022000901F
:103D6000274803681B1D314A42A10020F4F74AFA94
:103D700002200090224803689B1D2C4A42A100208B
:103D8000F4F740FA00200346024601460090F4F79B
:103D900039FA2A480068FBF7C5F90120C1E4FFE7BA
:103DA0000020BEE40020BCE4A0050020B4050020F3
:103DB00040050020B5E7B3D8B5E7C1F7D0A3D7BC1D
:103DC0002000000044050020B5E7B3D8B5A5D4AA6B
:103DD000D0A3D7BC200000001C050020B5E7B3D855
:103DE000CFC2B5E7C9E8D6C32000000020050020F7
:103DF000B0E6B1BED0C5CFA2202020202000000018
:103E0000B8050020B80A0020D0A3D7BCD6B53A2008
:103E100025462E3100000000D8080020C9E8D6C38E
:103E2000D6B53A2025462E3100000000F8050020C6
:103E3000C6F4D3C320202020256C0000A805002054
:103E4000EC150020DE0D002048090108B7C5B5E7D4
:103E5000B5E7D1B920202020202025462E3256005B
:103E6000B3E4B5E7B5E7C1F72020202020202546A0
:103E70002E3241004D4F53B3E4B1D5BACF202020AC
:103E8000202020256C0000004D4F53B7C5B1D5BA96
:103E9000CF202020202020256C00000088B00024A6
:103EA000FBE00CE07D4804A902687D4800680FF043
:103EB000E1FB0446012C01D0022C00D107E004AA4A
:103EC00000217848006806F0E0FC0028EAD100BF35
:103ED000012C05D104A97348006806F095FE8FE017
:103EE00071480078C0B971480078012814D1FF20CA
:103EF0006D49087000260CE0324604A96848006845
:103F000010F0CEFB04A96748006806F07DFE701C27
:103F1000C6B20B2EF0DB73E065480078012817D19C
:103F200000206349087000260CE0324604A95C4872
:103F300000680FF013FA04A95A48006806F064FEFE
:103F4000701CC6B2062EF0DB3C205749087057E0C3
:103F50005748007802280ED10020554908700522E4
:103F600004A94F4800680FF0A3FA04A94D4800685F
:103F700006F04AFE44E04F48007840BB4B480078CA
:103F8000012824D1FF204B490870002204A944488D
:103F900000680FF08DFA04A94248006806F034FE6C
:103FA000032204A93E4800680FF082FA04A93D48A4
:103FB000006806F029FE042204A9394800680FF0C1
:103FC00077FA04A93748006806F01EFE18E0334867
:103FD00004A902683248006810F0E4FA28B104A984
:103FE0003048006806F010FE0AE004A92C4800687A
:103FF00010F08AF920B104A92A48006806F004FEEE
:10400000264801682648006810F056FA03E0694621
:10401000294808F0CFF86A4600212848006806F0D1
:1040200034FC0028F3D103E06946234808F0C2F8C5
:104030006A4601212148006806F027FC0028F3D1D8
:104040001F480078401C1E49087008460078042864
:1040500017DD0020087000BF1A486946026816483C
:1040600008F068FB054618480078012807D1694622
:104070001248006806F0C8FD002013490870012DA1
:10408000EAD00D4808F064FF0B4808F0DDFFF5F7B3
:1040900085F9282013F0E0FD00BF02E7D0020020E0
:1040A000C00E002000000020BC0E0020BF02002037
:1040B000900C0020710C0020D00E00200400002085
:1040C000D10E0020DC040020A50E00202DE9F84FC1
:1040D0004FF40C7012F074FEBC490860282012F0F6
:1040E0006FFEBB490860302012F06AFEB9490860D3
:1040F000242012F065FEB8490860CA2012F060FE64
:10410000B6490860CA21B5480068EEF703FB0820ED
:1041100012F056FEB24908601E220121B048006824
:104120000FF088F80021AE4800680FF086F80121F2
:10413000AB4800680FF081F80621A94800680FF02D
:104140007CF80721A64800680FF077F80921A448F9
:1041500000680FF072F80E21A14800680FF06DF8AA
:104160000A219F4800680FF068F805219C48006804
:104170000FF063F814219A4800680FF05EF81521DB
:10418000974800680FF059F80321954800680FF030
:1041900054F80821924800680FF04FF81621904813
:1041A00000680FF04AF817218D4800680FF045F8B5
:1041B00002218B4800680FF040F80F218848006802
:1041C0000FF03BF8082012F0FBFD8649086005213E
:1041D000834800680FF020F8064630221E21304642
:1041E000EEF790FA8048008814F0D8FF82467F49A5
:1041F00014F08AFE814614F0EDFD07463A460B4660
:104200007BA17D48EEF7D4F800BF07E07A49095C4E
:1042100011B92021784A1154411CC8B20728F5DB96
:1042200015216F4800680EF0F7FF0446002003E0F8
:1042300001212154411CC8B21E28F9DB4FF4D4607F
:1042400012F0BEFD05466D480560006858306B49A8
:10425000486008464068C8600846C0682C3008615D
:10426000084600692C30C8610846C069B030086251
:104270000846006A2030886008468068103048612F
:10428000084640690830886122215D48EEF742FA0D
:104290005C48006802F02CFE5B495C48006806F050
:1042A00097FB5B495B48006805F0F4F955480168E5
:1042B00018315848006806F02CFA45480068564BFB
:1042C000564A00904348016812315548006803F08F
:1042D0000DFD5448006807F00BF94A48006802F0E9
:1042E0008DFA514801F054F84F494A48006806F0E9
:1042F00097FA00F0DFFA4D494D4809F05FFB0421C1
:104300004B4808F06BFF4B484B490A6802604A680B
:1043100042608968816000200EE0FF21474A02EB7D
:1043200040129175454A02EB4012D175434A02EBA7
:104330004012D180411CC8B22228EEDB00201CE0D4
:104340003F49095C222916DA2C4909683C4A125C6B
:1043500001EB42013B4A42F820107B21384A125CB3
:10436000C2EBC202384B03EB8202D17537490978A0
:10437000491C364A1170411CC8B20628E0DB0020F7
:10438000334908803148007878B9002009E0314984
:1043900031F810102E4A128811442D4A1180411C08
:1043A000C8B22D4909788842F1DB2C48006800F03A
:1043B000DBFC2B4800882B49098808442A490988D6
:1043C00008442A490880BDE8F88F0000B4050020A1
:1043D000B8050020CC020020F0020020F4020020EA
:1043E000D0020020D4020020540300200000C84264
:1043F0005625342E3266000056030020AC150020EE
:10440000387D0020A4040020340F00200400002088
:10441000FDF70008DC040020BC050020D8020020C5
:104420007C0C0020680000201C1000208C1900204B
:104430002C7E0020A2270020E00100202023002065
:104440009A0E0020D4150020A07800208A0E0020AB
:10445000B0000020D0010020B0020020240D002078
:10446000E4000020E6000020E8000020780300209F
:1044700070B58AB004460D46164600200990BDF876
:10448000200064F304000890BDF8200020F0200014
:104490000890BDF8200065F38B100890BDF820004F
:1044A00066F30F300890BDF820002F4909782F4A95
:1044B000126822F811002C480078401C2A49087024
:1044C00008460078632801DD0020087026488078BF
:1044D000642804DA24488078401C234988702248E4
:1044E000807821494870224903C9CDE90501BDF80A
:1044F0002000ADF81A001F4AD2E900109268CDE9F9
:104500000302029101204FF4FA6302AAC102009053
:104510001948006801F0EAFC0990BDF8240000EB9E
:104520004000800000F6040081B20C2305AA124866
:10453000006803F00FF8BDF82400401C80B2099019
:10454000BDF82400B0F5FA6F01DB002009900223CA
:1045500009AA40F602010848006802F0FBFF0320A8
:10456000064908700AB070BDE90C0020F402002072
:10457000840400206C970208A4040020210D002070
:1045800001460806000C40EA112070470146080E5B
:1045900001F47F0240EA122001F47F4240EA022047
:1045A00040EA01607047000010B5044604F00100C5
:1045B00098B11F480078012807D100220C211D481E
:1045C0000068143001F0E0F80EE001220C211948D7
:1045D0000068143001F0D8F806E001220C211548DB
:1045E0000068143001F0D0F804F00200022816D15F
:1045F0000F48007801280AD10F480078B0B900228E
:104600000E210C480068143001F0BEF80EE00122C3
:104610000E2108480068143001F0B6F806E00122C7
:104620000E2104480068143001F0AEF810BD0000FF
:10463000080D0020A404002066020020012808D1F3
:10464000094A1268127C61F38202074B1B681A74D4
:1046500009E0022807D1044A1268127C61F30002C3
:10466000014B1B681A747047A404002010B502485F
:104670000078FFF799FF10BD210D002050E0F8F7FA
:104680006FFD2848006801F045FA2648006801F0EF
:10469000CDFEFAF7A9FAF3F745FF23480078401C4E
:1046A0002149087008460078322803DD0020087090
:1046B000F0F7B2F8FFF7DAFF1C480078FA280FDAB3
:1046C0001B480078FA280BDA18480078401C174974
:1046D000087017480078401C1549087011F07AFEE0
:1046E00014480078052804DD00201249087000F005
:1046F000C7F811480078052802DD01200F4908702D
:104700000F4800780A2808DD00200D4908700D4880
:1047100000F0C1FE0B4800F03BFE282013F09CFA8D
:10472000ADE70000A4040020D20E00205D030020AD
:104730005E0300207C0300207D0300206403002032
:104740007E0300201C10002010B504464748407826
:10475000652802D16420454948704448407843495F
:104760008978884202DD0120404948703F484078FE
:1047700018B93E4880783D4948703C48407880B33D
:104780003A484078401E3A49096831F81000C0F3B1
:1047900085103849087035484078401E344909680A
:1047A00011F8100000F01F00324948702F4840787F
:1047B000401E2F49096831F81000000B2D49887000
:1047C000084640780F2807D0084640780E2809D1BF
:1047D00008468078072805D1012027490968087014
:1047E0000AE004E0002024490968087004E0002081
:1047F0002049087048708870207E617E0844C0EBB4
:10480000C000616801EB400080681B49096888426C
:104810002AD11A480078012826D1184800780128A2
:1048200022D100201549087013480068007801283B
:104830001AD100201049096808700E4800780F2826
:1048400005D10C4948780F21F3F7BCF90CE0094871
:1048500000780E2808D107488078072804D1054938
:1048600048780E21F3F7AEF910BD0000E90C0020E6
:10487000F4020020E60C0020B8050020D804002037
:10488000012080F3138800BF00BFBFF34F8F07489C
:10489000006800F4E06006490843001D0349086011
:1048A000BFF34F8F00BF00BFFEE700000CED00E03C
:1048B0000000FA051FB54FF0804012F057FE4FF48C
:1048C000E06012F09DFC684612F047FF4FF4E150A3
:1048D000ADF800000020ADF80200ADF8040009209A
:1048E00002900020ADF80C0069464FF0804012F0B5
:1048F000B1FE0121880712F021FF002203211C20B4
:1049000012F06EF80121880712F014FF4FF080407A
:1049100012F09AFE1FBD000088B021A2D2E900105B
:104920009268CDE90602059139E0204920480068E7
:1049300010F090F81F492048006810F075F9002425
:10494000F2F794FC1D49087008460078222814DC10
:1049500001A91A480078F6F72DFA0446002C12DD5A
:10496000224601A91448006810F02EFA224601A937
:104970001148006810F048FA05E0082210490E4876
:10498000006810F041FA0F490F48006810F04CF928
:10499000F3F74CFD4FF4967013F05EF900BFC4E7D7
:1049A000313233343536373839000000CD700008E5
:1049B0000800002069CA00080C000020EC0E00204E
:1049C000E40E0020F5DE00081000002030B502469D
:1049D0000B464FF6FF7010E012F8014B60400021CB
:1049E00009E000F0010424B140104AF201046040E3
:1049F00000E04010491C0829F3DB1C00A3F101036F
:104A0000EAD130BD70B504469A4800780C2802DD22
:104A100001209849087097480078012802DA0C2094
:104A200094490870944800688078052803DD0120C7
:104A300091490968887001268E480078401E06FA60
:104A400000F08E490988084018B90020894948704B
:104A500002E00120874948708948007801287DD10B
:104A600085480068417883480078401E854A32F8BE
:104A7000100061F3C8107F490978491E22F811001F
:104A80007C48407800286AD17B48006800787E49DD
:104A9000085CFF2804D07848006800780B2807DD00
:104AA0000C2075490968087000207549087070BDB0
:104AB00070490978491E734A32F81110C1F3422037
:104AC000C11700EB5171C910A0EBC1020121914047
:104AD000684A1278521E6B4B13F8122002F07F02C4
:104AE000694B9A5C22EA0101624A1278521E654BB8
:104AF00013F8122002F07F02634B99545E4800685D
:104B000001785C480078401E5E4A32F8100061F37C
:104B1000060058490978491E22F8110000250BE0CB
:104B20000120A840544909680978574A515C084057
:104B300000B903E0681CC5B2082DF1DB00BF4D4889
:104B40000078401E4F4931F8100065F34B20494969
:104B50000978491E4B4A22F8110001E04DE049E076
:104B600045480068C17843480078401E32F810007C
:104B700061F30F303F490978491E22F811003D4981
:104B80000978491E32F81110C1F34220C11700EB19
:104B90005171C910A0EBC10201219140354A127830
:104BA000521E384B13F8122002F07F02364B9A5CEB
:104BB0001143CAB22F490978491E324B13F811101C
:104BC00001F07F01304B5A542A480078401E2D4A8C
:104BD00002EB40012D48006802F09EFC2548007859
:104BE000401E284931F81000C0F3422022490968CC
:104BF000887000BF002022490870207E617E084432
:104C0000C0EBC000616801EB400080681949884230
:104C100002D0207C03282AD016480078401E19496B
:104C200011F8100000F07F0013490968087011485E
:104C30000078401E134931F81000C0F3C1100E492E
:104C4000096848700B480078401E0E4931F8100082
:104C5000C0F3422008490968887006480078401E61
:104C6000084931F81000000B03490968C87000BFFB
:104C70001DE70000CA050020B8050020C40C002074
:104C8000D8040020F8000020CC220020A40400203A
:104C900010B504462E480068007818B901202C4948
:104CA000096808702A4800680078092803DD09208F
:104CB000274909680870207E617E0844C0EBC00067
:104CC000616801EB4000816821480068401C814216
:104CD00022D12048007801281ED11D480068417863
:104CE0001B4800680078401E1B4A32F8100061F330
:104CF0000F30174909680978491E22F81100144835
:104D000000680078401E02EB40011448006802F081
:104D100003FC00200F490870207E617E0844C0EB30
:104D2000C000616801EB4000406809490968884299
:104D300002D0207C03280AD0054800680078401E75
:104D4000054931F81000000B01490968487010BD91
:104D5000B8050020D8040020F8000020A40400209A
:104D600000210162C161704770B542F21071418249
:104D7000002101744174C161016281820C4909887A
:104D80004FF46162A1FB0221C0E9002142F21074DC
:104D90000021D0E90023A2FB045603FB046302FBBD
:104DA0000131C0E9025100218161818470BD0000A0
:104DB000B00000202DE9F05F044691461D46607C5E
:104DC000012816D100206074414800884FF46161C9
:104DD000A0FB0110C4E9001042F210730021D4E9D5
:104DE0000002A0FB037C02FB03C200FB0120C4E91C
:104DF0000270A069A84204D8208B281AA084A5615B
:104E000006E0A069C0F1FF302844401CA084A561E1
:104E1000B4F9141001EB090000EBD0714910A28C19
:104E20005143CA17D4E90237C9187A41C4E90212BA
:104E300000221146D4E902309A1A884102DA002190
:104E4000A160E16042F210720023D4E90271384699
:104E5000EDF789FAD4E90032181A8A410CDA42F2E5
:104E600010700022D4E90031A3FB007C01FB00C0DC
:104E700003FB0200C4E90270D4E900733A46D4E9A6
:104E800002A15046EDF76FFA80B26082B9F1000FCF
:104E900001DD032600E00126012E04D1A18C206A49
:104EA000084420620EE0032E0CD1207C012809D199
:104EB0000849206A884203D3D4E907010844E06125
:104EC00000202062A4F814902674BDE8F09F000032
:104ED000B0000020E093040000B5024601205074A9
:104EE0001046FFF73DFF00BD7047704770B505469F
:104EF000082600248021134811F07EFA16E060068F
:104F0000040E40210F4811F075FA284600F090F881
:104F100040210C4811F070FA284600F089F88021F1
:104F2000084811F0C6FA08B144F001043000A6F1B7
:104F30000101CEB2E3D14021024811F05BFA2046D4
:104F400070BD0000000C014010B5044640210E4821
:104F500011F050FA204600F06BF880210A4811F059
:104F600049FA204600F064F84021074811F044FA5D
:104F7000204600F05DF88021034811F03DFA2046FC
:104F800000F056F810BD0000000C014010B50446BA
:104F900040210E4811F02EFA204600F049F88021F9
:104FA0000A4811F029FA204600F042F8402107484B
:104FB00011F022FA204600F03BF84021034811F09E
:104FC00019FA204600F034F810BD0000000C014032
:104FD00010B504468021154811F00EFA204600F065
:104FE00027F84021114811F007FA204600F020F878
:104FF00080210E4811F05DFA08B9002010BD802113
:105000000A4811F0F7F9204600F012F8802107480D
:1050100011F04FFA08B10020F0E78021034811F0A9
:10502000E9F9204600F004F80120E7E7000C014010
:10503000018801E04A1E91B20029FBD170470000AF
:1050400010B504464021124811F0D4F92046FFF76C
:10505000EFFF80210E4811F0CFF92046FFF7E8FF5F
:1050600040210B4811F0C8F92046FFF7E1FF8021ED
:10507000074811F01EFA28B14021054811F0BAF98D
:10508000002010BD4021024811F0B4F90120F8E7DA
:10509000000C014070B505460C4608261EE0402174
:1050A000134811F0A7F92846FFF7C2FF04F080006B
:1050B00020B180210E4811F09FF903E080210C48B7
:1050C00011F098F96006040E2846FFF7B1FF402161
:1050D000074811F091F92846FFF7AAFF3000A6F122
:1050E0000101CEB2DBD14021014811F083F970BD3E
:1050F000000C014010B50446F4F7C4FA204610BD78
:105100002DE9F04F87B081460024ADE05B4931F8CE
:10511000140014F043F85A4901EB0411C860594ACD
:1051200002EB04121168584AD06814F07FF8554A0F
:1051300002EB041206905168534A906814F076F816
:10514000504A02EB0412059091684F4A506814F0DF
:105150006DF84B4A02EB0412049011684B4AD06878
:1051600014F064F8464A02EB041203905168474A6F
:10517000906814F05BF88346414A02EB0412916890
:10518000424A506814F052F83D4A02EB0412029071
:10519000D1683E4A106814F049F80190029913F062
:1051A00045FE8246594613F041FE8046039913F0AE
:1051B0003DFE0746049914F041F90646059914F09E
:1051C0003DF90546069914F039F92E4901EB041111
:1051D000C8602B4800EB04104068294901EB04111A
:1051E0000860274800EB04108068254901EB041192
:1051F0004860234800EB0410C068214901EB04110A
:105200008860204800EB041040681E4901EB04113F
:1052100008601C4800EB041080681A4901EB041177
:105220004860184800EB0410C068164901EB0411EF
:105230008860144901EB0411C868002114F0C2F819
:1052400010D2104901EB0411C86813F0C3FD0746E2
:105250000F4A104B13F03CF9054613F0FDFA0E49C6
:1052600021F81400601CC4B2072CFFF64FAF48466B
:1052700000F014F807B0BDE8F08F00002014002003
:105280006C140020DC1400204000002030000020BE
:10529000A4703D0AD7A3F23F5C14002010B5044669
:1052A0000121024810F0B6F910BD000000240140B1
:1052B00070B504460E46154610F016F929463046DC
:1052C00010F086FD10F042F8666025810020207005
:1052D000204670BDF0B584460A460D48036816782E
:1052E000521C177800210CE013F8114033F811001C
:1052F0000512A64203D1AF4201D108B2F0BD481C4D
:1053000081B2044800888142EEDB4FF0FF30F5E7C0
:10531000280000201C00002070B50646002417E07D
:1053200004F1B001C8B2EEF773FE0220EEF770FE92
:105330001020EEF76DFE002506E006EBC501085DC6
:10534000EEF786FE681CC5B2802DF6DB601CC4B289
:10535000082CE5DB70BD2DE9F04F81460E4617465F
:105360009846DDE909AB34460DE03D4607E05B4673
:105370002A462146484600F01FF9681CC5B255452B
:10538000F5DD601CC4B24445EFDDBDE8F08F0000E0
:1053900010B5044610212D4811F02CF80A212046A2
:1053A00000F069F81021294811F026F80A2120465A
:1053B00000F061F8AE20EEF72BFE4020EEF728FE5D
:1053C0008120EEF725FE8020EEF722FEA020EEF7EA
:1053D0001FFEA420EEF71CFEA620EEF719FEA82063
:1053E000EEF716FE3F20EEF713FEC020EEF710FE9C
:1053F000AD20EEF70DFE8A20EEF70AFED320EEF781
:1054000007FE0020EEF704FED520EEF701FE802017
:10541000EEF7FEFDD920EEF7FBFD1F20EEF7F8FDBD
:10542000DA20EEF7F5FD1220EEF7F2FDDB20EEF7C5
:10543000EFFD4020EEF7ECFDAF20EEF7E9FD204652
:1054400000F006F82046FFF767FF10BD0008014096
:1054500010B5024600200BE0002105E0002302EB1E
:10546000C10423544B1CD9B28029F7DB431CD8B2AA
:105470000828F1DB10BD10B502460B46002007E0FE
:10548000002101E04C1CE1B2C829FBDB441CE0B266
:105490003228F5DB10BD10B5044611F07BFF11F08A
:1054A0004BFF10BD2DE9FF4F81B00D4690461E46C3
:1054B000DDF83CA00095C346A6F12000C6B25E2EE2
:1054C00002DD05B0BDE8F08F00242FE0D846394852
:1054D0000068092101FB060010F8049000271FE076
:1054E00009F0800060B1BAF1000F01D1012000E0A5
:1054F0000020034642462946019800F05DF805E089
:10550000534642462946019800F056F84FEA496052
:105510004FEA106908F1010000F0FF08781CC7B2DB
:10552000082FDDDB681CC5B2601CC4B2062CCDDBC5
:10553000009D3AE00BF1080000F0FF081D480068EC
:10554000092101FB060010F80490002727E009F06C
:10555000800060B1BAF1000F01D1012000E000200D
:10556000034642462946019800F026F805E05346D6
:1055700042462946019800F01FF84FEA49604FEA79
:10558000106908F1010000F0FF08781CC7B2042F71
:1055900005D10BF1080000F0FF08681CC5B2082F08
:1055A000D5DB681CC5B2601CC4B2092CC2DB00BFCD
:1055B00087E7000020000020F0B51D4600277F2966
:1055C00001DC3F2A00DDF0BD14464FEAE27C02EB2D
:1055D0005C7C4FEAEC0CCCF1070C0CF0FF034FEABB
:1055E000E27C02EB5C7C4FEAEC0CA2EBCC0C0CF006
:1055F000FF06C6F1070C012404FA0CF4E7B265B10A
:10560000C1F17F0400EBC404E45C3C43C1F17F0CB6
:1056100000EBCC0C0CF803400BE0C1F17F0400EB75
:10562000C404E45CBC43C1F17F0C00EBCC0C0CF86F
:10563000034000BFC7E700002DE9FF4F81B00D46D2
:1056400017469846DDF838A00095BB464FF6FF7028
:10565000804502D105B0BDE8F08F00242DE05F4603
:1056600035480068122101FB080010F8049000265C
:105670001DE009F0800060B1BAF1000F01D10120F6
:1056800000E0002003463A4629460198FFF794FFC0
:1056900005E053463A4629460198FFF78DFF4FEA49
:1056A00049604FEA1069781CC7B2701CC6B2082E58
:1056B000DFDB681CC5B2601CC4B20C2CCFDB009DC4
:1056C00036E00BF10800C7B21B480068122101FB4D
:1056D000080010F80490002624E009F0800060B172
:1056E000BAF1000F01D1012000E0002003463A4644
:1056F00029460198FFF760FF05E053463A462946E0
:105700000198FFF759FF4FEA49604FEA1069781C8A
:10571000C7B2701CC6B2042E04D10BF10800C7B288
:10572000681CC5B2082ED8DB681CC5B2601CC4B2A8
:10573000122CC6DB00BF8DE7240000201CB50446F8
:1057400000203F217F230246CDE90010014620467C
:10575000FFF701FE1CBD10B5044611F01BFE11F051
:10576000EBFD204610BD000070B505460C46054A0D
:1057700002EBC4025168034A52F8340010F099FE5B
:1057800070BD00008003002070B506460C4615462B
:105790004DB90A4A02EBC4025168084A52F8340073
:1057A00010F028FE08E0054A02EBC4025168034AE3
:1057B00052F8340010F020FE70BD000000040020FC
:1057C00070B504460D46207800F00F00012810DA6D
:1057D0000C212046FFF7C8FF30B92078401C217803
:1057E00060F30301217010E0207820F00F0020709A
:1057F0000BE00C212046FFF7B7FF012805D103205D
:105800002071207820F00F002070607800F00F00E9
:10581000012810DA0D212046FFF7A6FF30B9607885
:10582000401C617860F3030161702FE0607820F024
:105830000F0060702AE00D212046FFF795FF012838
:105840000CD102202071607820F00F006070607829
:1058500020F0F000607000204C4908706078012151
:1058600001EB1010617860F30711617060780A2114
:10587000B1EB101F0AD102202071607820F0F000F7
:10588000607042480078401C40490870A07800F0E1
:105890000F00012810DA0E212046FFF765FF30B90E
:1058A000A078401CA17860F30301A1702EE0A078DD
:1058B00020F00F00A07029E00E212046FFF754FFD2
:1058C00001280BD12071A07820F00F00A070A078E3
:1058D00020F0F000A07000202D490870A078012170
:1058E00001EB1010A17860F30711A170A0780A21D4
:1058F000B1EB101F0AD101202071A07820F0F00038
:10590000A07023480078401C21490870E07800F01E
:105910000F00012810DA0F212046FFF725FF30B9CC
:10592000E078401CE17860F30301E1702DE0E0785D
:1059300020F00F00E07028E00F212046FFF714FF51
:1059400001280CD104202071E07820F00F00E070D5
:10595000E07820F0F000E07000200E490870E07858
:10596000012101EB1010E17860F30711E170E0789C
:105970000A21B1EB101F08D1E07820F0F000E070B0
:1059800004480078401C0349087070BD7E03002065
:105990007D0300207C03002070B506460C460B4AB0
:1059A00002EBC4025168094A52F8340010F081FD3C
:1059B000C0F10100C5B2054A02EBC4025168034AB6
:1059C00052F834002A4610F019FD70BD0004002082
:1059D00070B5044640F2036011F012FC40F204601E
:1059E00011F00EFC40F2056011F00AFC40F2066076
:1059F00011F006FC01220E212046FFF7C5FE002211
:105A000009212046FFF7C0FE00220A212046FFF7A9
:105A1000BBFE00220B212046FFF7B6FE01220C211F
:105A20002046FFF7B1FE00250CE0194901EBC50146
:105A30004B68174951F835000322482110F0E3FC68
:105A4000681CC5B2102DF0DB00250CE0114901EBFC
:105A5000C5014B680F4951F835000322102110F0A1
:105A6000D2FC681CC5B20F2DF0DB0020207100BFF6
:105A700009E0215C21F00F012154215C21F0F001AB
:105A80002154411CC8B20428F3DB204670BD00003D
:105A90008003002000040020F8B507460C46154698
:105AA0001E460020009002236A462146384601F037
:105AB0001FFDA01C81B233462A46384601F018FD6E
:105AC0006A4631462846EEF715FB401C08BB00200D
:105AD000009004F5205081B202236A46384601F056
:105AE00007FD04F52050801C81B233462A46384613
:105AF00001F0FEFC6A4631462846EEF7FBFA401CF0
:105B000038B9002003E0FF212954411CC8B2B0423B
:105B1000F9DBF8BD10B50446207C00F0010030B17F
:105B20000122092104F11400FFF72EFE05E00022F6
:105B3000092104F11400FFF727FE207CC0F3400088
:105B400030B101220A2104F11400FFF71DFE05E027
:105B500000220A2104F11400FFF716FE207CC0F396
:105B6000800030B101220B2104F11400FFF70CFE7C
:105B700005E000220B2104F11400FFF705FE207C54
:105B8000C0F3401030B10122062104F11400FFF7E8
:105B9000FBFD05E00022062104F11400FFF7F4FDEF
:105BA000207CC0F3801030B10122072104F11400E1
:105BB000FFF7EAFD05E00022072104F11400FFF7DA
:105BC000E3FD207CC00930B10122082104F114005A
:105BD000FFF7DAFD05E00022082104F11400FFF7C9
:105BE000D3FD607C00F0010030B10122002104F1FE
:105BF0001400FFF7C9FD05E00022114604F114006E
:105C0000FFF7C2FD607CC0F3400030B101221146B5
:105C100004F11400FFF7B8FD05E00022012104F1B2
:105C20001400FFF7B1FD607CC0F3800030B10122A9
:105C3000022104F11400FFF7A7FD05E00022022174
:105C400004F11400FFF7A0FD607CC0F3C00030B188
:105C50000122032104F11400FFF796FD05E0002264
:105C6000032104F11400FFF78FFD607CC0F30010E6
:105C700030B10122042104F11400FFF785FD05E095
:105C80000022042104F11400FFF77EFD607CC0F3C4
:105C9000401030B10122052104F11400FFF774FD1A
:105CA00005E00022052104F11400FFF76DFD00213D
:105CB00004F11400FFF758FD012805D1A07C20F065
:105CC0000100401CA07403E0A07C20F00100A0743F
:105CD000012104F11400FFF747FD012805D1A07C44
:105CE00020F00200801CA07403E0A07C20F00200E1
:105CF000A074022104F11400FFF736FD012805D13C
:105D0000A07C20F00400001DA07403E0A07C20F023
:105D10000400A074032104F11400FFF725FD0128FD
:105D200005D1A07C20F008000830A07403E0A07C1E
:105D300020F00800A074042104F11400FFF714FD02
:105D4000012805D1A07C20F010001030A07403E0E1
:105D5000A07C20F01000A074052104F11400FFF7CE
:105D600003FD012805D1A07C20F020002030A07484
:105D700003E0A07C20F02000A074062104F11400B0
:105D8000FFF7F2FC012805D1A07C20F04000403054
:105D9000A07403E0A07C20F04000A074072104F16F
:105DA0001400FFF7E1FC012805D1A07C20F0800061
:105DB0008030A07403E0A07C20F08000A074082153
:105DC00004F11400FFF7D0FC012805D1E07C20F09D
:105DD0000100401CE07403E0E07C20F00101E1746C
:105DE000092104F11400FFF7BFFC012805D1E07C74
:105DF00020F00200801CE07403E0E07C20F002014F
:105E0000E1740A2104F11400FFF7AEFC012805D16A
:105E1000E07C20F00400001DE07403E0E07C20F052
:105E20000401E1740B2104F11400FFF79DFC01282B
:105E300005D1E07C20F008000830E07403E0E07C4D
:105E400020F00801E174002104F11400FFF7B8FC10
:105E500010BDF8B507460C4615461E4600200090BA
:105E60006A4631462846EEF745F902236A4621463E
:105E7000384601F0DBFBA01C81B233462A46384687
:105E800001F0D4FB04F5205081B202236A46384663
:105E900001F0CCFB04F52050801C81B233462A4629
:105EA000384601F0C3FBF8BDF8B507460C46154669
:105EB0000D48008800900C4EB61C6A4629463046B4
:105EC000EEF718F910B14FF0FF30F8BD002003E0F5
:105ED000315C2154411CC8B2A842F9DB6A4629460C
:105EE0002046EEF707F9F0E700F807082DE9FC4730
:105EF00081460D4617461E46DDF828803C460020A8
:105F00000090B8F1010F1CD1022301AA294648468E
:105F100000F0DAFFBDF804004AF2A551884208D02B
:105F200008460190022301AA2946484601F012FBC7
:105F300026E0A81C81B202236A46484600F0C4FF4E
:105F40001EE0B8F1020F1BD1022301AA29464846E0
:105F500001F0CEFABDF804004AF2A551884208D0FB
:105F600008460190022301AA2946484601F05EFB3B
:105F700006E0A81C81B202236A46484601F0B8FA3E
:105F800060680088B0420CDABDF80000401C61680F
:105F9000088060680088B04203D14846616801F01B
:105FA000BBFABDF80000401C21680880BDF8000065
:105FB000BDE8FC872DE9F04107460C4615460B4E1F
:105FC000A01B1FFA80F8B44201D2BDE8F081084856
:105FD000844200D9F9E742F20400404481B22B46E2
:105FE0002246384601F022FB00BFEEE7A0780020F1
:105FF000337D00202DE9F04F87B004468946B9F182
:10600000000F33D1CC48008840F6E4414843000BF0
:1060100000B2A083B4F91C0000EB8000C7490968F6
:106020000988A0EB010AC5490968488812F058FCA4
:1060300007468846504612F03CFC0022C04BCDE992
:10604000020112F09DFC3A464346CDE9040112F0EC
:1060500097FC054612F0D0FB82460A209AFBF0F02E
:1060600001B204F11C0020F8191061E1B9F1010F2F
:1060700033D1B148408840F6E4414843000B01B2B7
:10608000E183B4F91E0000EB8000AC4909688988FF
:10609000A0EB010AA9490968C88812F021FC05464D
:1060A0000E46504612F005FC0022A54BCDE9020138
:1060B00012F066FC07462A46334612F061FCCDE931
:1060C000040112F099FB82460A209AFBF0F001B21B
:1060D00004F11C0020F819102AE1B9F1020F43D194
:1060E00096480068408A88B194490968488A13F044
:1060F00055F8054691490968B1F9100013F036F8D2
:106100000646294612F000FF8E4908608B4909684F
:10611000488A13F043F807468A480168384613F066
:1061200085F8054685490968B1F9100013F01EF895
:106130000646294613F082F9834908607E4988881B
:1061400013F02CF807467F480168384613F06EF8C4
:1061500006467D480168304612F068FE054612F09A
:10616000C9FF01B26184E3E0B9F1030F7ED1724946
:10617000C88813F013F80646744913F057F805461B
:106180004FF08B4112F0C0FE82466B48C0887049C8
:1061900008807049504613F049F8054612F0C6FFD2
:1061A0006D4908800846008840F63451081A4FF4BB
:1061B0007A7148432F2190FBF1F0684908805046DE
:1061C00012F008FE0546664A664B12F00DFD0746C2
:1061D0008846504612F0FEFD0546634A634B12F0B6
:1061E000CFFB3A464346CDE9000112F071F9CDE903
:1061F000020110F0AFF9CDE9040112F07BF88246FC
:1062000051465B4813F012F805465A4912F07CFEDD
:1062100082464FF07E51504612F008FE05905046DF
:1062200012F0D8FD4FF06632534BCDE9020112F067
:10623000A7FB07460022514B12F0D6FC054612F090
:1062400059F88346059912F05FFE82464C49504644
:1062500013F0B8F80DD24B49504612F0E7FF05464F
:1062600012F048FF00B24849096800E007E0C8841E
:1062700004E040F6C41044490968C88458E0B9F104
:10628000040F25D12D490968488912F029FB0546DC
:106290000E4629490989294A12681289881A12F07A
:1062A00008FB3A4A3A4BCDE9020112F069FB2A4653
:1062B0003346CDE9040112F063FB0746354A364BFD
:1062C00012F006F9824612F097FA01B221842FE00B
:1062D000B9F1050F25D119490968C88912F000FBE9
:1062E00005460E4614494989144A12689289881A4B
:1062F00012F0DFFA8246254A254B12F041FB074691
:106300002A46334612F03CFB224A234BCDE90201D8
:1063100012F0DEF8CDE9040112F06EFA01B2A184A8
:1063200006E0B9F1060F03D10348808901B2E18488
:1063300007B0BDE8F08F00005C140020940400203A
:1063400000000440B0040020AC040020EC51584090
:10635000A004002000007A449C0400209E04002039
:106360000AD7A3703D0A0B4014AE47E17A14DE3F12
:106370003313954300E076456612714000003940C2
:106380000000F0C10000C842CC020020151DC9E584
:106390003F24544069006F8104355A402DE9F84F7D
:1063A00082460E461546002000901F4807886A4620
:1063B00029463046EDF79EFEBDF80000B84207D1F1
:1063C0004FF6FF70874203D06FF00100BDE8F88FF1
:1063D0000FF04AFF14480FF0D1FEBDF8001012482C
:1063E0000FF056FEB046002409E038F814100E4AAB
:1063F000921C02EB44000FF04BFE601CC4B205EB94
:10640000D571B4EB610FF0DB0FF0A2FEDFF818904E
:1064100009F102090448008800906A462946484666
:10642000EDF768FED2E7000000F8070870B586B007
:106430000446BF480078012866D100260020BC49E8
:106440000870BC4AD2E900109268CDE903020291BB
:1064500001200A2302AA47F204610090B6480068AE
:10646000FFF744FD0590BDF814000A2190FBF1F2FE
:1064700001FB1200C0EBC00047F2086101EB4000D5
:1064800085B20623AD4A2946204601F063F8BDF8DF
:1064900014000A2190FBF1F201FB1200C0EBC000D6
:1064A00047F20E6101EB400085B20623A44A29465B
:1064B000204601F04FF8BDF814000A2190FBF1F2DC
:1064C00001FB1200C0EBC00047F2146101EB400079
:1064D00085B202239B48026808322946204601F013
:1064E00039F8BDF81400401C80B20590BDF81400C6
:1064F0000A2801DB00200590022305AA47F2066165
:10650000204601F027F800BF8F480068C0F34440E0
:106510008E49097888427DD18B480088C0F3851068
:10652000352808D188480068C0F30430172802D104
:1065300001208749087084480088C0F385103628F8
:1065400070D181480068C0F3043017286AD18048B0
:106550000078012866D100207D490870754A0C3208
:1065600007CA02AB07C30120302302AA46F2DC515E
:10657000009071480068FFF7B9FC0590BDF8140061
:10658000302190FBF1F201FB12002B21484346F22F
:10659000E05101EB400085B206236B4A29462046B4
:1065A00000F0D8FFBDF81400302190FBF1F201FBA0
:1065B00012002B21484346F2E05101EB4000801DC0
:1065C00085B2644820232946026A204600F0C2FFB3
:1065D000BDF81400302190FBF1F201FB12002B21D9
:1065E000484346F2E05101EB4000263085B23023AB
:1065F000594A2946204600F0ADFFBDF81400401C62
:1066000080B20590BDF81400302801DB0020059011
:10661000022300E006E005AA46F2DE51204600F023
:1066200099FF00BF48480088C0F385103A2808D178
:1066300045480068C0F30430172802D101204449BE
:10664000087041480088C0F385103B286DD13E4852
:106650000068C0F30430172867D13D48007801284E
:1066600063D100203A4908700026324A1832D2E934
:1066700000109268CDE90302029102205A2302AA77
:10668000002100902C480068FFF730FC0590BDF811
:1066900014005A2190FBF1F201FB12002B21484318
:1066A000042101EB400085B20623274A29462046F3
:1066B00000F0BCFFBDF814005A2190FBF1F201FB81
:1066C00012002B214843042101EB4000801D85B2BC
:1066D000204820232946026A204600F0A7FFBDF883
:1066E00014005A2190FBF1F201FB12002B214843C8
:1066F000042101EB4000263085B23023164A29469A
:10670000204600F093FFBDF81400401C80B20590B5
:10671000BDF814005A2801DB00200590022305AAC9
:106720001946204600F082FF00BF06B070BD000091
:10673000FF02002000970208A40400206803002044
:106740007003002068000020840400206C020020F8
:10675000A8040020AC1500205C7D00202DE9F0414C
:1067600080460C4615462F460E48854203D16000F0
:106770001730C6B205E00C48854202D160002130D6
:10678000C6B2600037F8101030460EF09BFF620072
:10679000521C37F81210721CD0B20EF093FFBDE8F5
:1067A000F08100005C7D0020747D00202DE9F04127
:1067B00080460C4615462F460E48854203D16000A0
:1067C0001730C6B205E00C48854202D16000213086
:1067D000C6B230460EF05AFF610027F81100711C56
:1067E000C8B20EF053FF6100491C27F81100BDE844
:1067F000F08100005C7D0020747D002010B504460F
:10680000482222492046FFF74FFB00283CD042F2A5
:1068100010701F490968088000201D4909684880D8
:1068200042F210701A4909688880002018490968E6
:10683000C88041F2E64016490968088240F658507F
:1068400013490968488240F62610114909680881F1
:1068500000200F490968488140F649100C49096831
:10686000888100200A490968C88101200749887584
:106870000020C87508764876012088760020C87602
:1068800048222046FFF78AFD10BD00008C21002021
:106890009404002010B50122038A02FA01F4A343F4
:1068A000038210BD10B50122038A02FA01F42343CA
:1068B000038210BD2DE9F0410446002605E0314673
:1068C0002046FFF797FB701CC6B2072EF7DBF74890
:1068D0000078002801DDBDE8F081B4F92000F4491A
:1068E0000968498901EB810188420BDAB4F920007B
:1068F000EF490968498901EB81014942884201DD7C
:1069000000212184B4F92400E9490968C98901EB0F
:10691000810188420BDAB4F92400E5490968C98984
:1069200001EB81014942884201DD0021A184B4F9D3
:106930001C00DF490968498801EB810188420BDAB4
:10694000B4F91C00DA490968498801EB8101494220
:10695000884201DD0020A083B4F91E00D4490968F3
:10696000C98801EB810188420BDAB4F91E00D049D5
:106970000968C98801EB81014942884201DD002193
:10698000E183A08BCB4909688880E08BC9490968FD
:10699000C881208CC7490968C880A08CC54909688E
:1069A0000881B4F92600A0F275301B2190FBF1F0AC
:1069B000143000B2BF490968088500250021BE488F
:1069C00000680CF029FC0746002004E037F910109D
:1069D0000D44411CC8B2B94989788142F6DCB748F8
:1069E000407895FBF0F5608CB24909680880B4F9ED
:1069F000220041F2446188420DDDB4F92200401BBF
:106A0000642817DD41F26800854213DD28B2A949E8
:106A1000096808800EE0B4F9220041F25C21884246
:106A200008DAB4F92200281A642803DD28B2A14943
:106A300009680880A2480078002875D19D49096836
:106A4000A1F82B009B480068B0F82B10208C08445C
:106A500000B298490968A1F82B0096480068B0F880
:106A60002B10A08C084400B292490968A1F82B00B1
:106A7000B4F91C00002819DD92490989924A12884C
:106A800012B251430A2291FBF2F188B2002809DDCB
:106A9000B4F91C106422514391FBF0F109B28B4A06
:106AA000118002E00021894A118002E0002087491C
:106AB0000880B4F91E00002819DD82494989824AFC
:106AC000128812B251430A2291FBF2F188B20028D7
:106AD00009DDB4F91E106422514391FBF0F109B2B3
:106AE0007A4A518002E00021784A518002E0002079
:106AF00076494880B4F9200000281ADD7149898858
:106B0000714A128812B251430A2291FBF2F188B203
:106B100000280ADDB4F920106422514391FBF0F102
:106B200009B26A4A918003E0B5E00021674A91808A
:106B300002E0002065498880B4F92400002819DDAE
:106B40006049C988604A128812B251430A2291FBF7
:106B5000F2F188B2002809DDB4F92410642251430F
:106B600091FBF0F109B2594AD18002E00021574A65
:106B7000D18002E000205549C880002034E000EBBD
:106B80004001C1EB4011524A02EB8101898B00297F
:106B900023DD00EB4001C1EB401102EB8101B1F9B3
:106BA0000610002919DD00EB4001C1EB401102EB9A
:106BB0008101B1F906106422514300EB4002C2EB9F
:106BC0004012434B03EB8202928B91FBF2F10AB22B
:106BD000011D3E4B23F8112004E00022011D3B4B18
:106BE00023F81120411CC8B20428C8DB3948007DB5
:106BF000012817D133490988334A128812B2514308
:106C00000A2291FBF2F188B200280ADD29490968BD
:106C1000B1F91C106422514391FBF0F109B22B4AE7
:106C2000118202E00020294908822A48407D01287B
:106C300017D124494988244A128812B251430A22A2
:106C400091FBF2F188B200280ADD1A490968B1F90E
:106C50001E106422514391FBF0F109B21B4A51828C
:106C600002E000201949488200201B49088000BF2B
:106C70000EE0164931F91010174AB2F9002091427E
:106C800004DD124931F81010134A1180411CC8B2BA
:106C90000A28EEDBB8E00A48007800287EDD0020F4
:106CA000044A1268A2F82B0000BF2BE0C9020020A2
:106CB00094040020CC020020D0020020680C0020A8
:106CC0008A0E0020D0010020AE000020FC21002010
:106CD000EC1500208C210020980400206B4A52F80B
:106CE00020206AB16A4A1268B2F82B20674B53F829
:106CF00020301B881A4412B2654B1B68A3F82B2066
:106D0000421CD0B20628E9DB61480068B0F82B00CD
:106D1000604A1288104400B25D4A1268A2F82B0043
:106D2000002024E05C4A32F810205C4B1B881BB228
:106D30005A430A2392FBF3F291B2002911DD534A20
:106D400052F820206AB1514A52F82020128812B21B
:106D500064235A4392FBF1F212B2514B23F81020F4
:106D600003E000224E4B23F81020421CD0B206282C
:106D7000D8DB00202FE000EB4002C2EB4012494B71
:106D800003EB8202928B002A1DDD00EB4002C2EB76
:106D9000401203EB8202B2F9062000E034E06423E3
:106DA0005A4300EB4003C3EB4013DFF8F8C00CEB91
:106DB00083039B8B92FBF3F213B2821DDFF8E0C0DA
:106DC0002CF8123005E00023821DDFF8D4C02CF827
:106DD0001230421CD0B20428CDDB0020324A108091
:106DE00000BF0EE02E4A32F910202F4BB3F90030CD
:106DF0009A4204DD2A4A32F810202B4B1A80421C9A
:106E0000D0B20A28EEDB00BF28480078401C274992
:106E100008702748007827490978884234D02548E7
:106E20000078234908700020234908802148007811
:106E3000002812DD00200DE02049095C222907DA34
:106E4000154931F810101C4A128811441A4A118051
:106E5000411CC8B20628EFDB12E01648007878B96A
:106E6000002009E00C4931F81010134A128811442F
:106E7000114A1180411CC8B2114909788842F1DBDE
:106E800010480068FEF728F800BF24E5D41500205C
:106E9000CC020020FC0D0020D0010020AE0000201C
:106EA000FC210020EC150020980400209B04002009
:106EB000A90400208A0E0020B00000209A0E0020B5
:106EC000B0020020240D00202DE9F04107460C46B9
:106ED00015461E4610F066FE33462A4621460348F4
:106EE00000F0DBFB10F06EFEBDE8F08150000020EA
:106EF000FEB50446022302AA4FF4A5712046FFF70F
:106F0000E3FFBDF8080044F64921884224D0A08957
:106F1000E189084483B24FF4A8712046626800F00A
:106F200019FB44F649200290022302AA4FF4A571EE
:106F3000204600F00FFB022304F10C024FF4A6716F
:106F4000204600F007FB022304F10E024FF4A77164
:106F5000204600F0FFFAAEE0022301AA4FF4A6712A
:106F60002046FFF7B1FF02236A464FF4A77120467F
:106F7000FFF7AAFFA089BDF8041088420FD1E0896D
:106F8000BDF8001088420AD1A089E189084483B283
:106F90004FF4A87120466268FFF796FF8BE0E08906
:106FA000BDF80010884202DDBDF8006000E0E6890F
:106FB000A089BDF80410884202DDBDF8045000E04D
:106FC000A58933464FF4A87120466268FFF77CFF1D
:106FD000BDF8000000F5A87081B22B46204622685B
:106FE000FFF772FFE089BDF8001088421FDDE089DD
:106FF000BDF80070C01B83B26068C21907F5A870A5
:1070000081B2204600F0A6FAE08900F5A87081B2AE
:10701000BDF804302046226800F09CFA022304F1F7
:107020000E024FF4A771204600F094FA16E0E089B2
:10703000BDF80010884211DA022304F10E024FF469
:10704000A771204600F086FAE08900F5A87081B2A9
:10705000BDF804302046226800F07CFAA089BDF813
:107060000410884219DDE78960683844BDF804706F
:10707000C219A089C01B83B2E08900F5A87038440A
:1070800081B2204600F066FA022304F10C024FF4AC
:10709000A671204600F05EFA0CE0A089BDF804104D
:1070A000884207DA022304F10C024FF4A67120464D
:1070B00000F050FA00BF00201CE0F84A32F810201F
:1070C000C2F34221CA1701EB5272D210A1EBC203E4
:1070D00001229A40F14B13F8103003F07F03F04D7A
:1070E000EB5C1A43ED4B13F8103003F07F03EA54C6
:1070F000411CC8B20C28E0DB022302AA9902E9482D
:107100000068FFF7E1FEBDF808004AF2A551884289
:1071100020D10223E44A40F60201E2480068FFF76A
:10712000D3FEE2480088B0F5FA6F03DADE48008843
:10713000DE4908800C23DE4A46F2C451D948006873
:10714000FFF7C2FE0C23DB4A46F2D051D548006857
:10715000FFF7BAFE022302AA46F2DC512046FFF7EF
:10716000B3FEBDF808004AF2A55188420ED10123B2
:10717000D14A46F2DE512046FFF7A6FECF480088EE
:10718000302803DACC480088CC490880022302AAC0
:107190000021204600F0ACF9BDF808004AF2A551E4
:1071A00088420DD10123C64A0221204600F0A0F9F1
:1071B000C44800885A2803DAC1480088C1490880B9
:1071C000022302AA47F204612046FFF77DFEBDF8C4
:1071D00008004AF2A55188420ED10123BA4A47F26B
:1071E00006612046FFF770FEB84800880A2803DAD7
:1071F000B5480088B54908800020B5494861B549BF
:10720000486100251DE0B24A29462046FFF7CEFA24
:10721000B04A29462046FFF7C9FA002D0FDDAC48D9
:107220004069AB4951F825100844A9494861A9486B
:107230004069A84951F825100844A6494861681CCE
:10724000C5B2052DDFDB002512E06900491CC8B27C
:107250000EF01CFAA04921F825006900891CC8B26B
:107260000EF014FA9C4901EB85014880681CC5B2F8
:10727000062DEADB0D200EF009FA984908800E2051
:107280000EF004FA9549488011200EF0FFF9944958
:10729000088012200EF0FAF991494880022302AAD0
:1072A0004FF47C412046FFF70FFEBDF808004AF27C
:1072B000A551884207D130238A4A4FF60241204621
:1072C000FFF702FE10E04AF2A5500290022302AA44
:1072D0004FF47C41204600F03DF93023814A4FF6BF
:1072E0000241204600F036F9022302AA1903204683
:1072F00000F0FEF8BDF808004AF2A551884208D116
:107300004FF49363784A42F20401204600F0F0F80B
:10731000BBE0002084E040F26C72C0EBC001724B15
:1073200053F8211062F31F51C0EBC00243F8221042
:10733000C0EBC0011A4652F8211021F4702101F56A
:107340008031C0EBC00243F82210C0EBC0011A46E6
:1073500052F8211021F4784101F50061C0EBC00220
:1073600043F82210C0EBC0011A4652F8211021F454
:10737000F86101F54071C0EBC00243F82210C0EB88
:10738000C0011A4652F8211021F03F01491CC0EB00
:10739000C00243F822100021C0EBC00203EB8202BE
:1073A0009181C0EBC00203EB82021182C0EBC002EC
:1073B00003EB8202D181C0EBC00203EB8202518257
:1073C00041F2F811C0EBC00203EB8202D18041F21E
:1073D0008831C0EBC00203EB82025181B421C0EBC3
:1073E000C00203EB820211810121C0EBC00203EB5A
:1073F000820291754FF47A71C0EBC00203EB8202F6
:1074000091804FF42071C0EBC00203EB82029182A5
:107410000021C0EBC00203EB82021176411CC8B20E
:107420002A28FFF678AF002009E040F2E241C0EBE5
:10743000C0022D4B03EB82029182411CC8B2062888
:10744000F3DB1C2010E040F2E241C0EBC002264B0F
:1074500003EB820291824FF48751C0EBC00203EB31
:107460008202D180411CC8B22228ECDB4AF2A5502E
:107470000290022302AA1903204600F0D7F84FF425
:10748000936219492046FEF795FD0623174A4FF4EB
:1074900020512046FEF700FBFEBD0000F800002052
:1074A000CC220020A4040020E40C0020B401002021
:1074B000D80C0020CC0C0020FA020020B6010020DD
:1074C000FC020020C401002000030020B8010020BD
:1074D0005C7D0020747D0020BC7D0020C80E002053
:1074E000C40E00200A030020A07800209A0E00207D
:1074F0002DE9F04107460C4615461E4610F052FB9A
:1075000033462A462146034800F0C7F810F05AFBDC
:10751000BDE8F081540000202DE9F04105460C46FD
:107520006868A04201D9BDE8F081A868A04200D2F5
:10753000F9E76868A0420BD80227A888201A86B20B
:1075400006F5A87081B23B462246284600F002F8B4
:1075500000BFE8E72DE9F04107460C4615461E46F8
:1075600010F020FB33462A462146034800F0A9F8D4
:1075700010F028FBBDE8F081500000202DE9F04F0D
:1075800085B08A4614460020049024B9204800683B
:10759000807A049005E0012C03D11D480068807BAF
:1075A0000490049811F09CF907461A4A1A4B11F0FE
:1075B000E7F90022194BCDE9000111F0E1F9184A71
:1075C000184BCDE9020110F083FF054610F092FE42
:1075D00081460CB9042402E0012C00D10524504658
:1075E00011F0C4FD8046494611F08EFC06460E4956
:1075F00031F8140011F0D2FD0746314611F01EFF9C
:10760000054611F093FD8346584605B0BDE8F08F5E
:1076100094040020BF1072DEFFC7E93F000059400C
:1076200069006F8104355A405C1400202DE9F04157
:1076300007460C4615461E4610F0B4FA33462A4655
:107640002146034800F03DF810F0BCFABDE8F08197
:107650005400002010B5044604F11400FEF7B8F9F8
:10766000A0F11404002020826082084820600848AD
:1076700060600848A0602088A188401AE0812089C5
:107680002188401AA081204610BD0000640200201D
:10769000A8000020C102002070472DE9F04180467B
:1076A0000D4616461F46002407E0281981B24046C1
:1076B00000F01BF83055601C84B2BC42F5DBBDE81D
:1076C000F0812DE9F04180460D4616461F46002404
:1076D00007E0281982B2315D404600F045F8601C91
:1076E00084B2BC42F5DBBDE8F08170B504460D46BE
:1076F000A01CFDF76DFC08B9002070BD207800F0DB
:10770000FE01A01CFDF7C6FCA01CFDF799FC20B9EA
:10771000A01CFDF719FC0020EFE7290AA01CFDF7CB
:10772000B9FCA01CFDF78CFCE9B2A01CFDF7B2FC73
:10773000A01CFDF785FCA01CFDF74AFC207800F09A
:10774000FE00411CA01CFDF7A5FCA01CFDF778FC69
:10775000A01CFDF7CBFB0646A01CFDF717FCA01CE8
:10776000FDF7F2FB3046C8E72DE9F04104460F462D
:107770001546A01CFDF72CFC10B90020BDE8F081D7
:10778000207800F0FE01A01CFDF784FCA01CFDF792
:1077900057FC20B9A01CFDF7D7FB0020EEE7290A13
:1077A000A01CFDF777FCA01CFDF74AFCE9B2A01C69
:1077B000FDF770FCA01CFDF743FC3946A01CFDF74B
:1077C00069FCA01CFDF73CFCA01CFDF7BDFB0026DE
:1077D00003E0A01CFDF72CFC761C40F2DC50864236
:1077E000F7D30120CAE770B504460E461546A01C23
:1077F000FDF780FC841EA01C058000BF267020467B
:1078000070BD00002DE9F74F88B004460E460025F4
:10781000002060762076FE490880A0680079A16883
:107820008978884202DD0120A1680871A06800798A
:10783000401E85B2F068606101210A980BF0ECFCF3
:10784000079007210A980BF0E7FC81460A210A9865
:107850000BF0E2FC069002210A980BF0DDFC05908B
:1078600008210A980BF0D8FC804609210A980BF0F1
:10787000D3FC824615210A980BF0CEFC0490162109
:107880000A980BF0C9FC03900020216888802168C9
:10789000C88021680881DF4908804880888000BF4F
:1078A00091E0012181406269114000297ED018F8E1
:1078B000001003290DD1079931F810100A2291FB0D
:1078C000F2F122685288114422685180617E491C7D
:1078D000617618F80010022961D1079931F810106B
:1078E0000A2291FBF2F12268128811442268118069
:1078F000217E491C21761AF80010032291FBF2F335
:1079000002FB1311A9B91AF80010002911DD39F88A
:1079100010100A2291FBF2F1226892881144226829
:107920009180BC490A88059931F810101144B94A70
:1079300011801AF80010032291FBF2F302FB1311DD
:10794000012911D139F810100A2291FBF2F12268B5
:10795000D28811442268D180AE494A88059931F80D
:1079600010101144AB4A51801AF80010032291FB09
:10797000F2F302FB1311022911D139F810100A2277
:1079800091FBF2F122681289114422681181A14908
:107990008A88059931F8101011449E4A9180039904
:1079A000095C9B4A12881144994A00E000E011806A
:1079B0000021626811700499095C11B901216268A3
:1079C0001170411CC8B296F82F1081423FF769AF81
:1079D000607E217E08448E49098891FBF0F08E4933
:1079E000087008460078002809DD084600788B49B1
:1079F000098848430A2190FBF1F089490880E06832
:107A0000007800F0010000287DD0E068007800F0E8
:107A1000F000E168087000200290E068007800F053
:107A20001000102805D102200290207EA168487124
:107A30000AE0E068007800F02000202804D103204C
:107A40000290607EA1684871A0680079A1684979B8
:107A5000884202DD0120A168087100200190002504
:107A600010E018F805100298814203D10198401CDB
:107A7000C0B20190A06801790198814200D105E06F
:107A8000681C85B2A0688078A842EADC00BFA068C4
:107A90008078A84201D0019850B996F82E00A168CC
:107AA000487096F82F00A16888700BB0BDE8F08F81
:107AB0000020E168087005210A980BF0ADFB8346B1
:107AC0001BF8050000F0010020B90498405D216911
:107AD000087002E002202169087000210A980BF06A
:107AE0009BFB07461FB137F81500216948800798AE
:107AF00030F815002169888006210A980BF08CFB6C
:107B0000074647B100E0C2E037F815000A2190FBB4
:107B1000F1F02169C88018F80500022808D10698FC
:107B200030F815000A2190FBF1F0216908810AE084
:107B300018F80500032806D139F815000A2190FB32
:107B4000F1F02169088103210A980BF065FB0746D3
:107B50001FB137F815002169488114210A980BF0EC
:107B60005BFB00900098E0B30098405DA0B9012055
:107B700021694870216908732A480068407B012800
:107B80002FD10020274909684873681CC1B201221F
:107B900030460CF0AFFB24E018F8050002280BD1AA
:107BA00021480078012803D100202169487006E0AF
:107BB00002202169487002E00220216948700020FB
:107BC0002169087317480068407B012809D100200B
:107BD000144909684873681CC1B2002230460CF091
:107BE00089FB12480078012805D11BF8050000091F
:107BF0000C490968C8770E480078A84225D00120B2
:107C00000C4908700A480078401C86F8440013E0CC
:107C10006E0C0020740C0020700C0020D40000209A
:107C2000E0020020B8050020DB020020BF02002097
:107C3000820C0020830C0020102086F845000120D3
:107C400086F842000020306120E0224800780128B8
:107C50001CD102201F490870681C86F844001020BF
:107C600086F84500012086F84200022030611A485B
:107C7000007801280AD1202210211848EAF742FD95
:107C800000201649087405201549087013E01148B2
:107C9000007802280FD101200E49087011480078A1
:107CA000401C86F84400102086F84500012086F824
:107CB0004200002030610B490D7096F82E00A1683B
:107CC000487096F82F00A1688870681C06490870F3
:107CD00000BFEAE6830C0020BF020020D60500208A
:107CE000710C0020820C0020720C002010B5029C48
:107CF00001604260C360046110BD816070477047DD
:107D000010B50446024909680868FDF717FD10BD63
:107D1000DC04002003B587B007984069007801288B
:107D200009D002287ED0032801F0FA80042841F00F
:107D3000A68401F0DBBBB420F94908700798007CE9
:107D4000B0B90798407E401EC1B2079841760798A7
:107D5000407EFF280CD10021079841760798007ECD
:107D6000002805DD0798007E401EC1B20798017605
:107D70000798007C032874D1079890F85B0064286A
:107D800012D008DC44286DD046286CD047286BD030
:107D90004F286AD16CE0662868D06C2867D06F28BD
:107DA00041D07828F5D1DBE30798407EC0EBC001D5
:107DB000089800EB410040680690012005900020E3
:107DC00004900BE0059800EB80004FF6FF7101EA8C
:107DD000400005900498401CC0B20490079890F8A9
:107DE0005A0000F00F01079890F85A00A1EB10100C
:107DF000401E04998842E5DC079890F8590001215B
:107E0000C1EB1011069830F811100598084481B2A2
:107E1000079890F859000122C2EB1012069820F83A
:107E20001210E7E3ECE30798407EC0EBC00108982E
:107E300000EB410040680690079890F85900012136
:107E4000C1EB1011069830F81100401C81B2079860
:107E500090F859000122C2EB1012069820F8121077
:107E6000C8E3C8E320E0F7E03AE2C2E362E078E387
:107E70000798407EC0EBC001089800EB41004068C5
:107E80000690079890F859000121C1EB101106984F
:107E9000405C401CC1B2079890F859000122C2EB27
:107EA000101206988154A5E30798407EC0EBC001EC
:107EB000089800EB410040680690012005900020E2
:107EC000049009E0059800EB80004006000E059044
:107ED0000498401CC0B20490079890F85A0000F033
:107EE0000F01079890F85A00A1EB1010401E04995A
:107EF0008842E7DC079890F859000121C1EB101186
:107F00000698415C05980844FF2812DC079890F811
:107F100059100120C0EB11110698415C05980844E6
:107F2000C1B2079890F859000122C2EB10120698CE
:107F300081545FE30798407EC0EBC001089800EBD6
:107F4000410040680690079890F859000009059094
:107F500000EBD07041100598A0EB4100F0B3012078
:107F60000590002004900BE0059800EB80004FF690
:107F7000FF7101EA400005900498401CC0B20490D3
:107F8000079890F85A0000F00F01079890F85A00EF
:107F9000A1EB1010401E04998842E5DC059811F011
:107FA000FDF80390079890F859100120C0EB1110CC
:107FB000049000EBD0704110069850F82100014663
:107FC0000290039810F032FF079991F8591001229E
:107FD000C2EB1111049101EBD17100E004E04A10F1
:107FE000069941F8220036E04FF07E5005900020BF
:107FF000049008E04B49059810F086FF059004981E
:10800000401CC0B20490079890F85A00012101EB7F
:10801000101104988142EDDC079890F85910012066
:10802000C0EB1110049000EBD0704110069850F88E
:1080300021000390059910F0F9FE079991F8591065
:108040000122C2EB1111049101EBD1714A10069982
:1080500041F8220000BFCDE20798407EC0EBC0018E
:10806000089800EB4100007B00F03000202809D187
:108070000798407EC0EBC001089800EB41004068C3
:10808000069014E00798407EC0EBC001089800EB12
:108090004100007B00F03000302808D10798407E76
:1080A000C0EBC001089800EB4100406805900798BC
:1080B00090F859000009049000EBD070411004982A
:1080C000A0EB410000287DD0012004900020019009
:1080D00008E0049800EB8000400004900198401CE8
:1080E000C0B20190079890F85A0000F00F0107986D
:1080F00090F85A00A1EB1010401E01998842E8DC6C
:10810000002003900798407EC0EBC001089800EB68
:108110004100407B039001200290002001900FE07D
:10812000CE0E002000002041029800EB80004FF6A8
:10813000FF7101EA400002900198401CC0B201901A
:10814000039901988842EFDB029904984843049010
:108150000798407EC0EBC001089800EB4100007B0F
:1081600000F0300020281DD1079890F85900012117
:10817000C1EB1010019000EBD0704110069830F860
:1081800011100498084401B2079890F85900012290
:10819000C2EB1010019000EBD0704210069820F84E
:1081A000121029E00798407EC0EBC001089800EB50
:1081B0004100007B00F0300030281DD1079890F876
:1081C000590000E019E00121C1EB1010019000EB13
:1081D000D0704110059850F8211004980144079878
:1081E00090F859200120C0EB1210019000EBD070E4
:1081F0004210059840F8221071E001200490002000
:1082000003900BE0049800EB80004FF6FF7101EA49
:10821000400004900398401CC0B20390079890F867
:108220005A0000F00F01079890F85A00A1EB1010C7
:10823000401E03998842E5DC0798407EC0EBC001F0
:10824000089800EB4100007B00F0300020281DD191
:10825000079890F859000121C1EB1010039000EB32
:10826000D0704110069830F811100498084401B2FB
:10827000079890F859000122C2EB1010039000EB10
:10828000D0704210069820F8121027E00798407E20
:10829000C0EBC001089800EB4100007B00F030000B
:1082A00030281BD1079890F859000121C1EB10101C
:1082B000039000EBD0704110059850F821100498FD
:1082C0000144079890F859000122C2EB1010039066
:1082D00000EBD0704210059840F8221000BF89E1F1
:1082E0000798407EC0EBC001089800EB4100007B7E
:1082F00000F03000202809D10798407EC0EBC00173
:10830000089800EB41004068069014E00798407E12
:10831000C0EBC001089800EB4100007B00F030008A
:10832000302808D10798407EC0EBC001089800EBC8
:10833000410040680590079890F8590000090490A2
:1083400000EBD07041100498A0EB410000287DD0D4
:10835000012004900020019008E0049800EB8000C8
:10836000400004900198401CC0B20190079890F81A
:108370005A0000F00F01079890F85A00A1EB101076
:10838000401E01998842E8DC002003900798407E57
:10839000C0EBC001089800EB4100407B0390012036
:1083A0000290002001900BE0029800EB80004FF655
:1083B000FF7101EA400002900198401CC0B2019098
:1083C000039901988842EFDB02990498484304908E
:1083D0000798407EC0EBC001089800EB4100007B8D
:1083E00000F0300020281DD1079890F85910012086
:1083F000C0EB1110019000EBD0704110069830F8DE
:1084000011100498084481B2079890F8590001228D
:10841000C2EB1010019000EBD0704210069820F8CB
:10842000121029E00798407EC0EBC001089800EBCD
:108430004100007B00F0300030281DD1079890F8F3
:1084400059100120C0EB1110019000E015E000EB85
:10845000D0704110059850F82110049801440798F5
:1084600090F859000122C2EB1010019000EBD0707F
:108470004210059840F8221071E00120049000207D
:1084800003900BE0049800EB80004FF6FF7101EAC7
:10849000400004900398401CC0B20390079890F8E5
:1084A0005A0000F00F01079890F85A00A1EB101045
:1084B000401E03998842E5DC0798407EC0EBC0016E
:1084C000089800EB4100007B00F0300020281DD10F
:1084D000079890F859000121C1EB1010039000EBB0
:1084E000D0704110069830F811100498084481B2F9
:1084F000079890F859000122C2EB1010039000EB8E
:10850000D0704210069820F8121027E00798407E9D
:10851000C0EBC001089800EB4100007B00F0300088
:1085200030281BD1079890F859000121C1EB101099
:10853000039000EBD0704110059850F8211004987A
:108540000144079890F859000122C2EB10100390E3
:1085500000EBD0704210059840F8221000BF49E0AF
:1085600000BF079890F859000121C1EB1010C0B26C
:1085700006900798407EC0EBC001089800EB4100D0
:1085800081680698085C401CC1B20798407EC0EB29
:10859000C002089800EB42008268069811540798C0
:1085A000407EC0EBC001089800EB41004068059098
:1085B000DDE9050150F8210004900798407EC0EBEA
:1085C000C001089800EB410081680698095C049896
:1085D00050F821000390039850B900210798407E7D
:1085E000C0EBC002089800EB420082680698115464
:1085F00000E000BF00BF0021079840690170FDE363
:10860000B420FE4908700798007C88BB0798407E1C
:10861000401CC1B20798417607984168407EC0EB84
:10862000C00001EB4000006828B90798407E401E5A
:10863000C1B2079841760798407E042818D10321DB
:10864000079841760798007E401CC1B207980176D2
:1086500007984168007EC01CC0EBC00001EB4000E1
:10866000006828B90798007E401EC1B207980176BD
:108670000798007C03287DD1079890F85B00642858
:1086800012D008DC442876D0462875D0472874D00C
:108690004F2873D178E0662871D06C2870D06F288D
:1086A0004CD07828F5D1DBE30798407EC0EBC001C1
:1086B000089800EB410040680690012005900020DA
:1086C00004900BE0059800EB80004FF6FF7101EA83
:1086D000400005900498401CC0B20490079890F8A0
:1086E0005A0000F00F01079890F85A00A1EB101003
:1086F000401E04998842E5DC079890F85900012152
:10870000C1EB1011069830F8110000B2002814DDFA
:10871000079890F859000121C1EB1011069830F824
:1087200011100598081A81B2079890F85900012293
:10873000C2EB1012069820F81210EBE30798407E67
:10874000C0EBC001089800EB410040680690079814
:1087500090F859000121C1EB1011069830F8110072
:10876000401E81B2079890F859000122C2EB101206
:10877000069806E0CFE323E0EEE030E2C9E359E0FB
:108780006FE320F81210C5E30798407EC0EBC001EC
:10879000089800EB410040680690079890F859004F
:1087A0000121C1EB10110698405C401EC1B2079830
:1087B00090F859000122C2EB101206988154A9E3E7
:1087C0000798407EC0EBC001089800EB410040686C
:1087D0000690012005900020049009E0059800EB28
:1087E00080004006000E05900498401CC0B2049022
:1087F000079890F85A0000F00F01079890F85A0077
:10880000A1EB1010401E04998842E7DC079890F80D
:1088100059000121C1EB10110698415C0598081A16
:10882000C1B2079890F859000122C2EB10120698C5
:1088300081546FE30798407EC0EBC001089800EBBD
:10884000410040680690079890F85900000905908B
:1088500000EBD07041100598A0EB4100F0B301206F
:108860000590002004900BE0059800EB80004FF687
:10887000FF7101EA400005900498401CC0B20490CA
:10888000079890F85A0000F00F01079890F85A00E6
:10889000A1EB1010401E04998842E5DC059810F009
:1088A0007DFC0390079890F859000121C1EB10104E
:1088B000049000EBD0704110069850F8210001465A
:1088C0000290039810F0AFFD079991F8591001221A
:1088D000C2EB1111049101EBD17100E004E04A10E8
:1088E000069941F8220036E04FF07E5005900020B6
:1088F000049008E04249059810F006FB05900498A2
:10890000401CC0B20490079890F85A00012101EB76
:10891000101104988142EDDC079890F8590001216C
:10892000C1EB1010049000EBD0704110069850F885
:1089300021000390059910F081FD079991F85910D5
:108940000122C2EB1111049101EBD1714A10069979
:1089500041F8220000BFDDE20798407EC0EBC00175
:10896000089800EB4100007B00F03000202809D17E
:108970000798407EC0EBC001089800EB41004068BA
:10898000069014E00798407EC0EBC001089800EB09
:108990004100007B00F03000302808D10798407E6D
:1089A000C0EBC001089800EB4100406805900798B3
:1089B00090F859000009049000EBD0704110049821
:1089C000A0EB410080B3012004900020019008E05A
:1089D000049800EB8000400004900198401CC0B255
:1089E0000190079890F85A0000F00F01079890F84E
:1089F0005A00A1EB1010401E019903E0CE0E00209A
:108A0000000020418842E3DC002003900798407E6C
:108A1000C0EBC001089800EB4100407B03900120AF
:108A20000290002001900CE066E0029800EB8001CB
:108A30004FF6FF7000EA410002900198401CC0B25E
:108A40000190039901988842EFDB0299049848430A
:108A500004900798407EC0EBC001089800EB4100ED
:108A6000007B00F0300020281DD1079890F85900B5
:108A70000121C1EB1010019000EBD070411006985D
:108A800030F811100498081A01B2079890F85900AC
:108A90000122C2EB1010019000EBD070421006983A
:108AA00020F8121027E00798407EC0EBC00108981C
:108AB00000EB4100007B00F0300030281BD107980C
:108AC00090F859000121C1EB1010019000EBD0701B
:108AD0004110059850F821100498091A079890F849
:108AE00059000122C2EB1010019000EBD07042102F
:108AF000059840F8221071E00120049000200390B6
:108B00000BE0049800EB80004FF6FF7101EA400093
:108B100004900398401CC0B20390079890F85A0044
:108B200000F00F01079890F85A00A1EB1010401EBA
:108B300003998842E5DC0798407EC0EBC0010898A5
:108B400000EB4100007B00F0300020281DD1079889
:108B500090F859000121C1EB1010039000EBD07088
:108B60004110069830F811100498081A01B20798BD
:108B700090F859000122C2EB1010039000EBD07066
:108B80004210069820F8121027E00798407EC0EBAC
:108B9000C001089800EB4100007B00F03000302855
:108BA0001BD1079890F859000121C1EB10100390D8
:108BB00000EBD0704110059850F821100498091A64
:108BC000079890F859000122C2EB1010039000EBB7
:108BD000D0704210059840F8221000BF9AE1079823
:108BE000407EC0EBC001089800EB4100007B00F024
:108BF0003000202809D10798407EC0EBC0010898BA
:108C000000EB41004068069014E00798407EC0EBFE
:108C1000C001089800EB4100007B00F030003028D4
:108C200008D10798407EC0EBC001089800EB4100D6
:108C300040680590079890F859000009049000EBEF
:108C4000D07041100498A0EB4100E8B301200490DB
:108C50000020019008E0049800EB800040000490A0
:108C60000198401CC0B20190079890F85A0000F09B
:108C70000F01079890F85A00A1EB1010401E0199BF
:108C80008842E8DC002003900798407EC0EBC001DA
:108C9000089800EB4100407B0390012002900020E7
:108CA00001900BE0029800EB80004FF6FF7101EAA3
:108CB000400002900198401CC0B2019003990198B5
:108CC0008842EFDB029900E055E0049848430490A5
:108CD0000798407EC0EBC001089800EB4100007B84
:108CE00000F0300020281DD1079890F8590001218C
:108CF000C1EB1010019000EBD0704110069830F8D5
:108D000011100498081A81B2079890F859000122AE
:108D1000C2EB1010019000EBD0704210069820F8C2
:108D2000121027E00798407EC0EBC001089800EBC6
:108D30004100007B00F0300030281BD1079890F8EC
:108D400059000121C1EB1010019000EBD0704110CF
:108D5000059850F821100498091A079890F85900BE
:108D60000122C2EB1010019000EBD0704210059868
:108D700040F8221073E001200490002003900BE0E3
:108D8000049800EB80004FF6FF7101EA4000049068
:108D90000398401CC0B20390079890F85A0000F066
:108DA0000F01079890F85A00A1EB1010401E03998C
:108DB0008842E5DC0798407EC0EBC001089800EBD4
:108DC0004100007B00F0300020281FD1079890F868
:108DD00059000121C1EB1010039000EBD07041103D
:108DE000069830F811100498081A81B2079890F884
:108DF00059000122C2EB1010039000E075E300EB74
:108E0000D0704210069820F8121027E00798407E94
:108E1000C0EBC001089800EB4100007B00F030007F
:108E200030281BD1079890F859000121C1EB101090
:108E3000039000EBD0704110059850F82110049871
:108E4000091A079890F859000122C2EB10100390FC
:108E500000EBD0704210059840F8221000BF59E096
:108E600000BF079890F859000121C1EB1010C0B263
:108E700006900798407EC0EBC001089800EB4100C7
:108E800081680698085C002816DD0798407EC0EBD4
:108E9000C001089800EB410081680698085C401EFC
:108EA000C1B20798407EC0EBC002089800EB4200B8
:108EB0008268069811542BE00798407EC0EBC001F1
:108EC000089800EB410040680590DDE9050150F885
:108ED000210004904FF0FF30029008E00298401CFF
:108EE00040B202900299049850F821000390039830
:108EF0000028F3D10298401EC1B20798407EC0EB13
:108F0000C002089800EB420082680698115400BF26
:108F100000E000BF00BF0021079840690170AFE387
:108F2000B420FB490870079890F91000401C30B934
:108F30000798007C401C41B207980174D1E2079861
:108F4000007C002874D10798407EC0EBC0010898CF
:108F500000EB4100007B00F00300012869D1079875
:108F6000407EC0EBC001089800EB41004068E94931
:108F700088425FD1E8480088F0BBE848069007982F
:108F8000407EC0EBC001089800EB41008068E449D6
:108F900008600798C0680590DDE90510884760B350
:108FA0000698006805900798807E06283EDA0798A4
:108FB000417E807E00EB800207981D3000EB42006E
:108FC00001720798017E807E00EB800207981D30B9
:108FD00000EB420041720798807E401CC1B20798A6
:108FE00081760798807E401E00EB800107981D3037
:108FF00000EB4100416801E01CE018E00798807E2A
:1090000000EB800207981D3000EB42000160DDE9B3
:109010000610807E00EB800207981D3000EB4200B6
:10902000416000220599079801F012FB00BF58E249
:1090300090E056E00798407EC0EBC001089800EB36
:109040004100806806900798C0680590DDE905102A
:109050008847E8B30698006805900798807E062840
:109060003DDA0798417E807E00EB800207981D3034
:1090700000EB420001720798017E807E00EB8002C7
:1090800007981D3000EB420041720798807E401C1B
:10909000C1B2079881760798807E401E00EB800160
:1090A00007981D3000EB410041680798807E00EB77
:1090B000800207981D3000EB42000160DDE90610D8
:1090C000807E00EB800207981D3000EB420000E03C
:1090D00006E0416000220599079801F0B9FA00BF47
:1090E000FFE10798807E00EB800107981D3000EBC0
:1090F0004100416807988068814208D1012200211F
:10910000079801F0A5FA002086490870E9E1079860
:10911000407EC0EBC001089800EB4100007B00F0EE
:109120000300022803D1032107980174D9E10798AD
:10913000407EC0EBC001089800EB4100007B00F0CE
:1091400003000028CCD00798007C401C41B207984F
:109150000174C6E10798007C0328C1D1079890F8F4
:109160005A00012101EB1011079890F85A2061F381
:10917000071280F85A20079890F85B006C2833D1CA
:10918000079890F85A0000F00F01079890F85A00DD
:10919000B1EB101FA4D1079890F85900012101EB01
:1091A0001010079991F8591060F30711079880F88B
:1091B0005910079890F8590000F00F01079890F89F
:1091C0005900B1EB101F8BDA0021079801740120C0
:1091D00054490870079890F8590020F0F0001030BA
:1091E000079981F859007CE1079890F85A0000F03F
:1091F0000F01079890F85A00B1EB101F86D107981D
:1092000090F85A0020F0F001079880F85A1007985B
:1092100090F85B0078281ED1079890F85900000953
:10922000002818DD079890F859000121C1EB1010B3
:109230003D49095C079890F859000122C2EB1010D3
:109240003A4A11540B21079890F859000122C2EBB9
:109250001010354A1154079890F85900012101EB7C
:109260001010079991F8591060F30711079880F8CA
:109270005910079890F8590000F00F01079890F8DE
:109280005900B1EB101F7CDA079890F8590020F0D4
:10929000F0001030079981F859000798407EC0EB24
:1092A000C001089800EB4100806800282FD0079883
:1092B00090F85B00442804D0079890F85B004F2892
:1092C00036D10798407EC0EBC001089800EB410002
:1092D000406806900798407EC0EBC001089800EBFC
:1092E0004100806805900020049008E004990698E9
:1092F000425C059842540498401CC0B20490079800
:1093000090F8590000F00F0104988142EEDCE2E091
:10931000CE0E00205E0C0020080300207C050020FB
:10932000CC040020D8040020D4040020D004002065
:10933000079890F85B0064282AD10798407EC0EB1C
:10934000C001089800EB4100406806900798407EF5
:10935000C0EBC001089800EB410080680590002038
:1093600004900AE00499069830F81120059820F836
:1093700011200498401CC0B20490079890F859003E
:1093800000E0AEE000F00F0104988142EADCA2E0C8
:10939000079890F85B0046280BD10798407EC0EBF9
:1093A000C001089800EB4100007B00F0300020284D
:1093B00010D0079890F85B00472838D10798407E76
:1093C000C0EBC001089800EB4100007B00F03000CA
:1093D00020282CD10798407EC0EBC001089800EBF4
:1093E0004100406806900798407EC0EBC001089895
:1093F00000EB410080680590002004900AE0049989
:10940000069830F81120059820F811200498401C87
:10941000C0B20490079890F8590000F00F0000EBDC
:10942000D07103900498B0EB610FE8DB53E007982C
:1094300090F85B00662821D0079890F85B004628DA
:109440000BD10798407EC0EBC001089800EB4100AB
:10945000007B00F03000302810D0079890F85B00B7
:10946000472838D10798407EC0EBC001089800EB30
:109470004100007B00F0300030282CD10798407E5E
:10948000C0EBC001089800EB4100406806900798C7
:10949000407EC0EBC001089800EB41008068059059
:1094A000002004900AE00499069850F821200598BD
:1094B00040F821200498401CC0B20490079890F80E
:1094C000590000F00F0000EBD07103900498B0EB4E
:1094D000610FE8DB00BF01206B490870002107988D
:1094E00001740021079840690170C9E0B420674900
:1094F00008700798007CD0B90798807E00EB800147
:1095000007981D3000EB4100416807988068814250
:1095100006D15F48007800F0FD005D49087053E017
:109520000798007C401E41B2079801744CE00798F0
:10953000007C032848D1079890F85A000121C1EB1C
:109540001011079890F85A2061F3071280F85A20FA
:10955000079890F85A000E21B1EB101F34DA0798E3
:1095600090F85A0020F0F001079880F85A100798F8
:1095700090F859000121B1EB101F25DC079890F8F5
:109580005900C1EB1011079890F8590061F30710CA
:10959000079981F85900079890F85900000998B97F
:1095A000002107980174079890F85A0020F0F00104
:1095B000079880F85A10079890F8590020F0F000AA
:1095C0001030079981F85900079890F91000401C55
:1095D00058B90798807E002807DD012200210798EE
:1095E00001F036F8002028490870079890F910001B
:1095F000401CE8BB0798807ED0BB0798417E807EE8
:1096000000EB800207981D3000EB420001720798C2
:10961000017E807E00EB800207981D3000EB420047
:1096200041720798807E401CC1B2079881760798E6
:109630008168807E00EB800207981D3000EB4200BD
:1096400041600020104908700798806806900798CC
:10965000C0680590DDE90510884748B10798806823
:10966000006806900022DDE9061000F0F1FF00E03E
:1096700000E000BF002107984069017000E000BFD2
:1096800000BF09B000BD0000D8040020CE0E0020AD
:10969000210D002070B504460D46E560D4E90201B5
:1096A0008847A0680068606070BD2DE9FE4F0446E1
:1096B00025460027217EC1EBC101606800EB41090E
:1096C0002068FCF73BF849462046FEF723FB207C48
:1096D000032804D1E07E80F00100E07601E0012063
:1096E000E076207F012807D1217EC1EBC1016068AF
:1096F00000EB4109002020774E464FF000086CE057
:10970000306800B96CE0607E404536D194F91000B5
:10971000401C08B94FF0000A207C68B9012107F10C
:109720000C00C0B2CDE900017F233A460021206839
:10973000FBF711FE4FF0010A207C012801D14FF008
:10974000020A207C022802D0207C032817D15B204B
:10975000005D6C280BD05B20005D782807D05B2073
:10976000005D4F2803D05B20005D6F2802D14FF0D1
:10977000020A04E04FF0030A01E04FF0000A04F18E
:109780005900E17E53463A46CDE900160290002189
:10979000204600F029F85A20005D00F00F015A2001
:1097A000005DB1EB101F10D15A20005D00F00F00DA
:1097B00000280ADD5A20005D0121C1EB10105A215A
:1097C000095D60F307115A20015507F11000C7B277
:1097D0000E3608F1010000F0FF08B8F1040F8FDB2E
:1097E0002846BDE8FE8F00000FB599B00020159007
:1097F0001490139012901F98006811900020109000
:109800001F9840680F9000200E900D9012E3119861
:10981000007817901798A02869DD199800680C90B7
:109820001199FBF757FD18909DF868007A2806DD1E
:1098300000201A909DF86C001030C0B21B909DF86B
:109840006C003A2807DD00201A901B9019980068D8
:109850000C90FBF7FDFD1C9805280ED11F98007B8E
:109860009DF83810B1EB400F04D11E9800F00100B4
:10987000129018E00020129015E01C98042804D1E2
:109880001E9800F0010012900DE01C98032802D1F0
:109890000020129007E01C98022802D100201290AC
:1098A00001E01C98129012980090189880B20C90C9
:1098B000199800680B909DF86C209DF868100C9B1F
:1098C000FBF7BAFE9DF868000C30C0B21A901198F0
:1098D000401C11901198401C11909DF83800401CBC
:1098E000C0B20E909DF83800401CC0B20E90179880
:1098F000A02874DA9DF868007A2812DD00201A90FA
:109900009DF86C001030C0B21B909DF86C003A2896
:1099100007DD00201A901B90199800680C90FBF747
:1099200097FD1798252802D0179824287ED11598DE
:10993000401CC0B215901798252803D10D98401CE3
:10994000C0B20D909DF83800401CC0B20E90119826
:109950004078642825D00EDC472868D006DC25280E
:1099600066D044287ED046287DD165E24F287BD042
:109970005A28F9D1A2E06F280ED004DC662874D0F2
:109980006C28F1D1EFE3782870D07A28ECD11098C8
:1099900040F00200109000BF109840F001001090BD
:1099A00000BF209800287AD01C9802280BD120985C
:1099B00001781598B0EB111F02D10420129014E029
:1099C0000020129011E01C9803280CD120980178F7
:1099D0001598B0EB111F03D10520129005E0F8E3B4
:1099E0000020129001E01C981290002320994978E1
:1099F0000909129A1E98CDE90303CDE901210F98B8
:109A00000EAB1BAA1AA90090199800F085FE1490BD
:109A10000F980C900C98801C0C900C980F9011983B
:109A2000401C11901198401C119002E0FEE38DE360
:109A3000FDE3209801781598B0EB111F37D11998E4
:109A4000407E9DF86C10B1EB001F30D1209840781B
:109A5000149961F3030020994870109800F00200F7
:109A6000022804E02FE0FDE323E0A9E0FBE305D1B9
:109A70007A21209881700020109018E0109800F052
:109A8000010068B16F21209881702098407820F003
:109A90000F00401C209948700020109007E007E05C
:109AA000109820B964212098817000201090ADE6B4
:109AB0004BE3109840F00200109000BF109840F067
:109AC0000100109000BF2098002878D01C98022830
:109AD0000BD1209801781598B0EB111F02D104200A
:109AE000129013E00020129010E01C9803280BD174
:109AF000209801781598B0EB111F02D10520129023
:109B000004E00020129001E01C9812900D2320998F
:109B100049780909129A1E98CDE90303CDE901217C
:109B20000F980EAB1BAA1AA90090199800F0F4FD2B
:109B300014900F980C900C98401C0C900C980F905F
:109B40001198401C11901198401C11902098017898
:109B50001598B0EB111F31D11998407E9DF86C100B
:109B6000B1EB001F2AD120994978149860F30301C2
:109B700020984170109800F0020002280CD14F216B
:109B8000209881702098407820F00F00401C209988
:109B900048700020109011E0109800F0010030B1E2
:109BA0005A21209881700020109007E007E010985B
:109BB00020B94421209881700020109026E677E794
:109BC000209800287DD01398A8BB0F9800680C90AF
:109BD00000210C980FF0F6FA1CD2FE490C980FF0F9
:109BE00025FB0C900C211298CDE900101998006803
:109BF0002D2309909DF86C209DF86810FBF752FC0E
:109C00009DF86800801DC0B21A909DF83800401C75
:109C1000C0B20E900C980FF089FA80B20B901C988D
:109C200002280CD1209801781598B0EB111F03D1B0
:109C30000420129014E045E00020129010E01C98DF
:109C400003280BD1209801781598B0EB111F02D191
:109C50000520129004E00020129001E01C98129060
:109C60000023209949780909129A1E98CDE9030327
:109C7000CDE901210BA80EAB1BAA1AA900901998D7
:109C800000F04AFD1490209801781598B0EB111F50
:109C900010D11998407E9DF86C10B1EB001F09D1CE
:109CA00020994978149860F3030120984170662147
:109CB00020988170119880782E2876D101201390F9
:109CC000A4E5B8E00F9800680C9000210C980FF004
:109CD00079FA04D2BF490C980FF0A8FA0C90BDF89D
:109CE0002C000FF05BFA09900C990FF09CFB0C9084
:109CF0001C98022802D01C98032802D10020129040
:109D000001E01C9812900C211298CDE900101998CE
:109D100000682E2309909DF86C209DF86810FBF7D1
:109D2000C1FB9DF86800801DC0B21A909DF83800F4
:109D3000401CC0B20E901198C0783038C0B2169056
:109D40001698042801DD042016900020099008E0F0
:109D5000A1490C980FF06AFA0C900998401CC0B207
:109D60000990169909988842F2DB0C980FF0DEF9F9
:109D700080B20B901C9802280BD12098017815987E
:109D8000B0EB111F02D10420129014E000201290B9
:109D900011E01C9803280CD1209801781598B0EB9D
:109DA000111F03D10520129005E036E0002012902B
:109DB00001E01C981290209A52781209129B1E9969
:109DC0001698CDE90132CDE903100BA80EAB1BAA02
:109DD0001AA90090199800F09FFC14901198401C4B
:109DE00011901198401C1190209801781598B0EBB3
:109DF000111F10D11998407E9DF86C10B1EB001F17
:109E000009D120994978149860F303012098417092
:109E1000662120988170002013900F980A900A986C
:109E2000001D0A900A980F901198401C11901198EB
:109E3000401C1190F4E3ACE32098002871D001207D
:109E40000B901198C0783038C0B2169000200A905C
:109E50000AE00B9800EB80004FF6FF7101EA40002A
:109E60000B900A98401C0A9016990A988842F0DBD9
:109E70001398E8BB1F98007B00F03000202804D125
:109E80000F98B0F900000C9008E01F98007B00F0DC
:109E90003000302802D10F9800680C900C980028F0
:109EA0001ADA0C9840420C900C211298CDE900105F
:109EB000199800682D230A909DF86C209DF8681071
:109EC000FBF7F0FA9DF86800801DC0B21A909DF86B
:109ED0003800401CC0B20E90DDE90B0191FBF0F0A0
:109EE0000C901C9802280DD120980178159800E05C
:109EF0005BE0B0EB111F02D10420129014E00020AF
:109F0000129011E01C9803280CD120980178159824
:109F1000B0EB111F02D10520129005E00020129035
:109F200002E012E11C9812900E2320994978090949
:109F3000129A1E98CDE90303CDE901210CA80EABBE
:109F40001BAA1AA90090199800F0E6FB149020981B
:109F500001781598B0EB111F10D11998407E9DF82B
:109F60006C10B1EB001F09D120994978149860F367
:109F700003012098417046212098817011988078C3
:109F80002E2805D11698002802DD0120139047E302
:109F90001698002808D11198401C11901198401C67
:109FA000119000211F984173ACE01F98007B00F0D6
:109FB0008000802805D01198C0783038C1B21F9831
:109FC00041731F98007B00F0300020280AD10F98C1
:109FD00004E00000000080BF00002041B0F9000054
:109FE0000C9008E01F98007B00F03000302802D170
:109FF0000F9800680C900C98002802DA0C984042E8
:10A000000C901C98022802D01C98032802D1002032
:10A01000129001E01C9812900C211298CDE90010CA
:10A02000199800682E230A909DF86C209DF86810FE
:10A03000FBF738FA9DF86800801DC0B21A909DF8B1
:10A040003800401CC0B20E901198C0783038C0B2B1
:10A050001690DDE90B0191FBF0F200FB12100C9061
:10A060001C9802280BD1209801781598B0EB111F8D
:10A0700002D10420129013E00020129010E01C98EE
:10A0800003280BD1209801781598B0EB111F02D14D
:10A090000520129004E00020129001E01C9812901C
:10A0A000209A52781209129B1E991698CDE9013216
:10A0B000CDE903100CA80EAB1BAA1AA900901998A1
:10A0C00000F02AFB14901198401C11901198401C2C
:10A0D0001190209801781598B0EB111F10D11998A4
:10A0E000407E9DF86C10B1EB001F09D1209840789C
:10A0F000149961F3030020994870462120988170DB
:10A10000002013901F98007B00F03000202807D11A
:10A110000F980A900A98801C0A900A980F900DE0F8
:10A120001F98007B00F03000302807D10F980A906C
:10A130000A98001D0A900A980F9000BF1198401CC1
:10A1400011901198401C11906AE222E22098002898
:10A150006ED001200B901198C0783038C0B21690A4
:10A1600000200A900BE059E10B9800EB80004FF6BD
:10A17000FF7101EA40000B900A98401C0A90169962
:10A180000A988842F0DB139898BB1F98007B00F078
:10A190003000202803D10F9800880C9008E01F9809
:10A1A000007B00F03000302802D10F9800680C903E
:10A1B000DDE90B01B1FBF0F00C901C9802280CD1EA
:10A1C000209801781598B0EB111F03D1042012904C
:10A1D00015E024E20020129011E01C9803280CD115
:10A1E000209801781598B0EB111F03D1052012902B
:10A1F00005E04BE00020129001E01C9812900E2325
:10A20000209949780909129A1E98CDE90303CDE9EE
:10A2100001210CA80EAB1BAA1AA90090199800F0F6
:10A220007BFA149020980178159802E0B2E19EE143
:10A23000F0E0B0EB111F10D11998407E9DF86C1022
:10A24000B1EB001F09D120994978149860F30301FC
:10A2500020984170462120988170119880782E288E
:10A2600008D101E087E1D6E01698002802DD012040
:10A270001390D5E1169888BB1198401C1190119845
:10A28000401C119000211F984173A0E01F98007B93
:10A2900000F08000802805D01198C0783038C1B215
:10A2A0001F9841731F98007B00F03000202803D1D5
:10A2B0000F9800880C9008E01F98007B00F0300099
:10A2C000302802D10F9800680C901C98022802D008
:10A2D0001C98032803D10020129002E077E01C981C
:10A2E00012900C211298CDE90010199800682E23C5
:10A2F0000A909DF86C209DF86810FBF7D3F89DF844
:10A300006800801DC0B21A909DF83800401CC0B291
:10A310000E901198C0783038C0B21690DDE90B016C
:10A32000B1FBF0F200FB12100C901C9802280BD12C
:10A33000209801781598B0EB111F02D104201290DB
:10A3400013E00020129010E01C9803280BD12098F5
:10A3500001781598B0EB111F02D10520129004E08E
:10A360000020129001E01C981290209A5278120955
:10A37000129B1E991698CDE90132CDE903100CA865
:10A380000EAB1BAA1AA90090199800F0C5F91490F9
:10A390001198401C11901198401C11902098017840
:10A3A0001598B0EB111F10D11998407E9DF86C10D4
:10A3B000B1EB001F09D120984078149961F3030094
:10A3C00020994870472120988170002013901F9891
:10A3D000007B00F03000202807D10F980A900A98DF
:10A3E000801C0A900A980F900DE01F98007B00F0E7
:10A3F0003000302807D10F980A900A98001D0A9063
:10A400000A980F9000BF1198401C11901198401CA1
:10A41000119005E1BDE00120109000BF2098E8B345
:10A420000F980A900A9800680B900A9800680990A3
:10A430000020089003E00898401CC0B208900998DA
:10A4400002C809900029F6D11F9881681598401E0E
:10A45000095C0898814209DA1F9881681598401EA6
:10A46000095C0B9850F821000C9008E000211F981F
:10A4700082681598401E11540B9800680C900C9837
:10A48000E8F79EF8C0B216901C9802280DD12098CB
:10A4900001781598B0EB111F04D100E066E00420AC
:10A4A000129013E00020129010E01C9803280BD1AA
:10A4B000209801781598B0EB111F02D10520129059
:10A4C00004E00020129001E01C9812900C98049077
:10A4D0002098407800098DF81C00002104AA1E98DD
:10A4E000CDE9012100909DF86C209DF86810129B29
:10A4F0001998FFF779F99DF868100622169802FB63
:10A500000010C0B21A909DF8381016980844C0B2D6
:10A510000E900A98001D0A900A980F901198401CFE
:10A5200011901198401C1190169814902098017861
:10A530001598B0EB111F18D11998407E9DF86C103A
:10A54000B1EB001F11D12098407820F00F00401C83
:10A5500020994870109818B96C212098817004E0F7
:10A560007821209881700020109059E011E0119816
:10A57000401C11900DE09DF83800401EC0B20E90B6
:10A580001598401EC0B215900D98401EC0B20D9097
:10A5900000BF00BF1C9805280DD11F98007B9DF8B7
:10A5A0003810884204D11E9800F00100129018E083
:10A5B0000020129015E01C98042804D11E9800F089
:10A5C000010012900DE01C98032802D10020129087
:10A5D00007E01C98022802D10020129001E01C988C
:10A5E00012900C211298CDE90010119800780C906F
:10A5F000199800680B909DF86C209DF868100C9BD2
:10A60000FAF750FF9DF86800801DC0B21A901198AB
:10A61000401C11909DF83800401CC0B20E9000BF45
:10A620001198007800287FF4F2A8209868B1199852
:10A63000407E9DF86C10B1EB001F06D1209909787F
:10A640000D9860F303012098017000201DB000BD3B
:10A6500070B504460D4616466560002061690870B5
:10A660002076607694F8590020F0F000103084F8DD
:10A67000590000202074E076012E41D1A27E02EB29
:10A68000820304F11D0202EB43021068E16888476F
:10A6900000B970BDA07E00EB800104F11D0000EB4D
:10A6A0004100006800686060A07E00282DDDA07E6B
:10A6B000401EA07600202074A07E00EB800104F1F3
:10A6C0001D0000EB4100007A6076A07E00EB800167
:10A6D00004F11D0000EB4100407A2076A07E401C72
:10A6E00000EB800104F11D0000EB41000168A07E39
:10A6F00000EB800204F11D0000EB4200416004E029
:10A70000687B012801D1032020740120207700BF3D
:10A71000BFE74161704700002DE9FF4F8DB08846CB
:10A7200091469A46DDF868B01E9D012698F8000013
:10A73000089099F8000007909AF800000690BBF87E
:10A7400000400D2D02D19BF8004003E00E2D01D1F9
:10A75000DBF800400DB10A2D1BDD0A2C1CD30226AC
:10A76000642C19D30326B4F57A7F15D3042642F25C
:10A770001070844210D30526264884420CD3062646
:10A780002548844208D307262448844204D3082657
:10A7900002E00A2D00DA2E46374611E00A20B4FB0B
:10A7A000F0F100FB11403030791E03AA50540A200A
:10A7B000B4FBF0F40698401CC0B20690781EC7B2F5
:10A7C000002FEBDC002003A9885503A809901C98F2
:10A7D0008DF83000002109AA1D98CDE901210090D3
:10A7E0001B9BDDE907210D98FEF7FEFF0621089867
:10A7F00001FB0600C0B20890089888F8000007988E
:10A8000089F8000006988AF80000304611B0BDE8CB
:10A81000F08F0000A086010040420F008096980053
:10A820000160704710B50446024909680868FAF7E4
:10A8300073FD10BDDC04002010B581600123837618
:10A840000023436143760374C376037690F859304E
:10A8500023F0F003103380F8593000245C231C549B
:10A86000837E03EB830400F11D0303EB4403596073
:10A87000837E03EB830400F11D0303EB44031A60A2
:10A880000023C360037710BD70472DE9F0410546F2
:10A890000F4616460FB9AC6800E0EC6814B900200A
:10A8A000BDE8F08120460DF0F8FC08B10020F7E784
:10A8B0000EB90020F4E720460DF037FC90E80E00BA
:10A8C000C06886E80E00F06020460DF01CFC0120F8
:10A8D000E6E70000F0B585B006460C460027207874
:10A8E000012805D104208DF808006068019004E07B
:10A8F00000208DF80800606800906078012803D17E
:10A9000002208DF8090010E000208DF80900A078E1
:10A910008DF80A00002506E004F10800415D0DF104
:10A920000B0041556D1C082DF6D33178064A52F8BC
:10A93000210069460BF01AF90746032F02D10020C7
:10A9400005B0F0BD0120FBE73C9602082DE9FF4170
:10A9500006460C4617464FF0000817B9D6F808808F
:10A9600001E0D6F80C80B8F1000F01D1BDE8FF81FD
:10A9700040460DF083FC00B1F8E7207A28B90020AA
:10A980008DF800002068019004E001208DF800009F
:10A9900060680190607A022803D101208DF80100DF
:10A9A0000FE000208DF80100A07A8DF8020000254C
:10A9B00005E004F10B00415D02A841556D1C082D16
:10A9C000F7D3694640460DF0B6FB00BFCEE7000066
:10A9D000F0B585B004460F46E7602178614A52F829
:10A9E000210002210BF047F8237803EB43035E4D6F
:10A9F0002B449A78237803EB43032B44597823782C
:10AA000003EB4303E85C0BF0EBFF002505F1E06589
:10AA1000ED002D1D002606F1F856F600B61D0F209C
:10AA2000ADF80A000020ADF80C000120ADF80E00D2
:10AA3000280CADF80000A8B2ADF80200300CADF85B
:10AA40000400B0B2ADF806000020ADF80800012007
:10AA50008DF8100068460AF0C5FE002505F18065F6
:10AA60008021284661F391100546ED002D1D00263A
:10AA700006F1F85640F6FF71304661F39110064634
:10AA8000F600361D1020ADF80A000020ADF80C00CD
:10AA90000120ADF80E00280CADF80000A8B2ADF80A
:10AAA0000200300CADF80400B0B2ADF80600002092
:10AAB000ADF8080001208DF8100068460AF092FEFB
:10AAC000002505F13065ED002D1D002606F1F85634
:10AAD000F600B61D1120ADF80A000020ADF80C00FC
:10AAE0000120ADF80E00280CADF80000A8B2ADF8BA
:10AAF0000200300CADF80400B0B2ADF80600002042
:10AB0000ADF8080001208DF8100068460AF06AFED2
:10AB10001220ADF80A000020ADF80C000120ADF8BD
:10AB20000E000020ADF80000ADF80200ADF8040002
:10AB3000ADF806000120ADF808008DF81000684659
:10AB40000AF050FE2178074A52F8210002210AF04B
:10AB500096FF2178034A52F8210010210AF08FFF56
:10AB600005B0F0BD3C9602085896020830B585B095
:10AB700004460D460020009001908DF808008DF8E5
:10AB80000A008DF813008DF80B0000218DF80C10D1
:10AB900045B921780C4A52F821006A4600210AF092
:10ABA00072FF07E02178084A52F821006A46012125
:10ABB0000AF069FF012020752A4669462046FFF702
:10ABC000C5FE05B030BD00003C96020870B50446D5
:10ABD00020690DF062FB38B121780A4A52F8210051
:10ABE00001210AF048FF0CE020690DF09EFA0546AD
:10ABF00029462046FFF76EFE012802D120690DF09C
:10AC000082FA70BD3C96020870B504460D46206974
:10AC100008B9002070BD20690DF03FFBB8B1217864
:10AC20000F4A52F8210001210AF029FF2946204647
:10AC3000FFF750FE012801D10220EBE729462069E9
:10AC40000DF079FA08B10120E4E70020E2E7294697
:10AC500020690DF070FA08B10120DBE70020D9E788
:10AC60003C9602082DE9F04104460D4616461F4663
:10AC7000DDF8188031462846E8F76AFF25706660DF
:10AC8000A760C4F810802046BDE8F0812DE9FC479C
:10AC900081460C460DF016F98246C548007838B951
:10ACA0000120C349087000221146204609F022FB0A
:10ACB0002146484601F010FA2146484601F0CAF8FC
:10ACC0002146484601F0BCF92146484600F046FCC2
:10ACD000484600F095F999F8280000287ED199F8A7
:10ACE000010000287BD184F84300B2480078012895
:10ACF00011D1B148007801280DD1B0480078022860
:10AD000003D0AE480078012805D1AD48007810B9CD
:10AD1000052084F843000020AA490870AA4800686A
:10AD2000B0F92B0010F10F0F06DAA8480068407840
:10AD3000022801D003200870A5480078012805D119
:10AD4000042084F8430002209E490870A14800882E
:10AD50000DF0C6FDA04AA14BCDE900010DF010FE9B
:10AD600005460E4698490968B1F92B000DF0A1FD82
:10AD700007462A4633460DF0C7FD39D2954800886C
:10AD80000DF0AEFD0546944A954B0DF0F9FDCDE969
:10AD900000018D490968B1F92B000DF08AFD0746C5
:10ADA000DDE900230DF0EAFE22D28E48007801286A
:10ADB0001ED18D48007818B98C480078012806D03B
:10ADC0008B48008808BB8348008800281DDD4FF4AD
:10ADD00061608749088001207D4901E078E037E023
:10ADE000087014208349087001207F4908700CE026
:10ADF00002207D4908704FF461607D490880012080
:10AE00007D49087000207249087077480078012851
:10AE100064D178480078002860D16B480068B0F9A8
:10AE2000000041F28831884209DD02206E49087035
:10AE300000206749087001206F4908704EE0032028
:10AE4000694908700020624908706B49087045E044
:10AE500099F8010001281BD184F843005548007877
:10AE6000012811D15448007801280DD153480078A9
:10AE7000022803D051480078012805D150480078B5
:10AE800010B9052084F8430001204E49087025E0E0
:10AE900099F80100022821D184F843004548007840
:10AEA000012811D14448007801280DD14348007889
:10AEB000022803D041480078012805D14048007895
:10AEC00010B9052084F8430002203E49087005E0CF
:10AED000042084F8430002203A4908704248007870
:10AEE000022817D15146484600F052FA3648006809
:10AEF000B0F92B2034480068008881B253463F489F
:10AF00000068F9F757FF3D480068408A2E490968F4
:10AF1000888103E000202C49096888813248007844
:10AF2000032843D12B4800880DF0DAFC05462A4A55
:10AF30002A4B0DF025FD0746884623490968B1F9DB
:10AF40002B000DF0B6FC3A464346CDE900010DF06A
:10AF500015FE09D21F480088002805DD022022497D
:10AF600008700120244908701A4800880DF0B8FCC8
:10AF70000546194A1A4B0DF003FD0746884612494B
:10AF80000968B1F92B000DF094FC3A464346CDE92F
:10AF900000010DF0B9FC09D20E480088002805DD3B
:10AFA000022011490870012013490870BDE8FC8790
:10AFB0008200002068020020D9020020DA0200206E
:10AFC000E60D0020C8020020CC020020680000200E
:10AFD00083000020B00000209A9999999999B93F6F
:10AFE0009999B9BFB30200205A000020DC0200206A
:10AFF0005C0000205B00002058000020240D002091
:10B0000010B50446C9480088C949098848430A213F
:10B0100090FBF1F06080C7480088C5490988484323
:10B020000A2190FBF1F0A0806078002870D1C2481E
:10B030000068C0694FF47A71B0FBF1F0BF4909783C
:10B04000C1EB0111B0EB810F02D90120BC4908709E
:10B05000BC48007801280BD1BB480078012807D1F3
:10B06000BA480078012803D0B5480078012817D0E5
:10B07000B448007801284CD1B3480078012848D161
:10B08000B2480078012844D1B1480078042803D0A0
:10B09000AF48007803283CD1A9480078012838D16E
:10B0A0002069B0F900006188884227DD60880028A7
:10B0B00024DD94F8240058B9012084F82400A54820
:10B0C0000088C0EB00104FF6FF7101EA8000608538
:10B0D000608D08BB01206070002084F824009E4829
:10B0E0000078C0EB4011C1EB00204FF6FF7101EA80
:10B0F0000010A08500209249087010BD2069B0F9A9
:10B1000000006188884207DA002084F8240003E008
:10B1100098E0002084F824009048007800280BDD97
:10B1200089480078012807D188480078012803D091
:10B130007F48008800281BDC8848007800282DDD27
:10B1400081480078012829D180480078012825D13C
:10B150007F480078042803D07D48007803281DD15B
:10B1600073480088002819DD75480078012815D13A
:10B17000206BB0B901206070002084F8240076486C
:10B180000078C0EB4011C1EB00204FF6FF7101EADF
:10B190000010A08500206A490870AEE7002084F8FE
:10B1A00024006F480078012818D1606BB0B90020E6
:10B1B00084F824006B480078C0EB4011C1EB0020FC
:10B1C0004FF6FF7101EA0010A08502206070032095
:10B1D00020706548654A06CA06C08EE720780228B6
:10B1E00016D1002084F824005E480078C0EB40119E
:10B1F000C1EB00204FF6FF7101EA0010A08502208C
:10B200006070032020705848584A06CA06C074E788
:10B21000207801286FD1002084F824004E4800785F
:10B22000C0EB4011C1EB00204FF6FF7101EA0010A6
:10B23000A08501206070032020704FF496704C4967
:10B2400008805AE76078012837D100204949086012
:10B25000A08D80B90020607084F824003F480078F9
:10B2600045494843206334480068F9F779FD0020D8
:10B270004249087041E7207870B90320207000200F
:10B2800084F824006070354800783B4948432063C7
:10B2900000203A49087030E73848007858BB002051
:10B2A000607084F824002D480078334948432063B7
:10B2B00021480068F9F754FD1FE76078022832D171
:10B2C000A08D28B1E06800882D490988884213DAEA
:10B2D00003202070002060702A48244906C906C057
:10B2E000012029490870E0882081284800782249F7
:10B2F0004843606301E716E02078A0B9032020707E
:10B30000002084F8240060701E48184A06CA06C04F
:10B3100001201D490870E08820811C4800781649EA
:10B3200048436063E9E600BFE7E60000B2000020A2
:10B33000B0000020B4000020240D0020B402002042
:10B34000CC05002064020020580000206802002084
:10B35000DA020020B60000207802002073020020EC
:10B360006502002079020020680300208404002088
:10B3700066000020D40E00208051010062000020F1
:10B38000AC00002070030020FF02002074020020A7
:10B3900030B50A460369B3F9003013F1140F0ADD22
:10B3A0000023244C2380244C2380244C236001233D
:10B3B000234C23703DE0224B1B78012B03D100234B
:10B3C000C3801F4C23701D4B1B68D11A1B4B1B687D
:10B3D0009A4201D24C1E611C0369B3F90030C3F1DB
:10B3E00000034FF00A0493FBF4F3124C248803FB90
:10B3F0000143104C238023461B8848F6A04493FB4E
:10B40000F4F30D4C248823440B4C2380094B1B88F8
:10B4100048F6A04493FBF4F504FB1533054C238058
:10B42000054B1B884FF00A0493FBF4F3C380034BD6
:10B430001A6030BD840000208C00002088000020AD
:10B440008E0000204178022905D1818D002902DD7E
:10B45000818D491E818590F82410012905D1418DE7
:10B46000002902DD418D491E41854178012905D120
:10B47000818D002902DD818D491E8185417889B940
:10B4800017490978002904DD016B11B1016B491ED0
:10B49000016314490978012904D1416B11B1416B51
:10B4A000491E416310490978012918D10F490978CB
:10B4B000012914D1818F002902DD818F491E8187E6
:10B4C000C18F002902DDC18F491EC18790F8261067
:10B4D000012904D1816B11B1816B491E81637047D1
:10B4E000730200206502002067020020580000203F
:10B4F00003210170002180F8241013490978134AB0
:10B50000514301631249097851434163002141705D
:10B51000104909784FF46162514381631E2181878C
:10B520000D490968C1600C4909682B3101610A495C
:10B5300009680A314161012180F825104DF2D86176
:10B540008161C161704700007302002080510100D9
:10B550007402002072020020CC0200202DE9F05F6E
:10B5600004460D460026FE480068B0F802B0FD48CB
:10B57000807818B90020A087BDE8F09FFA480078CD
:10B5800030B9F8488078401E40B284F82000F3E7D4
:10B590002069B0F90000002805DA20690088ABEBCB
:10B5A00000001FFA80FBEE480068808AABEB0000C9
:10B5B0001FFA80FBED48007801287DD1EC48007827
:10B5C0000128FAD1E08F002877D1D5F80C8014211A
:10B5D000E848006807F020FE07460821E5480068B3
:10B5E00007F01AFE8146E448D0E90010E34B194009
:10B5F00000204140404001430AD00520E049087046
:10B60000E04800784FF461614843DF490968886386
:10B61000DE48007801280DD10020DC4908700520A3
:10B62000D7490870D74800784FF461614843D6493C
:10B63000096888632069B0F9000010F1320F1ADA46
:10B64000D3480078012816D1D2480078401CD1494F
:10B65000087008460078962810DD00200870052044
:10B66000C7490870C74800784FF461614843C6492C
:10B670000968886302E00020C6490870A06B0028B2
:10B680007ED000200EE00121814001EA080139B19D
:10B69000395C29B919F80010022901D1711CCEB208
:10B6A000411CC8B2AF4989788142ECDC4FF47A7012
:10B6B0000BFB00F0B84901E099E397E30978714387
:10B6C00001EB8101490090FBF1F01FFA80FAAC48D0
:10B6D0000078002870D1B148007800EB8000BAEB08
:10B6E000400F03DA701EAE49087014E0AD480078D0
:10B6F00000EB8000BAEB400F03DD701CA849087016
:10B7000009E0A748067097484078012802DD01202B
:10B7100084F8260030E7A2480078B04216DD012008
:10B7200097490870974800784FF4616148439649FB
:10B7300009688863002084F8260084F827003220F6
:10B74000994908809620994908704FE394480078F9
:10B75000B042FADA9648007891490978884226DCA6
:10B7600000209149088002208549087085480078AA
:10B770004FF461614843844909688863002000E010
:10B78000E2E184F8260084F82700012EDDDD686AF6
:10B79000A061A0697043711E90FBF1F0A0614CF2B2
:10B7A0005031A0698842D0DAA06968621EE30120A6
:10B7B00084F82600E0E6FFE771480078012839D1D7
:10B7C000002194F920002FE0421C50B2654A927883
:10B7D000824205D100204A1CD1B2012900DD24E0BB
:10B7E0000122824002EA0802D2B13A5C012A1BD14E
:10B7F00019F80020022A17D1421C85F844200F2294
:10B8000085F84520012285F8422000222A61012284
:10B810005F4B1A7006225A4B1A7084F82000ABE670
:10B82000504A527802B900E0CEE700BF0022544BE4
:10B830001A70A1E65248007802287ED1574909784B
:10B8400001EB8101BAEB410F04DD00214C4A11707C
:10B8500053490E7054490988491C534A11801146B6
:10B860000988322900DA87E6002094F8201084F84D
:10B8700022105CE094F822200121914001EA0801A5
:10B88000D1B394F92210795CB9BB94F9221019F85C
:10B890000110022936D13E49097819BB2169B1F955
:10B8A000001011F10A0F03DA0521354A117063E621
:10B8B0002169B1F900100A2903DD0121344A117010
:10B8C00010E03C490978022903D03A490978012956
:10B8D00003D101212E4A117004E0012184F82810BF
:10B8E0001E21A187C821344A11700321244A1170F6
:10B8F00000212D4A11803FE600E003E01949497814
:10B9000001B915E014F8221F491E49B2217014F93B
:10B91000221900290BDA13498978491E49B284F8A3
:10B920002210411CC8B2012801DD01E005E0A1E7B9
:10B9300000BF0521124A11701EE611480078032845
:10B9400078D1012E09DD686AA061A0697043711E7B
:10B9500090FBF1F0A061A0696862134800882DE0B7
:10B96000CC020020680C0020DC02002067020020CE
:10B9700058000020D0020020E8020020EE07072037
:10B98000920000207202002068000020DD020020EA
:10B99000DB02002097000020700C00206F020020C6
:10B9A00093000020700200209000002094000020EE
:10B9B0006E020020DA02002095000020401CFE49A3
:10B9C0000880A08F10B9FD48007838B1FA48008887
:10B9D000322837D1F9480078012833D1E06800884F
:10B9E00041F2F221884226DB00202034207201201F
:10B9F000F2490870A078401C85F844000F2085F8B3
:10BA00004500012085F842002861A078401E40B220
:10BA1000207014F92009002805DAE9488078401ED2
:10BA200040B284F820000720E64908700020E2496F
:10BA30000880A1E514E0002084F828000520E149F1
:10BA4000087099E5E068008841F2F221884206DA40
:10BA5000002084F82800A0870520DA4908708BE5CB
:10BA6000D848007804280BD1D7480078401ED64922
:10BA700008700846007810B90020D24908707BE5AC
:10BA8000D0480078052827D1D0480088E087D048E2
:10BA900000784FF461614843CE490968886300200B
:10BAA000C849087084F82600C3490880CA4908704C
:10BAB00084F82800C148007801280CD1002085F8BE
:10BAC00044000F2085F84500012085F84200002041
:10BAD0002861BA49087089E1BA480078062816D169
:10BAE00094F92000385C30B96420B749087004200C
:10BAF000B449087040E5B9480078401EB74908705D
:10BB00000846007810B90020AE49087034E5AD4809
:10BB100000780728DFD194F92000401C385C012808
:10BB200006D16420A84908700420A649087023E5BE
:10BB3000AB480078401EAA4908700846007810B942
:10BB40000020A049087017E5A06B0028C3D194F825
:10BB5000270018B9012084F827000DE594F8270084
:10BB600001282DD114F8200F401C40B2207014F988
:10BB7000200993498978884202D1002084F8200066
:10BB800094F9200019F80000022812D114F8200FAF
:10BB9000401C85F844000F2085F84500012085F8F9
:10BBA0004200002028610320E071FE206072203CEA
:10BBB00005E0032084F82700012084F82900DBE455
:10BBC00094F82700022834D194F9210094F9201028
:10BBD00088420FD1002084F82800A08705207949E9
:10BBE00008707B4800784FF46161484379490968DF
:10BBF0008863C1E494F9210019F80000022811D1EA
:10BC000014F8210F401C85F844000F2085F84500EA
:10BC1000012085F8420028610420A07132202072A2
:10BC2000213C05E0042084F82700012084F8290045
:10BC3000A2E494F82700032819D194F92000385C75
:10BC400050B914F8290F401E207014F8290968B95A
:10BC5000022084F8270009E014F8290F401E207004
:10BC600014F8290910B9012084F8270084E494F815
:10BC70002700042875D194F92100385C01283FD1B0
:10BC8000052184F8271096214F4A117094F921203C
:10BC90004B498978491E8A4202D1FF2184F821103C
:10BCA00094F82110491CC8B20CE00121814001EA3E
:10BCB000080129B1395C19B941B284F8211005E0B5
:10BCC000411CC8B23E4989788142EEDC00BF3C4944
:10BCD0008978814213D100200CE00121814001EAE2
:10BCE000080129B1395C19B941B284F8211005E085
:10BCF000411CC8B2324989788142EEDC00BF45E080
:10BD000014F8290F401E207014F8290950BB022195
:10BD100084F8271094F9212029498978491E8A42FC
:10BD200002D1FF2184F8211094F82110491CC8B2D7
:10BD30000CE00121814001EA080129B1395C19B9FF
:10BD400041B284F8211005E0411CC8B21C49897831
:10BD50008142EEDC00BF1A498978814215D100206A
:10BD60000EE014E012E00121814001EA080129B14E
:10BD7000395C19B941B284F8211005E0411CC8B200
:10BD80000F4989788142EEDC00BF00BFC2E494F81D
:10BD9000270005282AD10C480078401E0A4908705F
:10BDA0000846007808BB012084F82700084800787E
:10BDB0004FF46161484315E090000020DB02002051
:10BDC000680C00209200002096000020D200002085
:10BDD00072020020680000209300002094000020E0
:10BDE0009500002015490968886393E424E0002049
:10BDF0002034E08312488078401E40B2207000203A
:10BE000060702072203C0F480078012814D1002077
:10BE10000D4908700B49087084F826000B4908800A
:10BE20000B49087085F844000F2085F84500012073
:10BE300085F842000020286100BF6BE46800002004
:10BE4000680C0020DB0200209200002090000020FF
:10BE5000930000202DE9F04F87B004460E46374688
:10BE60000020069005906A48B0F800906948B0F844
:10BE700000A000200490F868039001216648006843
:10BE800007F0CAF9029014216348006807F0C4F96A
:10BE90000190002061490968488000BF17E0012136
:10BEA0008140039A114081B10199095C69B90299F5
:10BEB00031F810100A2291FBF2F1584A12685288A8
:10BEC000114409B2554A12685180411CC8B2202859
:10BED000E5DB5248006840882169B1F900108842CA
:10BEE00007DD4E48006840882169B1F90010401A0A
:10BEF00000E00020616908804948008864214843C7
:10BF000078626078012803D10AEB8A00400002E0E1
:10BF100009EB8900400085B242480078F0B96078AA
:10BF2000012804D04048B0F9000014286CDB01203F
:10BF30003C49087039480068B0F9000000EB800007
:10BF40004FF6FF7101EA4008294640460CF0D4F84C
:10BF50003649088000203649088055E0314800788D
:10BF6000012851D133480078401C324908700846F6
:10BF70000078192811DB2C48B0F90000C0F16400EA
:10BF80000FFA80FB41F25C232A4628495846ECF719
:10BF90002BFA00202749087000BF244800884BF284
:10BFA0009871884206DD21480088A84202DA002004
:10BFB0001F49088020480088C0EB00104FF6FF7131
:10BFC00001EA80082069B0F90000A18809B288421E
:10BFD00003DD17480088404511DD18480088002817
:10BFE00003DD16480088401E00E000201349088049
:10BFF0000846008838B900200A49087003E04FF469
:10C0000096700E49088000BF07B0BDE8F08F0000B1
:10C01000A8000020AA000020D0020020CC020020AE
:10C02000E002002062000020980400207C00002034
:10C03000800000209B040020B80000206600002043
:10C0400070B506460C462048007801283AD11F48B2
:10C050001F4909784056401CF8B10E211D48006860
:10C0600007F0DAF80546194819490978405635F8B5
:10C0700010002061154816490978405C401C84F87E
:10C080004400012084F84200072084F8450010484D
:10C090000078401C0E49087014E00C480C490978DF
:10C0A0004056401C70B90A480078401C0849087086
:10C0B000084600781E2805DB02200349087000208E
:10C0C0000349087070BD0000590000208C15002045
:10C0D0006D000020D002002070B504462C48006896
:10C0E000B0F926202B48008800EB80004000486112
:10C0F0002948007801281AD1A2F6C41528B2B0F553
:10C10000FA6F01DD4FF4FA6010F5FA6F00DA234898
:10C11000234D2D884543642695FBF6F51D4E368844
:10C1200006EB8606C5EB4605ABB24B6100BF1D486A
:10C13000008800EB800040008861174800780128E3
:10C140001AD1A2F6C41528B2B0F5FA6F01DD4FF48A
:10C15000FA6010F5FA6F00DA1048114D2D8845434A
:10C16000642695FBF6F50F4E368806EB8606C5EB82
:10C170004605ABB28B6100BF0B480078012805D1A2
:10C180000A480088486109480088886170BD00003D
:10C19000CC020020A80000206B02002030F8FFFF36
:10C1A000F6000020AA000020620000207C00002091
:10C1B000704770472DE9FC5F0C464FF0000A0025E0
:10C1C000261D3068C0F38540F74908703068C0F319
:10C1D0000460F64908703068C0F38B10F449088099
:10C1E000307800F03F0008B9BDE8FC9F307800F0DF
:10C1F0003F00401EEF490870EC480078012812D03B
:10C20000EA48007802280FD1E748007804280AD1CC
:10C21000002006E004F10801095CE74A1154411CC2
:10C22000C8B20428F6DB2FE2E0480078042804D1E5
:10C23000DD4800780128F6D026E2DC48007807289F
:10C2400031D1D94800780128EDD0D74800780528A9
:10C25000E9D0D54800782A28E5D0D34800780428CA
:10C26000E1D1617A207A401ED44A02EBC0004078C6
:10C2700061F30710217A491E02EBC1014870618900
:10C28000207A401E02EBC000C180A08900EB800034
:10C290004FF6FF7101EA4001207A401EC84A02EBC6
:10C2A000C0008180F0E1C148007808287ED1BE48F6
:10C2B00000780128B7D0BC480078032877D1BC4863
:10C2C0000088C0F30B00B0F5807F71D10020BD491C
:10C2D00008700120BC490870207A00F03F09B9F1CC
:10C2E000000F32D16089B94909688882B749096865
:10C2F000888A0CF053FF83460CF06CFD07464FF024
:10C300003332B34B0CF03CFBCDE900010CF0A4FA46
:10C31000AE4909688882A089AC4909684883AB495D
:10C320000968488B0CF03AFF83460CF053FD4FF040
:10C330003332A74BCDE900010CF022FB07460CF08D
:10C340008BFAA249096848836EE0B9F1010F36D132
:10C3500060899E490968C8829C490968C88A0CF0AE
:10C360001DFF83460CF036FD07464FF03332984BE5
:10C370000CF006FBCDE900010CF06EFA9349096858
:10C38000C882A08991490968888390490968888B87
:10C390000CF004FF83460CF01DFD4FF033328C4B44
:10C3A000CDE900010CF0ECFA074602E01EE17EE068
:10C3B0003BE00CF051FA85490968888334E0B9F113
:10C3C000020F31D160898149096808837F49096872
:10C3D000088B0CF0E3FE83460CF0FCFC07464FF0A4
:10C3E00033327B4B0CF0CCFACDE900010CF034FA7F
:10C3F000764909680883A08974490968C883734924
:10C400000968C88B0CF0CAFE83460CF0E3FC4FF0C1
:10C4100033326F4BCDE900010CF0B2FA07460CF055
:10C420001BFA6A490968C8832EE161480088C0F395
:10C430000B00B0F5887FF7D10021624A117001210D
:10C44000614A1170217A01F03F0070B961895F4A39
:10C45000126811805D4909680988B1F5FA5F25DD28
:10C46000A1895A4A1268D18020E001280ED1618941
:10C47000564A12685180554909684988B1F5FA5FF2
:10C4800014DDA189514A1268D1800FE002280DD134
:10C4900061894E4A126891804C4909688988B1F5D2
:10C4A000FA5F03DDA189494A1268D180ECE03E4879
:10C4B00000780528B8D03C4800781128B4D03A4814
:10C4C00000781228B0D0384800781828ACD0364808
:10C4D00000782A2850D13648008800F47F60B0F5F3
:10C4E000807FA1D13B49D1F800A0CD68C8213A4A4C
:10C4F000304B1B78D1543749C86900212D4A127836
:10C50000A9542C4A12782AF8121034490968294A89
:10C510001278C2EBC202324B53F8222091420DD85E
:10C52000617A244A1278A9546189224A12782AF839
:10C530001210204A1278E16840F8221025490D694E
:10C540001C490978695C01F0F001194A127802F07F
:10C550000F021143174A1278A9541E498D6901210F
:10C56000144A1278A954217A01F0400119B102212C
:10C57000104A1278A95487E00B480078042812D199
:10C580001E201849087020891749096808846089A5
:10C59000154909688883A08913490968C883E08917
:10C5A0001149096848846FE07D0E00207E0E00204E
:10C5B000800E00207F0E0020790E002094010020C4
:10C5C000A4010020880E0020890E0020F002002027
:10C5D0003333EF3FAC150020387D00208C04002061
:10C5E000A0780020DE0E0020CC0200202748007832
:10C5F0000B2848D126480078052845D024480078E3
:10C60000032841D1217A01F03F0058B92149097826
:10C6100041F001011F4A11701F490A68D4F809103E
:10C6200091601AE001280BD11A49097841F0020102
:10C63000184A117018490A68D4F80910D1600CE042
:10C6400002280AD11349097841F00401114A1170F6
:10C6500011490A68D4F8091011610E4909780729AF
:10C6600010D100210B4A11700B49096889680A4AE8
:10C670001268D2681144084A126812691144064AC5
:10C680001268116200E000BF00BFADE57E0E002021
:10C690007D0E0020780E0020F002002070B50646C6
:10C6A00000243EE0204850F8240088B31F4810F8CA
:10C6B00024001D4911F82410401A45B2002D20DD38
:10C6C0003C2D1EDC1A4850F824002844184941F833
:10C6D0002400164850F82400134941F82400144A55
:10C6E00032F824106200521CD0B208F0EBFF104A5E
:10C6F00002EB840251886200921CD0B208F0E2FF83
:10C700000DE00A4850F82400074941F8240006E0EB
:10C71000FFE7064850F82400034941F82400601C54
:10C72000C4B2062CBEDB70BD8C7D0020A47D002031
:10C73000BC7D00202DE9F04180460D461646374667
:10C740002C1D2068C0F38540F9490870207800F05E
:10C750003F0010B90020BDE8F081207800F03F00D4
:10C76000401EF4490870F448007801285CD1206824
:10C7700020F47C0000F580202060206820F0F85034
:10C7800000F1806020608021206861F391102060BA
:10C79000206820F03F002060002068700820A8700A
:10C7A000E6488188E648B0F8030061F38F00E44969
:10C7B000A1F80300E1480068810DE148408861F379
:10C7C0008910DF494880DD480068410CDC488078EA
:10C7D00061F34500DA498870D8480068010BD848F1
:10C7E000B0F8010061F30810D549A1F80100D34861
:10C7F00000888109D248008861F38B10D0490880F5
:10C80000CE480078097860F30501CD4801700168D1
:10C81000A960007928730120CA4908700020C64920
:10C820000870C9490880A3E1C848007800284FDD96
:10C83000206820F47C0000F528002060206820F0AB
:10C84000F85000F1E0602060C1480178206861F391
:10C8500091102060BF480178206861F305002060D6
:10C86000002068700820A8700020A860E860B84820
:10C87000007851280DD1B7480078401EC0EBC000A9
:10C88000B54901EB80022946B0480078EAF7FAFF83
:10C8900017E0AF480078522813D1AE4800780F282F
:10C8A00002D10020AB490870AA4800782230C0EBC2
:10C8B000C000A94901EB80022946A4480078EAF7A4
:10C8C000E1FF0020A149087001209E4908704FE156
:10C8D000A2480078002873DD206820F47C0000F571
:10C8E00028002060206820F0F85000F1E06020600F
:10C8F0009A480178206861F3050020600020687084
:10C900000820A87096480078A8B98021206861F3B3
:10C910009110206091480078401EC0EBC0008E4905
:10C9200001EB800103C9C5E9020101208C490870AF
:10C93000844908700FE78A480078012817D18121BF
:10C94000206861F39110206084480078401EC0EB9D
:10C95000C000814901EB80008168A960C068E8607F
:10C9600002207F490870012076490870F3E67C4870
:10C9700000780228ABD18221206861F391102060F9
:10C9800076480078401EC0EBC000734901EB800080
:10C990000169A9604069E8600020714908700120C0
:10C9A000684908706D480078401C6C49087008465A
:10C9B0000078222801DD002008700020CBE6FFE788
:10C9C00068480078012838D1206820F47C0000F500
:10C9D00040202060206820F0F85000F100602060C6
:10C9E0004FF48871206861F391102060206820F076
:10C9F0003F002060002068700820A870002005E03B
:10CA0000002205F108010A54411CC8B20828F7DBCE
:10CA10000020287254480078012803D145F6D81127
:10CA2000698103E0514800680188698102204D490D
:10CA300008700120434908708DE64A4800780228B2
:10CA400038D1206820F47C0000F540202060206868
:10CA500020F0F85000F1006020604FF488712068E9
:10CA600061F391102060206820F03F0020600020DA
:10CA700068700820A870002005E0002205F1080178
:10CA80000A54411CC8B20828F7DB01202872364836
:10CA90000078012803D145F6D811698103E03348B5
:10CAA00000684188698103202E49087001202549CA
:10CAB000087050E62B480078032859D100202949F6
:10CAC0000870206820F47C0000F540202060206879
:10CAD00020F0F85000F1006020604FF48871206869
:10CAE00061F391102060206820F03F00206000205A
:10CAF00068700820A870002005E0002205F10801F8
:10CB00000A54411CC8B20828F7DB022028721648D4
:10CB10000078012803D145F6D811698103E0134854
:10CB2000006881886981012006490870002012E6AA
:10CB30007D0E00207F0E0020A60E00208404002021
:10CB4000630E0020A50E0020980E0020600E00202D
:10CB5000610E0020620E0020A0780020A70E0020A9
:10CB6000A90E0020DD0E0020D9020020F0020020D6
:10CB700091480078012824D13C2090490870002079
:10CB80008D490870206820F47C0000F5402020606A
:10CB9000206820F0F85000F1306020604FF4807180
:10CBA000206861F391102060206820F03F00401C55
:10CBB0002060012068700020A860E86001208049A2
:10CBC00008708048007801282ED100207D49087027
:10CBD000206820F47C0000F580102060206820F0A0
:10CBE000F85000F1E06020600021206861F39110AE
:10CBF0002060206820F03F00401C2060002068700A
:10CC00000820A870032028726F48017869726F4865
:10CC1000B0F900106981002129736973A973E97360
:10CC2000012067490870C4E06648007802284ED1A8
:10CC3000002064490870206820F47C0000F5801012
:10CC40002060206820F0F85000F1E06020600021B2
:10CC5000206861F391102060206820F03F00401CA4
:10CC60002060002068700820A8705748007828725B
:10CC700055480078042802D10120534908705248D1
:10CC80000078401E524901EBC000407801096972EA
:10CC90004D480078401E4E4901EBC000C1886981B3
:10CCA00049480078401E4B4901EBC00080880A21AA
:10CCB00090FBF1F0A88144480078401E454901EB03
:10CCC000C000C188E98101203D49087071E03D48FC
:10CCD0000078032820D104203A490870206820F405
:10CCE0007C0000F580102060206820F0F85000F1F2
:10CCF000E06020600021206861F3911020602068CE
:10CD000020F03F00401C2060002068700120A870C7
:10CD100028722B4908701EE52A480078042822D181
:10CD2000002028490870206820F47C0000F580105D
:10CD30002060206820F0F85000F1E06020600021C1
:10CD4000206861F391102060206820F03F00401CB3
:10CD50002060002068700120A87002202872012045
:10CD60001749087025E017480078052821D10020D0
:10CD700014490870206820F47C0000F580102060C1
:10CD8000206820F0F85000F1007020600021206839
:10CD900061F391102060206820F03F00401C20606B
:10CDA000002068700120A87000202872012004492A
:10CDB00008700020CFE400004C0D0020DC0E0020A5
:10CDC000A50E00208C0C00208D0C00208E0C002065
:10CDD00094010020A40100202DE9F04781464E482F
:10CDE000006800287ED04D480068006A4A490968FA
:10CDF000884208D349480068006A47490968401AD0
:10CE00004749086009E044480068C0F1FF304349E1
:10CE10000968096A084442490860414800680728CF
:10CE20000ED940480078401C3E49087008460078FA
:10CE3000052803DD0020087037490860BDE8F08749
:10CE400039483A49097850F821003949374A127867
:10CE500031F81210324A126802FB01003249334A9B
:10CE6000127841F822000A463048017831480068BB
:10CE7000F9F774FC30482D49097850F82100284909
:10CE8000096808442C49294A127841F822000868A8
:10CE90000CF084F980460BF09DFF0646274A284B8C
:10CEA0000BF06EFD04460BF0D7FC26490860224AC1
:10CEB0001E4801781F480068F9F750FC1B480078AD
:10CEC000002815DD184841691948184A127830F8C9
:10CED0001200134A126802FB0010134948611648F9
:10CEE000406900E009E00E490968084412494861B8
:10CEF000154800780D49087003E0134800780B4985
:10CF000008703C201149087004480068006A024912
:10CF1000086000BF92E70000900E0020F0020020A1
:10CF20008C0E00208B0E0020747D00204B0D002005
:10CF3000C6010020A40400205C7D0020295C8FC273
:10CF4000F528F03F940E0020DA020020DC0E0020CD
:10CF500010B50446384988681021E5F7DBFB3648F0
:10CF600040690021016041603349086A2021E5F7EA
:10CF7000F3FB002141E0C1EBC102304B03EB820225
:10CF8000D27D1011082836DA2B4A926832F8102028
:10CF9000294B1B6833F811301A44274B9B6823F840
:10CFA0001020254A126A52F82020234BDB6953F8DF
:10CFB00021301A44204B1B6A43F820201E4AD268B5
:10CFC000525C02F007023AB11B4A5269125C42F00D
:10CFD0000102194B5B691A54174AD268525C02F07D
:10CFE0004002402A07D1144A5269125C42F04002C2
:10CFF000114B5B691A54481CC1B22229BBDB0020CB
:10D000000F49088000BF13E00B490A6A411C52F81F
:10D0100021100C4A42F8201007498A68411C32F856
:10D020001110074A12881144054A1180411CC8B2E8
:10D030000628E9DB10BD0000AC150020A078002018
:10D04000680E0020A47D002010B504460648006844
:10D050003C2808D30020044908602046FFF71EFB47
:10D060002046FFF7B9FE10BD540D002070B50546EF
:10D0700002231078302802DB1078462801DD0020DA
:10D0800070BD5078302802DB5078462801DD002042
:10D09000F6E70020087012E01078402802DA1078D5
:10D0A0003038C4B21078402802DD10783738C4B266
:10D0B000521C08789E0004FA06F6304308701800E7
:10D0C000A3F10106F3B2E7D10120D9E77CB506460A
:10D0D0000D461446224601A9304600F01FFC621C92
:10D0E0000DF10501304600F019FCA21C0DF10601FE
:10D0F000304600F013FCE21C0DF10701304600F051
:10D100000DFC9DF804009DF8051008449DF80610DC
:10D1100008449DF80710084400F00F0008B10020F3
:10D120007CBD0020009022466946304600F0D2F8CF
:10D13000BDF80000C0F30B0028800120F0E770B5B7
:10D14000044602230EE09D0042FA05F505F00F00AB
:10D150000A2803DA00F130050D7002E000F137050E
:10D160000D70491C1D00A3F10106F3B2EBD170BD97
:10D170002DE9F04F05460C464FF00008C146C24667
:10D180000026B3460027C4F30328C4F3031904F0B0
:10D190000F0A08EB090101EB0A00C11700EB11713E
:10D1A0000911A0EB0111C943491CCEB23007060E8C
:10D1B00044EA06274FEA172B686900F109015A462D
:10D1C0002846FFF7BCFF07F0FF0B686900F10B0171
:10D1D0005A462846FFF7B3FFBDE8F08F21B9222257
:10D1E00082720022C2721AE0012904D122228272C4
:10D1F0000122C27213E0022904D112228272022299
:10D20000C2720CE0032904D1102282720322C2727E
:10D2100005E0042903D1122282720422C2727047EF
:10D2200038B504460D46002061690870E081A071A0
:10D23000EA1D611D2046FFF719FF6A1D211D2046CA
:10D24000FFF714FFEA1CE11D2046FFF70FFF6A1CE1
:10D2500004F108012046FFF709FFE0791C4909782D
:10D26000884201D0022038BD05F1090204F10C0109
:10D270002046FFF72BFF08B90020F4E700200090BC
:10D28000A0890D3042196946204600F023F801209C
:10D2900007E0295CBDF80020114489B20091411CCF
:10D2A00088B2A1890D318142F3DCBDF8000050B194
:10D2B0000220A071E1892046FFF75AFF204600F0C6
:10D2C000ABF80020CFE705F10D0020600120CAE790
:10D2D000B2020020F0B506460B4604241078302830
:10D2E00002DB1078462801DD0020F0BD50783028A0
:10D2F00002DB5078462801DD0020F6E790783028E0
:10D3000002DB9078462801DD0020EEE7D078302857
:10D3100002DBD078462801DD0020E6E7002111E09D
:10D320001078402802DA10783038C5B210784028DA
:10D3300002DD10783738C5B2521CA70005FA07F095
:10D34000084381B22000A4F10107FCB2E8D11980A2
:10D350000120CAE778B506460D46144620783028E5
:10D3600002DB2078462801DD002078BD6078302877
:10D3700002DB6078462801DD0020F6E7A07830283F
:10D3800002DBA078462801DD0020EEE7E0783028B7
:10D3900002DBE078462801DD0020E6E7207930282E
:10D3A00002DB2079462801DD0020DEE760793028A5
:10D3B00002DB6079462801DD0020D6E7A07930281D
:10D3C00002DBA079462801DD0020CEE7E079302895
:10D3D00002DBE079462801DD0020C6E7002000904E
:10D3E000A21D0DF103013046FFF740FE221D0DF195
:10D3F00002013046FFF73AFEA21C0DF10101304652
:10D40000FFF734FE224669463046FFF72FFE0098AC
:10D4100028600120A9E7000070B5044600257E20A1
:10D4200061690870A27A6069411C2046FFF787FE97
:10D430006069C11C214802782046FFF780FE2279EE
:10D440006069411D2046FFF77AFEA2796069C11D1F
:10D450002046FFF774FE012005E06169095C29445C
:10D460008DB2411C88B2E1890D318142F5DC28463C
:10D47000E91705EB11410914A5EB0141C943491C0A
:10D480008DB22E0AE0890D306269111832462046AD
:10D49000FFF755FEEEB2E0890F306269111832468F
:10D4A0002046FFF74CFE0D21E089113062691154CE
:10D4B0000021E08912306269115470BDB20200206F
:10D4C00030B504460D46A571E1892046FFF750FEB0
:10D4D0002046FFF7A1FF30BD70B504460D46164645
:10D4E000012E08D1E0890D30626911182A462046C4
:10D4F000FFF725FE08E02021E0890D306269115414
:10D50000E0890E3062691154E089801CE08170BDB1
:10D5100077B505461646002407E001A8015D3246AE
:10D520002846FFF7D9FF601CC4B2042CF5DB7EBD92
:10D5300037B5044615469DF805102A462046FFF7E4
:10D54000CBFF9DF804102A462046FFF7C5FF3EBDDD
:10D5500010B5044660794F2809D10020A071E189F7
:10D560002046FFF705FE2046FFF756FFD3E160791E
:10D57000502809D10020A071E1892046FFF7F8FD6D
:10D580002046FFF749FFC6E1207A12286FD1A0722A
:10D59000E079E14909788842E8D16079412833D1BE
:10D5A0002079402803D1204600F014FAB3E1207915
:10D5B000412803D1204600F085FCACE120794228C7
:10D5C00003D1204600F0DAFEA5E12079432803D1FB
:10D5D000204602F0FDFB9EE12079E22803D120469F
:10D5E00003F010FC97E120794A2803D1204602F08D
:10D5F000C5FD90E10420A071E1892046FFF7B8FD48
:10D600002046FFF709FF86E16079432825D120797C
:10D61000402803D1204600F091FA7CE1207941288E
:10D6200003D1204600F0D6FC75E12079432803D1D0
:10D63000204602F03BFC6EE120794A2803D12046C7
:10D6400002F08AFF67E10420A071E1892046FFF71C
:10D650008FFD2046FFF7E0FE5DE1607944283BD175
:10D660002079402804D1204600F0AAFA53E12FE1A6
:10D670002079412803D1204600F02AFD4BE1207992
:10D68000422803D1204600F0CFFF44E1207943280F
:10D6900003D1204602F068FC3DE12079E12803D166
:10D6A000204603F017FB36E12079E22803D120461B
:10D6B00003F044FC2FE120794A2803D1204602F0F0
:10D6C000BBFF28E10420A071E1892046FFF750FD4F
:10D6D0002046FFF7A1FE1EE16079452817D1207989
:10D6E000412803D1204600F067FD14E1207943284A
:10D6F00003D1204602F09AFC0DE10420A071E189DB
:10D700002046FFF735FD2046FFF786FE03E16079EE
:10D71000462825D12079402803D1204600F0DAFAA6
:10D72000F9E02079422803D1204601F037F8F2E0F1
:10D730002079E22803D1204603F084FCEBE0207935
:10D740004A2803D1204603F095F9E4E00420A071B3
:10D75000E1892046FFF70CFD2046FFF75DFEDAE089
:10D76000607948281ED12079402803D1204600F056
:10D770001DFBD0E02079422803D1204601F0FAF9C0
:10D78000C9E020794A2803D1204603F015FAC2E007
:10D790000420A071E1892046FFF7EAFC2046FFF74C
:10D7A0003BFEB8E06079802803D1204601F08EFD71
:10D7B000B1E06079A02803D1204603F0AFFAAAE0D7
:10D7C0006079A12803D1204603F0D4FAA3E0607960
:10D7D000A32803D1204603F011FD9CE06079A42822
:10D7E00003D1204603F0EEFD95E06079A52803D132
:10D7F000204603F0DBFE8EE06079A62803D12046A8
:10D8000004F0F2F887E06079A72803D1204601F000
:10D81000A5FD80E06079A82803D1204601F0C4FE70
:10D8200079E06079A92803D1204601F049FF72E030
:10D830006079AA2803D1204601F0B2FF6BE060793D
:10D84000AB2803D1204602F0CDF964E06079AC2822
:10D8500003D1204604F0C4FD5DE06079AD2803D11A
:10D86000204604F0DBFE56E060794D2803D12046C7
:10D8700005F07CF94FE060794E2803D1204605F091
:10D88000B5F948E06079512803D1204605F060FAE7
:10D8900041E06079D42803D1204605F0F1FA3AE05E
:10D8A0006079D82803D1204605F08CFB33E06079FD
:10D8B000DD2803D1204605F031FC2CE00420A071C6
:10D8C000E1892046FFF754FC2046FFF7A5FD22E042
:10D8D000207A222816D1A072E0790F49097888426F
:10D8E00019D16079DD2803D1204605F017FC12E03C
:10D8F0000420A071E1892046FFF73AFC2046FFF79B
:10D900008BFD08E00120A071E1892046FFF730FC83
:10D910002046FFF781FD10BDB202002003461078BB
:10D92000302802DB1078462801DD0020704710788F
:10D93000402802DA1078303808701078402802DD6C
:10D940001078373808700120F0E777B5054616469D
:10D95000002409E0C4F1030001AA115C3246284604
:10D96000FFF7BAFD601CC4B2042CF3DB7EBDF0B53A
:10D9700004460D4616461F46012F12D146B1E089D6
:10D980000D30626911182A462046FFF7D8FB11E0D6
:10D99000E0890D306269111800222046FFF7CFFBA5
:10D9A00008E02021E0890D3062691154E0890E30D1
:10D9B00062691154E089801CE081F0BD416111224F
:10D9C0004272222282720022C272028200234382A9
:10D9D00070470000F8B5044600200090617A0122EB
:10D9E0002046FFF779FD694620462268FFF73EFB97
:10D9F00020B906212046FFF763FDF8BD9DF8000021
:10DA0000FF2804D1012211462046FFF765FD0122BF
:10DA100011462046FFF760FD4549096808880BF06C
:10DA2000BDFB064643490BF06FFA05460122294625
:10DA30002046FFF76DFD3E49096848880BF0AEFBB4
:10DA400006463C490BF060FA05460122294620466D
:10DA5000FFF75EFD3649096888880BF09FFB064694
:10DA600034490BF051FA0546012229462046FFF7BA
:10DA70004FFD2F490968C8880BF090FB06462E49D8
:10DA80000BF042FA0546012229462046FFF740FDE9
:10DA9000012211462046FFF71FFD25490968086A43
:10DAA0000BF07CFB064624490BF02EFA05460122BA
:10DAB00029462046FFF72CFD012200212046FFF7D2
:10DAC0000BFD1B490968888A0BF068FB064619495B
:10DAD0000BF01AFA0546012229462046FFF718FDE9
:10DAE00013490968C88A0BF059FB064611490BF027
:10DAF0000BFA0546012229462046FFF709FD0C498D
:10DB00000968088B0BF04AFB06460A490BF0FCF942
:10DB10000546012229462046FFF7FAFCE189204606
:10DB2000FFF726FB2046FFF777FC00BF65E7000004
:10DB3000F00200200000C8420000204118B5044651
:10DB400000200090617A01222046FFF7C5FC69465B
:10DB500020462268FFF78AFA20B906212046FFF7FF
:10DB6000AFFC18BD9DF80000FF2804D1012211462A
:10DB70002046FFF7B1FC012211462046FFF7ACFC1E
:10DB8000012202212046FFF7A7FC01221146204670
:10DB9000FFF7A2FC0122094801782046FFF79CFC10
:10DBA000012200212046FFF797FCE1892046FFF77C
:10DBB000DFFA2046FFF730FC00BFD2E7F60C00206A
:10DBC00038B5044600200090617A01222046FFF714
:10DBD00083FC694620462268FFF748FA20B90621EF
:10DBE0002046FFF76DFC38BD9DF80000FF2804D1EA
:10DBF000012211462046FFF76FFC01221146204604
:10DC0000FFF76AFC3248017801222046FFF764FCE6
:10DC10002F48417801222046FFF75EFC2C4881788E
:10DC200001222046FFF758FC2948C17801222046EE
:10DC3000FFF752FC012211462046FFF74DFC00225F
:10DC400005211F20E9F7ECFA054601222946204666
:10DC5000FFF742FC0022E1211720E9F7E1FA05462F
:10DC6000012229462046FFF737FC012202212046E7
:10DC7000FFF732FC002205211A20E9F7D1FA054608
:10DC8000012229462046FFF727FC1148C1790122CD
:10DC90002046FFF721FC012200212046FFF71CFC53
:10DCA000012200212046FFF717FC01220021204617
:10DCB000FFF712FC012200212046FFF70DFCE1894D
:10DCC0002046FFF755FA2046FFF7A6FB00BF8AE77C
:10DCD000EC0C002070B504462E4800880BF05EFA6C
:10DCE00006462D490BF010F905460122294620462B
:10DCF000FFF70EFC294800880BF050FA064626492B
:10DD00000BF002F90546012229462046FFF700FCE8
:10DD1000234800880BF042FA06461F490BF0F4F83E
:10DD20000546012229462046FFF7F2FB1D480088E0
:10DD30000BF034FA064618490BF0E6F805460122C6
:10DD400029462046FFF7E4FB174800880BF026FA27
:10DD5000064611490BF0D8F805460122294620460F
:10DD6000FFF7D6FB012211462046FFF7B5FB012243
:10DD700000212046FFF7CCFB012200212046FFF7BF
:10DD8000ABFBE1892046FFF7F3F92046FFF744FBA0
:10DD900070BD0000BC0000200000C842BA00002096
:10DDA000BE000020C4000020C60000207CB5044650
:10DDB000002001900090694620462268FFF756F93E
:10DDC00020B906212046FFF77BFB7CBD2068821C22
:10DDD00001A92046FFF7BEFA20B906212046FFF729
:10DDE0006FFBF2E79DF8000080280DD12E490198C5
:10DDF0000BF01CFA05460BF099F92C4908802C48C9
:10DE00000068F9F789FB46E09DF8000081280DD1F4
:10DE1000254901980BF00AFA05460BF087F92549C8
:10DE2000088023480068F9F777FB34E09DF800008C
:10DE300082280DD11C4901980BF0F8F905460BF02A
:10DE400075F91D4908801A480068F9F765FB22E05A
:10DE50009DF8000083280DD1134901980BF0E6F9D5
:10DE600005460BF063F91549088011480068F9F779
:10DE700053FB10E09DF8000084280CD10A4901985A
:10DE80000BF0D4F905460BF051F90D49088008480C
:10DE90000068F9F741FBE1892046FFF769F9204660
:10DEA000FFF7BAFA00BF90E70000C842BC000020AC
:10DEB000A4040020BA000020BE000020C4000020FE
:10DEC000C60000202DE9FC5F05460026B046012172
:10DED0003C48006805F0A0F98146032139480068F4
:10DEE00005F09AF9824608213648006805F094F951
:10DEF000074616213348006805F08EF90190697ACB
:10DF000001222846FFF7E8FA2F490968B1F9000015
:10DF10000BF02CF983462D490AF0F6FF0446012246
:10DF200021462846FFF7F4FAB5F80E8001220021B9
:10DF30002846FFF7D1FA00242FE0385D022802D0EE
:10DF4000385D0F2827D1701C86B239F814000BF009
:10DF500025F91E4900900AF0D7FF83460122594651
:10DF60002846FFF7D5FA012211462846FFF7B4FAF2
:10DF70003AF914000BF0FAF8144900900AF0C4FFC3
:10DF80008346012259462846FFF7C2FA01220021A2
:10DF90002846FFF7A1FA601CC4B20D488078A04261
:10DFA000CBDC08F10D006B691918F2B22846FFF7B7
:10DFB000C6F8E9892846FFF7DBF82846FFF72CFA70
:10DFC000BDE8FC9FD0020020CC0200200000C84227
:10DFD000680C00202DE9F05F0546697A0122284689
:10DFE000FFF77AFA08213648006805F015F9064669
:10DFF00014213348006805F00FF980461521304898
:10E00000006805F009F9814605212D48006805F0F2
:10E0100003F983460027BA46B5F80EA00122002175
:10E020002846FFF759FA002434E0305D022802D078
:10E03000305D0F282CD1781C87B218F8041001220B
:10E040002846FFF749FA19F8041001222846FFF77D
:10E0500043FA01221B4801782846FFF73DFA0122C6
:10E0600011462846FFF738FA17480078012805D1ED
:10E07000012200212846FFF72FFA04E00122114671
:10E080002846FFF729FA012200212846FFF724FA43
:10E09000601CC4B20D488078A042C6DC0AF10D00B5
:10E0A0006B691918FAB22846FFF749F8E98928463A
:10E0B000FFF75EF82846FFF7AFF9BDE8F09F0000D4
:10E0C000D0020020C8020020BF020020680C0020FF
:10E0D0002DE9F0470546697A01222846FFF7FCF949
:10E0E0000027B94605213248006805F095F88046BA
:10E0F00008212F48006805F08FF80646B5F80E9005
:10E10000012200212846FFF7E7F900243AE0305DBC
:10E11000022802D0305D0F2832D1781C87B218F85F
:10E12000040000F0010101222846FFF7D5F9012281
:10E1300002212846FFF7D0F9305D0F2805D10122D2
:10E1400011462846FFF7C8F904E0012200212846BD
:10E15000FFF7C2F918F804000121B1EB101F05DA2E
:10E16000012211462846FFF7B7F904E001220021F9
:10E170002846FFF7B1F9012200212846FFF7ACF944
:10E18000601CC4B20B488078A042C0DC09F10D00CD
:10E190006B691918FAB22846FEF7D1FFE9892846BB
:10E1A000FEF7E6FF2846FFF737F9BDE8F0870000E5
:10E1B000D0020020680C00202DE9FC41044600201C
:10E1C0000190009001A920462268FEF74FFF28B970
:10E1D00006212046FFF774F9BDE8FC812068821C07
:10E1E00069462046FEF742FF20B906212046FFF788
:10E1F00067F9F1E79DF80400102804D1012059497E
:10E2000009680870A4E09DF804001F2804D10020CC
:10E210005449096808709BE09DF80400112804D156
:10E22000022050490968087092E09DF804002028F7
:10E2300036D14D4880789DF80010884202DB9DF869
:10E24000000010B90620A07182E00027082147488D
:10E25000006804F0E1FF0646E220A07100251AE004
:10E26000705D022802D0705D0F2812D1781CC7B2F1
:10E270009DF8000087420CD1705D022809D1681C0E
:10E28000C1B200223A48006806F034F80020A071BC
:10E2900005E0681CC5B234488078A842E0DC57E04D
:10E2A0009DF804002F2836D12F4880789DF8001063
:10E2B000884202DB9DF8000010B90620A07147E0FB
:10E2C000002708212948006804F0A6FF0646E2203E
:10E2D000A07100251AE0705D022802D0705D0F2841
:10E2E00012D1781CC7B29DF8000087420CD1705D36
:10E2F000022809D1681CC1B201221D48006805F03E
:10E30000F9FF0020A07105E0681CC5B216488078AE
:10E31000A842E0DC1CE09DF80400302807D1012071
:10E320001449087014480068F9F7F6F810E09DF8F1
:10E3300004003F2807D100200E4908700E480068ED
:10E34000F9F7EAF804E006212046FFF7B9F843E7B9
:10E35000E1892046FEF70CFF2046FFF75DF800BF7D
:10E360003AE7000068000020680C0020D00200207E
:10E37000C00E0020BF020020A40400202DE9F84FA9
:10E38000044600200090617A01222046FFF7A4F89D
:10E39000694620462268FEF769FE28B90621204614
:10E3A000FFF78EF8BDE8F88F9DF80000FF2804D134
:10E3B000012211462046FFF78FF890490968B1F90C
:10E3C00000000AF0D3FE80468D490AF09DFD054607
:10E3D000012229462046FFF79BF888490968B1F9D0
:10E3E0000A000AF0C3FE804686490AF08DFD054604
:10E3F000012229462046FFF78BF883480078A8B908
:10E40000012211462046FFF767F87C490968B1F9F7
:10E4100006000AF0ABFE80467A490AF075FD054613
:10E42000012229462046FFF773F82EE0764800784F
:10E4300000282ADD4FF00008734890F8008000782B
:10E44000062801DD4FF00608012241462046FFF76D
:10E4500043F8002516E06D4850F8250080B16B495F
:10E4600051F82510B1F900000AF080FE8246654996
:10E470000AF04AFD8146012249462046FFF748F846
:10E48000681CC5B2062DE6DB00BF614800880AF0B3
:10E4900085FE81465B490AF037FD05465749096804
:10E4A000B1F92B000AF062FE834656490AF02CFDB2
:10E4B000814652490968B1F902000AF057FE8346C5
:10E4C00050490AF021FD824649460AF0B7FF8046CE
:10E4D00029460AF0B3FF0646002130460AF072FED4
:10E4E00000D20026012211462046FEF7F5FF012248
:10E4F00031462046FFF70CF8012205212046FEF7A1
:10E50000EBFF3E490968B1F900000AF02FFE804692
:10E510003B490AF0F9FC0546012229462046FEF750
:10E52000F7FF3649096888890AF038FE804639497C
:10E530000AF07CFE054638490AF0E6FC07463748F3
:10E5400000880AF02BFE054639460AF06FFE0746A2
:10E550002A480068807A002810DD28490968B1F946
:10E560000A000AF003FE804626490AF0CDFC054663
:10E57000294638460AF0C8FC074600E0284F2949DA
:10E5800038460AF01FFF00D2264F012239462046A6
:10E59000FEF7BEFF1949096888890AF0FFFD804629
:10E5A00017490AF0B1FC0546012229462046FEF72C
:10E5B000AFFF01224FF07E512046FEF7A9FF0F4921
:10E5C0000968B1F926000AF0D1FD80460C490AF02D
:10E5D0009BFC0546012229462046FEF799FF0122B1
:10E5E00000212046FEF778FFE1892046FEF7C0FDB6
:10E5F0002046FEF711FF00BFD4E60000CC02002049
:10E600000000C842000020418A0E0020D4150020DE
:10E61000680E00200000704200401C46B000002040
:10E620000020B4440000B4443EB5044600200290EB
:10E63000617A01222046FEF74FFF002000900190F2
:10E6400050480078002825DD002100201FE04E4AB8
:10E65000125C222A19DA4D4AD2684B4B1B5CD25C01
:10E6600002F0400222B1062902DA03220DF801204D
:10E67000464AD268444B1B5CD25C02F0070212B1DE
:10E6800080228DF806204A1CD1B2421CD0B2062846
:10E69000DDDB05E03E48007810B180208DF80600F3
:10E6A00002A920462268FEF7E1FC20B90621204697
:10E6B000FEF706FF3EBD9DF80800FF2804D10122A9
:10E6C00011462046FEF708FF01231A46314801781B
:10E6D0002046FFF74CF92B480078002814DD012272
:10E6E000284801782046FEF7F7FE002507E01DF8D0
:10E6F000051001222046FEF7EFFE681CC5B2214836
:10E7000000788542F3DB0FE0012211462046FEF738
:10E71000E3FE002203211D20E8F782FD05460122C9
:10E7200029462046FEF7D8FE012200212046FEF7AA
:10E73000D3FE012200212046FEF7CEFE0122032156
:10E740002046FEF7C9FE9DF8061001222046FEF77E
:10E75000C3FE012211462046FEF7BEFE01220E48EE
:10E7600001782046FEF7B8FE012200212046FEF780
:10E77000B3FEE1892046FEF7FBFC2046FEF74CFE87
:10E7800000BF97E78A0E00209A0E0020AC150020EB
:10E79000FA0C0020F40C0020F70C002070B58AB0B1
:10E7A0000646D94800880AF0F9FC0546D7490AF020
:10E7B000ABFB0446012221463046FEF7A9FED448B1
:10E7C00000880AF0EBFC0546D0490AF09DFB0446A0
:10E7D000012221463046FEF79BFECE480078D0B994
:10E7E000012404F1160101223046FEF775FE204691
:10E7F0000AF0D4FC0546012229463046FEF788FE81
:10E80000C54988880AF0CAFC0546012229463046D7
:10E81000FEF77EFE46E0BF480078002839DDBD489F
:10E820000078062835DC18216846E3F795FF0024B8
:10E8300000250FE0B948405D222809DAB64931F8D1
:10E8400015000AF0ABFC2146621CD4B24DF8210041
:10E85000681CC5B2062DEDDB04F11600C1B2012221
:10E860003046FEF739FE20460AF098FC05460122A4
:10E8700029463046FEF74CFE002507E05DF82510DE
:10E8800001223046FEF744FE681CC5B2A542F5DB06
:10E8900008E0A0480078062804DD01221621304651
:10E8A000FEF71AFE9E4800880AF078FC0546974954
:10E8B0000AF02AFB0446012221463046FEF728FED4
:10E8C000984800880AF06AFC054690490AF01CFB4B
:10E8D0000446012221463046FEF71AFE924800887F
:10E8E0000AF05CFC054689490AF00EFB0446012249
:10E8F00021463046FEF70CFE8C4800880AF04EFC9C
:10E90000054682490AF000FB0446012221463046B2
:10E91000FEF7FEFD864800780AF040FC044601221E
:10E9200021463046FEF7F4FD824800780AF036FCB6
:10E930000446012221463046FEF7EAFD7E48007873
:10E940000AF02CFC05467D490AF0DEFA0446012255
:10E9500021463046FEF7DCFD794800780AF01EFCBF
:10E960000446012221463046FEF7D2FD6948007870
:10E9700010BB7449497808090AF010FC06907148E8
:10E980004078000910B90020079002E04FF07E5057
:10E9900007906C49C8880AF001FC04465B490AF0FC
:10E9A000B3FA0890684988880AF0F8FB044667497A
:10E9B0000AF0AAFA099027E056480078002823DDDB
:10E9C000634991F8921401F00F000AF0CFFB069012
:10E9D0005F4890F8920400F00F0010B900200790F3
:10E9E00002E04FF07E5007905949B1F882040AF0D6
:10E9F000D5FB044645490AF087FA08905449B1F816
:10EA000084040AF0CBFB0990012230460699FEF7F8
:10EA10007FFD012230460799FEF77AFD012230463C
:10EA20000899FEF775FD012230460999FEF770FD41
:10EA3000484800780AF0B2FB0446012221463046DD
:10EA4000FEF766FD444800880AF0A8FB05462F49FA
:10EA50000AF05AFA0446012221463046FEF758FDD4
:10EA60003E4800780AF09AFB0446012221463046CF
:10EA7000FEF74EFD3A4800780AF090FB044601226A
:10EA800021463046FEF744FD364800880AF086FBF2
:10EA900005461E490AF038FA04460122214630464E
:10EAA000FEF736FD304800780AF078FB0446012274
:10EAB00021463046FEF72CFD2C4800780AF06EFB0C
:10EAC0000446012221463046FEF722FD2848007800
:10EAD0000AF064FB0446012221463046FEF718FD89
:10EAE00001224FF081413046FEF712FD0122002144
:10EAF0003046FEF7F1FCF1893046FEF739FB30462F
:10EB0000FEF78AFC0AB070BDC20000200000C842B7
:10EB1000C20100208A0E0020D00100209A0E0020A1
:10EB2000A8000020AE000020C8000020CA0000207D
:10EB3000670200206E020020720200200000C04127
:10EB40007102002094010020A40100200000204157
:10EB5000A078002064020020AA0000207302002098
:10EB600065020020AC000020740200207902002021
:10EB7000680200202DE9FC4105460020019000902C
:10EB8000694628462A68FEF771FA28B90621284600
:10EB9000FEF796FCBDE8FC812868821C01A9284686
:10EBA000FEF7D8FB20B906212846FEF789FCF1E7DD
:10EBB0009DF8000080280DD1FE4901980AF036FB2F
:10EBC00004460AF0B3FAFC490880FC480068F8F7EC
:10EBD000A3FC48E39DF8000081280DD1F549019878
:10EBE0000AF024FB04460AF0A1FAF5490880F3482C
:10EBF0000068F8F791FC36E39DF80000A02867DB79
:10EC00009DF80000A52863DCEE480078D0B99DF897
:10EC1000000000F00F04052C13DC01980AF086FABE
:10EC2000E9498880091DE5480068F8F775FC00206F
:10EC3000E6490880E44880880880E5480068F6F7DF
:10EC40004BF910E3DF4800780028C2DD9DF8000092
:10EC500000F00F00461C062E39DC002700240AE0D5
:10EC6000DC48005D222804DA781CC7B2B74200D124
:10EC700003E0601CC4B2062CF2DB00BF062C25DAD0
:10EC800001980AF053FAD04921F81400084600EB25
:10EC90004401CA480068F8F73FFC0020CB490880CF
:10ECA00000BF0DE0CB49095C222907DAC64931F8DB
:10ECB0001010C64A12881144C44A1180411CC8B2BF
:10ECC0000628EFDBC2480068F6F706F900BFCAE283
:10ECD0009DF80000A8280DD1B64901980AF0A6FABF
:10ECE00004460AF023FABC490880B4480068F8F7E3
:10ECF00013FCB8E29DF80000A9280DD1AD49019898
:10ED00000AF094FA04460AF011FAB4490880AB48B4
:10ED10000068F8F701FCA6E29DF80000AA280DD1D2
:10ED2000A44901980AF082FA04460AF0FFF9AC49B6
:10ED30000880A2480068F8F7EFFB94E29DF8000015
:10ED4000AB280ED19B4901980AF070FA04460AF0EC
:10ED5000D1F900B2A349088098480068F8F7DCFBB5
:10ED600081E29DF80000AE2809D101980AF0DEF991
:10ED70009D49087091480068F8F7CEFB73E29DF852
:10ED80000000AF2809D101980AF0D0F9974908701E
:10ED90008A480068F8F7C0FB65E29DF80000B028DB
:10EDA00016D1934901980AF041FA04460AF0BEF9D7
:10EDB00090490870084600784FF4616148438E49D5
:10EDC000096888638B497D480068F8F7A5FB4AE22B
:10EDD0009DF80000B12809D101980AF0A7F98749E8
:10EDE000087076480068F8F797FB3CE29DF8000051
:10EDF000B2285DD17348007818BB01980AF096F9E3
:10EE00007F49497860F307117D48417001466B489E
:10EE10000068F8F781FB01980AF088F97849497A87
:10EE200060F307117648417200F1080163480068F9
:10EE3000F8F772FB042073490870022072490870C9
:10EE400011E2724890F8920400F0F0016F4880F8E7
:10EE5000921401980AF06AF9C0B26C4991F89214C0
:10EE600008436A4981F892040C20694908705220CD
:10EE700068490870072068490870002015E0C0EB59
:10EE8000C001624A02EB8101C97D634A1278B2EB8C
:10EE9000211F08D15D4991F89214C0EBC0025B4B71
:10EEA00003EB82029175411CC8B22228E7DBDAE14C
:10EEB0009DF80000B3285DD14248007818BB019846
:10EEC0000AF034F94E49497860F307114C48417013
:10EED00001463A480068F8F71FFB01980AF026F946
:10EEE0004749497A60F307114548417200F108012A
:10EEF00032480068F8F710FB0420424908700220ED
:10EF000041490870AFE1414890F8920400F0F001E7
:10EF10003E4880F8921401980AF008F9C0B23B49C3
:10EF200091F892140843394981F892040C20384929
:10EF300008705220374908700720374908700020B0
:10EF400015E0C0EBC001314A02EB8101C97D324AB4
:10EF50001278B2EB211F08D12C4991F89214C0EB22
:10EF6000C0022A4B03EB82029175411CC8B22228D1
:10EF7000E7DB78E19DF80000B42874D111480078EF
:10EF8000B0B90C4901980AF051F904460AF0CEF8DC
:10EF90001B49C880891D09480068F8F7BDFA054972
:10EFA00001980AF043F904460AF0C0F881B235E04E
:10EFB00043E000000000C842C2000020A40400207A
:10EFC000C20100208A0E0020D0010020B0000020E5
:10EFD000240D00209A0E0020A8000020AE00002082
:10EFE000C8000020CA000020670200206E02002036
:10EFF0000000C04172020020680000207102002061
:10F00000940100208D0C00208C0C0020A0780020A2
:10F01000600E0020610E0020620E00209648C18123
:10F0200000F10E0195480068F8F776FA042094493B
:10F03000087002209349087015E1934901980AF07D
:10F04000F5F804460AF072F881B29048A0F88214EC
:10F0500004208F49087052208E49087007208E497D
:10F060000870002016E018E0C0EBC001874A02EBF0
:10F070008101C97D884A1278B2EB211F08D18349EA
:10F08000B1F88214C0EBC002804B03EB8202D18046
:10F09000411CC8B22228E7DBE5E09DF80000B52856
:10F0A00055D17E48007838BB01980AF03FF800EB54
:10F0B00080004FF6FF7101EA400079498880091D00
:10F0C0006E480068F8F728FA01980AF02FF800EB6C
:10F0D00080004FF6FF7101EA40017148818100F123
:10F0E0000C0166480068F8F717FA042064490870B4
:10F0F000022064490870B6E001980AF017F881B25E
:10F100006248A0F8841405206149087052206149C2
:10F110000870072060490870002015E0C0EBC001AE
:10F120005A4A02EB8101C97D5B4A1278B2EB211F7A
:10F1300008D15649B1F88414C0EBC002534B03EB1D
:10F1400082021181411CC8B22228E7DB8BE09DF8C6
:10F150000000B62809D1019809F0E8FF514908706C
:10F1600046480068F8F7D8F97DE09DF80000B72818
:10F170000DD1454901980AF059F8044609F0D6FF27
:10F18000494908803D480068F8F7C6F96BE09DF8EA
:10F190000000B82811D1019809F0C8FF4349087050
:10F1A00008460078424948434249096808633F4994
:10F1B00032480068F8F7B0F955E09DF80000B9282A
:10F1C00009D1019809F0B2FF3B4908702B4800684B
:10F1D000F8F7A2F947E09DF80000BA280DD12A49B6
:10F1E00001980AF023F8044609F0A0FF334908808B
:10F1F00022480068F8F790F935E09DF80000BB2838
:10F2000009D1019809F092FF2D4908701B48006848
:10F21000F8F782F927E09DF80000BC2809D1019891
:10F2200009F084FF2749087014480068F8F774F95A
:10F2300019E09DF80000BD2810D1019809F076FF73
:10F240002149087008460078012801DD0120087076
:10F250001D490A480068F8F75FF904E006212846CE
:10F26000FEF72EF996E4E9892846FDF781FF284646
:10F27000FEF7D2F800BF8DE494010020A404002022
:10F280008D0C00208C0C00200000C842A0780020CB
:10F29000600E0020610E0020620E00208A0E002009
:10F2A000A401002064020020AA00002073020020B4
:10F2B000805101006800002065020020AC000020A1
:10F2C00074020020790200206802002018B504466C
:10F2D00000200090617A01222046FEF7FDF8694681
:10F2E00020462268FDF7C2FE20B906212046FEF71F
:10F2F000E7F818BD9DF80000FF2804D1012211464F
:10F300002046FEF7E9F80122114801782046FEF771
:10F31000E3F801220F4801782046FEF7DDF80122CC
:10F3200011462046FEF7D8F801220B480178204606
:10F33000FEF7D2F8012200212046FEF7CDF8E18940
:10F340002046FDF715FF2046FEF766F800BFD0E720
:10F35000C80200206702002069020020F8B50646B6
:10F36000012267213046FEF7B7F88848008800B2CE
:10F3700009F0FCFE0546864909F0C6FD0446012257
:10F3800021463046FEF7C4F88248008800B209F0F2
:10F39000EDFE05467E4909F0B7FD044601222146EF
:10F3A0003046FEF7B5F8012200213046FEF7B0F8EE
:10F3B000012200213046FEF7ABF87749088809F0B2
:10F3C000EDFE0546754909F09FFD044601222146E0
:10F3D0003046FEF79DF87049488809F0DFFE054683
:10F3E0006E4909F091FD0446012221463046FEF7A0
:10F3F0008FF86949888809F0D1FE0546674909F008
:10F4000083FD0446012221463046FEF781F8624919
:10F41000C88809F0C3FE0546604909F075FD044639
:10F42000012221463046FEF773F85D48007809F066
:10F43000B5FE0446012221463046FEF769F8002059
:10F440000090002414E00020009004EB840101EB04
:10F45000C401544A32F8111088B201226946E8F713
:10F4600079FF012230460099FEF76FFA601CC4B2A2
:10F47000052CE8DB002416E000200090611C01EB65
:10F48000810202EBC101474A32F81110491E88B2CD
:10F4900001226946E8F75EFF012230460099FEF737
:10F4A00054FA601CC4B2042CE6DB002000903D49F5
:10F4B0000988491E88B201226946E8F74BFF0122FC
:10F4C00030460099FEF741FA002417E0002511E0CC
:10F4D0000020009029462046E7F768FE009000983B
:10F4E00009F05CFE0746012239463046FEF710F867
:10F4F000681CC5B20C2DEBDB601CC4B2052CE5DB2F
:10F50000002411E0002000902649891C31F81410D5
:10F5100088B201226946E7F763FE0122304600996E
:10F52000FEF713FA601CC4B20C2CEBDB002413E0D2
:10F53000002000901B49891C621C31F81210491EE2
:10F5400088B201226946E7F74BFE01223046009956
:10F55000FEF7FBF9601CC4B20B2CE9DB0020009025
:10F5600010494988491E88B201226946E7F738FEEA
:10F57000012230460099FEF7E8F9F1893046FDF79F
:10F58000F7FD3046FDF748FFF8BD0000DA00002027
:10F590000000C842DC000020C601002000401C46DC
:10F5A0006802002012010020F8B5064600200090F5
:10F5B000012262213046FDF78FFF002453E0002531
:10F5C00018E000200090611C01EB810202EBC101F8
:10F5D000384A02EB4101891C31F8151088B201222A
:10F5E0006946E7F7FDFD012230460099FEF7ADF9C7
:10F5F000681CC5B20C2DE4DB00251AE00020009049
:10F60000611C01EB810202EBC1012A4A02EB4101BC
:10F61000891C6A1C31F81210491E88B20122694601
:10F62000E7F7DEFD012230460099FEF78EF9681CEF
:10F63000C5B20B2DE2DB00200090611C01EB8102C2
:10F6400002EBC1011B4A02EB41014988491E88B205
:10F6500001226946E7F7C4FD012230460099FEF712
:10F6600074F9601CC4B2042CA9DB1348008809F0AB
:10F6700095FD0546114909F047FC04460122214643
:10F680003046FDF745FF0C48008809F087FD054628
:10F690000A4909F039FC0446012221463046FDF7AB
:10F6A00037FFF1893046FDF763FD3046FDF7B4FEC4
:10F6B000F8BD000012010020D60000200000C84262
:10F6C00070B50446012208212046FDF705FF0122FE
:10F6D0002C4801782046FDF7FFFE0122002120463C
:10F6E000FDF7FAFE2848008809F058FD064627492C
:10F6F00009F00AFC0546012229462046FDF708FFCD
:10F700002348008809F04AFD0646204909F0FCFB21
:10F710000546012229462046FDF7FAFE1D480088CD
:10F7200009F03CFD0646194909F0EEFB05460122A9
:10F7300029462046FDF7ECFE1748008809F02EFD0B
:10F740000646124909F0E0FB0546012229462046FB
:10F75000FDF7DEFE012211492046FDF7D9FE012208
:10F760004FF07E512046FDF7D3FE012200212046B6
:10F77000FDF7B2FEE1892046FDF7FAFC2046FDF7D1
:10F780004BFE70BD6902002078030020000020417C
:10F79000E4000020E6000020E800002000005C43B8
:10F7A0002DE9FE43054600200290019001A928465C
:10F7B0002A68FDF75BFC28B906212846FDF780FE84
:10F7C000BDE8FE832868821C02A92846FDF7C2FD19
:10F7D00020B906212846FDF773FEF1E7029E9DF849
:10F7E000087000249DF8040010281EDB9DF804001A
:10F7F00013281ADCF34C304609F098FC00EBC001EA
:10F8000001EB00104FF6FF7101EA80019DF8040042
:10F81000103824F810109DF80400103804EB400153
:10F82000E9480068F7F778FEC3E19DF80400142862
:10F830001DDB9DF80400172819DCE44C304609F064
:10F8400075FC40F2712148434FF6FF7101EA001147
:10F850009DF80400143824F810109DF804001438A2
:10F8600004EB4001D8480068F7F756FEA1E19DF887
:10F870000400182811D1D6480770007838B9012043
:10F8800000906A4600210320E9F71CFD00BFD04923
:10F89000CD480068F7F740FE8BE19DF80400192879
:10F8A0001EDB9DF804001E281ADC0DF1080898F8EC
:10F8B000032098F802109DF80430193BD8B2E8F7FD
:10F8C00007F89DF80400193800EB800202EBC00035
:10F8D000C04A02EB4001BC480068F7F71DFE68E132
:10F8E0009DF8040023281EDB9DF804002E281ADC56
:10F8F000304609F01BFC00F0FF089DF80400233897
:10F90000C1B242460020E8F731F99DF80400A0F1A9
:10F91000230808EBD870B04A02EB6001AA480068DF
:10F92000F7F7FAFD45E19DF804002F281FDB9DF84D
:10F9300004003A281BDC304609F0F8FB00F0FF0811
:10F940009DF804002F38C1B242460120E8F70EF9B5
:10F950009DF80400A0F12F0808EBD8704010801D1E
:10F960009D4A811898480068F7F7D6FD21E19DF877
:10F9700004003B281FDB9DF8040046281BDC3046B2
:10F9800009F0D4FB00F0FF089DF804003B38C1B239
:10F9900042460220E8F7EAF89DF80400A0F13B088F
:10F9A00008EBD87040100C308B4A811886480068EC
:10F9B000F7F7B2FDFDE09DF8040047281FDB9DF836
:10F9C000040052281BDC304609F0B0FB00F0FF08B1
:10F9D0009DF804004738C1B242460320E8F7C6F854
:10F9E0009DF80400A0F1470808EBD87040101230D1
:10F9F000794A811874480068F7F78EFDD9E09DF8C0
:10FA0000040053281FDB9DF804005E281BDC3046F1
:10FA100009F08CFB00F0FF089DF804005338C1B2D8
:10FA200042460420E8F7A2F89DF80400A0F153082C
:10FA300008EBD87040101830674A81186248006897
:10FA4000F7F76AFDB5E09DF804005F281CDB9DF820
:10FA500004006A2818DC0DF1080898F8033098F8BB
:10FA600002209DF804005F38C1B20020E9F762FC73
:10FA70009DF804005F38574A921C02EB400152483F
:10FA80000068F7F749FD94E09DF8040077281CDB37
:10FA90009DF80400822818DC0DF1080898F803305E
:10FAA00098F802209DF804007738C1B20120E9F7E8
:10FAB00041FC9DF80420773A46481C3000EB420197
:10FAC00041480068F7F728FD73E09DF804008F288F
:10FAD0001CDB9DF804009A2818DC0DF1080898F842
:10FAE000033098F802209DF804008F38C1B202203C
:10FAF000E9F720FC9DF804208F3A3648363000EBB9
:10FB0000420131480068F7F707FD52E09DF8040014
:10FB1000A7281CDB9DF80400B22818DC0DF10808AA
:10FB200098F8033098F802209DF80400A738C1B275
:10FB30000320E9F7FFFB9DF80420A73A2548503041
:10FB400000EB420120480068F7F7E6FC31E09DF841
:10FB50000400BF281CDB9DF80400CA2818DC0DF146
:10FB6000080898F8033098F802209DF80400BF3880
:10FB7000C1B20420E9F7DEFB9DF80420BF3A154826
:10FB80006A3000EB420110480068F7F7C5FC10E04E
:10FB90009DF80400D7280CDB1049304609F046FBDD
:10FBA000804609F0C3FA0E49088007480068F7F755
:10FBB000B3FCE9892846FDF7DBFA2846FDF72CFC63
:10FBC00000BFFDE5DA000020A4040020C8010020E9
:10FBD00068020020120100207A0200200000C842C2
:10FBE000D6000020FEB5044600200290019001A935
:10FBF00020462268FDF73AFA20B906212046FDF793
:10FC00005FFCFEBD2068821C02A92046FDF7A2FB16
:10FC100060B99DF80400102808D09DF80400112850
:10FC200004D006212046FDF74BFCEAE7029D9DF833
:10FC3000080000909DF80400102814D12068821C50
:10FC400069462046FDF712FA20B906212046FDF745
:10FC500037FCD6E79DF80000554908705548006804
:10FC6000F7F75AFC9AE09DF804001128FAD09DF8A5
:10FC70000400122830D15049284609F0D7FA064628
:10FC800009F054FA4D49088008460088032190FB8A
:10FC9000F1F04B49088049480088032190FBF1F0BE
:10FCA0004849088045480088032190FBF1F0464907
:10FCB000088043493F480068F7F72EFC41493D481A
:10FCC0000068F7F729FC40493A480068F7F724FC38
:10FCD00000203E49087061E09DF8040013281AD105
:10FCE0003549284609F0A2FA064609F01FFA3449B8
:10FCF000088030480068F7F70FFC0020334908708F
:10FD00002F4800882F49098808442F49098808444A
:10FD10002A49088042E09DF8040014281AD1264997
:10FD2000284609F083FA064609F000FA25490880BA
:10FD300020480068F7F7F0FB0020244908702048AD
:10FD400000882049098808441F49098808441B493C
:10FD5000088023E09DF8040015281AD1164928468A
:10FD600009F064FA064609F0E1F9174908801148DC
:10FD70000068F7F7D1FB002014490870104800888C
:10FD80001049098808441049098808440B4908802B
:10FD900004E09DF80400162800D000BFE189204649
:10FDA000FDF7E6F92046FDF737FB00BF29E7000025
:10FDB00069020020A40400200000204178030020F4
:10FDC000E4000020E6000020E80000206C00002095
:10FDD0002DE9F05F04460026B04601212F48006857
:10FDE00003F01AFA814608212C48006803F014FA3F
:10FDF0000746617A01222046FDF76EFBB4F80E80BB
:10FE0000012200212046FDF767FB002531E0785DE7
:10FE1000032802D0785D0E2829D1701C86B22049B3
:10FE20000968B1F9000009F0A1F983461D4909F0FC
:10FE30006BF88246012251462046FDF769FB39F8EE
:10FE4000150009F0ABF98346164909F05DF88246C2
:10FE5000012251462046FDF75BFB0122002120468E
:10FE6000FDF73AFB012200212046FDF735FB681C17
:10FE7000C5B20D488078A842C9DC08F10D0063695D
:10FE80001918F2B22046FDF75AF9E1892046FDF72C
:10FE90006FF92046FDF7C0FABDE8F09FD0020020C0
:10FEA000CC0200200000C842680C00202DE9F04779
:10FEB0000446617A01222046FDF70EFB08212848FE
:10FEC000006803F0A9F9064614212548006803F0EC
:10FED000A3F9804615212248006803F09DF9824667
:10FEE0000027B946B4F80E90012200212046FDF704
:10FEF000F3FA00251EE0705D032802D0705D0E2825
:10FF000016D1781C87B2012200212046FDF7E4FAC1
:10FF100018F8051001222046FDF7DEFA0122002123
:10FF20002046FDF7D9FA012200212046FDF7D4FA38
:10FF3000681CC5B20B488078A842DCDC09F10D00D2
:10FF400063691918FAB22046FDF7F9F8E1892046ED
:10FF5000FDF70EF92046FDF75FFABDE8F0870000D7
:10FF6000D0020020680C00202DE9F0470546697A90
:10FF700001222846FDF7B0FA0027B8460521294896
:10FF8000006803F049F9814608212648006803F01B
:10FF900043F90646B5F80E80012200212846FDF7F8
:10FFA0009BFA002429E0305D032802D0305D0E2842
:10FFB00021D1781C87B219F8040000F00101012258
:10FFC0002846FDF789FA012211462846FDF784FAF2
:10FFD000305D0E2805D1012211462846FDF77CFA36
:10FFE00004E0012200212846FDF776FA01220021D3
:10FFF0002846FDF771FA601CC4B20B488078A04215
:020000040802F0
:10000000D1DC08F10D006B691918FAB22846FDF72A
:1000100096F8E9892846FDF7ABF82846FDF7FCF984
:10002000BDE8F087D0020020680C00202DE9FC41DB
:10003000044600200190009001A920462268FDF7A7
:1000400015F828B906212046FDF73AFABDE8FC81EB
:100050002068821C69462046FDF708F820B9062171
:100060002046FDF72DFAF1E79DF80400102836D15F
:100070003F4880789DF80010884202DB9DF8000020
:1000800010B90620A0716AE00027082139480068ED
:1000900003F0C2F80646E220A07100251AE0705D68
:1000A000032802D0705D0E2812D1781CC7B29DF8CB
:1000B000000087420CD1705D032809D1681CC1B2D1
:1000C00000222D48006804F015F90020A07105E019
:1000D000681CC5B226488078A842E0DC3FE09DF865
:1000E00004001F2836D1224880789DF800108842ED
:1000F00002DB9DF8000010B90620A0712FE0002758
:1001000008211C48006803F087F80646E220A07129
:1001100000251AE0705D032802D0705D0E2812D110
:10012000781CC7B29DF8000087420CD1705D03288F
:1001300009D1681CC1B201220F48006804F0DAF846
:100140000020A07105E0681CC5B209488078A8426B
:10015000E0DC04E006212046FDF7B2F976E7E1890C
:100160002046FDF705F82046FDF756F900BF6DE77C
:10017000680C0020D0020020C00E00202DE9F843BA
:10018000054600200090694628462A68FCF76EFF65
:1001900028B906212846FDF793F9BDE8F8839DF8B4
:1001A0000000FF287ED1697A01222846FDF794F9E4
:1001B000012208212846FDF78FF90024C0E004EB56
:1001C0004401C1EB4411E14A02EB8101088908F0C6
:1001D000E5FF0746DE4908F097FE06460122314654
:1001E0002846FDF795F904EB4401C1EB4411D74AC9
:1001F00002EB8101488808F0D1FF0746D44908F096
:1002000083FE0646012231462846FDF781F9012288
:1002100010212846FDF760F9002617E004EB4401A1
:10022000C1EB4411C94A02EB8101203131F81600BB
:1002300008F0B4FF8046C74908F066FE0746012271
:1002400039462846FDF764F9701CC6B2102EE5DB6E
:1002500004EB4401C1EB4411BC4A02EB8101B1F84B
:10026000640008F09BFF0646012231462846FDF750
:100270004FF9012206212846FDF72EF9002619E044
:1002800004EB4401C1EB4411B04A02EB810144315B
:1002900031F8160008F082FF8046AE4908F034FEBF
:1002A000074600E050E0012239462846FDF730F9C4
:1002B000701CC6B2062EE3DB04EB4401C1EB441113
:1002C000A24A02EB8101B1F9060008F04FFF074690
:1002D0009F4908F019FE0646012231462846FDF7DF
:1002E00017F904EB4401C1EB4411984A02EB810178
:1002F000488908F053FF0746954908F005FE064671
:10030000012231462846FDF703F90122114628460D
:10031000FDF7E2F804EB4401C1EB44118B4A02EB18
:100320008101888908F03AFF0746894908F0ECFD09
:100330000646012231462846FDF7EAF8601CC4B2A1
:10034000082CFFF63CAFF8E09DF8000000287DDDAA
:100350009DF80000082879DC9DF80000401E00EBA5
:100360004001C1EB4010794901EB8000407C01283D
:100370006DDD697A01222846FDF7AEF89DF8001080
:10038000491E01EB4102C2EB4111704A02EB8101AF
:10039000088908F003FF06466D4908F0B5FD0446DC
:1003A000012221462846FDF7B3F89DF80010491EAA
:1003B00001EB4102C2EB4111644A02EB8101488822
:1003C00008F0ECFE0646624908F09EFD0446012254
:1003D00021462846FDF79CF8012210212846FDF70A
:1003E0007BF800241AE09DF80010491E01EB410241
:1003F000C2EB4111554A02EB8101203131F8140062
:1004000008F0CCFE0746534908F07EFD064601225F
:1004100031462846FDF77CF8601CC4B2102CE2DBA4
:100420009DF80010491E01EB4102C2EB4111474A01
:1004300002EB8101B1F8640008F0B0FE044601222D
:1004400021462846FDF764F8012201E070E06AE0E9
:1004500006212846FDF740F8002416E09DF800101C
:10046000491E01EB4102C2EB4111384A02EB810106
:10047000443131F8140008F091FE0646012231465D
:100480002846FDF745F8601CC4B2062CE6DB9DF853
:100490000010491E01EB4102C2EB41112B4A02EB55
:1004A0008101B1F9060008F061FE0646284908F00E
:1004B0002BFD0446012221462846FDF729F89DF828
:1004C0000010491E01EB4102C2EB41111F4A02EB31
:1004D0008101488908F062FE06461D4908F014FDB6
:1004E0000446012221462846FDF712F80122114652
:1004F0002846FCF7F1FF9DF80010491E01EB410270
:10050000C2EB4111114A02EB8101888908F046FED5
:1005100006460F4908F0F8FC044601222146284609
:10052000FCF7F6FF09E0E6212846FCF7C9FF34E6B0
:1005300006212846FCF7C4FF2FE6E9892846FCF788
:1005400017FE2846FCF768FF00BF26E6EC150020E2
:100550000000C84200007A4438B5044600200090EC
:10056000694620462268FCF781FD20B90621204615
:10057000FCF7A6FF38BD9DF80000FF281CD1617A6A
:1005800001222046FCF7A8FF012208212046FCF7A3
:10059000A3FF00250DE005EB4500C0EB4510254A03
:1005A00002EB8000017C01222046FCF795FF681CCD
:1005B000C5B2082DEFDB33E09DF8000000282ADDEE
:1005C0009DF80000082826DC9DF80000401E00EB86
:1005D0004001C1EB4010174901EB8000407C01282D
:1005E00014DD617A01222046FCF776FF9DF80000B9
:1005F000401E00EB4002C2EB40100E4A02EB8000AE
:10060000017C01222046FCF767FF09E0E621204635
:10061000FCF756FFAEE706212046FCF751FFA9E79D
:10062000E1892046FCF7A4FD2046FCF7F5FE00BF5B
:10063000A0E70000EC15002038B50546002000902A
:10064000694628462A68FCF711FD20B9062128468C
:10065000FCF736FF38BD9DF80000FF287DD1697A90
:1006600001222846FCF738FF012208212846FCF722
:1006700033FF0024D2E004EB4400C0EB4410F74900
:1006800001EB800090F8720000F01002012319467F
:100690002846FDF76CF904EB4400C0EB4410EF4929
:1006A00001EB800090F8720000F02002012319464F
:1006B0002846FDF75CF904EB4400C0EB4410E74921
:1006C00001EB8000B0F8720000F4005201231946DB
:1006D0002846FDF74CF9012200212846FCF7FCFED4
:1006E000012200212846FCF7F7FE012209212846B5
:1006F000FCF7F2FE04EB4400C0EB4410D74901EBD9
:100700008000B0F8720000F4004201231946284628
:10071000FDF72DF904EB4400C0EB4410CF4901EB89
:10072000800090F8720000F0040201231946284668
:10073000FDF71DF904EB4400C0EB4410C74901EB81
:10074000800090F8720000F0080201231946284644
:10075000FDF70DF904EB440000E063E0C0EB44104A
:10076000BE4901EB800090F8720000F00102012305
:1007700019462846FDF7FBF804EB4400C0EB441093
:10078000B64901EB800090F8720000F002020123EC
:1007900019462846FDF7EBF804EB4400C0EB441083
:1007A000AE4901EB8000B0F8720000F480420123F2
:1007B00019462846FDF7DBF804EB4400C0EB441073
:1007C000A64901EB8000B0F8720000F480720123AA
:1007D00019462846FDF7CBF804EB4400C0EB441063
:1007E0009E4901EB8000B0F8720000F40072012312
:1007F00019462846FDF7BBF804EB4400C0EB441053
:10080000964901EB8000B0F8720000F40062012309
:1008100019462846FDF7ABF8601CC4B2082CFFF659
:100820002AAF1DE19DF8000000287DDD9DF8000045
:10083000082879DC9DF80000401E00EB4001C1EB68
:100840004010864901EB8000407C01286DDD697A0B
:1008500001222846FCF740FE9DF80000401E00EBF8
:100860004001C1EB40107D4901EB800090F872001F
:1008700000F01002012319462846FDF778F89DF88C
:100880000000401E00EB4001C1EB4010734901EB3A
:10089000800090F8720000F02002012319462846DB
:1008A000FDF765F89DF80000401E00EB4001C1EB2C
:1008B00040106A4901EB8000B0F8720000F4005269
:1008C000012319462846FDF752F801220021284647
:1008D000FCF702FE012200212846FCF7FDFD012263
:1008E00009212846FCF7F8FD9DF80000401E00EBAA
:1008F0004001C1EB4010594901EB8000B0F8720093
:1009000000F40042012319462846FDF730F89DF80F
:100910000000401E00EB4001C1EB40104F4901EBCD
:10092000800090F8720001E092E08CE000F0040298
:10093000012319462846FDF71AF89DF80000401ECD
:1009400000EB4001C1EB4010444901EB800090F8FE
:10095000720000F00802012319462846FDF707F847
:100960009DF80000401E00EB4001C1EB40103B49E8
:1009700001EB800090F8720000F00102012319469B
:100980002846FCF7F4FF9DF80000401E00EB4001F4
:10099000C1EB4010314901EB800090F8720000F08B
:1009A0000202012319462846FCF7E1FF9DF80000EA
:1009B000401E00EB4001C1EB4010284901EB8000D4
:1009C000B0F8720000F48042012319462846FCF773
:1009D000CEFF9DF80000401E00EB4001C1EB40102F
:1009E0001E4901EB8000B0F8720000F48072012310
:1009F00019462846FCF7BBFF9DF80000401E00EB9F
:100A00004001C1EB4010154901EB8000B0F87200C5
:100A100000F40072012319462846FCF7A8FF9DF850
:100A20000000401E00EB4001C1EB40100B4901EB00
:100A30008000B0F8720000F40062012319462846D5
:100A4000FCF795FF0CE0E6212846FCF739FD01E6AE
:100A500006212846FCF734FDFCE50000EC150020DB
:100A6000E9892846FCF784FB2846FCF7D5FC00BF43
:100A7000F0E50000F8B505460020009069462846DC
:100A80002A68FCF7F3FA20B906212846FCF718FD7E
:100A9000F8BD9DF80000FF2833D101220821284627
:100AA000FCF71AFD002429E004EB4401C1EB4411DA
:100AB0003F4A02EB8101888A08F070FB07463D49F6
:100AC00008F022FA0646012231462846FCF720FDAE
:100AD00004EB4401C1EB4411354A02EB8101888BE0
:100AE00008F05CFB0746334908F00EFA064601227F
:100AF00031462846FCF70CFD601CC4B2082CD3DB41
:100B00004DE09DF80000002844DD9DF80000082815
:100B100040DC9DF80000401E00EB4001C1EB40109E
:100B2000234901EB8000407C01282EDD9DF8001058
:100B3000491E01EB4102C2EB41111D4A02EB81014A
:100B4000888A08F02BFB06461A4908F0DDF90446AE
:100B5000012221462846FCF7DBFC9DF80010491EC7
:100B600001EB4102C2EB4111114A02EB8101888B7A
:100B700008F014FB06460F4908F0C6F904460122A6
:100B800021462846FCF7C4FC09E0E6212846FCF78C
:100B900097FC7DE706212846FCF792FC78E7E98977
:100BA0002846FCF7E5FA2846FCF736FC00BF6FE75D
:100BB000EC1500200000C8423EB50446002002901B
:100BC00001900090694620462268FCF74FFA20B950
:100BD00006212046FCF774FC3EBD2068821C01A95A
:100BE0002046FCF743FA20B906212046FCF768FCB2
:100BF000F2E72068021D02A92046FCF7ABFB20B9F2
:100C000006212046FCF75CFCE6E79DF80400A528D9
:100C100014D12D49029808F009FB054608F086FA20
:100C20002A4988800A1D00210120E8F74BFB27494B
:100C3000091D27480068F6F76FFC43E09DF80400A3
:100C4000A62814D12049029808F0F0FA054608F0C9
:100C50006DFA1E49C8808A1D00210220E8F732FB88
:100C60001A49891D1A480068F6F756FC2AE09DF8D3
:100C70000400A72811D1029808F058FA13490881F6
:100C800001F1080200210320E8F71CFB0F4908319D
:100C90000F480068F6F740FC14E09DF80400A8280F
:100CA00010D1029808F042FA0849488101F10A027D
:100CB00000210420E8F706FB04490A3104480068D3
:100CC000F6F72AFC00BF87E70000C842E0010020D9
:100CD000A404002070B50446617A01222046FCF786
:100CE000FBFB01220C212046FCF7F6FB00250BE064
:100CF00001212846E3F716FC06460122314620462C
:100D0000FCF7EAFB681CC5B20C2DF1DBE18920463B
:100D1000FCF72EFA2046FCF77FFB70BD1CB504469D
:100D200000200190009001A920462268FCF79EF95E
:100D300020B906212046FCF7C3FB1CBD2068821C9D
:100D400069462046FCF792F920B906212046FCF7B7
:100D5000B7FBF2E79DF80400802801D1F3F790FD7E
:100D6000E1892046FCF704FA2046FCF755FB00BF5A
:100D7000E3E7000070B588B00546002004E02021BC
:100D80000DF80010411CC8B22028F8DB48208DF86F
:100D9000000035208DF8010032208DF8020043203C
:100DA0008DF8030030208DF80400002407E01DF8C2
:100DB000041001222846FCF78FFB601CC4B2202CD3
:100DC000F5DB0E4949780E4A127801FB02F008F073
:100DD000CDF90646012231462846FCF799FB074823
:100DE000417801222846FCF777FBE9892846FCF781
:100DF000BFF92846FCF710FB08B070BD680C002056
:100E0000700C0020F8B5044600200090694620468A
:100E10002268FCF72BF920B906212046FCF750FB8D
:100E2000F8BD9DF80000FF283CD1617A01222046E0
:100E3000FCF752FB012206212046FCF74DFB002562
:100E40002DE03B498A68691C32F8110008F0A6F9C8
:100E50000746384908F058F8064601223146204630
:100E6000FCF756FB012211462046FCF735FB3049C2
:100E70000A6A691C52F8210008F090F907462E49C9
:100E800008F042F80646012231462046FCF740FBB6
:100E9000012200212046FCF71FFB681CC5B2062D6D
:100EA000CFDB3CE09DF80000062833DC617A0122AC
:100EB0002046FCF711FB1E4989689DF8002031F897
:100EC000120008F06BF906461A4908F01DF80546AD
:100ED000012229462046FCF71BFB01221146204631
:100EE000FCF7FAFA1249096A9DF8002051F822002D
:100EF00008F054F90646104908F006F805460122A4
:100F000029462046FCF704FB012200212046FCF77D
:100F1000E3FA04E006212046FCF7D2FA80E7E189F3
:100F20002046FCF725F92046FCF776FA00BF77E764
:100F3000AC150020000020410000C84238B504462E
:100F400000200090694620462268FCF78FF820B9FF
:100F500006212046FCF7B4FA38BD9DF80000FF28B2
:100F600030D1617A01222046FCF7B6FA012206212F
:100F70002046FCF7B1FA002521E031484169681CA0
:100F8000085C00F00102012380212046FCF7EFFC01
:100F90002B484169681C085C00F0400201230321D2
:100FA0002046FCF7E4FC012200212046FCF794FADD
:100FB000012200212046FCF78FFA681CC5B2062DDD
:100FC000DBDB34E09DF8000000282BDD9DF80000FD
:100FD000062827DC617A01222046FCF77DFA1848B2
:100FE00040699DF80010405C00F00102012380215F
:100FF0002046FCF7BCFC124840699DF80010405C9C
:1010000000F04002012303212046FCF7B0FC01223E
:1010100000212046FCF760FA012200212046FCF75F
:101020005BFA04E006212046FCF74AFA94E7E189DE
:101030002046FCF79DF82046FCF7EEF900BF8BE751
:10104000AC1500202DE9F8430546002000906946C4
:1010500028462A68FCF70AF828B906212846FCF732
:101060002FFABDE8F8839DF80000FF2859D101222E
:1010700006212846FCF730FA00244FE0002604F150
:101080002300C0EBC0005B4901EB8000807D00F0D5
:101090000F00002800DD0126304608F07FF80746E3
:1010A000012239462846FCF733FA04F12301C1EB4B
:1010B000C101504A02EB8101088908F06FF8074628
:1010C000012239462846FCF723FA04F12301C1EB3B
:1010D000C101484A02EB8101C88808F05FF88046E8
:1010E000454907F011FF0746012239462846FCF71B
:1010F0000FFA012211462846FCF7EEF9601C08F0B1
:1011000035F80746012239462846FCF701FA012244
:1011100000212846FCF7E0F9601CC4B2062CADDBC8
:101120005FE09DF80000002856DD9DF800000628CD
:1011300052DC00249DF800002230C0EBC0002D4995
:1011400001EB8000807D00F00700002800DD012415
:10115000204608F023F80646012231462846FCF7CF
:10116000D7F99DF800102231C1EBC101214A02EBF1
:101170008101088908F012F8064601223146284606
:10118000FCF7C6F99DF800102231C1EBC101194AE4
:1011900002EB8101C88808F001F80746164907F0FC
:1011A000B3FE0646012231462846FCF7B1F901227A
:1011B00011462846FCF790F99DF8000007F0EEFF75
:1011C0000646012231462846FCF7A2F901220021F9
:1011D0002846FCF781F904E006212846FCF770F95F
:1011E0003FE7E9892846FBF7C3FF2846FCF714F9D7
:1011F00000BF36E7A07800200000C8422DE9F84F74
:101200000446002000900026002700BF8146694662
:1012100020462268FBF72AFF28B906212046FCF762
:101220004FF9BDE8F88F9DF80000FF2854D1617A8E
:1012300001222046FCF750F9E789012200212046CF
:10124000FCF74AF900253CE05948405D002836DDAE
:10125000701C86B25749096831F9150007F086FFFE
:101260008246554907F050FE8046012241462046FD
:10127000FCF74EF9012203212046FCF72DF94D49D8
:10128000C96951F8250007F089FF82464B4907F0EC
:101290003BFE8046012241462046FCF739F90122F7
:1012A00047492046FCF734F9681CC1B201222046A8
:1012B000FCF712F9012200212046FCF70DF9681C09
:1012C000C5B2222DC0DB07F10D0063691918F2B217
:1012D0002046FBF734FF61E09DF80000002858DD50
:1012E0009DF80000222854DC002500BF46E030486D
:1012F000405D002840DD701C86B29DF80000B042C1
:101300003AD1617A01222046FCF7E6F829490968BA
:1013100031F9150007F02AFF8246274907F0F4FD4E
:101320008046012241462046FCF7F2F801220321C3
:101330002046FCF7D1F81F49C96951F8250007F08C
:101340002DFF82461D4907F0DFFD80460122414600
:101350002046FCF7DDF8012219492046FCF7D8F8B1
:10136000681CC1B201222046FCF7B6F80122002118
:101370002046FCF7B1F803E0681CC5B2222DB6DBAD
:1013800000BF222D04D1E6212046FCF799F848E75A
:1013900004E006212046FCF793F842E7E189204665
:1013A000FBF7E6FE2046FCF737F800BF39E7000000
:1013B000387D0020AC150020000020410000C8420C
:1013C0000000C841F8B5054600200090002600271F
:1013D00000BF694628462A68FBF748FE20B9062167
:1013E0002846FCF76DF8F8BD9DF80000FF2861D194
:1013F000697A01222846FCF76FF8EF890122002163
:101400002846FCF769F8002449E06648005D00289A
:1014100043DD701C86B26448C068005D00F00102C4
:10142000012380212846FCF7A2FA5F48C068005DCE
:1014300000F04002012303212846FCF798FA01221C
:1014400000212846FCF748F85748C068005D00F0C6
:101450000802012380212846FCF789FA5248C06817
:10146000005D00F08002012380212846FCF77FFA0E
:10147000012200212846FCF72FF8601CC1B201228E
:101480002846FCF729F8012200212846FCF724F819
:10149000012200212846FCF71FF8601CC4B2222C50
:1014A000B3DB07F10D006B691918F2B22846FBF7A0
:1014B00046FE6EE09DF80000002865DD9DF8000006
:1014C000222861DC002400BF53E03648005D00287C
:1014D0004DDD701C86B29DF80000B04247D1697A9C
:1014E00001222846FBF7F8FF2F48C068005D00F096
:1014F0000102012380212846FCF739FA2A48C068F6
:10150000005D00F04002012303212846FCF72FFA7A
:10151000012200212846FBF7DFFF2348C068005D59
:1015200000F00802012380212846FCF720FA1E481B
:10153000C068005D00F08002012380212846FCF78E
:1015400016FA012200212846FBF7C6FF601CC1B233
:1015500001222846FBF7C0FF012200212846FBF7A5
:10156000BBFF012200212846FBF7B6FF03E0601C09
:10157000C4B2222CA9DB00BF222C04D1E6212846CC
:10158000FBF79EFF2FE704E006212846FBF798FFB4
:1015900029E7E9892846FBF7EBFD2846FBF73CFFE6
:1015A00000BF20E7387D0020AC1500202DE9FE4F5C
:1015B00005460020029002A928462A68FBF756FD3E
:1015C00028B906212846FBF77BFFBDE8FE8F0024E3
:1015D00000279DF80800FF287ED09DF808002228EB
:1015E00002DC9DF8080020B9E6212846FBF768FFD9
:1015F000EBE7F748C07D012818D100240CE0F5483E
:10160000005D002806DD781CC7B29DF808008742FF
:1016100000D103E0601CC4B2222CF0DB00BF222CFE
:1016200013D1E6212846FBF74BFFCEE7E848C07D03
:1016300058B99DF80800401EC4B2E648005D20B9C4
:10164000E6212846FBF73CFFBFE74FF00008C4EB5C
:10165000C400E14901EB8000807D00F00300002818
:1016600001DD4FF00108404607F098FD8146012258
:1016700049462846FBF74CFFC4EBC401D64A02EBAF
:101680008101088907F08AFD8146012249462846E2
:10169000FBF73EFFC4EBC401CF4A02EB8101C888CF
:1016A00007F07CFD8246CD4907F02EFC81460122E1
:1016B00049462846FBF72CFF012207212846FBF765
:1016C0000BFF4FF00008C4EBC400C34901EB8000DE
:1016D000C07D00F00F0800E07FE0B8F10B0F01D1F2
:1016E0004FF00008404607F059FD81460122494667
:1016F0002846FBF70DFF0020019001AEC4EBC400AB
:10170000B54951F82000000D7080C4EBC40051F8B9
:101710002000C0F303407070C4EBC40031F8200017
:10172000C0F3C4203070012228460199FCF70DF95E
:101730004FF00008AA4800EB4410807D012800D13A
:101740008046404607F02AFD814601224946284648
:10175000FBF7DEFE4FF00008C4EBC4009E4901EB2E
:101760008000C07D7B2801D14FF00208404607F081
:1017700015FD8146012249462846FBF7C9FEC4EB08
:10178000C401954A02EB8101888A07F007FD824671
:10179000944907F0B9FB8146012249462846FBF7E8
:1017A000B7FEC4EBC4018C4A02EB8101897D01F0D4
:1017B000030007F0DBFC8146012249462846FBF77F
:1017C000A7FE601CC1B201222846FBF785FE01225C
:1017D00000212846FBF780FEF1E09DF80800FF2875
:1017E000FAD14FF0000895F80EA0012200212846FA
:1017F000FBF772FE0024D5E07648005D00287CDD12
:101800004FF0000908F1010000F0FF08B8F1180FCF
:1018100000DBCAE0C4EBC4006F4901EB8000807DAF
:1018200000F00300002801DD4FF00109484607F0F1
:10183000B5FC8346012259462846FBF769FEC4EBF6
:10184000C401654A02EB8101088907F0A7FC8346C1
:10185000012259462846FBF75BFEC4EBC4015E4AF1
:1018600002EB8101C88807F099FC5C49009007F001
:101870004BFB8346012259462846FBF749FE0122CD
:1018800007212846FBF728FE4FF00009C4EBC400EF
:10189000514901EB8000C07D00F00F09B9F10B0F39
:1018A00001D14FF00009484607F078FC8346012239
:1018B00059462846FBF72CFE0020019001AEC4EBF0
:1018C000C400454951F82000000D7080C4EBC400ED
:1018D00051F82000C0F303407070C4EBC40031F82D
:1018E0002000C0F3C4203070012228460199FCF783
:1018F0002CF84FF000093A4800E051E000EB4410AA
:10190000807D012800D18146484607F047FC834688
:10191000012259462846FBF7FBFD4FF00009C4EBB6
:10192000C4002D4901EB8000C07D7B2801D14FF020
:101930000209484607F032FC8346012259462846F0
:10194000FBF7E6FDC4EBC401234A02EB8101888A60
:1019500007F024FC2349009007F0D6FA83460122C1
:1019600059462846FBF7D4FDC4EBC4011A4A02EBE2
:101970008101897D01F0030007F0F8FB8346012215
:1019800059462846FBF7C4FD601CC1B20122284617
:10199000FBF7A2FD012200212846FBF79DFD00BFB9
:1019A000601CC4B2222CFFF627AF00BF0AF10D0065
:1019B0006A69111842462846FBF7C1FB00BFE98956
:1019C0002846FBF7D5FB2846FBF726FD00BFFCE5C4
:1019D0008C210020387D0020A07800200000C84223
:1019E00020230020000020412DE9F04186B006466A
:1019F000002005900490039003A930463268FBF75D
:101A000035FB30B906213046FBF75AFD06B0BDE87C
:101A1000F0813068821C04A93046FBF727FB20B90F
:101A200006213046FBF74CFDF0E73068021D05A9A2
:101A30003046FBF78FFC20B906213046FBF740FD0E
:101A4000E4E70024A0469DF80C00FF2840D09DF854
:101A50000C00222802DC9DF80C0020B9E62130465B
:101A6000FBF72EFDD2E7FE48C07D01281AD10024E5
:101A70000EE0FC48005D002808DD08F1010000F0E0
:101A8000FF089DF80C00804500D103E0601CC4B243
:101A9000222CEEDB00BF222C13D1E6213046FBF7CF
:101AA0000FFDB3E7EE48C07D58B99DF80C00401E0D
:101AB000C4B2EC48005D20B9E6213046FBF700FDDA
:101AC000A4E75120E8490870601CE849087006E066
:101AD0005220E54908700F20E449087022249DF83F
:101AE0001000802852D1C4EBC400E14901EB800012
:101AF000807D00F0F000C4EBC401DD4A02EB8101FF
:101B00008875059807F012FBC0B2C4EBC401D84A2F
:101B100002EB8101897D0843C4EBC40102EB810122
:101B200088750C20D3490870C4EBC40002EB800018
:101B300000F116010122D0480068F4F73BFACF48C3
:101B40000068807E00EB8001CC4800681D3000EB0F
:101B500041004068CA49884204D10120C949096846
:101B600081F822009DF80C00FF280ED100200AE029
:101B7000BF4991F8CE13C0EBC002BD4B03EB82020C
:101B80009175411CC8B22228F2DB01E29DF81000D9
:101B900081283DD1059807F0C9FAC4EBC401B44AC5
:101BA00002EB810108810520B2490870C4EBC40032
:101BB00002EB800000F108010222AF480068F4F750
:101BC000F9F9AE480068807E00EB8001AB48006800
:101BD0001D3000EB41004068A949884204D1012032
:101BE000A849096881F822009DF80C00FF28CCD193
:101BF00000200AE09E49B1F8C013C0EBC0029C4B24
:101C000003EB82021181411CC8B22228F2DBD2E32D
:101C10009DF81000822858D19B49059807F006FBD3
:101C2000054607F083FAC4EBC401914A02EB810137
:101C3000C88004208F490870C4EBC40002EB800008
:101C4000811D02228C480068F4F7B4F9C4EBC4008B
:101C5000874901EB8000C0888C494880C4EBC400F0
:101C6000834901EB8000C07D88490870601C884969
:101C700008700820874901EB441188827F4800687A
:101C8000807E00EB80017D4800681D3000EB410044
:101C900040687B49884204D101207A49096881F86B
:101CA00022009DF80C00FF28B1D100200AE0704905
:101CB000B1F8BE13C0EBC0026D4B03EB8202D180C2
:101CC000411CC8B22228F2DB75E39DF81000A02861
:101CD00079D171A207CA8DE80700059807F026FAA6
:101CE000C7B29DF80C00FF2806D10B2F04D1E221CA
:101CF0003046FBF7E5FB89E6C4EBC4005C4901EB29
:101D00008000C07D7B2821D10B2F1FD000251AE039
:101D10006448405DA04214D10020634941F8250089
:101D2000FF206049485561480078401E5F490870AF
:101D300006235C4A4FF420514F480068F4F789F8B5
:101D400043E0681CC5B2062DE2DB3EE0C4EBC400F4
:101D5000474901EB8000C07D7B2836D00B2F34D162
:101D600053488069005D022804D0E2213046FBF729
:101D7000A7FB4BE600251CE04A48405DFF2816D132
:101D80004B48006800EB4400474941F825004548AE
:101D9000445546480078401C444908700623414A8F
:101DA0004FF4205134480068F4F753F803E0681CFE
:101DB000C5B2062DE0DB00BF062D05D1E22130467D
:101DC000FBF77EFB22E69AE000BF1DF8070047EA1A
:101DD0000010C4EBC401264A02EB8101C875012042
:101DE00024490870C4EBC400114601EB8000C07D9B
:101DF0007B2822D0C4EBC40002EB800000F1170165
:101E000001221D480068F4F7D5F8C4EBC400184956
:101E100001EB8000C0881D494880C4EBC400144910
:101E200001EB8000C07D19490870601C18490870DA
:101E30000820184901EB4411888210480068807E10
:101E400000EB80010D4800681D3000EB4100406848
:101E50000B49884230D101200A4909682AE0000074
:101E60008C210020387D0020610E0020620E0020B1
:101E7000A0780020600E0020A4040020DC040020D4
:101E800090050020B80500200000C842780D002011
:101E9000750D00202023002000010102020303042D
:101EA000040605079A0E0020D41500208A0E002093
:101EB000AC15002081F822009DF80C00FF281DD1F0
:101EC00000200AE0FE4991F8CF13C0EBC002FC4BA2
:101ED00003EB8202D175411CC8B22228F2DB00203C
:101EE0000AE00021F74A42F82010FF21F64A115477
:101EF0000021F64A117001E00628F2DB5BE29DF852
:101F00001000A12845D105AD6878297840EA012163
:101F1000C4EBC400EA4A52F8200061F31F50C4EB3E
:101F2000C40142F82100A978C4EBC40052F8200093
:101F300061F31340C4EBC40142F82100E978C4EB1B
:101F4000C40052F8200061F3CF20C4EBC40142F872
:101F500021000220DE490870C4EBC40002EB8001BE
:101F60000422DC480068F4F725F8DB480068807E2E
:101F700000EB8001D84800681D3000EB410040684C
:101F8000D649884204D10120D549096881F8220048
:101F900011E29DF81000A2287DD1059807F0C6F83F
:101FA000C5B2012D34D140F63301C4EBC400C44A9C
:101FB00052F8200061F31F50C4EBC40142F8210025
:101FC000C4EBC400114651F8200020F4702000F545
:101FD0004020C4EBC40142F82100C4EBC400114608
:101FE00051F8200020F4784000F57840C4EBC4019B
:101FF00042F821000220B64908700120B94901EBDE
:102000004411C8750720B74901EB4411888234E0B8
:102010009DBB40F26C71C4EBC400A94A52F8200089
:1020200061F31F50C4EBC40142F82100C4EBC400AB
:10203000114651F8200020F4702000F54020C4EB38
:10204000C40142F82100C4EBC400114651F820003D
:1020500020F4784000F57840C4EBC40142F8210038
:1020600002209B49087000209E4901EB4411C8756D
:1020700007209C4901EB44118882C4EBC400904ABC
:1020800002EB8001042293480068F3F793FF924823
:102090000068807E00E045E000EB80018E4800682B
:1020A0001D3000EB410040688C49884204D101207A
:1020B0008B49096881F822009DF80C00FF2830D177
:1020C00000202CE07E49D1F8B8130A0DC0EBC00106
:1020D0007B4B53F8211062F31F51C0EBC00243F851
:1020E00022101946D1F8B8130A0CC0EBC00153F8FE
:1020F000211062F31341C0EBC00243F822101946CD
:10210000B1F8B813CA0AC0EBC00153F8211062F34A
:10211000CF21C0EBC00243F82210411CC8B22228D4
:10212000D0DB48E19DF81000A3287DD19DF80C007C
:10213000FF2804D1E2213046FBF7C2F966E4059896
:1021400006F0F4FFC7B2022F01D0032F68D1C4EB11
:10215000C4005B4901EB8000C07D7B2860D06248F1
:102160008069005D022804D0E2213046FBF7A8F91F
:102170004CE400251CE05448405DFF2816D15A4825
:10218000006800EB44004F4941F825004E48445593
:102190004E480078401C4D49087006234A4A4FF4C7
:1021A00020514C480068F3F754FE03E0681CC5B2A8
:1021B000062DE0DB00BF062D04D1E2213046FBF7FF
:1021C0007FF923E47B20C4EBC4013D4A02EB81018B
:1021D000C87501203E490870C4EBC40002EB8000C2
:1021E00000F1170101223B480068F3F7E3FEC4EB5E
:1021F000C400334901EB8000C0883C494880C4EBEF
:10220000C4002F4901EB8000C07D38490870601C74
:10221000374908700820334901EB4411888200BF18
:102220002D480068807E00E010E000EB80012A4825
:1022300000681D3000EB410040682849884204D105
:1022400001202749096881F82200B4E09DF81000B8
:10225000A42867D12749059806F0E8FF054606F04F
:1022600065FFC4EBC401164A02EB810188820B2092
:1022700017490870C4EBC40002EB800000F11401A0
:10228000022214480068F3F795FE0220154901EB7D
:1022900044118882601C164908700F480068807ECF
:1022A00000EB80010C4800681D3000EB41004068E5
:1022B0000A49884222D10120094909681CE000002E
:1022C000A0780020D41500209A0E00208A0E00204D
:1022D000600E0020A4040020DC04002090050020F3
:1022E000B805002020230020AC150020780D002028
:1022F000750D00200000204181F822009DF80C009F
:10230000FF2858D100200AE02F49B1F8CC13C0EBC8
:10231000C0022D4B03EB82029182411CC8B22228DD
:10232000F2DB48E09DF81000A5283FD1C4EBC400C3
:10233000254901EB8000807D00F0F000C4EBC40172
:10234000214A02EB81018875059806F0EFFEC0B2C4
:10235000C4EBC4011C4A02EB8101897D0843C4EB34
:10236000C40102EB810188750C2018490870C4EB88
:10237000C40002EB800000F116010122144800683D
:10238000F3F718FE13480068807E00EB80011148C7
:1023900000681D3000EB410040680F4988420AD1B7
:1023A00001200E49096881F8220004E00621304628
:1023B000FBF786F89FE4F1893046FAF7D9FE3046FC
:1023C000FBF72AF800BF96E4A0780020600E0020FA
:1023D000A4040020DC04002090050020B8050020A3
:1023E0002DE9F84F064600200090694630463268D5
:1023F000FAF73CFE28B906213046FBF761F8BDE844
:10240000F88F002400279DF80000222802DC9DF8A8
:10241000000020B9E6213046FBF752F8EFE77B4891
:10242000C07D012818D100240CE07948005D002807
:1024300006DD781CC7B29DF80000874200D103E09A
:10244000601CC4B2222CF0DB00BF222C13D1E62189
:102450003046FBF735F8D2E76C48C07D58B99DF897
:102460000000401EC4B26A48005D20B9E621304633
:10247000FBF726F8C3E7012218213046FBF72CF8BA
:10248000C4EBC401634A02EB8101888806F086FE32
:102490008246614906F038FD8146012249463046B0
:1024A000FBF736F84FF00008C4EBC400594901EBC4
:1024B0008000807D00F0100008B14FF00108404618
:1024C00006F06CFE8146012249463046FBF720F8B3
:1024D0000025C4EBC4004F4901EB800080893C21FA
:1024E00090FBF1F045EA0025C4EBC400494901EB3B
:1024F000800080893C2190FBF1F201FB1200054332
:10250000012229463046FBF720FAC4EBC401414AB8
:1025100002EB8101C88906F041FE8146012249464D
:102520003046FAF7F5FF4FF0000908E001220021DC
:102530003046FAF7EDFF09F1010000F0FF09B9F1AB
:10254000080FF3DB4FF00008C4EBC400314901EB86
:102550008000807D00F0200008B14FF00108404667
:1025600006F01CFE8146012249463046FAF7D0FFAC
:102570000025C4EBC400274901EB8000008A3C2100
:1025800090FBF1F045EA0025C4EBC400214901EBC2
:102590008000008A3C2190FBF1F201FB1200054310
:1025A000012229463046FBF7D0F9C4EBC401194A91
:1025B00002EB8101488A06F0F1FD8146012249467D
:1025C0003046FAF7A5FF4FF0000908E0012200218C
:1025D0003046FAF79DFF09F1010000F0FF09B9F15B
:1025E000080FF3DB601CC1B201223046FAF774FF1A
:1025F000012200213046FAF76FFFF1893046FAF7E1
:10260000B7FD3046FAF708FF00BFF8E68C2100203E
:10261000387D0020A07800200000C8422DE9FE434C
:1026200005460020029001900090694628462A68DD
:10263000FAF71CFD28B906212846FAF741FFBDE844
:10264000FE832868821C01A92846FAF70FFD20B9ED
:1026500006212846FAF734FFF1E72868021D02A98F
:102660002846FAF777FE20B906212846FAF728FF10
:10267000E5E7002400269DF80000FF283ED09DF8E5
:102680000000222802DC9DF8000020B9E62128463F
:10269000FAF716FFD3E7FC48C07D012818D10024C3
:1026A0000CE0FA48005D002806DD701CC6B29DF8FB
:1026B0000000864200D103E0601CC4B2222CF0DB93
:1026C00000BF222C13D1E6212846FAF7F9FEB6E71F
:1026D000ED48C07D58B99DF80000401EC4B2EB48DB
:1026E000005D20B9E6212846FAF7EAFEA7E7512067
:1026F000E7490870601CE749087006E05220E44989
:1027000008700F20E349087022249DF80400A028D7
:102710002DD1E149029806F089FD074606F006FD35
:10272000C4EBC401DD4A02EB810188800320DC494F
:102730000870C4EBC40002EB8000011D0222D948DE
:102740000068F3F737FCD8480068807E00EB800112
:10275000D54800681D3000EB41004068D3498842ED
:1027600004D10120D249096881F82200E9E19DF8ED
:102770000400A12858D14FF07E51029806F086FC43
:102780000ED1C4EBC400C54901EB8000807D40F050
:102790001000C4EBC401C14A02EB810188750DE051
:1027A000C4EBC400BD4901EB8000807D00F0EF0068
:1027B000C4EBC401B94A02EB810188750C20B84909
:1027C0000870C4EBC400B54A02EB800000F11601AA
:1027D0000122B4480068F3F7EDFBB3480068807E3F
:1027E00000EB8001B04800681D3000EB41004068FC
:1027F000AE49884204D10120AD49096881F8220020
:102800009DF80000FF28B1D100200AE0A34991F80B
:10281000CE13C0EBC002A14B03EB82029175411CA9
:10282000C8B22228F2DB8CE19DF80400A22843D133
:102830000298070E0298C0F30748C8EB081007EB90
:102840008000C4EBC401954A02EB81018881072016
:1028500093490870C4EBC40002EB800000F10C0146
:10286000022290480068F3F7A5FB8F480068807E3D
:1028700000EB80018C4800681D3000EB410040688F
:102880008A49884204D101208949096881F82200D7
:102890009DF80000FF280ED100200AE07F49B1F822
:1028A000C413C0EBC0027D4B03EB82029181411C3B
:1028B000C8B22228F2DB44E19DF80400A3283DD1F0
:1028C000029806F033FCC4EBC401744A02EB8101A8
:1028D000C881082072490870C4EBC40002EB800074
:1028E00000F10E0102226F480068F3F763FB6E48A7
:1028F0000068807E00EB80016B4800681D3000EBB3
:10290000410040686949884204D10120684909684A
:1029100081F822009DF80000FF2884D100200AE001
:102920005E49B1F8C613C0EBC0025C4B03EB8202F8
:10293000D181411CC8B22228F2DB02E19DF80400DB
:10294000AC2858D14FF07E51029806F09FFB0ED173
:10295000C4EBC400514901EB8000807D40F02000B1
:10296000C4EBC4014D4A02EB810188750DE0C4EB54
:10297000C4004A4901EB8000807D00F0DF00C4EB19
:10298000C401464A02EB810188750C204449087055
:10299000C4EBC400414A02EB800000F116010122A1
:1029A00040480068F3F706FB3F480068807E00EB74
:1029B00080013D4800681D3000EB410040683B4904
:1029C000884204D101203A49096881F822009DF823
:1029D0000000FF280ED100200AE0304991F8CE1304
:1029E000C0EBC0022D4B03EB82029175411CC8B2B3
:1029F0002228F2DBA5E09DF80400AD285AD1029808
:102A0000070E0298C0F30748C8EB081007EB8000D8
:102A1000C4EBC401214A02EB81010882092020494C
:102A20000870C4EBC40002EB800000F11001022228
:102A30001C480068F3F7BEFA1B480068807E00EB74
:102A40008001194800681D3000EB410040681749BB
:102A5000884204D101201649096881F822009DF8B6
:102A60000000FF280ED100200AE00C49B1F8C8137D
:102A7000C0EBC002094B03EB82021182411CC8B2B9
:102A80002228F2DB5DE000008C210020387D002050
:102A9000610E0020620E00200000C842A0780020D5
:102AA000600E0020A4040020DC040020900500201B
:102AB000B80500209DF80400AE283DD1029806F02C
:102AC00035FBC4EBC401234A02EB810148820A2092
:102AD00021490870C4EBC40002EB800000F1120130
:102AE00002221E480068F3F765FA1D480068807EE0
:102AF00000EB80011A4800681D3000EB410040687F
:102B00001849884204D101201749096881F8220038
:102B10009DF80000FF2814D100200AE00D49B1F80B
:102B2000CA13C0EBC0020B4B03EB82025182411C63
:102B3000C8B22228F2DB04E006212846FAF7C0FCDE
:102B40007DE5E9892846FAF713FB2846FAF764FC85
:102B500000BF74E5A0780020600E0020A4040020CF
:102B6000DC04002090050020B805002010B50446C4
:102B70001D48417901222046FAF7AEFC1A48017936
:102B800001222046FAF7A8FC17480068C0F38351D9
:102B900001222046FAF7A0FC13480068C0F3444124
:102BA00001222046FAF798FC0F480068C0F3043170
:102BB00001222046FAF790FC0B480088C0F38511EB
:102BC00001222046FAF788FC0748007800F03F0110
:102BD00001222046FAF780FCE1892046FAF7C8FA7C
:102BE0002046FAF719FC10BD8404002010B588B007
:102BF00004460020079006900590049003900290F0
:102C000002A920462268FAF765FB28B9062120466A
:102C1000FAF756FC08B010BD2068021D07A920462F
:102C2000FAF724FA20B906212046FAF749FCF1E721
:102C30002068821D06A92046FAF718FA20B9062155
:102C40002046FAF73DFCE5E7206800F1080205A9F7
:102C50002046FAF70BFA20B906212046FAF730FC95
:102C6000D8E7206800F10A0204A92046FAF7FEF925
:102C700020B906212046FAF723FCCBE7206800F1B3
:102C80000C0203A92046FAF7F1F920B906212046E3
:102C9000FAF716FCBEE7BDF8080040F26C718842F6
:102CA0000ADABDF8080040F69801884204DD0621E2
:102CB0002046FAF705FCADE79DF81C000C2802DC65
:102CC0009DF81C0020B906212046FAF7F9FBA1E780
:102CD0009DF818001F2802DC9DF8180020B9062175
:102CE0002046FAF7EDFB95E79DF81400172804DD60
:102CF00006212046FAF7E4FB8CE79DF810003B28FC
:102D000004DD06212046FAF7DBFB83E79DF80C0083
:102D10003B2804DD06212046FAF7D2FB7AE79DF82E
:102D20000C009DF81010CDE900109DF814309DF8AE
:102D300018209DF81C10BDF80800E1F705F8E1899E
:102D40002046FAF715FA2046FAF766FB00BF61E75E
:102D500030B58DB00546002004E0202105AA1154AD
:102D6000411CC8B21E28F8DB002004E020210DF829
:102D70000010411CC8B21428F8DB35A105A8DFF704
:102D800017FB3548807E20B934A16846DFF710FB79
:102D900019E03148807E012804D132A16846DFF76E
:102DA00007FB10E02C48807E022804D12FA1684642
:102DB000DFF7FEFA07E02848807E032803D12DA123
:102DC0006846DFF7F5FA05A8DFF7FAFB05A9202228
:102DD0000A546846DFF7F4FB20220DF80020002497
:102DE00007E005A8015D01222846FAF775FB601C83
:102DF000C4B21E2CF5DB002407E02048015D01224F
:102E00002846FAF769FB601CC4B2072CF5DB0024E6
:102E100006E0012220212846FAF75EFB601CC4B2BE
:102E20000D2CF6DB002407E01DF8041001222846D3
:102E3000FAF752FB601CC4B2142CF5DBE989284672
:102E4000FAF796F92846FAF7E7FA0DB030BD000018
:102E500048353243300000008C2100205A544B4446
:102E6000000000004D656E7465636800434943547B
:102E700000000000415745534F4D450056030020C8
:102E800070B588B0044600200790002607A92046A8
:102E90002268FAF7EBF828B906212046FAF710FB6A
:102EA00008B070BD9DF81C0010B90020208211E010
:102EB0009DF81C00012803D1208A401C208209E0D3
:102EC0009DF81C00022805D1208A002802DD208AF6
:102ED000401E2082394A07CA01AB07C304F1100023
:102EE00003904FF4FA6101A8ECF768F80646002059
:102EF0008DF81000218A608A814205D101208DF869
:102F00001000208A401E208206EB4600800000F65A
:102F1000040081B206230DF1160229480068F3F778
:102F2000D3FFDDF81600C0F383508DF81100DDF8F3
:102F30001600C0F344408DF81200DDF81600C0F30F
:102F400004308DF81300DDF81600C0F385108DF8FD
:102F50001400DDF8160000F03F008DF8150006EBB8
:102F60004600800000F60A0081B202230DF116022D
:102F700013480068F3F7A8FF9DF8101001222046BF
:102F8000FAF7AAFABDF81A1001222046FAF7D0FA89
:102F9000012507E004A8415D01222046FAF79CFACA
:102FA000681CC5B2082DF5DBE1892046FAF7E0F888
:102FB0002046FAF731FA00BF72E700004498020891
:102FC000A4040020FEB50446002002900190009069
:102FD00002A920462268FAF749F820B906212046BE
:102FE000FAF76EFAFEBD2068821C01A92046FAF7A6
:102FF0003DF820B906212046FAF762FAF2E7206888
:10300000021D69462046FAF7A5F920B90621204697
:10301000FAF756FAE6E79DF8080078B93A490098B9
:1030200006F004F9054606F081F838490968088277
:10303000374880883549096848825CE09DF8080077
:10304000012858D19DF80400012811D13149009878
:1030500006F0ECF8064606F04DF805B200222946C7
:103060002D480068F4F78AFA28490968088142E087
:103070009DF80400022811D12649009806F0D6F8E0
:10308000064606F037F805B20122294622480068B4
:10309000F4F774FA1D49096888812CE09DF8040052
:1030A000032828D09DF80400042824D09DF80400AB
:1030B0000D2820D09DF804000E281CD09DF8040097
:1030C00015280AD11049009805F01EFF054606F0A4
:1030D0002DF80E49096848810DE09DF80400162876
:1030E00009D10949009805F00FFF054606F01EF8C2
:1030F00006490968C881E1892046FAF739F820466F
:10310000FAF78AF900BF6DE70000C8429404002076
:103110005C14002000002041A404002038B50446BF
:1031200000200090694620462268F9F79FFF20B9E9
:1031300006212046FAF7C4F938BD9DF80000802822
:103140001AD100250AE0681C236803EB40022D48D1
:1031500041192046F9F78AFF681CC5B2102DF2DB31
:1031600000202849087411230A464FF602412648D8
:103170000068F4F7EFF93CE09DF8000081281AD1CF
:1031800000250AE0681C236803EB40021F48411930
:103190002046F9F76BFF681CC5B2102DF2DB00204A
:1031A0001A49087411230A464FF61341164800685D
:1031B000F4F7D0F91DE09DF80000822817D1002512
:1031C0000AE0681C236803EB4002114841192046BD
:1031D000F9F74CFF681CC5B2062DF2DB06230C4A3A
:1031E0004FF6244108480068F4F7B4F901E00620DE
:1031F000A071E1892046F9F7BBFF2046FAF70CF9E8
:1032000000BF99E70A030020A40400201B0300204C
:103210002C0300207047704702460B46516805E0BA
:103220000878984201D14868704789680029F7D129
:103230000020F9E70170427070472DE9F041054622
:103240000C464FF00008BCB1012C15D00B2C13D04C
:103250000C2C11D00D2C0FD00E2C0DD0062C0BD019
:10326000072C09D00A2C07D0032C05D0022C03D040
:10327000042C01D0132C01D102271CE0022C09D010
:10328000042C07D00F2C05D0102C03D0112C01D00A
:10329000122C01D104270EE0052C0BD0082C09D0EC
:1032A000092C07D0142C05D0152C03D0162C01D0D6
:1032B000172C00D10127686850B36E6800E0B6682B
:1032C000B0680028FBD1102003F07AFDB060B06830
:1032D000D8B1B068047068787843B1684870B16854
:1032E000487803F06DFDB1684860B068406830B957
:1032F000B06804F077FC0020B060BDE8F0810020E9
:10330000B1688860B068C66001E00020F5E723E09E
:10331000102003F055FD68606868D8B168680470D3
:1033200068787843696848706968487803F048FDB0
:10333000696848606868406828B9686804F052FCA9
:1033400000206860D9E70020696888606868C0F874
:103350000C8001E00020D0E70120CEE72DE9F0410C
:1033600080460F4616463D1D2C1D286820F0C05093
:1033700000F10060286098F84610286861F39A50C0
:10338000286048480178286861F3953028602868EB
:1033900020F47F5000F570502860286820F03F002E
:1033A0002860286820F060402860206820F0F00045
:1033B0002060206820F00F00206076B9206820F49B
:1033C0007F4020606720F1F7DBF8216860F31F4140
:1033D000216035480068606061E0012E10D12068EE
:1033E00020F47F4000F5807020606720F1F7C8F876
:1033F000216860F31F4121602B48406860604EE007
:10340000022E10D1206820F47F4000F5007020606B
:103410006720F1F7B5F8216860F31F412160224869
:10342000806860603BE0032E10D1206820F47F406C
:1034300000F5407020606720F1F7A2F8216860F382
:103440001F4121601848C068606028E0042E12D136
:10345000206820F47F4000F5806020606720F1F74D
:103460008FF8216860F31F41216010480068D0F890
:103470001600606013E0052E11D1206820F47F4013
:1034800000F5A06020606720F1F77AF8216860F30A
:103490001F41216005480068D0F81A006060BDE84F
:1034A000F0810000720C00203A030020B8050020D3
:1034B0002DE9F04107468846164608F104052C1D03
:1034C000286820F0C05000F10060286097F846108E
:1034D000286861F39A50286046480178286861F3AB
:1034E00095302860286820F47F5000F570502860DF
:1034F000286820F03F002860286820F0604028609D
:10350000206820F0F0002060206820F00F00801C70
:1035100020606EB9206820F47F4020606520F1F7BC
:103520002FF8216860F31F412160002060605FE098
:10353000012E0FD1206820F47F4000F580602060CC
:103540006520F1F71DF8216860F31F41216000201C
:1035500060604DE0022E0FD1206820F47F4000F51E
:10356000006020606520F1F70BF8216860F31F41CF
:103570002160002060603BE0032E0DD1206820F424
:103580007F4020606920F0F7FBFF216860F31F4156
:103590002160002060602BE0042E0DD1206820F413
:1035A0007F4020606420F0F7EBFF216860F31F414B
:1035B0002160002060601BE0052E19D1206820F4F6
:1035C0007F4020606920F0F7DBFF216860F31F4136
:1035D0002160206820F00F002060074800783861E3
:1035E0003869F0F7D3FF6060286820F47F10286006
:1035F000BDE8F081720C0020BD0E002002460021C3
:1036000014E001EB8103506800EB8300808858B917
:1036100001EB8103506850F8230028B901EB8103C6
:10362000506800EB83007047481CC1B21E29E8DBDC
:103630000020F8E710B50246C86870B1D1E902343D
:10364000A3608B6813B1D1E90243E360084689683F
:1036500000238380036000200AE088681060886887
:1036600010B100208B68D860002088800860116845
:10367000084610BD2DE9F74F82B0074690463C68DA
:103680000398061D039800F108053068C0F3C16077
:10369000012804D13068C0F38450022809D0306872
:1036A000C0F3C160012879D13068C0F38450032889
:1036B000F9D1287800F00F00072870D12868000C95
:1036C00028B9686818B90C2005B0BDE8F08FA6E0ED
:1036D000A0882968B0EB114F7ED1206869688842C4
:1036E000FAD194F81090A9F10100012101FA00F03B
:1036F000B9680840002853D0A9F10100012101FA5E
:1037000000F0F968084000284AD13088C0F38710DB
:1037100048451FD1A9F1010101228A40F8681043F0
:10372000F860F949F868086097F82F0097F82E10AC
:10373000884204DA97F82F00401C87F82F001421E4
:103740004046FFF769FD82460021A9F101000AF811
:1037500000105DE021463846FFF76CFF0821404627
:10376000FFF75AFD82460F21A9F101000AF8001067
:10377000A9F1010101228A40B8689043B860012292
:103780008A40F8689043F86097F82E00002804DD1E
:1037900097F82E00401E87F82E0039E0FAE3A0E0EB
:1037A000A9F10100012101FA00F0B968084070B3E5
:1037B000A9F10100012101FA00F0F968084030B3D5
:1037C0004FF4FA70E0803088C0F3871048451FD06E
:1037D000306820F47F1000E01CE03060306820F496
:1037E0007F5000F570503060306820F03F0030604E
:1037F000306820F060403060286820F00F000A3008
:103800002860286869F30F20286001205CE7FFE743
:103810000F2059E7A06808B1A46800E002E0002C7E
:103820007FF456AF00BF54B93846FFF7E7FE0446B1
:103830000CB90F2048E73C600020E0600AE0384601
:10384000FFF7DCFEA060A06808B90F203CE7A06885
:10385000C460A468F4B32868000CA0806868206085
:103860000020A0604FF4FA70E080002017E00121F2
:103870008140BA68114081B9411C217497F82E101B
:103880001E2904DA97F82E10491C87F82E10012102
:103890008140BA680A43BA6003E0411CC8B22028DC
:1038A000E5DB306820F47F103060306820F47F5012
:1038B00000F570503060306820F03F0030603068B4
:1038C00020F060403060286820F00F000A30286047
:1038D000217C00E003E0286861F30F2028600120CC
:1038E000F2E6287800F00F0001283CD12968080C86
:1038F000F0F746FE0D2834D130888009401E8349F8
:1039000008706868F0F742FE401E012101FA00F0DD
:10391000F9680843F8607C49F868086097F82F0058
:1039200097F82E10884204DA97F82F00401C87F889
:103930002F0014214046FFF76FFC81460020734999
:10394000097809F8010009214046FFF765FC814626
:1039500000206E49097809F8010005206C490870BB
:1039600000BF0020B0E6287800F00F0003286FD1D8
:103970002968080CF0F704FEA8BB30888009401EB7
:1039800062490870084600781E2801DD0E209BE67B
:10399000B8F1000F1CD000214046FFF73DFC8146E6
:1039A0006868F0F7F3FD82460A20BAFBF0F0574949
:1039B000097829F8110008214046FFF72DFC8346BD
:1039C0003068C0F38450514909780BF8010000BFFA
:1039D0000BE03088C0F38710217C884204D14FF47B
:1039E000FA70E08003E003E0A468002CF1D11FE24C
:1039F0002968080CF0F7C4FD01282ED13088800911
:103A0000401E42490870084600781E2801DD0E203D
:103A10005AE6B8F1000F10D001214046FFF7FCFB39
:103A200081466868F0F7B2FD82460A20BAFBF0F0E2
:103A30003649097829F8110000BF0BE03088C0F33F
:103A40008710217C884204D14FF4FA70E08003E0B3
:103A5000F1E3A468002CF1D1C9E72968080CF0F75C
:103A60008FFD022868D130888009401E27490870E0
:103A7000084600781E2801DD0E2025E6B8F1000F6B
:103A800040D006214046FFF7C7FB01906868F0F779
:103A90007DFD81460A20B9FBF0F91C4A1278019895
:103AA00020F8129009214046FFF7B6FB8346082113
:103AB0004046FFF7B1FB0090144909780098405C3C
:103AC00002281ED1114800781BF80000002818DDDC
:103AD0000E4800781BF80000032190FBF1F201FB77
:103AE000120000F0FF0A1FFA89F0B0F5FA5F01DA60
:103AF0004FF00009074921F81A90FF20064901F804
:103B00000A0000BF15E00000AC0E0020B80E002037
:103B1000BC0E0020D47D0020B90E00203088C0F3F8
:103B20008710217C884203D14FF4FA70E08002E0D4
:103B3000A468002CF2D1BFE32968080CF0F720FD3F
:103B4000182836D130888009401EFE490870084682
:103B500000781E2801DD0E20B6E5B8F1000F19D05F
:103B600007214046FFF758FB82466868F0F70EFDD4
:103B7000814646F2A810814503DAF24909782AF80D
:103B80001190B9F1000F04DA0020EE4909782AF803
:103B9000110000BF0AE03088C0F38710217C884202
:103BA00003D14FF4FA70E08002E0A468002CF2D157
:103BB00082E32968080CF0F7E3FC07287ED13088FF
:103BC0008009401EDF490870084600781E2801DD84
:103BD0000E2079E5B8F1000F71D06868F0F7D6FCD7
:103BE000824605214046FFF717FB8346D6480AEA7E
:103BF000000050B1D34800781BF8000040F00100ED
:103C0000D04909780BF8010009E0CE4800781BF88C
:103C1000000000F0FE00CB4909780BF801001421E8
:103C20004046FFF7F9FA8146CAF3406070B1C548D3
:103C3000017801208840C54909680843C3490860E4
:103C40000120C049097809F801000DE0BD4801785C
:103C500001208840BD4909688143BC4801600020BB
:103C6000B849097809F8010015214046FFF7D4FA50
:103C70008146CAF3414070B1B248017801208840C2
:103C8000B34909680843B24908600020AD49097882
:103C900009F801000DE0AB48017801208840AC49EB
:103CA00009688143AA4801600120A649097809F8FA
:103CB000010009214046FFF7AFFA01E088E078E013
:103CC0008146CAF30010C8B39E48007819F8000076
:103CD000032190FBF1F201FB1200012806D19D485F
:103CE000007840F001009B49087061E09548007839
:103CF00019F80000032190FBF1F201FB12000228E9
:103D000006D19448007840F00200924908704FE0D4
:103D10008C48007819F80000032190FBF1F201FBB8
:103D2000120078BB8748007819F8000050B3894822
:103D3000007840F004008749087039E0FFE78148C7
:103D4000007819F80000032190FBF1F201FB12004A
:103D5000012806D17F48007800F0FE007D490870F8
:103D600026E07848007819F80000032190FBF1F272
:103D700001FB1200022806D17648007800F0FD0011
:103D80007449087014E06F48007819F800000321A6
:103D900090FBF1F201FB120050B96A48007819F863
:103DA000000028B16B48007800F0FB0069490870FA
:103DB00000BF0AE03088C0F38710217C884203D11D
:103DC0004FF4FA70E08002E0A468002CF2D173E2B4
:103DD0002968080CF0F7D4FB4D282AD130888009D7
:103DE000401E58490870084600781E2801DD0E2044
:103DF0006AE4B8F1000F0DD009214046FFF70CFA34
:103E000081466868F0F7C2FB82464E49097809F896
:103E100001A000BF0AE03088C0F38710217C8842EF
:103E200003D14FF4FA70E08002E0A468002CF2D1D4
:103E300042E22968080CF0F7A3FB1E283CD1308829
:103E40008009401E3F490870084600781E2801DDA1
:103E50000E2039E4B8F1000F1FD00A214046FFF7C9
:103E6000DBF982466868F0F791FB814635490978AD
:103E70002AF8119008214046FFF7CEF983463148D1
:103E800000781BF80000022806D11FFA89F00A21E9
:103E900090FBF1F03049C88000BF0AE03088C0F3E1
:103EA0008710217C884203D14FF4FA70E08002E051
:103EB000A468002CF2D1FFE12968080CF0F760FB40
:103EC00004282DD130888009401E1E4908700846FC
:103ED00000781E2801DD0E2098E4B8F1000F10D004
:103EE00003214046FFF798F981466868F0F74EFBDA
:103EF00082460A209AFBF0F01249097829F811004D
:103F000000BF0AE03088C0F38710217C884203D1CB
:103F10004FF4FA70E08002E0A468002CF2D1CBE10B
:103F20002968080CF0F72CFB632834D1308880090D
:103F3000401E04490870084600781E280EDD0E2039
:103F400064E40000B80E0020FFFFF9F4B00E00207A
:103F5000B40E0020E2020020D47D0020B8F1000F52
:103F6000A9D016214046FFF757F981466868F0F757
:103F70000DFB8246CAF30740D949097809F80100C8
:103F800017214046FFF748F98146D549097809F8D5
:103F900001A091E1A1E12968080CF0F7F1FA61288C
:103FA00034D130888009401ECD4908700846007819
:103FB0001E2801DD0E2029E408214046FFF72CF9D8
:103FC0008346B8F1000F11D002214046FFF724F9D3
:103FD00082466868F0F7DAFA81464FF47A70B9FBE6
:103FE000F0F0BF4909782AF8110000BF0AE03088D4
:103FF000C0F38710217C884203D14FF4FA70E0802F
:1040000002E0A468002CF2D100BF55E12968080C39
:10401000F0F7B6FA60287DD130888009401EB0499B
:104020000870084600781E2801DD0E200EE4B8F165
:10403000000F7AD008214046FFF7EEF88246A848E4
:1040400000781AF80000032832D10F214046FFF70C
:10405000E3F881466868F0F799FA8346A04800784B
:1040600059F8200058451ED89D48007859F820007E
:10407000C8B19B48007859F82000ABEB0000994983
:1040800009680844974908609548007849F820B0C5
:1040900008460188112001F015FB92484188122042
:1040A00001F010FB03E08E48007849F820B03BE0B7
:1040B0008B4800781AF80000022835D10F214046BD
:1040C000FFF7AAF881466868F0F760FA83468448EB
:1040D000007859F82000584521D88148007859F8CF
:1040E0002000E0B17E48007859F82000ABEB0000DA
:1040F0007D49096808447C4908607948007849F896
:1041000020B0084601880D2001F0DCFA764841888D
:104110000E2001E018E008E001F0D4FA03E0704856
:10412000007849F820B000BF00BF0AE03088C0F333
:104130008710217C884203D14FF4FA70E08002E0BE
:10414000A468002CF2D1B7E02968080CF0F718FA3F
:1041500064283AD130888009401E614908700846B9
:1041600000781E2801DD0E2011E4B8F1000F1DD0EB
:104170006868F0F70BFA824605214046FFF74CF8D5
:1041800081465748007819F8000000F00F005449A4
:10419000097809F801005248007819F8000040EA4F
:1041A0000A104F49097809F8010000BF0AE0308879
:1041B000C0F38710217C884203D14FF4FA70E0806D
:1041C00002E0A468002CF2D176E02968080CF0F730
:1041D000D7F965284DD130888009401E40490870C4
:1041E000084600781E2801DD0E2011E4B8F1000F0A
:1041F00030D02888C0F30720032808DC2888C0F3C3
:1042000007203A4901EB80006968016022E02888B4
:10421000C0F3072003280FDD2888C0F307200728F4
:104220000ADC2888C0F30720001F304901EB80001A
:10423000696801600EE04EE02888C0F30720072877
:1042400008DD2888C0F307200838284901EB8000E2
:10425000696801600AE03088C0F38710217C8842D9
:1042600003D14FF4FA70E08002E0A468002CF2D190
:1042700022E02968080CF0F783F969281CD13088FE
:104280008009401E16490870084600781E2801DD86
:104290000E2061E4E879164908700AE03088C0F31E
:1042A0008710217C884203D14FF4FA70E08002E04D
:1042B000A468002CF2D100BF0AE03088C0F3871058
:1042C000217C884203D14FF4FA70E08002E0A468B8
:1042D000002CF2D100BF0E203EE400203CE40000A0
:1042E000B80E0020C40E0020C80E0020D605002005
:1042F000BD0E002080F844100F2380F845300123C4
:1043000080F84230026170472DE9F04104460F46C3
:104310003E1D351DA08D002802DDA08D401EA0850C
:10432000E068002872D0A08D00286FD15F48007827
:10433000401C5E4908700846007804280CD1022011
:10434000087014F8470F401C207014F847090F2814
:1043500002D1002084F847000520A085306820F0B5
:10436000C05000F10060306050480178306861F35F
:104370009A503060306820F47F103060306820F44C
:104380007F5000F570503060306820F03F003060A2
:10439000306820F060403060286820F0F00028602D
:1043A000286820F00F00801C2860286820F47F40D7
:1043B000286094F8472004F13101885CF0F7E0F8B8
:1043C000296860F31F4129600020686094F8470065
:1043D000062847D1286820F00F00286094F8430091
:1043E00018B194F84300012811D13048007803280F
:1043F00007D12F4A128861698818F0F7C7F86860FA
:1044000030E06069F0F7C2F868602BE04CE094F8A7
:104410004300022804D1206AF0F7B8F8686021E070
:1044200094F84300042805D14BF68030F0F7AEF83D
:10443000686017E094F84300052813D11B48007802
:10444000022804D1E069F0F7A1F868600AE0174893
:104450000078032806D1164A128861698818F0F797
:1044600095F8686094F8470007281BD11148007838
:10447000002802DD0020BDE8F081286820F00F0050
:1044800028600A480078022804D1606AF0F77EF8B4
:10449000686007E005480078032803D1A06AF0F7B8
:1044A00075F868600120E6E70020E4E7CD0E002003
:1044B000F4000020590000202DE9F05F05468846F1
:1044C0002E6868E0347C601E012101FA00F0E96882
:1044D000084010B1F088401EF080F088002859D1C3
:1044E00008214046FEF798FE074609214046FEF7A0
:1044F00093FE814615214046FEF78EFE824600213E
:104500004046FEF789FE8346601E385C022819D1BA
:10451000601E19F8000000280DDD611E19F8011059
:10452000032291FBF2F302FB1311C8B200211C4AD3
:1045300022F8101000BF00201949C8800F21601E0A
:10454000395406E0601E385C032802D10E21601E3B
:1045500039540121601E0AF8001000212BF81010B8
:10456000611E01228A40E8689043E86001228A4087
:10457000A8689043A86095F82E00002804DD95F8FF
:104580002E00401E85F82E0031462846FFF752F8CF
:10459000064600E0B668002E94D1BDE8F09F00000A
:1045A000D47D00202DE9F04704460F4690463D1D7E
:1045B0002E1D08214046FEF72FFE814694F8440048
:1045C000002807DD94F84400401E19F8000084F824
:1045D000460002E0022084F8460094F8420010B938
:1045E0000020BDE8F08794F94200002801DA00209D
:1045F000F7E794F8440000280ADD94F84400401ED0
:10460000012101FA00F0E168084008B90020E8E75C
:10461000286820F0C05000F1006028604434A17880
:10462000286861F39A5028602178286861F39530F2
:104630002860286820F47F5000F5705028602868B2
:1046400020F03F002860286820F060402860306833
:1046500020F0F0003060306820F00F0030603068EB
:1046600020F47F40306094F90120443C04F1310192
:10467000885CEFF785FF316860F31F413160206986
:10468000EFF784FF7060002084F84400FF2084F876
:104690004500002084F8420020610120A1E70000CD
:1046A0002DE9F04781468846154608F10406341D79
:1046B000306820F0C05000F10060306099F846107A
:1046C000306861F39A503060306820F47F103060B9
:1046D000306820F47F5000F570503060306820F072
:1046E0003F003060306820F060403060206820F08B
:1046F000F0002060206820F00F002060EDB92068F5
:1047000020F47F4020606820EFF73AFF216860F3D3
:104710001F412160271D002038706E48007800F08E
:104720003F0078706B480088C0F38510B870694806
:104730000068C0F30430F870C9E0012D1DD1206875
:1047400020F47F4000F5807020606820EFF718FFAC
:10475000216860F31F412160271D5E480068C0F397
:10476000444038705B480068C0F383507870594902
:104770008888EFF705FF7880A9E0022D0ED1206828
:1047800020F47F4020606620EFF7FAFE216860F396
:104790001F41216050480068606098E0032D10D1EF
:1047A000206820F47F4000F5807020606620EFF7DD
:1047B000E7FE216860F31F41216047484068606060
:1047C00085E0042D10D1206820F47F4000F50070B2
:1047D00020606620EFF7D4FE216860F31F4121605E
:1047E0003D488068606072E0052D10D1206820F49B
:1047F0007F4000F5407020606620EFF7C1FE216821
:1048000060F31F4121603448C06860605FE0062D9E
:1048100010D1206820F47F4000F580602060662081
:10482000EFF7AEFE216860F31F4121602B4800685E
:1048300060604CE0072D10D1206820F47F4000F527
:10484000A06020606620EFF79BFE216860F31F41A7
:10485000216022484068606039E0082D10D120684E
:1048600020F47F4000F5C06020606620EFF788FEEE
:10487000216860F31F41216018488068606026E06D
:10488000092D10D1206820F47F4000F5E060206001
:104890006620EFF775FE216860F31F4121600F4825
:1048A000C068606013E00A2D11D1206820F47F40B9
:1048B00020606420EFF764FE216860F31F412160EF
:1048C000206820F00F00801C206000206060002025
:1048D000BDE8F087840400203A0300201B03002079
:1048E00010B504460020263444F8260C207260726D
:1048F00044F81E0C44F81A0CC820E08000202077F1
:10490000A077FF20E0770020A072E072263C012112
:104910003220015507213320015502213420015551
:104920001821352001551E21362001550821372038
:1049300001551421382001554D21392001551E21E2
:104940003A20015504213B2001550C213C20015502
:1049500063213D20015561213E20015560213F200A
:10496000015521214020015562214120015500209F
:10497000206184F843004DF2FC0060614DF2E44098
:10498000A0614BF68C10E06120624DF2D86060624D
:10499000A062022084F84600002084F847004FF40B
:1049A000167002F00DFA6060002006E000216268D7
:1049B000918062681160411CC8B21E28F6DB204657
:1049C00010BD70B50446002505E02568A868206084
:1049D000284603F007F920680028F6D1204670BD6C
:1049E00010B504462178044A52F8210040F20531FE
:1049F00003F01BF810BD0000C096020870B5044615
:104A00000D461646E0684560E06846814FF48050E8
:104A1000E16888810020E1680881226903CA01F009
:104A2000EBFC2178034A52F8210040F2073102F0F2
:104A3000FCFF70BDC096020810B504462178044AF8
:104A400052F8210040F2053102F0E2FF10BD0000F3
:104A5000C09602082DE9F84F04460F464FF00009B2
:104A6000C846C2466E48007800286FD1607D50B9B4
:104A7000A06803F027FC20B10020A1684881A1684C
:104A80000881BDE8F88F00206075A06803F00EFC77
:104A900005462E4605B9F4E72046FFF7CDFFA1688D
:104AA00008891AE0A1684968095C4D290BD1A16801
:104AB0004A68411C515C4E2905D1A1684A68811C95
:104AC000515C432904D0A1684968095C7E2902D160
:104AD000A168088105E0411C88B2A168498981422A
:104AE000E0DCA0684068A168098900EB01092FB9E2
:104AF000EAB24946204600F087F91DE00020009008
:104B000069464846B8478046B8F1000F13D0BDF853
:104B1000000020B94046DDF753FD80B20090BDF89B
:104B20000000002805DDBDF8002041462046FFF7C3
:104B300065FF4FF0000800BF0020A1680881A16850
:104B400048812046FFF74CFF67E0FFE734480078D4
:104B5000012862D14FF0000BA06803F0A7FB0546C7
:104B6000304909888D420CD2A06803F0ABFB38B104
:104B70000020A1684881A16808814FF0010B00E086
:104B80007FE72046FFF758FFBBF1010F03D1052057
:104B900089F8070023E02E46A168088915E0A1687E
:104BA0004968095C4D290ED1A1684A68411C515CD5
:104BB0004E2908D1A1684A68811C515C432902D161
:104BC000A168088105E0411C88B2A1684989814239
:104BD000E5DCA0684068A168098900EB01090020B4
:104BE000009069464846B8478046B8F1000F0BD0A0
:104BF000BDF80000002805DDBDF800204146204634
:104C0000FFF7FCFE4FF000080020A1680881A168B2
:104C100048812046FFF7E4FE00BF00BF31E70000F7
:104C2000690D00206C0D00202DE9F04704460F4669
:104C30000026B246A06803F039FB0546A068466826
:104C40000DB9BDE8F087A81E36F80080002131526A
:104C5000EAB23146204600F0B7F8A81E36F80090B8
:104C6000C84503D117B100213046B8470020A168DC
:104C70004881A1680881002600BFE2E738B50446F4
:104C800021784D4A52F82100002102F050FE30B147
:104C90002178494A52F8210002F0F2FD1CE0217807
:104CA000454A52F82100032102F041FE30B121783B
:104CB000414A52F8210002F0E3FD0DE021783E4A1E
:104CC00052F82100012102F032FE28B121783A4A3F
:104CD00052F8210002F0D4FD2178374A52F8210021
:104CE000364902F0BCFEC8B12178334A52F821009F
:104CF00002F0C6FDC0B20090A06800B938BD694698
:104D0000A06803F078FA054605B9F7E7207D9DF81D
:104D1000001088424DD1012060754AE02178264A72
:104D200052F82100264902F09AFE28B3E06803F009
:104D3000D8FA80B12178204A52F8210040F2073198
:104D400002F066FE21781C4A52F8210040F206313A
:104D500002F06BFE2DE0E06803F048FA0078009066
:104D60002178154A52F821009DF8001002F08DFDBF
:104D7000E06803F029FA1CE021780F4A52F821007C
:104D8000104902F06CFEA0B121780B4A52F82100C4
:104D90000C4902F057FE206918B1226903CA01F0DC
:104DA00029FB2178044A52F8210040F2063102F032
:104DB0002FFE00BFA2E70000C09602080503050011
:104DC000070307000603060070B505464FF6FF709F
:104DD000002312E0CC5C604000240AE000F00106F1
:104DE00026B140104AF20106704000E04010661CF7
:104DF000F4B2082CF2DB5C1CE3B2941E9C42E9DCAA
:104E0000931EC85270BD00002DE9F04104460D46C6
:104E100016460027E06808B9BDE8F081206918B19E
:104E2000226903CA01F0E8FA06E03A467B1C9FB209
:104E30005119E06803F0DFF93000A6F101018EB2EC
:104E4000F3D12178044A52F8210040F2073102F0F0
:104E5000ECFD00BFE0E70000C09602082DE9F0413C
:104E600004460D4616461F46DDF818803146284692
:104E7000DFF7B6F8A760C4F80C80064800EBC50061
:104E800020612570002060750D2020752046BDE84A
:104E9000F08100006096020810B500F001F810BD26
:104EA00010B5DDF70AFD10BD490050EAC12018BF5A
:104EB00004204A0D18BF40F0010040F2FF72B2EB2F
:104EC000515F08BF40F00200012808BF052070476D
:104ED0002DE9F041074690460E4600251020DDF7EB
:104EE000BDFC04000BD0C4F80C80C4E90176DDF7EA
:104EF000B1FC0168216004602846BDE8F08101250D
:104F0000FAE72DE9F0410646DDF7A4FC804613E000
:104F100026B1E068B04201D025460EE02068286046
:104F2000D4E90101D8F8007088472046DDF7C5FCB8
:104F3000D8F80000B84200D045462C68002CE7D1D4
:104F4000BDE8F0812DE9F0414F1E00EBC70104469A
:104F5000D1E9000115461E4637F006020DD02A465B
:104F6000334603F00DFD7F1E04EBC703D3E9002396
:104F700003F0F2F937F00602F1D1022F25D0042F09
:104F800013D0062F18BFBDE8F0812A46334603F040
:104F9000F7FCD4E90A2303F0DFF92A46334603F08D
:104FA000EFFCD4E9082303F0D7F92A46334603F08F
:104FB000E7FCD4E9062303F0CFF92A46334603F091
:104FC000DFFCD4E9042303F0C7F92A46334603F093
:104FD000D7FCD4E9022303F0BFF92A46334603F095
:104FE000CFFCD4E90023BDE8F04103F0B5B90000DF
:104FF000002213461046014903F06ABA0000F03F50
:10500000012204F0C4BA002213461046114603F0F0
:105010005FBA000010B53222A0210448F2F7E3FB8A
:105020003222A2210248F2F7DEFB10BD5000002020
:105030005400002010B5054A05490648F5F7FCFB69
:105040000446054A0549FFF743FF10BDE004002070
:10505000EC040020102200200020000889A801088C
:1050600010B505490548F2F748FE0446044A0549CB
:10507000FFF72EFF10BD0000680C0020B0220020BA
:1050800000200008FF7C010810B50448EFF72CFF52
:105090000446034A0349FFF71BFF10BDE822002026
:1050A00000200008EB4E010810B50448F7F780F81F
:1050B0000446034A0349FFF70BFF10BD4C150020BF
:1050C00000200008B3C1010810B50448FEF7A2F89B
:1050D0000446034A0349FFF7FBFE10BD2C7E002067
:1050E000002000081732020810B50448FFF7F8FB4B
:1050F0000446034A0349FFF7EBFE10BDE47D0020A0
:1051000000200008C349020810B507480088074975
:1051100008800548C08804490844054908600548D6
:10512000F0F719FB10BD0000000004081C0000206F
:10513000280000201C10002038B540211E4803F034
:105140001FF804461D4A1E49FFF7C2FE28211D48CC
:1051500003F016F80446194A1949FFF7B9FE0B2166
:10516000194803F00DF80446144A1549FFF7B0FE3C
:105170000521164803F004F80446104A1049FFF7C9
:10518000A7FE2821124802F0FBFF04460B4A0C49F7
:10519000FFF79EFE0C48084B7D22002100900D4831
:1051A000F5F760FD0948074BFA22012100900A48F3
:1051B000F5F758FD38BD0000F40E0020002000086F
:1051C000B1810208040F0020140F0020240F0020DA
:1051D000340F0020440F00205C0F002010B5072280
:1051E00002490348F0F764F810BD000020140020C5
:1051F0003014002010B50248F0F7EAFB10BD0000A3
:105200007804002038B54FF4B461284803F014F84E
:105210000446274A2749FFF75BFE0F21264803F083
:105220000BF80446224A2349FFF752FE4021234847
:1052300003F002F804461E4A1E49FFF749FE1021FA
:105240001F4802F0F9FF0446194A1A49FFF740FEC9
:1052500040211C4802F0F0FF0446154A1549FFF7AB
:1052600037FE1021184802F0E7FF0446104A1149A2
:10527000FFF72EFE10480D4B4FF49652032100907D
:105280001248FFF7EBFD0E480C4B4FF4165200216D
:1052900000900F48FFF7E2FD0B480A4B4FF41652FF
:1052A000022100900B48FFF7D9FD38BD740F002094
:1052B0000020000865820208840F0020940F00205F
:1052C000A40F0020B40F0020C40F0020D40F002032
:1052D000EC0F00200410002010B50448F2F7BAF9D2
:1052E0000446034A0349FFF7F3FD10BDD421002013
:1052F000002000089976010830380A2801D20120E0
:1053000070470020704730B5012902D002291AD118
:105310000CE0C36A23F47003C362C36A541E4FF4E3
:10532000700505EA04542343C3620DE0836B23F444
:1053300040138363836B541E4FF4401505EA0454F5
:105340002343836300E000BF00BF30BD10B52C488D
:1053500000F064F8002000F0F9F80022022128484B
:1053600000F067F901221102254800F062F90021DE
:10537000234800F047F8072201212148FFF7C3FF27
:105380000223002211461E4800F0EEF802230122FB
:1053900011461B4800F0E8F802230322194618487A
:1053A00000F0E2F8022309220321154800F0DCF89E
:1053B00002231A460421124800F0D6F802230E22D6
:1053C00005210F4800F0D0F802230F2206210C48D7
:1053D00000F0CAF84FF460220121094800F06BF890
:1053E00001221146064800F047F8054800F03BF856
:1053F000034800F033F80121014800F00BF910BD1B
:105400000024014021B1826842F40062826003E01E
:10541000826822F4006282607047000010B5044682
:105420000D48204418B1B0F5806F12D108E040F269
:10543000093001F005FF40F2093001F0F1FE09E00A
:1054400040F20A3001F0FCFE40F20A3001F0E8FEC2
:1054500000E000BF00BF10BD00DCFEBF816841F46A
:10546000807181607047816801F0010119B981681C
:1054700041F001018160704772B101F001031BB17D
:10548000836843F48013836001F0020393B183685F
:1054900043F4004383600DE001F001031BB1836816
:1054A00023F48013836001F002031BB1836823F4AB
:1054B000004383607047012902D0022910D107E020
:1054C000836823F46023836083681343836008E068
:1054D000836823F4E043836083681343836000E0C0
:1054E00000BF00BF7047000010B540F2096001F036
:1054F00087FE40F2026001F083FE40F2036001F09B
:105500007FFE40F2046001F07BFE0F2303220021A6
:105510000B4800F078FF022303220021094800F025
:1055200072FF302303220021074800F06CFF4FF484
:10553000A06001F065FE022001F0BAFC10BD000081
:1055400000080140000C01400010014005490968B5
:1055500021F47021034A116011460968014311606A
:105560007047000004240140F0B51D4606290CDAFE
:10557000436B01EB81071F26BE40B34301EB81065D
:1055800002FA06F63343436322E00C290EDA036B7A
:105590008E1F06EB86071F26BE40B3438E1F06EB09
:1055A000860602FA06F63343036311E010290FDA88
:1055B000C36AA1F10C0606EB86071F26BE40B34363
:1055C000A1F10C0606EB860602FA06F63343C36227
:1055D0000A2A0CDA046902EB42070726BE40B443EC
:1055E00002EB420605FA06F63443046111E0122A82
:1055F0000FDAC468A2F10A0606EB46070726BE408A
:10560000B443A2F10A0606EB460605FA06F6344351
:10561000C460F0BD01F001021AB1826842F4800258
:10562000826001F002021AB1826842F400128260C4
:105630007047AAB101F480731BB1436843F48073CF
:10564000436001F480631BB1436843F480634360AB
:1056500001F00203CBB1836843F00203836014E0DE
:1056600001F480731BB1436823F48073436001F439
:1056700080631BB1436823F48063436001F002033D
:105680001BB1836823F0020383607047014600204A
:105690000B2909DB2A2907DCA1F10B02084B03EBDC
:1056A0008202B2F8400C09E0012907DB0A2905DC77
:1056B0004A1E034B03EB8202B2F8040C7047000051
:1056C000006000400B2809DB2A2807DCA0F10B0250
:1056D000084B03EB8202A2F8401C09E0012807DB1B
:1056E0000A2805DC421E034B03EB8202A2F8041CCD
:1056F000704700000060004010B501F007FC01F0A9
:10570000FBFB10BD30B589B004460D4606A900204C
:1057100000F0D4FA01A9002000F0D0FA274951F88E
:10572000240000F04FF800208DF81C0001208DF8B7
:105730001D0000208DF81E008DF81F008DF8200040
:105740008DF821008DF818008DF8190008208DF8CB
:105750001A0007208DF81B004FF4FA6090FBF5F05B
:1057600080B2ADF82200154951F8240006A900F0D6
:10577000F1F80020ADF80E00104850F82400104950
:10578000884202D10F20ADF80E000020ADF81000C5
:105790000120ADF812000020ADF80400ADF80600BD
:1057A000ADF80800ADF80A00ADF80C0001208DF846
:1057B000140001A800F016F809B030BD3C960208AC
:1057C0000068004010B504460548844207D140F205
:1057D000194001F035FD40F2194001F021FD10BDE6
:1057E0000064004010B50021837A012202FA03F11F
:1057F0003E4A126842F001023C4B1A603B4A1C329E
:1058000012688A43394B1C331A60C289DAB9374AA5
:105810000C3212688A43354B0C331A60C288344B01
:1058200003EA024243881A434389304C403444F827
:10583000332082882E4B03EA024203881A434389AD
:1058400004EBC3035A60C289012A1BD1274A0C32D8
:1058500012680A43254B0C331A600288244B03EA72
:10586000024243881A434389204C403444F8332091
:1058700082881F4B03EA0242C3881A43438904EB20
:10588000C3035A6082893AB9184A121D12688A43C2
:10589000164B1B1D1A6006E0144A121D12680A43BB
:1058A000124B1B1D1A6002893AB9104A1432126851
:1058B0008A430E4B14331A6006E00C4A1432126805
:1058C0000A430A4B14331A60027C012A06D1074AA4
:1058D0001C3212680A43054B1C331A60034A1268D3
:1058E00022F00102014B1A6010BD0000006600406A
:1058F0000000FFFF10B504464FF4C06001F080FCCB
:10590000104931F8140001F07BFC0F4931F8140004
:1059100001F076FC0D4901EBC4014B680B4951F8CD
:1059200034000322482100F06EFD094901EBC40157
:105930004B68074951F834000322182100F063FD39
:1059400010BD000044960208489602082C960208F2
:105950001C96020870B502464FF6FF7300201468CB
:1059600024F002041460146844F00104146000E0A0
:105970005B1E546804F001040CB9002BF8D1546884
:1059800004F001040CB9002074E00C784FF040459D
:1059900005EA84744D784FF0407606EA05652C439D
:1059A0008D784FF4702606EA05452C43CD784FF4E8
:1059B000E00606EA05552C434D896D1EC5F3090521
:1059C0002C43D4610C79012C04D1146844F0800478
:1059D000146003E0146824F0800414604C79012CF6
:1059E00004D1146844F04004146003E0146824F007
:1059F000400414608C79012C04D1146844F0200414
:105A0000146003E0146824F020041460CC79012CA5
:105A100004D1146844F01004146003E0146824F006
:105A2000100414600C7A012C04D1146844F00804AA
:105A3000146003E0146824F0080414604C7A012C0C
:105A400004D1146844F00404146003E0146824F0E2
:105A500004041460146824F0010414604FF6FF730A
:105A600000E05B1E546804F001040CB1002BF8D177
:105A700003B1012070BD42698A43426170474269A7
:105A80000A434261704710B500F5D87303EB011368
:105A90001B6803F004031372137A3BB900F5D87343
:105AA00003EB01131B685B0D136006E000F5D87370
:105AB00003EB01131B68DB08536000F5D87303EB9D
:105AC00001131B6803F00203537200F5DA7303EB52
:105AD00001131B681B0AD37400F5DA7303EB01137F
:105AE0001B6803F00F03937200F5DC7303EB0113E3
:105AF0001B68D37200F5DC7303EB01131B681C0AEF
:105B0000147300F5DC7303EB01131B681C0C547356
:105B100000F5DC7303EB01131B681C0E947300F596
:105B2000DE7303EB01131B68D37300F5DE7303EB25
:105B300001131B681C0A147400F5DE7303EB0113D8
:105B40001B681C0C547400F5DE7303EB01131B6817
:105B50001C0E947421B9C36843F02003C36003E0B2
:105B6000036943F02003036110BD000030B5024615
:105B70000B460021906800F08060B0F1806F00D18A
:105B800010E0906800F00060B0F1006F01D10121D9
:105B900008E0906800F08050B0F1805F01D10221F0
:105BA00000E00321032901D1032030BD02F5C070BC
:105BB00000EB0110006800F0010402F5C07000EB7A
:105BC00001100460187A88B918883B4C04EA4050E8
:105BD0005C7A204302F5C07404EB0114246820436E
:105BE00002F5C07404EB0114206013E06FF00704A9
:105BF000586804EAC0001C7A20435C7A204302F50E
:105C0000C07404EB01142468204302F5C07404EB53
:105C10000114206002F5C27000EB0110006820F052
:105C20000F0402F5C27000EB0110046002F5C270AF
:105C300000EB011000689C7A204302F5C27404EB6B
:105C400001142060987B4FF07F4404EA00605C7B85
:105C50004FF47F0505EA044420431C7B2D1205EA1E
:105C600004242043DC7A204302F5C47404EB0114BD
:105C70002060987C2C0404EA00605C7C2D0205EA1C
:105C8000044420431C7C2D1205EA04242043DC7BC1
:105C9000204302F5C67404EB0114206002F5C070C5
:105CA00000EB0110006840F0010402F5C07000EB49
:105CB00001100460084678E70000E0FF10B50246D6
:105CC00032B1012A16D0022A20D0032A41D12EE077
:105CD00000234B71CB718B7140F2FF334B8100235A
:105CE0000B724B7002238B700023CB700B714B72C5
:105CF0000B7030E00123CB8100230B740B810B80F0
:105D00004B808B80CB808B814B8124E0002005E091
:105D1000002401F10B031C54431CD8B20828F7D30C
:105D200000238B724B600B724B720B6013E00020F0
:105D300005E0002401F10B031C54431CD8B20828D1
:105D4000F7D300238B724B600B72CB744B720B60DA
:105D500001E000BFFEE700BF10BD00000249496836
:105D60000143014A51607047002004E070B50546C8
:105D70000C462146284600F02BF908B900BFFEE783
:105D800004EB8400810005F10800405840F0010157
:105D900004EB8400820005F10800815070BD70B5ED
:105DA00005460C462146284600F012F908B900BF06
:105DB000FEE704EB8400810005F10800405840F044
:105DC000200104EB8400820005F10800815070BDC1
:105DD00030B587B005460C460021134800F028F87E
:105DE0001248009000208DF81800029501208DF8CF
:105DF0001900000201908000039000208DF81A0025
:105E000004944FF4005005906A460021064800F0C3
:105E100047F800210448FFF7C2FF00210248FFF7BE
:105E2000A5FF07B030BD0000000002404C24014037
:105E300070B504460D462946204600F0C9F808B959
:105E400000BFFEE705EB8500810004F10800405823
:105E500020F0010105EB8500820004F1080081506B
:105E6000002105EB8500820004F10800815005EB5C
:105E70008500820004F10C00815005EB8500820052
:105E800004F11000815005EB8500820004F114003C
:105E900081506068AA000F2191400843606070BD86
:105EA0002DE9F04104460D4616462946204600F0ED
:105EB0008FF808B900BFFEE705EB8500820004F10A
:105EC00010003168815005EB8500820004F1140058
:105ED000B1688150308A81B205EB8500820004F1FF
:105EE0000C00815005EB8500810004F10800475843
:105EF00027F47C57F16870680843716908430743C9
:105F000005EB8500810004F108004750307E012830
:105F10000ED105EB8500810004F10800405840F0E7
:105F2000400105EB8500820004F1080081500DE07E
:105F300005EB8500810004F10800405820F0400185
:105F400005EB8500820004F108008150707E012875
:105F50000ED105EB8500810004F10800405840F0A7
:105F6000800105EB8500820004F1080081500DE0FE
:105F700005EB8500810004F10800405820F0800105
:105F800005EB8500820004F108008150B07E70B9F5
:105F900005EB8500810004F10800405820F0100155
:105FA00005EB8500820004F1080081500DE005EB4F
:105FB0008500810004F10800405840F0100105EB15
:105FC0008500820004F108008150BDE8F0810000E6
:105FD00002460120034B9A4202D1042900DD002031
:105FE000704700000004024000B50346012200BFD4
:105FF00000F00CF802465B1E012A01D1002BF7D1FC
:10600000012A00D10422104600BD000000200A49E8
:10601000C96801F0010109B101200CE00649C96815
:1060200001F0100109B1032005E00349C96801F03E
:10603000040101B1022070470020024000B5034670
:10604000012200BF00F00CF802465B1E012A01D1BC
:10605000002BF7D1012A00D10422104600BD000018
:1060600000200A49C96C01F0010109B101200CE0CE
:106070000649C96C01F0100109B1032005E003498C
:10608000C96C01F0040101B10220704700200240F8
:1060900070B504460D4600262A480088B0F5007FFA
:1060A00035D22948844219D24FF47020FFF79CFF63
:1060B0000646002E43D12548006940F001002349DF
:1060C000086125804FF47020FFF78EFF06461F48B9
:1060D000006920F001001D49086130E04FF4702094
:1060E000FFF7ACFF064656BB1848006D40F00100B4
:1060F0001649086525804FF47020FFF79FFF06467C
:106100001248006D20F001001049086517E04FF4B7
:106110007020FFF769FF06468EB90C48006940F011
:1061200001000A49086125804FF47020FFF75CFFE9
:1061300006460648006920F001000449086130461F
:1061400070BD0000E0F7FF1FFFFF070800200240BE
:106150000848006940F08000064908610648008848
:10616000B0F5007F04D90846006D40F08000086556
:106170007047000000200240E0F7FF1F30B50546E1
:1061800036480088B0F5007F48D9354885421ED290
:106190004FF47020FFF728FF0446002C5BD13148F4
:1061A000006940F002002F49086108464561006916
:1061B00040F0400008614FF47020FFF715FF0446DF
:1061C0002848006920F002002649086143E04FF4A6
:1061D0007020FFF733FF0446002C3CD12148006DAE
:1061E00040F002001F49086508464565C06900F097
:1061F000020008B1084645611A48006D40F04000B1
:10620000184908654FF47020FFF718FF0446154839
:10621000006D20F00200134908651CE04FF4702067
:10622000FFF7E2FE0446B4B90E48006940F00200F0
:106230000C49086108464561006940F0400008616A
:106240004FF47020FFF7D0FE04460648006920F0A6
:10625000020004490861204630BD0000E0F7FF1F3E
:10626000FFFF0708002002400C48006900F0800092
:1062700020B10B48094948600A4848600A4800882C
:10628000B0F5007F09D90548006D00F0800020B10D
:1062900003480249486403484864704700200240AC
:1062A00023016745AB89EFCDE0F7FF1F70B50446CA
:1062B0000D4600262A480088B0F5007F35D92948C8
:1062C000844219D24FF47020FFF78EFE0646002E4E
:1062D00043D12548006940F0010023490861256049
:1062E0004FF47020FFF780FE06461F48006920F03B
:1062F00001001D49086130E04FF47020FFF79EFE59
:10630000064656BB1848006D40F001001649086566
:1063100025604FF47020FFF791FE06461248006D8D
:1063200020F001001049086517E04FF47020FFF7D6
:106330005BFE06468EB90C48006940F001000A4930
:10634000086125604FF47020FFF74EFE06460648B0
:10635000006920F0010004490861304670BD00006A
:10636000E0F7FF1FFFFF07080020024030B502469C
:106370000B46164C002145F25550154D286000BFC4
:106380001348C06800F00101601E040001D000291C
:10639000F6D109B1002030BD0D4843600B4C00BF61
:1063A0000B48C06800F00201601E040001D0002903
:1063B000F6D109B10020EEE7C2F30B00044DA8604E
:1063C0004AF6AA2028600120E5E70000FFFF0F0041
:1063D000003000404AF6AA200149086070470000DA
:1063E000003000404CF6CC40014908607047000086
:1063F0000030004041617047016170470AB101619E
:1064000000E041617047F0B50446164600250022C1
:1064100001F00F0501F0100707B1354300201EE021
:10642000012787401F40C7B122684FEA800C0F2721
:1064300007FA0CF7BA43870005FA07F73A43282909
:1064400004D1012787401F40676105E0482903D137
:10645000012787401F4027612260471CB8B20828E7
:10646000DED3082022E0012787401F40E7B16268A1
:10647000A0F108074FEA870C0F2707FA0CF7BA4379
:10648000A0F10807BF0005FA07F73A43282904D10D
:10649000012787401F40676105E0482903D1012794
:1064A00087401F4027616260471CB8B21028DAD3CA
:1064B000F0BD02469068084008B1012070470020F6
:1064C000FCE70000F0B50A46002300240021002567
:1064D00000F00046B6F1004F02D11D4EF16901E017
:1064E0001B4E7168C0F3034583B200F44016B6F545
:1064F000401F08D121F07061154E766826F0706655
:10650000134F7E6012E000F48016B6F5801F06D1AE
:10651000032606FA05F4A14341F0706106E0460D3A
:10652000360103FA06F6B14341F0706122B1460D1F
:10653000360103FA06F6314300F00046B6F1004F8B
:1065400002D1034EF16101E0014E7160F0BD000027
:10655000000001402DE9F04DC84A002490B091425E
:1065600005DA21F00043934201D805D120B110B0E3
:10657000BDE8F04DFEF744BDB1F5801F1BDA53EACC
:10658000000209D0002911DA0120DCF739FA10B035
:10659000BDE8F04DFEF737BD0220DCF731FAFEF71B
:1065A00027FD10B081F00041BDE8F08D6FF035049B
:1065B000362202F0ECFF04EB2152C1F31308B0497C
:1065C000A2F2FF33414401F4801282F07F6103EBB9
:1065D000225281F04051009241EA08010022A94B69
:1065E00002F00EFB044608F10200A74EC0F31300B0
:1065F0000D467E44032867D2D6E90023204602F0E8
:10660000BFF81ED10098002802BFD6E9000110B0E3
:10661000BDE8F08D02F04DF907460C469B4A9C4BB5
:1066200002F0AEF906460D469A4A9B4B3846214683
:1066300002F0A6F910B032462B46BDE8F04D01F04D
:106640008BBE4FF05532954B2046294602F098F903
:106650000022934B02F0C8FA06460F4622462B460C
:106660001046194602F08CF932463B4602F088F992
:10667000064600980F46F0B102F01BF980468A46A4
:10668000824A834B02F07CF932463B4602F0ACFA78
:1066900022462B4602F0B4FA05460C467D4A7E4B54
:1066A0004046514602F06CF910B02A462346BDE838
:1066B000F04D02F0A5BA0B4610B0324620462946EE
:1066C000BDE8F04D02F09CBA00224FF08043204616
:1066D00001F042FE02460B462046294601F0F8FE34
:1066E00006460F46009802F0E4F8CDE90401324670
:1066F0003B461046394602F043F90C9069480C9A23
:106700004044019009910B46104602F039F9824647
:10671000024665488B46C8F151080B4608F5D72854
:1067200003217844FEF70EFC52465B4602F028F93E
:106730000A905E480D9152465B4604217844FEF76C
:1067400001FC099B0C9A02F01BF9844601980D9BF1
:1067500040EA080860460A9A01F0FEFD8346089167
:10676000B8F1000F4EDD4FF0FF322046294602F00F
:106770000EFF22462B4602F003F9804600988A4617
:1067800060B3DDE90401414A414B02F0F9F8099197
:1067900000905A4640465146089B01F0DDFD3246C6
:1067A0003B4602F0EDF8099B009A01F0D5FD424608
:1067B000534602F019FA22462B4602F021FA04460B
:1067C0000D46DDE90401334A334B02F0D9F810B02D
:1067D00022462B46BDE8F04D02F012BA5A4640461A
:1067E000089B01F0B9FD32463B4602F0C9F842462B
:1067F000534602F0F9F910B022462B46BDE8F04DA1
:1068000002F0F2B9009840B3DDE904011F4A204BC1
:1068100002F0B6F880468A465A4620462946089B2A
:1068200002F0EEF932463B4602F0AAF842465346E1
:1068300002F0E6F922462B4602F0E2F904460D4644
:10684000DDE90401134A144B02F09AF810B0224615
:106850002B46BDE8F04D02F0D3B90B465A46204610
:10686000294602F0CDF932463B4602F089F810B0D5
:1068700022462B46BDE8F04D02F0B6B90000F07F8D
:10688000645F09000000F03FBA320000763C7935C1
:10689000EF39EA3D0000E0FE422EE63F5555D53F78
:1068A0000000E03F86EBF9FF52310000503100005C
:1068B0001FB54FF4A06000F0E9F8DDF7A7FAEDF797
:1068C00005FC4FF48070FFF749FA032140F6FF7092
:1068D000FFF74CFDFFF786FD00200623CDE90030D1
:1068E000029003464FF480721DA103901E4801F0F0
:1068F00069FA00200523CDE900300290034680228A
:106900001AA103901A4801F05DFA00200323CDE993
:10691000003002900346802216A10390174801F030
:1069200051FA00200123CDE9003002900346802275
:1069300013A10390144801F045FA00200423CDE987
:106940000030029003464FF4807210A1039011486A
:1069500001F038FA01F0AAF9002004B010BD0000DF
:106960004F4C454400000000D560000843414E00F4
:106970009D3E01084D4F4E49544F52002973000867
:10698000504F5254000000007D460108556172745A
:10699000000000001949010870B5044604EB4403E7
:1069A0000D4D2B449A7804EB44032B44597804EBA7
:1069B0004403E85C00F014F804EB4403074D2B4457
:1069C0009A7804EB44032B44597804EB4403E85CC5
:1069D00000F006F870BD00004C96020852960208BE
:1069E0002DE9F04103460D46164600240027A04637
:1069F0002448006800F4E060B0F5A06F15D006DC14
:106A0000B0F5407F18D0B0F5806F19D110E0B0F527
:106A1000C06F06D0B0F5E06F12D100274FF0040828
:106A200015E001274FF0030811E00227B8460EE0F9
:106A300003274FF001080AE004274FF0000806E0A2
:106A40004FF4A06000F022F80227B84600BF00BF54
:106A5000C7F1040005FA00F4C8F104010F20C84092
:106A60003040044324010848C45403F01F010120AE
:106A700088405911890001F1E021C1F80001BDE809
:106A8000F08100000CED00E000E400E00249014369
:106A9000024A1160704700000000FA050CED00E0AA
:106AA0000348006840F480700149086070470000A6
:106AB0000070004010B504460E48006844600E485F
:106AC0000068844207D20B480168091D0B48006822
:106AD00001F042F80CE007480168091D0848006809
:106AE00001F03AF807480068844201D20548046082
:106AF00010BD00000C0E0020200E0020140E0020FF
:106B0000100E00203C0E00202DE9F04105460F46F6
:106B10001FB9A80000F054F900E03846064656B107
:106B2000542000F04DF904460CB1266304E03046D1
:106B300001F058F800E0002424B1A900A522206B40
:106B4000DBF7E0FD2046BDE8F081000070B523E0F2
:106B500001F0D6F81348006808B9012000E00020D1
:106B6000054601F045FABDB901F01CF80D48C068B2
:106B7000C468201D00F0CCFF0B480068401E0A4985
:106B800008600A480068401E0849086001F01AF8C9
:106B9000204600F00DF800BF044800680028D7D157
:106BA00070BD0000782800201C0E0020180E002068
:106BB00010B50446206B01F015F8204601F012F8DC
:106BC00010BD000030B54FF4A043174800F0070493
:106BD0002CB1C01D20F00700134C041B1B1B0246E8
:106BE000124C22600024114D6C60D018083820F03F
:106BF00007000F4C206000240D4D2D686C600C4D7B
:106C00002D682C601146441A4C60094C24680C60B5
:106C1000084D4C682C60084D4C682C604FF00044C7
:106C2000064D2C6030BD0000A0280020480E00203A
:106C3000500E0020580E0020540E00205C0E002044
:106C400000BFFFF783FF034800680128F9D900F06F
:106C5000F7FFF6E7B02700202DE9F04704460F467E
:106C600016469946DDF82080002507E0795D04F19D
:106C700034004155785D00B902E06D1C102DF5D34C
:106C800000BF002143200155072E00D30626E662EF
:106C9000201D00F05EFF04F1180000F05AFF24618F
:106CA000C6F10700A06164620020E06484F850002F
:106CB000BDE8F08710B5002407E004EB84010F4A1B
:106CC00002EB810000F038FF641C072CF5D30C4860
:106CD00000F032FF0B4800F02FFF0B4800F02CFFB4
:106CE0000A4800F029FF0A4800F026FF0448094935
:106CF000086004480849086010BD0000B027002063
:106D00003C280020502800206428002078280020FB
:106D10008C280020100E0020140E002010B5014613
:106D2000164800E0006803688B42FBD302464368C4
:106D300013448B4204D143684C68234443600146AA
:106D40000A464B6813440468A34211D10C4C0368F3
:106D50002468A34208D04B680468646823444B60ED
:106D600003681B680B6005E0054B1B680B6001E0C6
:106D700003680B60884200D0016010BD480E0020FF
:106D8000500E00200A490968096809B9012100E08C
:106D9000002121B14FF0FF31064A116006E004499D
:106DA0000968C968C868034A4168116070470000F3
:106DB000100E00203C0E0020DBF794FA00BFFEE727
:106DC0002DE9F04105464FF0000800F099FF2B48EF
:106DD000006808B9FFF7F6FE294800682840002837
:106DE00047D145B1083505F0070020B105F007008F
:106DF000C0F108000544002D3BD0224800688542C0
:106E000037D8214E3046046801E026462468606881
:106E1000A84202D220680028F7D1184800688442AE
:106E200027D0306800F10808206830606068401B97
:106E3000102807D967196068401B7860656038467C
:106E4000FFF76CFF0F4960680968081A0D49086070
:106E5000084600680D490968884203D2094800685D
:106E60000A490860064960680968084360600020B4
:106E7000206001F0BDF84046BDE8F081500E0020D2
:106E80005C0E0020540E0020480E0020580E0020FA
:106E9000001F4FF080730360001F0160001F034B51
:106EA000036014380260203870470000B96D020892
:106EB0000F4A51680F4A1140082814D2DFE800F049
:106EC00004050607130A130B00BF00BF00BF41EA09
:106ED000803109E000BF20F004004FF0805242EA08
:106EE0008032114300E000BF00BF014A516070478B
:106EF00000100240FF3FFFEF0348006A20F480309B
:106F00000149086270470000001002400348006A0F
:106F100040F48030014908627047000000100240D0
:106F20002DE9F14F8DB000200B9051A090E8004C5E
:106F3000C068CDE905BECDF810A007900FF2341A55
:106F4000DAE9000ACDE9020A0FF2281ADAE9000AA2
:106F5000CDE9000A4A484068C0F381000C900C98C3
:106F600020B1012804D002284DD103E045494CE06E
:106F700045494AE04248406800F48039B9F5803F0D
:106F800026D1414B3E48C06A00F480300A900A98EE
:106F9000B0F5803F12D13A48C06AC0F30310401CDC
:106FA00008903748C06AC0F30320871C112F00D116
:106FB00014270898B3FBF0F000FB07F33048C06AD1
:106FC00000F00F00401C09900998B3FBF0F300E0BB
:106FD0002E4B2B484068C0F383422948406800F09C
:106FE000005008B142F010020F2A01D2921C00E0BA
:106FF000521C03FB02F10F2A04D103EB43004000B3
:1070000000EB530101E01F4900BF00BF1C4840686E
:10701000C0F3031504A8465D21FA06F41848406839
:10702000C0F3022502A8465D24FA06FC1448406815
:10703000C0F3C2251DF8056024FA06F80D9830B19A
:10704000012806D0022806D003280AD106E00B91B9
:1070500008E00B9406E0CDF82CC003E0CDF82C80BE
:1070600000E000BF00BF0B980EB0BDE8F08F00003D
:1070700000000000000000000102030406070809E8
:107080000010024000127A00001BB70000093D000A
:107090000146074A02EB9110006801F01F0301222C
:1070A0009A40104008B1012070470020FCE7000022
:1070B00000100240064A02EB9011096800F01F031D
:1070C00001229A401143024B03EB9012116070476A
:1070D00000100240F0B506460024002700251A2EB5
:1070E00066D005DC8EB3102E0BD0182E70D14FE079
:1070F0001C2E6FD0B6F5006F14D0B6F5106F79D195
:1071000034E004E01120FFF7C3FF0546641C1DB9FD
:107110004FF6FF708442F5D11120FFF7B9FF00B19F
:10712000012768E005E040F60100FFF7B1FF0546E2
:10713000641C1DB96FF07C408442F4D140F601001C
:10714000FFF7A6FF00B1012755E0FFE704E00120AB
:10715000FFF79EFF0546641C15B9B4F5A06FF6D184
:107160000120FFF795FF00B1012744E005E040F65C
:107170000110FFF78DFF0546641C15B91F488442B6
:10718000F5D140F60110FFF783FF00B1012732E08F
:1071900004E01920FFF77CFF0546641C15B9174869
:1071A0008442F6D11920FFF773FF00B1012722E0D6
:1071B00004E01B20FFF76CFF0546641C15B90F485F
:1071C0008442F6D11B20FFF763FF00B1012712E0D4
:1071D00010E0FFE704E01D20FFF75AFF0546641C9E
:1071E00015B906488442F6D11D20FFF751FF00B1C2
:1071F000012700E000BF00BF3846F0BDFFFF0F00D1
:10720000064A02EB9011096800F01F0301229A4020
:107210001143024B03EB90121160704700100240C3
:10722000064A02EB9011096800F01F0301229A4000
:107230009143024B03EB9012116070470010024023
:10724000064A02EB9011096800F01F0301229A40E0
:107250001143024B03EB9012116070470010024083
:10726000044A116A21F4407141EA0002014B1A629A
:1072700070470000001002400348006840F0100012
:107280000149086070470000042800400348006876
:1072900020F01000014908607047000004280040F9
:1072A000002003490868091F096840EA0140704747
:1072B0001C28004000B50246FFF7DEFF100C044911
:1072C000086090B2091D0860FFF7E0FF00BD0000F4
:1072D00018280040024909680143014A11607047BB
:1072E0000028004000BF0348006800F0200000288C
:1072F000F9D070470428004000B50246FFF7BCFFF4
:10730000C2F303400349086090B2091D0860FFF70B
:10731000BDFF00BD082800400648006820F00800B6
:107320000449086000BF0348006800F00800002816
:10733000F9D070470428004000B587B00F4800F02E
:1073400047F8684600F091F8002001904FF48270F1
:10735000009000200290032005904FF400700390ED
:1073600008200690002004906946044800F064F864
:10737000024800F00AF807B000BD000000300140EC
:10738000016821F0400101607047016841F040014F
:107390000160704710B54FF4C060FFF731FF40F255
:1073A0000C60FFF72DFF40F20260FFF729FFA023DA
:1073B000032218210448FFF726F850230122102148
:1073C0000148FFF720F810BD00080140C160704778
:1073D00010B504461348204470B1B0F5806F14D046
:1073E000B0F5784F1AD14FF44370FFF729FF4FF4EF
:1073F0004370FFF715FF12E040F20E40FFF720FF49
:1074000040F20E40FFF70CFF09E040F20F40FFF79B
:1074100017FF40F20F40FFF703FF00E000BF00BF7F
:1074200010BD000000C8FFBF02469068084008B1C8
:10743000012070470020FCE702460020106800F49D
:1074400041500B6818434B6818438B681843CB684E
:1074500018430B6918434B6918438B691843106034
:10746000D36923F40063D361704700210160416058
:107470008160C1604161816170470000002000218E
:10748000334A126842F48032314B1A6000BF401C0C
:107490002F4A126802F4003119B94FF6FF72904278
:1074A000F5D12B4A126802F400320AB900BFFEE798
:1074B000274A5268264B5A601A4652685A601A4642
:1074C000526842F480625A601A465268214B1A4050
:1074D0001F4B5A601A4652681F4B1A431C4B5A6086
:1074E0001A46D26A1D4B1A40194BDA621A46D26A02
:1074F0001B4B1A43164BDA621A46126842F080623E
:107500001A6000BF124A126802F00062002AF9D025
:107510000F4A126842F080720D4B1A6000BF0C4A8D
:10752000126802F00072002AF9D0094A526822F06B
:107530000302074B5A601A46526842F002025A6030
:1075400000BF034A526802F00802002AF9D07047CF
:1075500000100240FFFFC3DF0000052000F0FEFF27
:107560002908010010B5FFF789FF10BD10B50446CA
:107570003349601A8C4244D00CDCB4F1804F1CD0EB
:107580003048204410B3B0F5806F28D0B0F5006FBC
:1075900052D12DE0B0F5806F3CD0B0F58E3F03D0D6
:1075A000B0F5923F48D13EE040F20B30FFF748FE85
:1075B00040F20B30FFF734FE3FE04FF48060FFF7FE
:1075C0003FFE4FF48060FFF72BFE36E040F20140B3
:1075D000FFF736FE40F20140FFF722FE2DE040F2B9
:1075E0000240FFF72DFE40F20240FFF719FE24E0B3
:1075F00040F20340FFF724FE40F20340FFF710FE85
:107600001BE040F20440FFF71BFE40F20440FFF78E
:1076100007FE12E040F20540FFF712FE40F205407F
:10762000FFF7FEFD09E040F20D30FFF709FE40F2E2
:107630000D30FFF7F5FD00E000BF00BF10BD0000FA
:107640000010004000FCFFBF016841F00101016033
:10765000704700000A888262294A904220D0B0F127
:10766000804F1DD0274A90421AD0274A904217D007
:10767000264A904214D0264A904211D0254A904280
:107680000ED0254A90420BD0244A904208D0244A7A
:10769000904205D0234A904202D0234A90420FD113
:1076A000026822F07002026002688B7803F06003C7
:1076B0001A43026002680B7903F010031A43026058
:1076C0008A68C262194A90420CD0194A904209D085
:1076D000026822F44072026002688B8903F44073EE
:1076E0001A430260064A904202D0094A904201D1F0
:1076F0008A7B0263426942F00102426170470000E6
:10770000002C01400004004000080040000C004034
:1077100000340140004C0140005001400054014041
:1077200000180040001C00400020004000100040F5
:1077300000140040C2680A43C2607047CA43026135
:1077400070470246D06800EA01031069084010B192
:107750000BB1012070470020FCE70021018041802F
:1077600081804FF6FF7181600021818181737047B4
:107770002DE9F04704460D460027B846B9460026D5
:107780001D49601A8C421CD006DC1C48204470B194
:10779000B0F5806F1FD10FE0B0F5806F16D0B0F557
:1077A0006C4F18D10320FFF7BBFB074614E0022003
:1077B000FFF7B6FB07460FE00220FFF7B1FB0746D5
:1077C0000AE00220FFF7ACFB074605E00220FFF7C6
:1077D000A7FB074600E000BF00BF07EB5500B0FB6A
:1077E000F5F64FF6F07006EA000806F00F0948EAD1
:1077F0000900A060BDE8F087004C004000BCFFBF5E
:1078000070B504460D461D4951F8240000F042F8B9
:107810001A4951F824002946FFF7AAFF174951F8E1
:107820002400002100F06CF9144951F824000021D3
:1078300000F056F9114951F82400002100F040F9F8
:107840000E4951F82400002100F0DAF80B4951F8F4
:107850002400002100F0CCF8084951F8240004214C
:1078600000F036F9054951F82400082100F040F9EC
:10787000024951F8240000F055F870BDC096020886
:1078800001464868C0F308007047C1F3080242602F
:107890007047000010B504462049601A8C4228D079
:1078A00006DC1F48204490B1B0F5806F33D117E05B
:1078B000B0F5806F26D0B0F56C4F2CD140F20E3071
:1078C000FFF7BEFC40F20E30FFF7AAFC24E040F2C6
:1078D0001140FFF7B5FC40F21140FFF7A1FC1BE09F
:1078E00040F21240FFF7ACFC40F21240FFF798FC68
:1078F00012E040F21340FFF7A3FC40F21340FFF701
:107900008FFC09E040F21440FFF79AFC40F214406B
:10791000FFF786FC00E000BF00BF10BD004C004038
:1079200000BCFFBFC16841F40051C160704710B591
:10793000024602EB9110006801F01F040123A340EE
:10794000184008B1012010BD0020FCE710B5044626
:107950004FF4C060FFF754FC1E4931F81400FFF7E4
:107960004FFC1D4931F81400FFF74AFC1B4931F860
:107970001400FFF745FC01211948FEF7A3FD194942
:1079800001EBC4014B68174951F83400032204216C
:10799000FEF739FD144901EBC4014B68124951F857
:1079A000340003221821FEF72EFD104901EBC4011B
:1079B0004B680E4951F8340003221021FEF723FDD5
:1079C0000A4A02EBC4025168084A52F83400FEF732
:1079D00011FD10BDD0960208D8960208E096020864
:1079E00000023000A0960208809602086096020805
:1079F0000A460021416921F4007111434161704739
:107A00000A460021416921F48071114341617047A8
:107A100010B5C1F38912825801F01F040123A3405D
:107A20009A43C1F38913C25010BD10B5C1F3891236
:107A3000825801F01F040123A3401A43C1F38913A4
:107A4000C25010BD10B500EB91521268C1F304444E
:107A50000123A3409A4300EB91531A6010BD70B507
:107A6000024600230024C1F38910105801F01F06BC
:107A70000125B54000EA050302EB91500068C1F30F
:107A800004460125B54000EA050414B10BB10120FC
:107A900070BD0020FCE7000070B5044604EB440311
:107AA000064D2B449A7804EB44032B44597804EB9D
:107AB0004403E85CFEF794FF70BD0000E8960208FE
:107AC000C26822F4C062C260C2680A43C2607047E2
:107AD0000A460021C16821F004011143C1607047CA
:107AE000026922F44052026102690A43026170474E
:107AF0000A460021C16821F008011143C1607047A6
:107B0000C26822F48052C260C2680A43C2607047F1
:107B100001460A69D1E901309860D1E90103586052
:107B20005068884201D18868506000200861106860
:107B3000401E10601068704700F1080141604FF06E
:107B4000FF31816000F10801C16001610021016025
:107B5000704700210161704710B502460B685C1C3C
:107B60000CB9106907E002F1080000E040684468C1
:107B700024689C42FAD944684C604C68A1608860D3
:107B800041600A611468641C146010BD42684A6058
:107B900093688B60936859609160086103685B1C0F
:107BA0000360704710B5DAF79DFB05480068401C7C
:107BB00003490860BFF34F8FBFF36F8F10BD000004
:107BC000440E002010B506480068401E04490860B5
:107BD0000846006810B90020DAF78BFB10BD0000E2
:107BE000440E002070B506463546D6B1083D2C46F9
:107BF0000C4960680968084098B1206888B909494B
:107C0000606809688843606000F07AF80649606837
:107C100009680844044908602046FFF77FF800F02F
:107C2000E7F970BD5C0E0020540E002003484FF0B1
:107C3000E021486107200861704700003F190100FA
:107C40004FF0805003490860BFF34F8FBFF36F8F31
:107C50007047000004ED00E070B504460026DCB17A
:107C600000F04EF80E48006805190E480068001D27
:107C7000FFF74EFF50B90B48006890F82C10012018
:107C80008840094909688143074801602846FEF792
:107C900011FF00F0ADF906460EB9FFF7D1FF70BD38
:107CA000200E00200C0E0020240E00201FB5002006
:107CB000009001900290034680220BA103900C4893
:107CC00000F080F80446012C0CD1DAF70BFBA01E63
:107CD0000849086001200849086000200749086039
:107CE00000F046F81FBD000049444C45000000006C
:107CF000416C02083C0E0020280E0020200E0020BF
:107D000002480068401C014908607047400E00208E
:107D10001248006818B10120114908601DE00020D8
:107D20000F4908600F480068B0FA80F0C0F11F01E9
:107D300001EB81020C4B03EB820042685268426007
:107D400000F108024368934202D1426852684260DF
:107D50004268D268054B1A6000BF7047400E002091
:107D6000300E0020240E0020B02700200C0E002032
:107D700010B50A48006840F47F00084908600846CA
:107D8000006840F07F400860FFF750FF0020044982
:107D90000860DAF775FA002010BD000020ED00E061
:107DA000440E002010B5DAF79DFA00F091F818B1F2
:107DB0004FF08050024908600020DAF79AFA10BDAF
:107DC00004ED00E02DE9FF4F81B08046154699464D
:107DD000DDE90E7A28461099FEF796FE0446002C3F
:107DE00052D0681E216B01EB800B2BF0070B009526
:107DF0003A462046119B0299FEF72EFF4A4641461D
:107E00005846FFF745F82060BAF1000F01D0CAF8D4
:107E10000040FFF7C7FE25480068401C2349086062
:107E20002348006840B922480460084600680128D9
:107E30000CD1FEF73FFF09E01E48006830B91C482E
:107E40000068C06AB84201D8194804601A4800683E
:107E5000401C1949086008460068606494F82C10BA
:107E60000120884015490968084314490860E16AFF
:107E700001EB8101124A02EB8100211DFFF786FE12
:107E80000126FFF79FFE01E04FF0FF36012E09D1DA
:107E90000848006830B106480068C06AB84201D29C
:107EA000FFF7CEFE304605B0BDE8F08F1C0E002077
:107EB0000C0E0020280E0020380E0020240E00207A
:107EC000B02700200149086870470000200E0020FC
:107ED0002DE9F04100273B480068002865D13A4869
:107EE0000068401C38490860084606688EB9374863
:107EF000D0F8008036480068344908603448C0F83B
:107F0000008034480068401C32490860FEF73AFFA0
:107F100000BF3148006886423BD300BF2B48006851
:107F2000006808B9012000E0002020B14FF0FF30C8
:107F3000294908602CE025480068C068C468656865
:107F4000AE4202D22448056022E0201DFFF7E0FD8A
:107F5000A06A18B104F11800FFF7DAFD94F82C10AC
:107F6000012088401D49096808431C490860E16AEE
:107F700001EB81011A4A02EB8100211DFFF706FE89
:107F80001849E06A0968C96A8842C7D30127C5E76A
:107F900000BF14480068C06A00EB8000104951F827
:107FA0002000012806D9012704E00F480068401C82
:107FB0000D4908600D48006800B101273846BDE84A
:107FC000F0810000400E0020200E0020100E002046
:107FD000140E0020340E00203C0E0020240E002041
:107FE000B02700200C0E00202C0E0020300E0020A8
:107FF00070B50025FFF7D6FD2C480068401E2B49C0
:1080000008600846006800284BD12948006800280D
:1080100047D024E02748C068C46804F11800FFF77F
:1080200077FD201DFFF774FD94F82C100120884087
:1080300021490968084320490860E16A01EB810190
:108040001E4A02EB8100211DFFF7A0FD1C49E06ADA
:108050000968C96A884202D301201A490860154894
:10806000006808B9012000E000200028D2D016489E
:10807000006878B10AE0FFF72BFF10B10120114929
:10808000086011480068401E0F4908600E480068EB
:108090000028F0D10B480068012802D10125FFF724
:1080A000CFFDFFF78FFD284670BD0000400E002079
:1080B0001C0E002064280020240E0020B027002081
:1080C0000C0E0020300E00202C0E002010B50029D0
:1080D0000AD00878002807D005487844DAF764FB0E
:1080E000002801D0002010BD0248784410BD0000D7
:1080F000F61F0000EE1F000002468A4201DA104619
:1081000070470846FCE710B50446204600F0C5F865
:1081100008B1002010BD2089401CA18990FBF1F21C
:1081200001FB120020810120F4E701460A8948681A
:1081300000EB0210704770B504460D46204600F073
:108140009DF808B1002070BD6189606800EB0110E6
:1081500095E84E004EC06089401CA18990FBF1F269
:1081600001FB120060810120EDE710B50446606854
:1081700020B16068FCF790FE0020606010BD000038
:1081800070B504460D46094820602801FEF718FE28
:1081900006466660A581A28911016068DAF7DCFAFB
:1081A000002020816081204670BD000054990208A3
:1081B00010B50446034820602046FFF7D6FF20464E
:1081C00010BD00005499020810B50446204600F086
:1081D00088F808B1002010BD2089401CA18990FBBF
:1081E000F1F201FB120020810120F4E701460A8927
:1081F00048681044704770B504460D46204600F0AC
:1082000061F808B1002070BD2878628961688854DF
:108210006089401CA18990FBF1F201FB1200608192
:108220000120F0E710B50446606820B16068FCF7F3
:1082300033FE0020606010BD70B504460D4608484E
:1082400020602846FEF7BCFD06466660A581A18930
:108250006068DAF75FFA002020816081204670BDF7
:108260006499020810B50446034820602046FFF7D1
:10827000D9FF204610BD00006499020801464889D4
:10828000401C8A8990FBF2F302FB13000A8990429A
:1082900001D1012070470020FCE7014608894A8986
:1082A000904201D1012070470020FCE70146488937
:1082B0000A89801A8A89104490FBF2F302FB1300AA
:1082C00080B2704701464889401C8A8990FBF2F3CE
:1082D00002FB13000A89904201D10120704700205F
:1082E000FCE7014608894A89904201D10120704784
:1082F0000020FCE721F00042A2F16052B2F5801F9D
:1083000001F0004328BFD2F17F6C0BD95FEA001C5B
:1083100043EAC20242EB507018BF704728BF20F0FA
:1083200001007047B2F5801FBCBF184670474FEA86
:10833000410C1CF5001F02D2084601F03EB870B592
:1083400000F0C8FB00000089FFF7F6BF4FF00040C7
:10835000A0F580007047000010B591EA030F48BFF8
:1083600083F0004300F15484841A71EB030C05D2AE
:10837000121943EB0C03001B61EB0C01DFF824E145
:108380004FEA1154A4EB135C1EEA430F18BF9EEA98
:10839000445F73D023EA0E03DCF1200E21EA04517E
:1083A00043F4801332D322FA0CFE10EB0E0023FAB2
:1083B0000CFE41EB0E01CCF1200E03FA0EFE10EB89
:1083C0000E0051F10001B1F5801FCCF1200E32D228
:1083D00001EB045112FA0EF2BDE8104058BF70478D
:1083E000401C38BF5FEA420218BF7047002814BF24
:1083F00020F0010041F100014FEA410313F5001F95
:1084000038BF7047A1F1C04100F0B2BB012A43EB75
:108410000302ACF1200CDCF11F0E32BF4FF0000E56
:1084200023FA0CF310EB030041EB0451B4EB115FA2
:10843000D0D0A1EB045101F5801149085FEA30006A
:1084400001EB04510ED350F1000038BF12FA0EFEBA
:1084500008D1BDE81040C9E7401C38BF5FEA4202BE
:10846000CAD1C3E7BDE810404FEA410313F5001F2E
:1084700038BF7047A1F1C04100F07ABB9EEA445F6B
:1084800008D011EA5E0FBDE8104004BF01F00041C2
:1084900000207047BDE8104070B500F01BFB00BF26
:1084A00064FBBE3E0000E0FF02494FF0000001F017
:1084B0003CB800BF0000F87F491058BFC1F14041EF
:1084C0005B1058BFC3F140438B42EFF3008070470D
:1084D0002DE9C04130B4DFF8A0C23CEA111418BF46
:1084E0003CEA131400F0EC8081EA03051CEA111445
:1084F00044EAD57418BF1CEA131500F0C780A4EB3A
:1085000005044FF0004545EAC12145EAC32341EA8D
:10851000505143EA525304F17F74994204F50034F8
:108520004FEAC0204FEAC22208BF904200F09C8070
:108530004FEA13650FF24016765D4FEA134506FBCE
:1085400005F7C7F1807706FB07F74FEAD737A7FB98
:1085500003687642C8F58038A7FB06CE38BFA8F17D
:10856000010807FB08E64FF0000EA6FB028CE6FBB5
:1085700003CEDCF1000CCEF1004E38BFAEF1010E9F
:10858000A6FB0C584FF000074FF00005E6FB0E87E6
:10859000A1FB08C6A0FB07CE16EB0E0645F10005B1
:1085A000E1FB076515F1E04E7EBFA4F580345FEA7C
:1085B00046066D4116F1800745F100054FEA172781
:1085C0004FEA066647EA0567A6F1DE46B6F1805F28
:1085D0004FEA15251FD9384624F0010C05EBC4716C
:1085E000BCF1FE6F01EB0C1102D8F0BCBDE80081BC
:1085F00024425CBF01F5801E9EEAC47F02D4F0BC19
:10860000BDE80081244238D4F0BCA1F1C041BDE8EE
:10861000004100F0ADBA4FEAD22242EA43524FEA9B
:10862000D323A7FB02864FEAD02040EA415007FB44
:1086300003661EEA0E0F4FEAD12105FB026658BF02
:10864000A6EB0056B6EB00564FEA520E4EEAC37E3A
:1086500018EB0E0E56EB530EBDD518EB02085E411B
:108660007F1C55F10005B6E74FF480154FF0000769
:108670004FF000064FF00008ADE7F0BC4FF00000EF
:1086800001F1C04101F00041BDE8008111EA0C1F79
:108690000CEA131500D00CE013EA0C1F00F0258043
:1086A0004FF00000F0BC81EA030101F00041BDE899
:1086B0000081F0BCBDE8004181EA030100F058BA36
:1086C000F0BCBDE8004170B500F004FA097EFC3E44
:1086D00000F007B881EA03014FF0000001F000410B
:1086E000704781EA030100F043BAF0BCBDE80041E5
:1086F0004FF0000021497047FFFDFBF9F7F5F4F258
:10870000F0EEEDEBE9E8E6E4E3E1E0DEDDDBDAD82C
:10871000D7D5D4D3D1D0CFCDCCCBCAC8C7C6C5C48A
:10872000C2C1C0BFBEBDBCBBBAB9B8B7B6B5B4B3A1
:10873000B2B1B0AFAEADACABAAA9A8A8A7A6A5A48C
:10874000A3A3A2A1A09F9F9E9D9C9C9B9A99999850
:108750009797969595949393929191908F8F8E8EF3
:108760008D8C8C8B8B8A8989888887878685858480
:1087700084838382828181800000FF070000F87F6C
:1087800051EA030C17D41CF5801F58BFBCF5801F9D
:1087900000F10680994218BF704708BF90427047A9
:1087A00007D711F5801F58BF13F5801F19D49942C0
:1087B0007047894270471CF5801F08D5BCF5801FA3
:1087C000F7D58B4218BF704708BF824270474FF4FD
:1087D000001C1CEB410F38BF1CEB430F01D28B4236
:1087E000704770B500F076F9922449004FF00051BF
:1087F0004FF08053FFF760BE4FEA41034FEA5353F7
:10880000A3F58063D3F11E03C8BFD3F1210C0CDDA7
:108810004FF0004242EAC12242EA505232FA03FCCF
:108820008CEAE17CACEBE1707047102BC4BF0020F8
:10883000704703F5787CBCF1FF3F04D06FF0004235
:1088400082EA2100704770B500F044F94992248013
:1088500000207047F2E700004FEA1153A3F5806350
:10886000D3F11E03A8BFD3F1200C08DB4FF0004268
:1088700042EAC12252EA505232FA03F070470942EA
:108880000BD4102BC4BF0020704703F5787CBCF1DB
:10889000FF3F05D04FF0FF3070474FF000007047AA
:1088A00070B500F017F900BF49922480002070478E
:1088B000F0E710F0004248BF4042B0FA80F310FAEF
:1088C00003F10AD0C3F11D0303F580634FEA415061
:1088D00002EB035202EBD12170474FF000007047CA
:1088E000B0FA80F310FA03F10AD0C3F11D0303F5C7
:1088F00080634FEA41504FEA035202EBD1217047A7
:108900004FF000007047000051EA030C17D41CF52B
:10891000801F58BFBCF5801F00F10680994218BF28
:10892000704708BF9042704707D711F5801F58BFA6
:1089300013F5801F19D499427047894270471CF57E
:10894000801F08D5BCF5801FF7D58B4218BF704734
:1089500008BF824270474FF4001C1CEB410F38BF28
:108960001CEB430F01D28B42704770B500F0B2F898
:10897000922449004FF000514FF08053FFF79CBD07
:10898000DFF848C170B51CEA111E1EBF1CEA1315A2
:108990009EEA0C0F95EA0C0F00F06F8081EA030449
:1089A00023EA4C134EEAD47E21EA4C1141F48011A3
:1089B00043F48013AE44A1FB024CA0FB0365AEF16F
:1089C0007F7E361955EB0C05A1FB034C4CF10003DF
:1089D000A0FB021C16EB0C06654153F10003094293
:1089E00018BF46F0010613F4007F0BD14FEA0331A4
:1089F0004FEA0530340341EA155140EA16506FF052
:108A000003020AE04FEAC3214FEAC520F40241EA1B
:108A1000555140EA56506FF0020202EB2E4201EB34
:108A2000025585EACE710AD05FEA440C18BF24F0E3
:108A3000004450F1000041F1000120EAD47040F2FE
:108A4000FE7C624500D270BDA84214BF4FF0804446
:108A50004FF04044002E08BF0024BEF1806FA8BF35
:108A6000A1F1C041BDE8704080F282804FF000006B
:108A700001F1C04101F0004170479EEA0C0F0CEA81
:108A8000131518BF95EA0C0F06D04FF0000081EACD
:108A9000030E0EF0004170BD00F01CF88900013E8D
:108AA00000F007B800F009B84FEA430C5FEA5C5CDD
:108AB00008D081EA030100F05BB84FEA410C5FEA9D
:108AC0005C5CF6D14FF00000014970470000FF07E1
:108AD0000000F87F0EF1020E2EF0030E5EF8046B1C
:108AE000364205D4012A43EB030515F5001F12D8C1
:108AF000012841EB010C1CF5001F0CD80ED14FEAE8
:108B0000D17C15F5001F0CEB4C0C0CF1020C08BFCE
:108B10004CEBD37C04E04FF0080C01E04FEAD37C2F
:108B20000CEB4C0526FA05F606F00706B6F1040C28
:108B300006D20EEB860CBDE870404CF0010C60478D
:108B4000DFE80CF0090B02024FF000414FF000008B
:108B5000A1F5002170BD19461046012851EB010412
:108B600018BFD4F5001484BF002001F0004170BD8F
:108B70000808A0F500114FEA3101704753EA010CD3
:108B800017D41CF5801F58BFBCF5801F00F106806C
:108B90008B4218BF704708BF8242704707D713F552
:108BA000801F58BF11F5801F19D48B4270479B421C
:108BB00070471CF5801F08D5BCF5801FF7D599427A
:108BC00018BF704708BF904270474FF4001C1CEB61
:108BD000430F38BF1CEB410F01D2994270470FB4CD
:108BE0000CBC03BCFFF7C1BE91EA030F10B581F0C6
:108BF00000413FF5B9AB83F0004300F009B8000035
:108C000010B591EA030F48BF83F000433FF5ACABCA
:108C1000841A71EB030C07D212198CF0004C43EB51
:108C20000C03001B61EB0C01DFF8A4E14FEA1154C7
:108C3000A4EB135C1EEA430F18BF9EEA445F00F0EA
:108C4000B08023EA6E03524221EA0451C3EB6E0363
:108C500038BF5B1EDCF1200E25D322FA0CFE10EB90
:108C60000E0043FA0CFE41EB0E01CCF1200E03FA8C
:108C70000EFE10EB0E0051F10001CCF1200E29D4B4
:108C800012FA0EF201EB0451BDE8104058BF7047D4
:108C9000401C1CBFB2F1004F704700280CBF491C9C
:108CA00020F00100704712EB020E43EB030218BFE5
:108CB0004FF0010E4EEA4202ACF1200CDCF11E0E28
:108CC00054D943FA0CFE10EB0E0051F1FF31CCF1F8
:108CD0001E0ED5D50EF1010E12FA0EFE404141EBEB
:108CE000010101EB445C5FEA5C5C10D910EBDE70C3
:108CF00001EB045138BFBEF1004FBDE8104018BF72
:108D0000704700280CBF491C20F00100704730D28A
:108D10004FEAD42C11F5001124F400641BD0B1FAF1
:108D200081F20B3AA41AA41ED2F12003914030FA2A
:108D300003F31943904001EBCC71002C01EB04517B
:108D4000BDE81040A8BF704701F1C0414FF00000DE
:108D500001F000417047B0FA80F310FA03F100D13E
:108D600010BDE41A173C4805C90AE4E701EB0451B9
:108D700010BD491001EB0451BDE810404FEA30002E
:108D800002E04FF0000170474A0008BF0042F8D0EF
:108D9000B2F5001F28BF704701F000414FF00000FE
:108DA00070479EEA445F07D011EA5E0FBDE81040AD
:108DB00004BF002100207047BDE8104070B5FFF7E8
:108DC00089FE00BF40DFF63E83F000411046704749
:108DD0000000E0FF43004FEAD30C4FEA3C0C434055
:108DE0001FBF40070CF1605113F0FE4F70471CF09D
:108DF000006F03D100200CF0004170470CF00043DD
:108E000043EA507010B540EACC0000F090FA00BF81
:108E1000000000924FEA0001FFF7AABE4FF00041A8
:108E20004FF00000A1F500217047000090EA010F0B
:108E300048BF81F0004100F10883421A3CBF801A0C
:108E400089184FEAD0524FF07F4C1CEA410FA2EB39
:108E5000D15318BF9CEA026F00F03B804FF0004CEA
:108E60004CEA00204CEA012121FA03FC10EB0C0C27
:108E70001ED202F1FF325FEA1C2040EBC25038BF25
:108E800070471CF07F0F4FEA400C18BFBCF17F4FBA
:108E900038BF7047C3F12003994008BF20F001009C
:108EA000BCF17F4F38BF7047A0F1C04000F085BAD9
:108EB0004FEA3C00000A40EBC25028BF1CF0FF0FF5
:108EC0004FEA400CE6D018BFBCF17F4F38BF704767
:108ED000EAE79CEA026F05D010EA5C0F08BF00F0D9
:108EE0000040704710B500F022FA00BF64FBBE3EA0
:108EF000401058BFC0F14040491058BFC1F1404137
:108F00008142EFF3008070474FF47F0C1CEAD012CF
:108F10001EBF1CEAD11392EA0C0F93EA0C0F00F06B
:108F2000858090EA010F48BF42F4807240F4000C43
:108F300041F400002CF07F4120F07F4000B58142D9
:108F4000A2EB03020FF2081CACEB504EC0F1000084
:108F50009EF800E04FEA4E0E00FB0EFC38BF4900C1
:108F60004FEA2C1C02F5FA020CFB0EF34FEACE1E60
:108F70004FEA112C4FEAC1210EEB635E42EB224215
:108F80000EFB0CFC4FEA1C5300FB03114FEA112CA3
:108F90004FEA01310EFB0CFC4FEADC4C00FB0C11DC
:108FA000C14228BF09184CEB03335DF804EB10EB0A
:108FB000410143EBC250B2F57C0F38BF704729D551
:108FC00012F0F00F1CBF00F1C04000F000407047ED
:108FD000008182838485868788898B8C8D8E8F9192
:108FE0009293959697999A9C9D9FA0A2A3A5A7A8B6
:108FF000AAACAEB0B2B3B5B7B9BCBEC0C2C5C7C9E2
:10900000CCCED1D4D7D9DCDFE2E6E9ECF0F3F7FA45
:10901000FE0000004FEA400C0CF1807CBCF17E4F5A
:1090200028BF7047B0F1C04000F0C7B990EA010F07
:109030000CEAD11348BF42F48072624538BF6345E1
:1090400007D213F47F0F16D080EA010000F0004031
:10905000704710B500F06BF9097EFC3E00F005B8D2
:1090600080EA010000F00040704780EA010000F053
:10907000004000F0A2B912F47F0F04BF024870470D
:1090800080EA010000F099B90000C07F50EA010CAD
:1090900000F113801CF5000F58BFBCF5000F01D480
:1090A0008842704707D710F5000F58BF11F5000F21
:1090B00015D488427047894270471CF5000F04D5CB
:1090C000BCF5000FF7D5814270474FF0807C1CEB58
:1090D000400F38BF1CEB410F01D28142704710B5E1
:1090E00000F025F9922449004FF000504FF08051D4
:1090F000FFF7FEBE41000B0ED3F19E0208D950F4DB
:1091000000034FEA032323FA02F048BF40427047AE
:1091100010B500F00CF900BF499224800020704780
:109120006FF0004282EA200070470000C10DD1F1CB
:109130009E0206DB4FEA002343F0004323FA02F0CD
:109140007047004207D54FEA4001B1F1FE4F02D20D
:109150004FF00000704710B500F0E9F84992248004
:10916000002070476FEA20007047000010F00041B7
:1091700048BF4042B0FA80F310FA03F2C3F19D03F6
:109180000BD051EAC35101EB1220530638BF704790
:1091900000F1010008BF20F001007047B0FA80F331
:1091A00010FA03F2C3F19D030AD0D90501EB122096
:1091B000530638BF704700F1010008BF20F00100DE
:1091C0007047000050EA010C00F113801CF5000FFD
:1091D00058BFBCF5000F01D48842704707D710F57F
:1091E000000F58BF11F5000F15D48842704789420F
:1091F00070471CF5000F04D5BCF5000FF7D5814270
:1092000070474FF0807C1CEB400F38BF1CEB410FC8
:1092100001D28142704710B500F089F892244900CC
:109220004FF000504FF08051FFF762BE4FF47F0CBB
:109230001CEAD0121EBF1CEAD11392EA0C0F93EA6B
:109240000C0F00F0478090EA010F48BF42F4807293
:109250004FF0004C4CEA00204CEA012102EB0302E3
:10926000A0FB0113A2F50002002918BF43F001037F
:109270005B0028BF4FEA330342EB22425FEA132C24
:109280004CEBC2502EBFBCEB436FB2F57C0F704766
:109290004FEA036CBCF1004F08BF20F00100B2F5AB
:1092A0007C0F38BF70470BD582F0FF0212F5803F6C
:1092B000C8BF704700F1C040D8BF00F00040704701
:1092C00000F5000C5FEA4C0C48BF7047B0F1C0409D
:1092D00000F073B890EA010F0CEAD11348BF42F4D2
:1092E0008072624538BF634504D280EA010000F015
:1092F0000040704710B500F01AF800BF8900013E29
:1093000000F007B800F009B85FEA410C5FEA1C6C96
:1093100008D080EA010000F050B85FEA400C5FEA34
:109320001C6CF6D14FF00040A0F5800070470EF1A4
:10933000020E2EF0030E5EF8044B244204D44FEAD2
:109340004102B2F17F4F11D84FEA4003B3F17F4F92
:109350000CD80ED14FEAD07CB2F17F4F0CEB4C0C05
:109360000CF1020C08BF4CEBD17C04E04FF0080C70
:1093700001E04FEAD17C0CEB4C0324FA03F404F037
:109380000704B4F1040C06D20EEB840CBDE81040C7
:109390004CF0010C6047DFE80CF0070802024FF0C8
:1093A0000040A0F5800010BD0846420018BFD2F171
:1093B000807288BF00F0004010BDFF2141EAD0500C
:1093C000C005704751EA000C00F113801CF5000F36
:1093D00058BFBCF5000F01D48142704707D711F583
:1093E000000F58BF10F5000F15D481427047894215
:1093F00070471CF5000F04D5BCF5000FF7D5884267
:1094000070474FF0807C1CEB410F38BF1CEB400FC6
:1094100001D28842704780EA010081EA000180EAB7
:109420000100FFF7F8BE80F0004090EA010F7FF5E1
:1094300004AD81F0004100F008B8000090EA010F8F
:1094400048BF81F000413FF5F8AC421A04D882F0E1
:109450000042A0EB020011444FEAD0524FF07F4C83
:109460001CEA410FA2EBD15318BF9CEA026F4AD00D
:109470004FF0004C4CEA00204CEA012121FA03FC99
:10948000B0EB0C0C0FD412F0FE0F36D05FEA4C009C
:109490001DD5001240EBC25038BF70471CF03F0F83
:1094A00018BF70470BE0A2F101025FEA1C2040EBFD
:1094B000C25038BF70471CF07F0F18BF7047C3F110
:1094C0002003994014BF401E20F00100704780081F
:1094D0004FEA122308BF7047B0FA80FCA2EB0C02DF
:1094E000CCF1280C60FA0CF093EA122F04BF00EBC9
:1094F000C25070474FEAC3707047130A5FEADC102E
:1095000008BF7047F6E79CEA026F04D010EA5C0FD0
:1095100008BF0020704710B5FFF709FF40DFF63E97
:1095200081F000407047D9F7A1BB0CF00F03092B65
:1095300008BF082000F059800A2B0BD0082B18BF59
:10954000704708BF1CF0400F0AD04FF000004FF0EA
:10955000000170471CF0400F18BF4FF000407047EB
:109560001CF0100F08D020F0704300F07F4242EA58
:10957000D3014FEA4370704700F0604021F07F4212
:1095800042EA000201F07F4040EA727070474FF0FB
:10959000FF0C4CF4E06C1CEA11531CBF9CEA030C5A
:1095A0009445C2BFDA4201EB02517047002B0DD047
:1095B000BCF1000F0FD0002A01F00041A4BF41F020
:1095C000E04141F07F614FF00000704701F0004141
:1095D0004FF00000704750EA01334FF09B0C18BF6A
:1095E0004CF0806C7EF460AF70471CF4801F11D08B
:1095F0001CF4E02F03D06FEACC31490070474FF0E4
:109600004050EFF3008222F0704242EA000282F3FF
:10961000008870474FF000007047000000080140CC
:1096200000100000000C0140002000000008014074
:1096300000080000000C0140001000000064004021
:109640000068004019071A07020603061300013FCD
:10965000010114000040010015000041010000005C
:1096600000080140000100000014014080000000DB
:109670000018014000800000000801400080000048
:10968000000801400002000000140140200000001A
:10969000000C014000040000001001400004000024
:1096A00000080140000400000014014040000000D8
:1096B000000C0140000800000010014000080000FC
:1096C000003801400044004000480040004C004089
:1096D0000E06110712071307020605060306040605
:1096E00002060506060602062500022600032701DB
:1096F000023401031F1C1F1E1F1E1F1F1E1F1E1FC3
:1097000000030020B801002000000000FA02002041
:10971000B601002000000000FC020020C40100206F
:1097200000000000E40C0020B40100200000000054
:10973000FA020020B601002000000000FA0200201A
:10974000B601002000000000FC020020C40100203F
:109750000000000000030020B8010020000000000D
:10976000E40C0020B401002000000000E40C002004
:10977000B4010020000000004D4E432D454E003046
:109780002E30007B227265706C79223A224F4B2278
:109790007D007B227265706C79223A224552524FCD
:1097A00052222C2274797065223A00224368656344
:1097B0006B53756D204572726F72227D00224C656D
:1097C0006E677468204572726F72227D0022437545
:1097D0007272656E74205061636B6574204572729D
:1097E0006F72227D0022436F6D6D616E6420457241
:1097F000726F72227D0000001111080813131212FB
:10980000120212000201020102010C0D0E010F00F2
:109810000001000201000200040008000080200096
:1098200010000008001000000000170100040402EE
:10983000060208020A020C020E02100212021402B0
:1098400016010000E40C0020B4010020000000001C
:109850003031323334353637383941424344454666
:109860004030580030313233343536373839616260
:10987000636465664030780004FA97999999D93FF6
:10988000AF788E1DC571CC3F9FC678D0099AC33F73
:10989000935555555555E53F599322942449D23F48
:1098A000DE03CB966446C73F44523EDF12F1C23F0F
:1098B000000000000000000002400000000000A0C6
:1098C0000000000005400000000000C8000000008B
:1098D0000C4000000000409C000000001940000007
:1098E0000020BCBE0000000034400000BFC91B8E39
:1098F00000000004B5400000504BCFD06607E2CF17
:10990000010000006C4100003E8251AADFEEA73446
:1099100001000000D9420000DCB5A0E23A301F97F8
:10992000FFFFFFFFB4450000FD25A0C8E9A3C14F1C
:10993000FFFFFFFFFF3F000000000080000000006D
:10994000FF3F000000000080000000000000000059
:1099500000000000B18102080000000000000000CB
:109960000000000065820208000000002020202086
:10997000000000002020000020000000C8DBCBBF5A
:1099800028312900C8DBCBBF28322900B5E7C1F751
:109990003128412900000000B5E7C1F732284129EC
:1099A00000000000B5E7D1B9285629002A000000C0
:1099B0002D2D0000313030300000000031313030CA
:1099C0000000000031303000313230300000000043
:1099D0003230300033303000343030003530300039
:1099E0003630300037303000383030003930300019
:1099F0003130000030000000D3C3BBA7B5E7C1F78A
:109A000031000000B5E7B3D8B5E7C1F73100000079
:109A1000D3C3BBA7B5E7C1F732000000B5E7B3D8A1
:109A2000B5E7C1F732000000330000003400000049
:109A3000350000003600000037000000380000004C
:109A4000390000004100000042000000B5E7B3D833
:109A5000534F4300430000005A544B4400000000A1
:109A60005844000044000000415745534F4D450005
:109A70004500000046000000C1AACDA835470000FF
:109A8000D2C6B6AF35470000B5E7D0C535470000B0
:109A9000B9E3B5E7354700004A470000304B000006
:109AA000434C0000534C0000434943540000000065
:109AB0003537560034385600545900004D656E74E1
:109AC00065636800CEB4B4A5B7A20000D2D1B4A536
:109AD000B7A20000D2ECB3A300000000D5FDB3A3F1
:109AE00000000000CEB4B6A800000000CEB4B0F371
:109AF000B6A80000D2D1B0F3B6A80000CBF8B6A843
:109B000000000000C1AACDA800000000B3A3BFAAB6
:109B100000000000D2D1B6CFBFAA0000B6CFBFAAC6
:109B200000000000C2DFBCAD00000000D2C6B6AF2E
:109B300000000000D7D4B6AF00000000B9ABB9B246
:109B4000B8E6BEAF00000000BBB7BEB3B8E6BEAF1C
:109B500000000000CAE4B3F6B5E7D1B9B8E6BEAF7D
:109B600000000000C8DBCBBFB8E6BEAF00000000BD
:109B7000C4A3BFE9B9CAD5CFB8E6BEAF00000000A4
:109B8000CAE4C8EBB9CAD5CFB8E6BEAF0000000042
:109B9000C8BCC1CFB2BBD7E3B8E6BEAF000000007F
:109BA000B8E6BEAFBBD6B8B40000000020B6CCC249
:109BB000B7000000B5E7B3D8B7D6C2B700000000C1
:109BC000B5CDD1B90000000041CFE0B5E7D1B90073
:109BD00042CFE0B5E7D1B90043CFE0B5E7D1B90056
:109BE000B5E7B3D8B5A5CCE5B5E7D1B9000000001D
:109BF000CAE4B3F6B5E7D1B900000000CEACBBA40F
:109C0000C4A3CABD00000000B2E2CAD4C4A3CABD46
:109C100000000000C8ABB2BF00000000B7D6C2B75A
:109C2000C8DBCBBF00000000B5E7B3D8C8DBCBBFB3
:109C300000000000C6F4B6AFBDB5CEC20000000003
:109C4000BDFBD3C30000000020B9FDB7C500000074
:109C50003130BAC5000000003230BAC50000000043
:109C60003330BAC5000000003430BAC5000000002F
:109C70003131BAC5000000003231BAC50000000021
:109C80003331BAC5000000003431BAC5000000000D
:109C900031BAC5003132BAC5000000003232BAC54F
:109CA000000000003332BAC5000000003432BAC5EB
:109CB0000000000032BAC5003133BAC50000000010
:109CC0003233BAC5000000003333BAC500000000CB
:109CD0003433BAC50000000033BAC5003134BAC508
:109CE000000000003234BAC5000000003334BAC5A9
:109CF000000000003434BAC50000000034BAC500CA
:109D00003135BAC5000000003235BAC50000000088
:109D10003335BAC50000000035BAC5003136BAC5C2
:109D2000000000003236BAC5000000003336BAC564
:109D30000000000036BAC5003137BAC50000000087
:109D40003237BAC5000000003337BAC50000000042
:109D500037BAC5003138BAC5000000003238BAC57C
:109D6000000000003338BAC50000000038BAC50052
:109D70003139BAC5000000003239BAC50000000010
:109D80003339BAC50000000039BAC500B5E7D0C5FF
:109D900000000000CAC70000BBB7BEB3CEC2B6C841
:109DA00000000000B5E7B3D8CEC2B6C8000000007E
:109DB000B5CDB9C800000000C6F4B6AFBCD3C8C862
:109DC00000000000BDBBC1F7C6B5C2CA000000005C
:109DD000B9FDB5CD00000000C6BDB6CE0000000044
:109DE00020464C415348B9CAD5CF0000CDA8D0C5B4
:109DF000B9CAD5CF00000000B2E2CAD4000000000A
:109E0000B3A3B1D500000000B7C0C0D70000000068
:109E1000B5E7B3D800000000B1BEB5D8000000001F
:109E2000B7C0C0D7BFAAB9D800000000B9FDD4D8C8
:109E300000000000CEDE0000B9FDB8DF0000000029
:109E4000D0DDC3DF00000000C8B141CFE00000005A
:109E500041CFE0004142CFE000000000C8B142CF56
:109E6000E000000042CFE0004143CFE000000000EE
:109E7000414243CFE00000004243CFE00000000039
:109E8000C8B143CFE000000043CFE000B5A5CFE06C
:109E900000000000C8FDCFE000000000D0D0D2B527
:109EA000CDE20000B5CDB5E300000000B8DFB5E3BA
:109EB00000000000B8A1B3E400000000D4A4B3E4A3
:109EC00000000000BEF9B3E40000000020B9FDB3BB
:109ED000E4000000B8DFB7E500000000BCE2B7E531
:109EE00000000000CFF7B7E500000000CEB4B6A830
:109EF000D2E50000CDA3B5E700000000B5E7B3D878
:109F0000B9A9B5E700000000CAD6B6AFCFC2B5E721
:109F100000000000B5E7D1B9CFC2B5E700000000EE
:109F2000B5E7C1BFCFC2B5E700000000B5E7B3D8C1
:109F3000CFC2B5E700000000B8BAD4D8CFC2B5E7A9
:109F400000000000CAB1BCE4CFC2B5E700000000C9
:109F50004255434BB7C5B5E700000000424F4F5391
:109F600054B7C5B5E7000000D6B1B7C5B5E70000E6
:109F7000B7C5B5E700000000CAD6B6AFC9CFB5E790
:109F800000000000B9E3B5E7000000004255434B74
:109F9000B3E4B5E700000000424F4F5354B3E4B5BB
:109FA000E7000000D6B1B3E4B5E70000CDE2C9E8B0
:109FB00000000000C4A3BFE900000000CAD0B5E75C
:109FC000CAE4C8EB00000000D3CDBBFACAE4C8EB7A
:109FD00000000000CEEFC0ED00000000D1CCCEEDBF
:109FE00000000000B7F10000B5A5CFF200000000AE
:109FF000CBABCFF20000000020B5A5CCE5D1B9B2C3
:10A00000EEB4F300BFD5B5F700000000CFDEC1F716
:10A0100000000000C4A3BFE9CAE4C8EBB5E7C1F77C
:10A0200000000000BFAABBFA00000000B1A3BBA45F
:10A03000B9D8BBFA00000000B9CAD5CFB9D8BBFA6D
:10A0400000000000C6F4B6AFB7A2B5E7BBFA000047
:10A05000B7E7BBFA00000000B4FDBBFA0000000047
:10A06000C3C5BDFB00000000C1AACDA8C6E4CBFC5F
:10A0700000000000D2C6B6AFC6E4CBFC0000000072
:10A08000B5E7D0C5C6E4CBFC00000000B9E3B5E7F6
:10A09000C6E4CBFC00000000C7E5B3FD00000000F3
:10A0A000CBAEBDFE00000000CCFACBFE00000000ED
:10A0B00020A1020800000020F40E00008C210008FE
:10A0C000D4A70208F40E0020B4AF0000E821000875
:10A0D0001C00000043000000F8FFFFFF0C00000020
:10A0E0000E0000000F0000002E0000004DB0FFFF2A
:10A0F00015B1FFFF15B0FFFFE5B0FFFF19AFFFFF80
:10A10000A9AFFFFFF1B0FFFFD1B1FFFF29AFFFFF04
:10A1100051AFFFFF75AFFFFFD1AFFFFFADAFFFFF47
:10A1200013440F1B205C041AD4041304101B20ECEE
:10A1300008C112084704085F030408133014280AF2
:10A14000202687F437FE5FB73804290C21800F8062
:10A150003F2BF637C07F6A304033C461BF32018382
:10A16000100E2D2C014C1558031E260229360116FF
:10A170001008E614081624130A1C580205262902A2
:10A180002815504690657017C012A8165014F21288
:10A190007017E803E010181408076E2811241370D4
:10A1A00017CEFFE2FF1815EC13D0072C010212C8DE
:10A1B000490216D007F40134140902011202128375
:10A1C0001204120512061A07E81409040A120912E9
:10A1D00003121F123C127812B41AF0B60810176856
:10A1E00001A401E0011C0258029402D0025A1A0A8A
:10A1F00017B41A0B160E011A0A172C1A120114158D
:10A20000037B10082A120201BA027B1008F8110120
:10A2100043921F1E1EE80302848E0863D00712C8F3
:10A220002B88130223C0126B70170241326449F469
:10A23000432C01165014DC050112010A75FF013987
:10A240008531198417285A0102B6B60E1B073A0C3D
:10A250000C3301193412013B0202063A01013A02A1
:10A26000011A034E4A1E0A1A030312FF72FFF20A72
:10A27000397512FF1A2643011AB21E081011313225
:10A280003334353637383941424344454611180B8B
:10A29000422B40414043C0A8017004FA011F291518
:10A2A00039EE12774A200101245D10014008085A56
:10A2B000040839B3190839C3190811294945180187
:10A2C00040401908395819085A10083940190839F6
:10A2D0004019083940190839401A14402921290821
:10A2E0002931290829418A0C206908393819083987
:10A2F0004819083958190839681930112929195885
:10A300001129292908292929082929290829292938
:10A310000859B01129B1297029082940293829087C
:10A32000A2800213053B8C214291DAD41001201A3D
:10A330000B01410B2C10223801B852E11A010281A5
:10A34000CA2001714009E49F0208949D020813ECA1
:10A35000051F20B09A0208B404411AFC101E989BF5
:10A360000208A00441130C061F20349E0208F010BE
:10A370001A4C241AC8081AD0041AD8041E14A002B1
:10A3800008AC4C1AE00C1AC4501A48281A5C041A7B
:10A3900080041E1C9C0208B8181AB4201AA41C1AA7
:10A3A00098041A10181AFC041A60381AA0041ADC4F
:10A3B0001C1A08101A500C1A04041ABC101AC804EB
:10A3C0001A20141A28401E7C99020884042980410E
:10A3D0001A780C1A90181AB4041AD8041AFC041A21
:10A3E00018581A34041A50041A6C042A880C1918C4
:10A3F0001A70042A948419041ADC041119181A1CFE
:10A40000041A38041A54041A70041A58181A7804D2
:10A410001A9C041AC0041AE4041A08181A24041A0C
:10A4200040041A5C041A78041A60181A80041AA4EA
:10A43000041AC8041AEC041A10182A2CF419041A65
:10A4400064041A80041A68181A88041AAC041AD012
:10A45000042AF47859B82AD07C19C81BD49A881ACF
:10A460009B3819E81AF0141AEC041AF4181A2C0480
:10A470001AC0181AE0102AAC20193C1ACC141AF889
:10A48000284113A4061B201C04135C072A20501B20
:10A4900098A0B8194C411AAC141A980C1AB8045A5E
:10A4A00060141AC0141AD43C1A244C411AD4101A3D
:10A4B000581C1ABC041AA8045A68281AE4181A6C02
:10A4C000502ADC9C19041AD8801AB004411AB4101E
:10A4D0002AC48419101A704C29A84129305AE40C56
:10A4E0001A740C5AA04C290C5AA40C1314081B20E3
:10A4F000FC5C1A2C081A38041A4404A9505A344037
:10A500001A64181A400C1A24D01A3C041AB0444198
:10A510001A0C0C1ADC4C2AF09059141A902C1A7C44
:10A52000041A80041AE41C0912B41AB01C1AAC14E0
:10A530005AA4602ACC601A9C7819441AD0041AD400
:10A54000045AD8501ADC1C29881A88041A64041A80
:10A5500078041A50041A68041A54045A70445AF8B9
:10A56000441E149F02084404411320091B20780C48
:10A5700069145A0818DA34185A20181A4C181A1480
:10A58000441E2C9B020804041A8CB01A841C1A9CCA
:10A59000641AA8EC1AB414411A64281AEC141A802C
:10A5A000E01A74181A78081A68081A88081A8008B5
:10A5B0001A90081A8C082934293C5A10A42A8C6055
:10A5C00019441AE8545AF0741AC4141A3414299C01
:10A5D0002994411AD8142A0C6C193829D43928190D
:10A5E000541ACC04411AEC20136C061B20A4044B13
:10A5F0005C070829042AFC4C2998193C1A54041AAF
:10A6000070041A64041A48041A3C041A90041A3498
:10A61000501AB8D81A449C1A38705A2C7413240A49
:10A620001B20943C5A8CAC1A60101A180C1A0C742B
:10A630001A24041A28045A2C801BF899D4590C1A8D
:10A6400088281A040C5A1C101A98101A8C201A9870
:10A65000041AA404411AA81429981AC4101AD00480
:10A660001AD4041AD8041ADC041AE0041AE4041AEE
:10A67000E8041AEC041AB4041ABC045AC83C1ABC04
:10A680003C1AF40CE9881A30041A34041A38041AF3
:10A690003C041A40041AAC28290439A41938A90426
:10A6A0000926441A44041A48041A54041A64041A61
:10A6B00070045A74DC133C0B0A1A20041AEC281A92
:10A6C000F4045AFC04411AA01809267C9AF0C01A16
:10A6D000B8381E349E0208BC041EA49F02086804F9
:10A6E0001A8C041A98041A50041A5C041B58A010FF
:10A6F0001A9B5019081A38041AFC0C1B089C4C1998
:10A70000345AD4801AF048130A03422013380C5BE1
:10A71000201B0C1A440C4BD6050C1A500C2165D288
:10A7200004F2035A010411A2FF3BB0222C1B0101C9
:10A7300019053C0AFB2C7B13E8027B20FF011967FB
:10A74000990C01263F03030606060401280D1C1A76
:10A750001B1416171516131D1E1F5C19A832052988
:10A76000043514141E1E02148C39E0011F02110A54
:10A77000150710300E13121010152210010F0110C2
:10A780001004107D020101021042020405061401AA
:10A7900002080C1F01080308715BD6060869120A3B
:10A7A0001E089993102702383C1AAA0101198251F8
:10A7B0007A010101263AFF01793E09121F3113E4A3
:10A7C0007D9220BB02B42719D1425A336E036C111B
:04A7D00085C61D001D
:04000005080021517D
:00000001FF
